audio_file,segment_idx,class_code,sox_prob,tf_prob,diff,abs_diff
20230522_000000,1,AEAC,2.043714266619645e-05,2.023158231168054e-05,2.0556035451591015e-07,2.0556035451591015e-07
20230522_000000,1,BRCA,0.00039664897485636175,0.0003953712584916502,1.277716364711523e-06,1.277716364711523e-06
20230522_000000,1,BRMA,0.000372070207959041,0.0003682460228446871,3.824185114353895e-06,3.824185114353895e-06
20230522_000000,1,BUVI,0.00019331744988448918,0.00019153972971253097,1.777720171958208e-06,1.777720171958208e-06
20230522_000000,1,CAGU,0.7338483929634094,0.7344181537628174,-0.000569760799407959,0.000569760799407959
20230522_000000,1,CALU,0.0006255608750507236,0.0006161810015328228,9.379873517900705e-06,9.379873517900705e-06
20230522_000000,1,CAUS,0.002739936113357544,0.0027339074295014143,6.028683856129646e-06,6.028683856129646e-06
20230522_000000,1,CCOO,0.0022398510482162237,0.002232352737337351,7.498310878872871e-06,7.498310878872871e-06
20230522_000000,1,CHFA,0.00019456831796560436,0.0001941116206580773,4.566973075270653e-07,4.566973075270653e-07
20230522_000000,1,CHMI,0.006975814700126648,0.006967432796955109,8.381903171539307e-06,8.381903171539307e-06
20230522_000000,1,CHMI_IRREG,0.0003821355348918587,0.0003790452901739627,3.0902447178959846e-06,3.0902447178959846e-06
20230522_000000,1,COAU,0.0008573171216994524,0.0008578940760344267,-5.769543349742889e-07,5.769543349742889e-07
20230522_000000,1,COAU2,0.005569627042859793,0.005571878049522638,-2.2510066628456116e-06,2.2510066628456116e-06
20230522_000000,1,COCO,0.06158014386892319,0.06143122911453247,0.00014891475439071655,0.00014891475439071655
20230522_000000,1,CYST,0.010406137444078922,0.010432114824652672,-2.5977380573749542e-05,2.5977380573749542e-05
20230522_000000,1,DEFU,0.00403321860358119,0.00401611253619194,1.71060673892498e-05,1.71060673892498e-05
20230522_000000,1,DOG,0.01283377967774868,0.012786045670509338,4.7734007239341736e-05,4.7734007239341736e-05
20230522_000000,1,DRPU,6.477623770706487e-08,6.405246466556491e-08,7.237730414999533e-10,7.237730414999533e-10
20230522_000000,1,DRUM,0.005227576941251755,0.005234629847109318,-7.052905857563019e-06,7.052905857563019e-06
20230522_000000,1,FLY,0.00656538549810648,0.006556076928973198,9.308569133281708e-06,9.308569133281708e-06
20230522_000000,1,FROG,0.0004775813431479037,0.000476508226711303,1.0731164366006851e-06,1.0731164366006851e-06
20230522_000000,1,GLGN,0.00035531489993445575,0.00035415933234617114,1.1555675882846117e-06,1.1555675882846117e-06
20230522_000000,1,HOSA,0.03858908265829086,0.038391754031181335,0.0001973286271095276,0.0001973286271095276
20230522_000000,1,HYPI,0.0002771333383861929,0.00027657049940899014,5.628389772027731e-07,5.628389772027731e-07
20230522_000000,1,INSP,3.088439189014025e-05,3.0417695597861893e-05,4.6669629227835685e-07,4.6669629227835685e-07
20230522_000000,1,IXNA,0.004359663929790258,0.0043385205790400505,2.11433507502079e-05,2.11433507502079e-05
20230522_000000,1,MEKE,8.861613605404273e-05,8.801425428828225e-05,6.018817657604814e-07,6.018817657604814e-07
20230522_000000,1,MYTO,0.01513273548334837,0.015095011331140995,3.772415220737457e-05,3.772415220737457e-05
20230522_000000,1,NUCO,0.0010603531263768673,0.0010643881978467107,-4.035071469843388e-06,4.035071469843388e-06
20230522_000000,1,OCPR,0.006795711349695921,0.006765333935618401,3.037741407752037e-05,3.037741407752037e-05
20230522_000000,1,ORPI,0.00601341063156724,0.006022497080266476,-9.086448699235916e-06,9.086448699235916e-06
20230522_000000,1,PAFA,0.00313002010807395,0.0031221071258187294,7.912982255220413e-06,7.912982255220413e-06
20230522_000000,1,PECA,0.0006971528637222946,0.0006935468991287053,3.605964593589306e-06,3.605964593589306e-06
20230522_000000,1,PHNU,0.0001929406134877354,0.000192011590115726,9.290233720093966e-07,9.290233720093966e-07
20230522_000000,1,PIMA,0.0015214973827823997,0.0015234616585075855,-1.964275725185871e-06,1.964275725185871e-06
20230522_000000,1,POEC,0.0066046155989170074,0.0065720644779503345,3.25511209666729e-05,3.25511209666729e-05
20230522_000000,1,PSFL,0.012871458195149899,0.012782290577888489,8.916761726140976e-05,8.916761726140976e-05
20230522_000000,1,SHOT,0.0068750143982470036,0.006856201216578484,1.8813181668519974e-05,1.8813181668519974e-05
20230522_000000,1,SITT,0.004260124638676643,0.00425801333039999,2.11130827665329e-06,2.11130827665329e-06
20230522_000000,1,SPRU,0.0035150167532265186,0.003512834431603551,2.18232162296772e-06,2.18232162296772e-06
20230522_000000,1,STOC,2.8058548195986077e-05,2.775768552965019e-05,3.008626663358882e-07,3.008626663358882e-07
20230522_000000,1,STOC_IRREG,0.00012629821139853448,0.00012495432747527957,1.3438839232549071e-06,1.3438839232549071e-06
20230522_000000,1,STVA,4.0912444092100486e-05,4.050449206260964e-05,4.079520294908434e-07,4.079520294908434e-07
20230522_000000,1,STVA_IRREG,0.0002508535690139979,0.0002482118143234402,2.6417546905577183e-06,2.6417546905577183e-06
20230522_000000,1,TADO1,7.404338248306885e-05,7.385930075543001e-05,1.8408172763884068e-07,1.8408172763884068e-07
20230522_000000,1,TADO2,0.0010450981790199876,0.0010424938518553972,2.6043271645903587e-06,2.6043271645903587e-06
20230522_000000,1,TAMI,0.0001922364317579195,0.00019135313050355762,8.833012543618679e-07,8.833012543618679e-07
20230522_000000,1,TUMI,0.028894195333123207,0.028996994718909264,-0.00010279938578605652,0.00010279938578605652
20230522_000000,1,WHIS,1.0865705007745419e-05,1.0769553227873985e-05,9.615177987143397e-08,9.615177987143397e-08
20230522_000000,1,YARD,0.0012014543171972036,0.0012002807343378663,1.1735828593373299e-06,1.1735828593373299e-06
20230522_000000,1,ZEMA,0.00022564615937881172,0.00022445281501859426,1.193344360217452e-06,1.193344360217452e-06
20230522_000000,10,AEAC,1.9246941818096275e-08,1.9100120596249326e-08,1.468212218469489e-10,1.468212218469489e-10
20230522_000000,10,BRCA,3.695891509503113e-11,3.675156359794762e-11,2.0735149708350775e-13,2.0735149708350775e-13
20230522_000000,10,BRMA,1.7566964549686759e-09,1.7588800416135086e-09,-2.183586644832758e-12,2.183586644832758e-12
20230522_000000,10,BUVI,0.00016734398377593607,0.0001673003425821662,4.364119376987219e-08,4.364119376987219e-08
20230522_000000,10,CAGU,0.0029869454447180033,0.00299746822565794,-1.0522780939936638e-05,1.0522780939936638e-05
20230522_000000,10,CALU,0.008237646892666817,0.008206842467188835,3.080442547798157e-05,3.080442547798157e-05
20230522_000000,10,CAUS,5.647850684908917e-07,5.640872586809564e-07,6.978098099352792e-10,6.978098099352792e-10
20230522_000000,10,CCOO,1.1070311529692844e-06,1.104164880416647e-06,2.8662725526373833e-09,2.8662725526373833e-09
20230522_000000,10,CHFA,1.865189247496346e-08,1.8712835725409604e-08,-6.094325044614379e-11,6.094325044614379e-11
20230522_000000,10,CHMI,8.55041216709651e-05,8.556427928851917e-05,-6.015761755406857e-08,6.015761755406857e-08
20230522_000000,10,CHMI_IRREG,8.159050594258588e-06,8.127912224153988e-06,3.1138370104599744e-08,3.1138370104599744e-08
20230522_000000,10,COAU,1.4801079828430375e-07,1.4822235527844896e-07,-2.1155699414521223e-10,2.1155699414521223e-10
20230522_000000,10,COAU2,5.255705218587536e-06,5.274884642858524e-06,-1.917942427098751e-08,1.917942427098751e-08
20230522_000000,10,COCO,1.313514803769067e-05,1.314163273491431e-05,-6.484697223640978e-09,6.484697223640978e-09
20230522_000000,10,CYST,8.348686151293805e-07,8.331383583026764e-07,1.7302568267041352e-09,1.7302568267041352e-09
20230522_000000,10,DEFU,0.00020965811563655734,0.0002099321282003075,-2.740125637501478e-07,2.740125637501478e-07
20230522_000000,10,DOG,9.193975074595073e-07,9.179531730296731e-07,1.4443344298342708e-09,1.4443344298342708e-09
20230522_000000,10,DRPU,2.0202565206677014e-13,2.0181664499296925e-13,2.0900707380089312e-16,2.0900707380089312e-16
20230522_000000,10,DRUM,2.3931675059429836e-06,2.3955799406394362e-06,-2.412434696452692e-09,2.412434696452692e-09
20230522_000000,10,FLY,2.4529836082365364e-05,2.4511235096724704e-05,1.8600985640659928e-08,1.8600985640659928e-08
20230522_000000,10,FROG,7.748458301648498e-06,7.732127414783463e-06,1.63308868650347e-08,1.63308868650347e-08
20230522_000000,10,GLGN,1.117063597178003e-08,1.112146819082227e-08,4.916778095775953e-11,4.916778095775953e-11
20230522_000000,10,HOSA,0.00019119140051770955,0.0001911205763462931,7.082417141646147e-08,7.082417141646147e-08
20230522_000000,10,HYPI,2.8038484867209945e-09,2.8035878063548125e-09,2.6068036618198676e-13,2.6068036618198676e-13
20230522_000000,10,INSP,1.0386105486759334e-06,1.0316014140698826e-06,7.009134606050793e-09,7.009134606050793e-09
20230522_000000,10,IXNA,5.163679361430695e-06,5.172819328436162e-06,-9.139967005467042e-09,9.139967005467042e-09
20230522_000000,10,MEKE,1.556987626827322e-06,1.5484796449527494e-06,8.507981874572579e-09,8.507981874572579e-09
20230522_000000,10,MYTO,2.9830880521330982e-05,3.011326953128446e-05,-2.823890099534765e-07,2.823890099534765e-07
20230522_000000,10,NUCO,4.571332895553226e-12,4.5795385712754655e-12,-8.205675722239292e-15,8.205675722239292e-15
20230522_000000,10,OCPR,7.172286132117733e-06,7.211171123344684e-06,-3.888499122695066e-08,3.888499122695066e-08
20230522_000000,10,ORPI,3.041584761831473e-07,3.036372504539031e-07,5.212257292441791e-10,5.212257292441791e-10
20230522_000000,10,PAFA,8.603923902228416e-07,8.607727863818582e-07,-3.8039615901652724e-10,3.8039615901652724e-10
20230522_000000,10,PECA,2.994165271275051e-08,2.996286241341295e-08,-2.120970066243899e-11,2.120970066243899e-11
20230522_000000,10,PHNU,1.6274243535008281e-06,1.6224508954110206e-06,4.9734580898075365e-09,4.9734580898075365e-09
20230522_000000,10,PIMA,7.521122058484764e-10,7.537828694559323e-10,-1.6706636074559356e-12,1.6706636074559356e-12
20230522_000000,10,POEC,0.0024973314721137285,0.0024960709270089865,1.2605451047420502e-06,1.2605451047420502e-06
20230522_000000,10,PSFL,0.9847249388694763,0.9847442507743835,-1.9311904907226562e-05,1.9311904907226562e-05
20230522_000000,10,SHOT,4.369595444586594e-06,4.361259016150143e-06,8.33642843645066e-09,8.33642843645066e-09
20230522_000000,10,SITT,0.00012957424041815102,0.0001299802679568529,-4.060275387018919e-07,4.060275387018919e-07
20230522_000000,10,SPRU,1.0269015149333427e-07,1.0270508710163995e-07,-1.4935608305677306e-11,1.4935608305677306e-11
20230522_000000,10,STOC,7.592073497653118e-11,7.547507063776493e-11,4.4566433876624956e-13,4.4566433876624956e-13
20230522_000000,10,STOC_IRREG,7.954725073089364e-11,7.928857570504988e-11,2.5867502584375757e-13,2.5867502584375757e-13
20230522_000000,10,STVA,2.040130198111001e-08,2.0235484399222514e-08,1.6581758188749518e-10,1.6581758188749518e-10
20230522_000000,10,STVA_IRREG,2.9540206014644355e-06,2.9456246011250187e-06,8.396000339416787e-09,8.396000339416787e-09
20230522_000000,10,TADO1,2.763406448114125e-10,2.7697663607106904e-10,-6.359912596565209e-13,6.359912596565209e-13
20230522_000000,10,TADO2,3.9181972510959895e-07,3.922285429780459e-07,-4.0881786844693124e-10,4.0881786844693124e-10
20230522_000000,10,TAMI,2.390311559796743e-10,2.384279440548198e-10,6.032119248544632e-13,6.032119248544632e-13
20230522_000000,10,TUMI,0.0006491867825388908,0.000650683999992907,-1.4972174540162086e-06,1.4972174540162086e-06
20230522_000000,10,WHIS,4.515837356833252e-11,4.49671619384695e-11,1.9121162986301954e-13,1.9121162986301954e-13
20230522_000000,10,YARD,5.923502044424822e-08,5.909139844106903e-08,1.4362200317918905e-10,1.4362200317918905e-10
20230522_000000,10,ZEMA,2.6076236281369347e-07,2.5997934471888584e-07,7.830180948076304e-10,7.830180948076304e-10
20230522_000000,11,AEAC,2.4678138005329586e-11,2.470449018965315e-11,-2.6352184323563677e-14,2.6352184323563677e-14
20230522_000000,11,BRCA,4.281933197233005e-17,4.41959722698551e-17,-1.3766402975250516e-18,1.3766402975250516e-18
20230522_000000,11,BRMA,2.7116109370998055e-21,2.7202856302668502e-21,-8.674693167044752e-24,8.674693167044752e-24
20230522_000000,11,BUVI,4.672586510423571e-05,4.567046562442556e-05,1.0553994798101485e-06,1.0553994798101485e-06
20230522_000000,11,CAGU,2.623039840887742e-10,2.5835586447975345e-10,3.9481196090207504e-12,3.9481196090207504e-12
20230522_000000,11,CALU,9.945925860677107e-09,9.885641638618381e-09,6.02842220587263e-11,6.02842220587263e-11
20230522_000000,11,CAUS,6.772502751748594e-16,6.803504687013693e-16,-3.1001935265099426e-18,3.1001935265099426e-18
20230522_000000,11,CCOO,3.279116663472103e-17,3.292984181005432e-17,-1.3867517533328998e-19,1.3867517533328998e-19
20230522_000000,11,CHFA,1.7092430043877236e-17,1.7341426297506724e-17,-2.489962536294873e-19,2.489962536294873e-19
20230522_000000,11,CHMI,4.789777463543032e-10,4.784267426671818e-10,5.510036871214652e-13,5.510036871214652e-13
20230522_000000,11,CHMI_IRREG,2.451836289552034e-09,2.4566746414933505e-09,-4.838351941316432e-12,4.838351941316432e-12
20230522_000000,11,COAU,4.039171900188697e-17,4.103206267512142e-17,-6.403436732344502e-19,6.403436732344502e-19
20230522_000000,11,COAU2,1.1297120668953518e-14,1.146484250987229e-14,-1.6772184091877126e-16,1.6772184091877126e-16
20230522_000000,11,COCO,1.2436906539348147e-11,1.246589376863172e-11,-2.8987229283572447e-14,2.8987229283572447e-14
20230522_000000,11,CYST,9.204035510091899e-14,9.314014267963397e-14,-1.0997875787149836e-15,1.0997875787149836e-15
20230522_000000,11,DEFU,8.624461145245732e-08,8.557110220408504e-08,6.735092483722838e-10,6.735092483722838e-10
20230522_000000,11,DOG,5.7926441421329855e-11,5.873253272614676e-11,-8.060913048169027e-13,8.060913048169027e-13
20230522_000000,11,DRPU,9.260190661280444e-25,9.47112417872749e-25,-2.1093351744704635e-26,2.1093351744704635e-26
20230522_000000,11,DRUM,4.016564858488891e-12,4.058106281568108e-12,-4.15414230792166e-14,4.15414230792166e-14
20230522_000000,11,FLY,1.7055828971379583e-09,1.70379310659996e-09,1.7897905379982149e-12,1.7897905379982149e-12
20230522_000000,11,FROG,2.2995898241173762e-10,2.3040835905874246e-10,-4.493766470048399e-13,4.493766470048399e-13
20230522_000000,11,GLGN,4.5622238083707634e-14,4.62142497393344e-14,-5.920116556267646e-16,5.920116556267646e-16
20230522_000000,11,HOSA,1.7297287158157815e-08,1.7454729217547538e-08,-1.57442059389723e-10,1.57442059389723e-10
20230522_000000,11,HYPI,4.388713280762985e-17,4.4353546867824e-17,-4.664140601941502e-19,4.664140601941502e-19
20230522_000000,11,INSP,2.5193229724607136e-09,2.4982473867396493e-09,2.1075585721064272e-11,2.1075585721064272e-11
20230522_000000,11,IXNA,1.1060468946971769e-12,1.1073419741922108e-12,-1.295079495033935e-15,1.295079495033935e-15
20230522_000000,11,MEKE,1.10122377883215e-09,1.0882874601492176e-09,1.2936318682932324e-11,1.2936318682932324e-11
20230522_000000,11,MYTO,5.185543044318763e-19,5.241873010057859e-19,-5.632996573909549e-21,5.632996573909549e-21
20230522_000000,11,NUCO,3.051938290845646e-26,3.191253591898006e-26,-1.393153010523595e-27,1.393153010523595e-27
20230522_000000,11,OCPR,1.0846700057229319e-13,1.0959445563519729e-13,-1.127455062904098e-15,1.127455062904098e-15
20230522_000000,11,ORPI,2.462863151809526e-14,2.4893225976092663e-14,-2.6459445799740383e-16,2.6459445799740383e-16
20230522_000000,11,PAFA,2.6669996072703483e-11,2.6929026716859816e-11,-2.590306441563328e-13,2.590306441563328e-13
20230522_000000,11,PECA,3.2310032068345884e-16,3.2775211975066105e-16,-4.651799067202211e-18,4.651799067202211e-18
20230522_000000,11,PHNU,5.856501394951863e-11,5.924784274302652e-11,-6.828287935078947e-13,6.828287935078947e-13
20230522_000000,11,PIMA,1.5595190911786512e-21,1.6102226777887376e-21,-5.070358661008637e-23,5.070358661008637e-23
20230522_000000,11,POEC,4.733046636909433e-13,4.735254614633699e-13,-2.2079777242667298e-16,2.2079777242667298e-16
20230522_000000,11,PSFL,0.9999531507492065,0.9999542236328125,-1.0728836059570312e-06,1.0728836059570312e-06
20230522_000000,11,SHOT,2.3225010456484618e-11,2.3531007004029547e-11,-3.059965475449289e-13,3.059965475449289e-13
20230522_000000,11,SITT,6.173177420631948e-12,6.157614348967222e-12,1.5563071664725925e-14,1.5563071664725925e-14
20230522_000000,11,SPRU,2.5516291553631665e-15,2.580124614258222e-15,-2.8495458895055545e-17,2.8495458895055545e-17
20230522_000000,11,STOC,5.834839312017157e-14,5.769815641975054e-14,6.502367004210252e-16,6.502367004210252e-16
20230522_000000,11,STOC_IRREG,1.3017293389445917e-15,1.301209366594096e-15,5.199723504957336e-19,5.199723504957336e-19
20230522_000000,11,STVA,3.048691854523611e-11,3.0162473213524166e-11,3.2444533171194223e-13,3.2444533171194223e-13
20230522_000000,11,STVA_IRREG,9.710229953441285e-09,9.774123732597673e-09,-6.389377915638761e-11,6.389377915638761e-11
20230522_000000,11,TADO1,4.548293440165567e-19,4.642342324849198e-19,-9.404888468363071e-21,9.404888468363071e-21
20230522_000000,11,TADO2,3.2499425988373985e-15,3.2709405455998326e-15,-2.0997946762434105e-17,2.0997946762434105e-17
20230522_000000,11,TAMI,1.1745695864553913e-17,1.2053641971717605e-17,-3.0794610716369135e-19,3.0794610716369135e-19
20230522_000000,11,TUMI,1.206595517944109e-10,1.219300216348529e-10,-1.27046984044199e-12,1.27046984044199e-12
20230522_000000,11,WHIS,3.8752887596473233e-16,3.87267725119182e-16,2.6115084555034147e-19,2.6115084555034147e-19
20230522_000000,11,YARD,9.586979105545568e-14,9.713383526330222e-14,-1.2640442078465375e-15,1.2640442078465375e-15
20230522_000000,11,ZEMA,7.682086737570426e-12,7.720625354312727e-12,-3.8538616742300746e-14,3.8538616742300746e-14
20230522_000000,12,AEAC,2.109301000530195e-08,2.0874727724162767e-08,2.1828228113918158e-10,2.1828228113918158e-10
20230522_000000,12,BRCA,3.389443673645909e-13,3.4262992291457517e-13,-3.685555549984287e-15,3.685555549984287e-15
20230522_000000,12,BRMA,4.1848212007025443e-17,4.198525267346833e-17,-1.370406664428852e-19,1.370406664428852e-19
20230522_000000,12,BUVI,0.0037118818145245314,0.0036055196542292833,0.00010636216029524803,0.00010636216029524803
20230522_000000,12,CAGU,1.6546305658948768e-08,1.64104392297304e-08,1.3586642921836756e-10,1.3586642921836756e-10
20230522_000000,12,CALU,8.330148375534918e-06,8.259603418991901e-06,7.054495654301718e-08,7.054495654301718e-08
20230522_000000,12,CAUS,1.1660200799692988e-12,1.167480175034985e-12,-1.4600950656862288e-15,1.4600950656862288e-15
20230522_000000,12,CCOO,1.6884673455404287e-14,1.687540522089543e-14,9.268234508856554e-18,9.268234508856554e-18
20230522_000000,12,CHFA,8.669138269658955e-14,8.635128880387158e-14,3.4009389271796864e-16,3.4009389271796864e-16
20230522_000000,12,CHMI,1.1911199138125994e-08,1.1851013503871854e-08,6.018563425413959e-11,6.018563425413959e-11
20230522_000000,12,CHMI_IRREG,7.215339081767524e-08,7.251584577261383e-08,-3.624549549385847e-10,3.624549549385847e-10
20230522_000000,12,COAU,1.7731280853305886e-13,1.761428324162026e-13,1.169976116856264e-15,1.169976116856264e-15
20230522_000000,12,COAU2,5.0296494399915126e-12,5.028125051736998e-12,1.5243882545146192e-15,1.5243882545146192e-15
20230522_000000,12,COCO,1.2531256032843885e-08,1.2410235505910805e-08,1.2102052693307996e-10,1.2102052693307996e-10
20230522_000000,12,CYST,1.3213054261829171e-10,1.310278413546584e-10,1.1027012636333211e-12,1.1027012636333211e-12
20230522_000000,12,DEFU,1.9202145722374553e-06,1.8944350586025394e-06,2.577951363491593e-08,2.577951363491593e-08
20230522_000000,12,DOG,5.933738833618918e-08,5.928446000780241e-08,5.292832838676986e-11,5.292832838676986e-11
20230522_000000,12,DRPU,6.42443458294719e-20,6.393972364420218e-20,3.046221852697236e-22,3.046221852697236e-22
20230522_000000,12,DRUM,5.363578026162941e-09,5.351449505752726e-09,1.212852041021506e-11,1.212852041021506e-11
20230522_000000,12,FLY,6.251085551411961e-07,6.155669325380586e-07,9.541622603137512e-09,9.541622603137512e-09
20230522_000000,12,FROG,9.126647171342483e-08,9.036766357439774e-08,8.988081390270963e-10,8.988081390270963e-10
20230522_000000,12,GLGN,3.9679901725486744e-11,3.944334789340864e-11,2.365538320781013e-13,2.365538320781013e-13
20230522_000000,12,HOSA,1.09209440779523e-06,1.0920894055743702e-06,5.002220859751105e-12,5.002220859751105e-12
20230522_000000,12,HYPI,3.916590223798297e-14,3.885214768179282e-14,3.137545561901489e-16,3.137545561901489e-16
20230522_000000,12,INSP,3.1253892984750564e-07,3.0618517143921054e-07,6.353758408295107e-09,6.353758408295107e-09
20230522_000000,12,IXNA,4.5190132191841315e-10,4.4955875133645407e-10,2.3425705819590803e-12,2.3425705819590803e-12
20230522_000000,12,MEKE,1.1587562767090276e-06,1.1395420642656973e-06,1.9214212443330325e-08,1.9214212443330325e-08
20230522_000000,12,MYTO,5.043027041926721e-17,5.096015570222378e-17,-5.298852829565691e-19,5.298852829565691e-19
20230522_000000,12,NUCO,8.797110243147631e-22,9.074146076157747e-22,-2.7703583301011515e-23,2.7703583301011515e-23
20230522_000000,12,OCPR,1.179796885186768e-11,1.1878105270202166e-11,-8.013641833448659e-14,8.013641833448659e-14
20230522_000000,12,ORPI,1.212539652017952e-10,1.2153601736120123e-10,-2.82052159406021e-13,2.82052159406021e-13
20230522_000000,12,PAFA,5.780471656890995e-09,5.759452026410372e-09,2.1019630480623164e-11,2.1019630480623164e-11
20230522_000000,12,PECA,1.1720046591209843e-12,1.1711847854381507e-12,8.198736828335385e-16,8.198736828335385e-16
20230522_000000,12,PHNU,5.2872486833166477e-08,5.349492937511968e-08,-6.224425419532054e-10,6.224425419532054e-10
20230522_000000,12,PIMA,8.573468141580403e-18,8.708117428872397e-18,-1.346492872919944e-19,1.346492872919944e-19
20230522_000000,12,POEC,1.962698233104465e-11,1.9559420055825782e-11,6.75622752188687e-14,6.75622752188687e-14
20230522_000000,12,PSFL,0.9962685108184814,0.9963751435279846,-0.00010663270950317383,0.00010663270950317383
20230522_000000,12,SHOT,1.674271277174455e-09,1.6732150109888266e-09,1.056266185628374e-12,1.056266185628374e-12
20230522_000000,12,SITT,1.7212288261347908e-09,1.696458418187774e-09,2.4770407947016793e-11,2.4770407947016793e-11
20230522_000000,12,SPRU,1.0814144718596097e-11,1.0822112303521259e-11,-7.967584925161475e-15,7.967584925161475e-15
20230522_000000,12,STOC,1.1896433838032294e-09,1.1617089512583334e-09,2.7934432544896026e-11,2.7934432544896026e-11
20230522_000000,12,STOC_IRREG,3.10924029578441e-11,3.093671152587518e-11,1.5569143196891844e-13,1.5569143196891844e-13
20230522_000000,12,STVA,7.207193561953318e-07,7.052054229461646e-07,1.5513933249167167e-08,1.5513933249167167e-08
20230522_000000,12,STVA_IRREG,5.008980679122033e-06,4.9828104238258675e-06,2.6170255296165124e-08,2.6170255296165124e-08
20230522_000000,12,TADO1,2.8799295965982767e-15,2.8844929866016092e-15,-4.563390003332543e-18,4.563390003332543e-18
20230522_000000,12,TADO2,1.9361985972854434e-11,1.9208416107696635e-11,1.535698651577988e-13,1.535698651577988e-13
20230522_000000,12,TAMI,6.174566608875554e-14,6.225144640222002e-14,-5.057803134644878e-16,5.057803134644878e-16
20230522_000000,12,TUMI,6.272129482454147e-09,6.280797659741211e-09,-8.668177287063372e-12,8.668177287063372e-12
20230522_000000,12,WHIS,1.8311921423652677e-11,1.8185853864483015e-11,1.260675591696625e-13,1.260675591696625e-13
20230522_000000,12,YARD,3.380840746247671e-11,3.3590068226896364e-11,2.1833923558034485e-13,2.1833923558034485e-13
20230522_000000,12,ZEMA,7.09944947274721e-09,7.052348927061303e-09,4.710054568590749e-11,4.710054568590749e-11
20230522_000000,13,AEAC,1.6281965359299377e-11,1.626501884566256e-11,1.694651363681743e-14,1.694651363681743e-14
20230522_000000,13,BRCA,4.916315809926704e-16,4.9594329633155e-16,-4.311715338879609e-18,4.311715338879609e-18
20230522_000000,13,BRMA,1.4607106504478623e-20,1.4658795599240384e-20,-5.1689094761760874e-23,5.1689094761760874e-23
20230522_000000,13,BUVI,2.569937532825861e-05,2.572379889898002e-05,-2.4423570721410215e-08,2.4423570721410215e-08
20230522_000000,13,CAGU,8.211505919675233e-10,8.172241217074827e-10,3.92647026004056e-12,3.92647026004056e-12
20230522_000000,13,CALU,5.965348464087583e-07,5.961912847851636e-07,3.4356162359472364e-10,3.4356162359472364e-10
20230522_000000,13,CAUS,6.193202096044801e-15,6.226556135925307e-15,-3.335403988050621e-17,3.335403988050621e-17
20230522_000000,13,CCOO,1.3715488354186652e-16,1.3805563690682247e-16,-9.007533649559442e-19,9.007533649559442e-19
20230522_000000,13,CHFA,6.576274334627334e-16,6.623454599184991e-16,-4.718026455765656e-18,4.718026455765656e-18
20230522_000000,13,CHMI,2.189587677836613e-10,2.1926009619033238e-10,-3.013284066710753e-13,3.013284066710753e-13
20230522_000000,13,CHMI_IRREG,6.870818358706288e-10,6.921617168309524e-10,-5.079880960323635e-12,5.079880960323635e-12
20230522_000000,13,COAU,1.0770056746865135e-15,1.0801038035702145e-15,-3.0981288837010103e-18,3.0981288837010103e-18
20230522_000000,13,COAU2,7.636903262553396e-14,7.684053182155717e-14,-4.714991960232118e-16,4.714991960232118e-16
20230522_000000,13,COCO,1.5391576901890858e-10,1.5457329860524283e-10,-6.57529586334249e-13,6.57529586334249e-13
20230522_000000,13,CYST,2.557215507056898e-12,2.5743682359469222e-12,-1.715272889002417e-14,1.715272889002417e-14
20230522_000000,13,DEFU,3.819124216875025e-08,3.82529883324878e-08,-6.17461637375527e-11,6.17461637375527e-11
20230522_000000,13,DOG,1.9972999643069755e-10,2.014535899208525e-10,-1.72359349015494e-12,1.72359349015494e-12
20230522_000000,13,DRPU,7.223807568387783e-24,7.336893934594836e-24,-1.1308636620705293e-25,1.1308636620705293e-25
20230522_000000,13,DRUM,1.1068325422858294e-10,1.1115312836817992e-10,-4.698741395969819e-13,4.698741395969819e-13
20230522_000000,13,FLY,9.309618853592383e-09,9.348301688305583e-09,-3.8682834713199554e-11,3.8682834713199554e-11
20230522_000000,13,FROG,2.9526006639635227e-10,2.9550742408623876e-10,-2.473576898864849e-13,2.473576898864849e-13
20230522_000000,13,GLGN,7.800148873159107e-14,7.853712526238038e-14,-5.356365307893074e-16,5.356365307893074e-16
20230522_000000,13,HOSA,2.987738412230101e-08,2.9978423299326096e-08,-1.0103917702508625e-10,1.0103917702508625e-10
20230522_000000,13,HYPI,8.522445159856294e-17,8.573868662433001e-17,-5.142350257670658e-19,5.142350257670658e-19
20230522_000000,13,INSP,4.2969922064983734e-10,4.294558597628395e-10,2.433608869978343e-13,2.433608869978343e-13
20230522_000000,13,IXNA,7.371375211617792e-12,7.349138658740983e-12,2.2236552876808702e-14,2.2236552876808702e-14
20230522_000000,13,MEKE,6.393811036176089e-10,6.411041142406759e-10,-1.7230106230670117e-12,1.7230106230670117e-12
20230522_000000,13,MYTO,7.944753386987529e-19,7.956673576602301e-19,-1.1920189614771974e-21,1.1920189614771974e-21
20230522_000000,13,NUCO,3.046825855882232e-25,3.0913730777190953e-25,-4.454722183686342e-27,4.454722183686342e-27
20230522_000000,13,OCPR,4.457940500036603e-14,4.4697494945740435e-14,-1.1808994537440554e-16,1.1808994537440554e-16
20230522_000000,13,ORPI,2.8655064974493494e-13,2.884540479738962e-13,-1.9033982289612394e-15,1.9033982289612394e-15
20230522_000000,13,PAFA,1.2089491907563144e-10,1.2223067002992138e-10,-1.3357509542899493e-12,1.3357509542899493e-12
20230522_000000,13,PECA,1.9389005561542194e-15,1.9448191988731588e-15,-5.918642718939424e-18,5.918642718939424e-18
20230522_000000,13,PHNU,2.0749944817932686e-10,2.0741949824376604e-10,7.994993556081909e-14,7.994993556081909e-14
20230522_000000,13,PIMA,4.434402172797409e-20,4.470648193263717e-20,-3.624602046630798e-22,3.624602046630798e-22
20230522_000000,13,POEC,3.4803642173092397e-12,3.495298885394793e-12,-1.4934668085553326e-14,1.4934668085553326e-14
20230522_000000,13,PSFL,0.9999736547470093,0.9999736547470093,0.0,0.0
20230522_000000,13,SHOT,2.8031693286023618e-11,2.83615804452797e-11,-3.2988715925608147e-13,3.2988715925608147e-13
20230522_000000,13,SITT,4.608010154005804e-11,4.606472495116698e-11,1.5376588891058418e-14,1.5376588891058418e-14
20230522_000000,13,SPRU,5.11793129306503e-14,5.170916930860754e-14,-5.298563779572441e-16,5.298563779572441e-16
20230522_000000,13,STOC,6.607206389674285e-15,6.631447202075282e-15,-2.4240812400997194e-17,2.4240812400997194e-17
20230522_000000,13,STOC_IRREG,5.555212645008125e-16,5.584618981958835e-16,-2.940633695070914e-18,2.940633695070914e-18
20230522_000000,13,STVA,1.28286548051193e-11,1.2880487475219748e-11,-5.183267010044901e-14,5.183267010044901e-14
20230522_000000,13,STVA_IRREG,4.731013802938833e-09,4.749458604180745e-09,-1.84448012419125e-11,1.84448012419125e-11
20230522_000000,13,TADO1,3.083328347795752e-18,3.136151688123082e-18,-5.282334032733007e-20,5.282334032733007e-20
20230522_000000,13,TADO2,5.3102575776290545e-14,5.342054855655802e-14,-3.1797278026747533e-16,3.1797278026747533e-16
20230522_000000,13,TAMI,9.564658982704117e-17,9.710426735481682e-17,-1.4576775277756466e-18,1.4576775277756466e-18
20230522_000000,13,TUMI,5.803614810950819e-10,5.823529991566545e-10,-1.991518061572606e-12,1.991518061572606e-12
20230522_000000,13,WHIS,1.470099265947131e-16,1.4719623413843964e-16,-1.8630754372654353e-19,1.8630754372654353e-19
20230522_000000,13,YARD,1.282695602294534e-13,1.300288137795827e-13,-1.7592535501292916e-15,1.7592535501292916e-15
20230522_000000,13,ZEMA,1.6654986417785622e-11,1.6825199219971942e-11,-1.702128021863203e-13,1.702128021863203e-13
20230522_000000,14,AEAC,3.843975415751544e-10,3.830752659528258e-10,1.3222756223285614e-12,1.3222756223285614e-12
20230522_000000,14,BRCA,3.17769898935949e-14,3.1960707951722567e-14,-1.8371805812766873e-16,1.8371805812766873e-16
20230522_000000,14,BRMA,9.442258486661134e-16,9.459606780212087e-16,-1.734829355095214e-18,1.734829355095214e-18
20230522_000000,14,BUVI,0.0001147562506957911,0.00011394684406695887,8.09406628832221e-07,8.09406628832221e-07
20230522_000000,14,CAGU,5.720906415263016e-08,5.707679662236842e-08,1.3226753026174265e-10,1.3226753026174265e-10
20230522_000000,14,CALU,6.634741644973019e-10,6.635380023212178e-10,-6.38378239159465e-14,6.38378239159465e-14
20230522_000000,14,CAUS,9.26772200648962e-12,9.280288343349596e-12,-1.256633685997599e-14,1.256633685997599e-14
20230522_000000,14,CCOO,1.6305473681324512e-13,1.6271344352187384e-13,3.4129329137128073e-16,3.4129329137128073e-16
20230522_000000,14,CHFA,4.2464461309267565e-13,4.257747312271659e-13,-1.1301181344902655e-15,1.1301181344902655e-15
20230522_000000,14,CHMI,1.4615974208709304e-08,1.457522991188398e-08,4.0744296825323545e-11,4.0744296825323545e-11
20230522_000000,14,CHMI_IRREG,4.163179667671102e-08,4.160238020745055e-08,2.941646926046815e-11,2.941646926046815e-11
20230522_000000,14,COAU,5.238460354514349e-14,5.2558089445268324e-14,-1.7348590012483678e-16,1.7348590012483678e-16
20230522_000000,14,COAU2,8.646923455035704e-12,8.64828347824087e-12,-1.3600232051658168e-15,1.3600232051658168e-15
20230522_000000,14,COCO,1.1885620265772445e-09,1.1894271123580324e-09,-8.65085780787922e-13,8.65085780787922e-13
20230522_000000,14,CYST,1.3674963939003248e-10,1.3681862587322513e-10,-6.898648319264566e-14,6.898648319264566e-14
20230522_000000,14,DEFU,4.785891860592528e-07,4.7662604174547596e-07,1.9631443137768656e-09,1.9631443137768656e-09
20230522_000000,14,DOG,6.276464237231494e-09,6.279187392266294e-09,-2.723155034800584e-12,2.723155034800584e-12
20230522_000000,14,DRPU,1.1074731057179652e-20,1.1111131850893387e-20,-3.6400793713734896e-23,3.6400793713734896e-23
20230522_000000,14,DRUM,1.4621291954952653e-09,1.4632520750623712e-09,-1.1228795671058833e-12,1.1228795671058833e-12
20230522_000000,14,FLY,9.164818948192988e-08,9.150939916935386e-08,1.3879031257602037e-10,1.3879031257602037e-10
20230522_000000,14,FROG,1.1783075626325967e-09,1.1756574602728165e-09,2.6501023597802487e-12,2.6501023597802487e-12
20230522_000000,14,GLGN,5.677197427444991e-12,5.679834207128476e-12,-2.6367796834847468e-15,2.6367796834847468e-15
20230522_000000,14,HOSA,6.432347277041117e-08,6.44108126834908e-08,-8.733991307963151e-11,8.733991307963151e-11
20230522_000000,14,HYPI,3.641774958039554e-15,3.639680669077468e-15,2.0942889620862576e-18,2.0942889620862576e-18
20230522_000000,14,INSP,3.096203116115248e-08,3.0719057519945636e-08,2.4297364120684506e-10,2.4297364120684506e-10
20230522_000000,14,IXNA,1.0640249792359668e-09,1.0679214179631913e-09,-3.896438727224449e-12,3.896438727224449e-12
20230522_000000,14,MEKE,9.083248819763412e-09,9.030361347583948e-09,5.288747217946366e-11,5.288747217946366e-11
20230522_000000,14,MYTO,4.371639108249588e-15,4.393643753669834e-15,-2.200464542024584e-17,2.200464542024584e-17
20230522_000000,14,NUCO,4.918808106017055e-21,4.9779523276081634e-21,-5.914422159110843e-23,5.914422159110843e-23
20230522_000000,14,OCPR,3.633006048775478e-11,3.63540759995562e-11,-2.4015511801422917e-14,2.4015511801422917e-14
20230522_000000,14,ORPI,4.033762213140335e-11,4.035889678011273e-11,-2.1274648709379562e-14,2.1274648709379562e-14
20230522_000000,14,PAFA,2.1170110109380857e-09,2.1239978664766568e-09,-6.986855538571035e-12,6.986855538571035e-12
20230522_000000,14,PECA,6.484562236133695e-13,6.508717718435586e-13,-2.4155482301890796e-15,2.4155482301890796e-15
20230522_000000,14,PHNU,1.9382454752303602e-08,1.943455707476005e-08,-5.2102322456448746e-11,5.2102322456448746e-11
20230522_000000,14,PIMA,3.6797429981419915e-16,3.7104601185785767e-16,-3.0717120436585168e-18,3.0717120436585168e-18
20230522_000000,14,POEC,1.0305834310941897e-11,1.033198006317182e-11,-2.6145752229922437e-14,2.6145752229922437e-14
20230522_000000,14,PSFL,0.9998840093612671,0.999884843826294,-8.344650268554688e-07,8.344650268554688e-07
20230522_000000,14,SHOT,3.6290241645087207e-11,3.639778409225691e-11,-1.0754244716970618e-13,1.0754244716970618e-13
20230522_000000,14,SITT,4.957341648292868e-09,4.949815224364329e-09,7.526423928538861e-12,7.526423928538861e-12
20230522_000000,14,SPRU,5.0623355334067366e-12,5.068233159544189e-12,-5.89762613745215e-15,5.89762613745215e-15
20230522_000000,14,STOC,7.363884675648524e-12,7.321959011319379e-12,4.192566432914546e-14,4.192566432914546e-14
20230522_000000,14,STOC_IRREG,2.374514972668107e-13,2.371330670887517e-13,3.1843017805899265e-16,3.1843017805899265e-16
20230522_000000,14,STVA,6.002607300104046e-09,5.960013371719697e-09,4.2593928384349056e-11,4.2593928384349056e-11
20230522_000000,14,STVA_IRREG,4.556111719011824e-07,4.5458594399860885e-07,1.0252279025735334e-09,1.0252279025735334e-09
20230522_000000,14,TADO1,4.639653038255058e-15,4.6653380418311234e-15,-2.5685003576065776e-17,2.5685003576065776e-17
20230522_000000,14,TADO2,3.3112145837732587e-12,3.3161852170532358e-12,-4.970633279977044e-15,4.970633279977044e-15
20230522_000000,14,TAMI,2.0918191834186535e-14,2.0953668962149334e-14,-3.5477127962799115e-17,3.5477127962799115e-17
20230522_000000,14,TUMI,2.4559035693982878e-08,2.4552358368623572e-08,6.6773253593055415e-12,6.6773253593055415e-12
20230522_000000,14,WHIS,1.397319759899318e-13,1.3908595412545632e-13,6.460218644754878e-16,6.460218644754878e-16
20230522_000000,14,YARD,1.1624919776798137e-12,1.1622580068509913e-12,2.3397082882237186e-16,2.3397082882237186e-16
20230522_000000,14,ZEMA,7.717532390927317e-09,7.682364966399291e-09,3.516742452802646e-11,3.516742452802646e-11
20230522_000000,15,AEAC,4.694086601375602e-05,4.706241452367976e-05,-1.2154850992374122e-07,1.2154850992374122e-07
20230522_000000,15,BRCA,1.0051571308622442e-07,1.0125526728188561e-07,-7.395541956611851e-10,7.395541956611851e-10
20230522_000000,15,BRMA,1.8524862199775782e-10,1.8523674261139433e-10,1.1879386363489175e-14,1.1879386363489175e-14
20230522_000000,15,BUVI,0.16344495117664337,0.16323041915893555,0.0002145320177078247,0.0002145320177078247
20230522_000000,15,CAGU,0.0001377609878545627,0.00013784242037218064,-8.14325176179409e-08,8.14325176179409e-08
20230522_000000,15,CALU,0.031127342954277992,0.03117053024470806,-4.318729043006897e-05,4.318729043006897e-05
20230522_000000,15,CAUS,6.386819109138742e-07,6.394624278982519e-07,-7.805169843777549e-10,7.805169843777549e-10
20230522_000000,15,CCOO,5.949074832756196e-08,5.946537129375429e-08,2.5377033807671978e-11,2.5377033807671978e-11
20230522_000000,15,CHFA,6.315930534128711e-08,6.352698278533353e-08,-3.6767744404642144e-10,3.6767744404642144e-10
20230522_000000,15,CHMI,9.414340456714854e-05,9.41994076129049e-05,-5.600304575636983e-08,5.600304575636983e-08
20230522_000000,15,CHMI_IRREG,0.00014398795610759407,0.00014466082211583853,-6.728660082444549e-07,6.728660082444549e-07
20230522_000000,15,COAU,3.1468684369428956e-07,3.145976279483875e-07,8.921574590203818e-11,8.921574590203818e-11
20230522_000000,15,COAU2,2.664605744939763e-06,2.668022261786973e-06,-3.416516847210005e-09,3.416516847210005e-09
20230522_000000,15,COCO,0.000389969878597185,0.0003907004720531404,-7.305934559553862e-07,7.305934559553862e-07
20230522_000000,15,CYST,5.930009137955494e-06,5.92183505432331e-06,8.174083632184193e-09,8.174083632184193e-09
20230522_000000,15,DEFU,0.002482848707586527,0.0024800316896289587,2.8170179575681686e-06,2.8170179575681686e-06
20230522_000000,15,DOG,0.0001330862141912803,0.0001338715956080705,-7.853814167901874e-07,7.853814167901874e-07
20230522_000000,15,DRPU,1.8109631632831635e-12,1.8249763679423214e-12,-1.4013204659157896e-14,1.4013204659157896e-14
20230522_000000,15,DRUM,0.00011473416088847443,0.00011519438703544438,-4.6022614696994424e-07,4.6022614696994424e-07
20230522_000000,15,FLY,0.001157767721451819,0.0011565644526854157,1.2032687664031982e-06,1.2032687664031982e-06
20230522_000000,15,FROG,0.0007254722295328975,0.0007254768279381096,-4.598405212163925e-09,4.598405212163925e-09
20230522_000000,15,GLGN,3.890449079335667e-06,3.906546226062346e-06,-1.6097146726679057e-08,1.6097146726679057e-08
20230522_000000,15,HOSA,0.002748918253928423,0.0027605160139501095,-1.1597760021686554e-05,1.1597760021686554e-05
20230522_000000,15,HYPI,1.712774064799305e-07,1.7066606972093723e-07,6.11336758993275e-10,6.11336758993275e-10
20230522_000000,15,INSP,0.0030814590863883495,0.0030822285916656256,-7.695052772760391e-07,7.695052772760391e-07
20230522_000000,15,IXNA,2.3131087800720707e-05,2.3227237761602737e-05,-9.614996088203043e-08,9.614996088203043e-08
20230522_000000,15,MEKE,0.002668846631422639,0.0026698464062064886,-9.997747838497162e-07,9.997747838497162e-07
20230522_000000,15,MYTO,5.002562253331178e-10,5.002669944964566e-10,-1.0769163338864018e-14,1.0769163338864018e-14
20230522_000000,15,NUCO,2.1444523674168936e-12,2.1522679471974726e-12,-7.815579780579007e-15,7.815579780579007e-15
20230522_000000,15,OCPR,2.3267805318027968e-06,2.3321892967942404e-06,-5.408764991443604e-09,5.408764991443604e-09
20230522_000000,15,ORPI,5.940186383668333e-06,5.961607712379191e-06,-2.142132871085778e-08,2.142132871085778e-08
20230522_000000,15,PAFA,6.055211997590959e-05,6.0816517361672595e-05,-2.643973857630044e-07,2.643973857630044e-07
20230522_000000,15,PECA,5.602809665106179e-07,5.613135272142245e-07,-1.0325607036065776e-09,1.0325607036065776e-09
20230522_000000,15,PHNU,3.6854537029284984e-05,3.700458910316229e-05,-1.500520738773048e-07,1.500520738773048e-07
20230522_000000,15,PIMA,2.93313512367277e-10,2.94357815899815e-10,-1.0443035325380379e-12,1.0443035325380379e-12
20230522_000000,15,POEC,1.4810206266702153e-05,1.4792683032283094e-05,1.752323441905901e-08,1.752323441905901e-08
20230522_000000,15,PSFL,0.7851369976997375,0.7852618098258972,-0.00012481212615966797,0.00012481212615966797
20230522_000000,15,SHOT,6.403688894351944e-05,6.433307135012001e-05,-2.961824066005647e-07,2.961824066005647e-07
20230522_000000,15,SITT,1.883218101284001e-05,1.876700480352156e-05,6.517620931845158e-08,6.517620931845158e-08
20230522_000000,15,SPRU,2.516581389500061e-06,2.527500328142196e-06,-1.091893864213489e-08,1.091893864213489e-08
20230522_000000,15,STOC,3.08773378492333e-05,3.104983625235036e-05,-1.7249840311706066e-07,1.7249840311706066e-07
20230522_000000,15,STOC_IRREG,2.838011141648167e-06,2.8682588890660554e-06,-3.0247747417888604e-08,3.0247747417888604e-08
20230522_000000,15,STVA,0.0007921846699900925,0.0007952007581479847,-3.016088157892227e-06,3.016088157892227e-06
20230522_000000,15,STVA_IRREG,0.0051856632344424725,0.005215921439230442,-3.025820478796959e-05,3.025820478796959e-05
20230522_000000,15,TADO1,9.600046979585386e-09,9.653577492940713e-09,-5.353051335532655e-11,5.353051335532655e-11
20230522_000000,15,TADO2,1.846304598984716e-06,1.8440532585373148e-06,2.2513404474011622e-09,2.2513404474011622e-09
20230522_000000,15,TAMI,5.633610200561634e-08,5.6747666121736984e-08,-4.1156411612064403e-10,4.1156411612064403e-10
20230522_000000,15,TUMI,6.901736196596175e-05,6.894123362144455e-05,7.612834451720119e-08,7.612834451720119e-08
20230522_000000,15,WHIS,3.428136551519856e-06,3.447817562118871e-06,-1.968101059901528e-08,1.968101059901528e-08
20230522_000000,15,YARD,5.0581102186697535e-06,5.0885946620837785e-06,-3.048444341402501e-08,3.048444341402501e-08
20230522_000000,15,ZEMA,3.0345276172738522e-05,3.0325620173243806e-05,1.9655999494716525e-08,1.9655999494716525e-08
20230522_000000,16,AEAC,4.139135398872895e-06,4.101142621948384e-06,3.799277692451142e-08,3.799277692451142e-08
20230522_000000,16,BRCA,4.404384357226121e-10,4.425684818620823e-10,-2.1300461394702097e-12,2.1300461394702097e-12
20230522_000000,16,BRMA,2.1033023933636485e-10,2.1391621807254069e-10,-3.585978736175832e-12,3.585978736175832e-12
20230522_000000,16,BUVI,0.027878763154149055,0.027289070188999176,0.0005896929651498795,0.0005896929651498795
20230522_000000,16,CAGU,0.0004249773046467453,0.00042802863754332066,-3.0513328965753317e-06,3.0513328965753317e-06
20230522_000000,16,CALU,1.4816085069924156e-07,1.4787850943775993e-07,2.823412614816334e-10,2.823412614816334e-10
20230522_000000,16,CAUS,1.0956623697211398e-07,1.1068429017768722e-07,-1.1180532055732328e-09,1.1180532055732328e-09
20230522_000000,16,CCOO,2.1378902204105543e-08,2.1771242586510198e-08,-3.923403824046545e-10,3.923403824046545e-10
20230522_000000,16,CHFA,1.757675072155962e-08,1.7796915940948566e-08,-2.2016521938894584e-10,2.2016521938894584e-10
20230522_000000,16,CHMI,6.86590647092089e-05,6.919774750713259e-05,-5.386827979236841e-07,5.386827979236841e-07
20230522_000000,16,CHMI_IRREG,1.136040737037547e-05,1.1416054803703446e-05,-5.5647433327976614e-08,5.5647433327976614e-08
20230522_000000,16,COAU,1.5380584583724044e-09,1.5433845312884387e-09,-5.3260729160342635e-12,5.3260729160342635e-12
20230522_000000,16,COAU2,3.030233415302064e-07,3.0638597081633634e-07,-3.362629286129959e-09,3.362629286129959e-09
20230522_000000,16,COCO,7.805280802131165e-06,7.79719903221121e-06,8.08176991995424e-09,8.08176991995424e-09
20230522_000000,16,CYST,8.2247197497054e-07,8.236948474404926e-07,-1.2228724699525628e-09,1.2228724699525628e-09
20230522_000000,16,DEFU,0.00033331409213133156,0.00033145654015243053,1.8575519789010286e-06,1.8575519789010286e-06
20230522_000000,16,DOG,5.764486559201032e-06,5.762924956798088e-06,1.5616024029441178e-09,1.5616024029441178e-09
20230522_000000,16,DRPU,1.0137451248999445e-15,1.0203453115040684e-15,-6.600186604123915e-18,6.600186604123915e-18
20230522_000000,16,DRUM,5.132426849741023e-06,5.143720500200288e-06,-1.1293650459265336e-08,1.1293650459265336e-08
20230522_000000,16,FLY,0.00017392798326909542,0.0001731912198010832,7.367634680122137e-07,7.367634680122137e-07
20230522_000000,16,FROG,3.342674972373061e-06,3.3188382531079696e-06,2.3836719265091233e-08,2.3836719265091233e-08
20230522_000000,16,GLGN,1.7493012194336188e-07,1.7478967606621154e-07,1.404458771503414e-10,1.404458771503414e-10
20230522_000000,16,HOSA,4.971334055881016e-05,4.972186798113398e-05,-8.527422323822975e-09,8.527422323822975e-09
20230522_000000,16,HYPI,2.967229517647496e-10,2.959736900010057e-10,7.492617637439025e-13,7.492617637439025e-13
20230522_000000,16,INSP,0.00019812742539215833,0.00019580568186938763,2.321743522770703e-06,2.321743522770703e-06
20230522_000000,16,IXNA,5.536915978154866e-06,5.557939402933698e-06,-2.1023424778832123e-08,2.1023424778832123e-08
20230522_000000,16,MEKE,5.4773303418187425e-05,5.390529258875176e-05,8.680108294356614e-07,8.680108294356614e-07
20230522_000000,16,MYTO,9.244637694250102e-11,9.47825498642807e-11,-2.336172921779678e-12,2.336172921779678e-12
20230522_000000,16,NUCO,8.019812235535346e-16,8.189139945042993e-16,-1.69327709507647e-17,1.69327709507647e-17
20230522_000000,16,OCPR,4.2855003812292125e-07,4.316434569773264e-07,-3.093418854405172e-09,3.093418854405172e-09
20230522_000000,16,ORPI,3.247959909913334e-07,3.2639445635140873e-07,-1.5984653600753518e-09,1.5984653600753518e-09
20230522_000000,16,PAFA,2.161265911126975e-06,2.1623625343636377e-06,-1.0966232366627082e-09,1.0966232366627082e-09
20230522_000000,16,PECA,1.6008941727818637e-08,1.6061438401493433e-08,-5.24966736747956e-11,5.24966736747956e-11
20230522_000000,16,PHNU,5.309010248311097e-06,5.324174708221108e-06,-1.516445991001092e-08,1.516445991001092e-08
20230522_000000,16,PIMA,7.791390449485291e-11,8.010727498009018e-11,-2.193370485237267e-12,2.193370485237267e-12
20230522_000000,16,POEC,2.147802433682955e-07,2.1788181925330719e-07,-3.101575885011698e-09,3.101575885011698e-09
20230522_000000,16,PSFL,0.9703049063682556,0.9708980917930603,-0.0005931854248046875,0.0005931854248046875
20230522_000000,16,SHOT,7.269591861813751e-08,7.282976355327264e-08,-1.3384493513513007e-10,1.3384493513513007e-10
20230522_000000,16,SITT,7.608506166434381e-06,7.595216175104724e-06,1.3289991329656914e-08,1.3289991329656914e-08
20230522_000000,16,SPRU,5.613670950310734e-08,5.649044965139183e-08,-3.537401482844871e-10,3.537401482844871e-10
20230522_000000,16,STOC,1.8849387970476528e-06,1.850268745329231e-06,3.4670051718421746e-08,3.4670051718421746e-08
20230522_000000,16,STOC_IRREG,2.5483403831572105e-08,2.5297941519397682e-08,1.8546231217442255e-10,1.8546231217442255e-10
20230522_000000,16,STVA,6.149636465124786e-05,6.089785529184155e-05,5.985093594063073e-07,5.985093594063073e-07
20230522_000000,16,STVA_IRREG,0.00036081564030610025,0.00036000681575387716,8.088245522230864e-07,8.088245522230864e-07
20230522_000000,16,TADO1,1.7107099070656773e-10,1.7135165508719297e-10,-2.8066438062523957e-13,2.8066438062523957e-13
20230522_000000,16,TADO2,3.479675569906249e-08,3.4742534182896634e-08,5.4221516165853245e-11,5.4221516165853245e-11
20230522_000000,16,TAMI,2.982214197810862e-10,3.0041388821011594e-10,-2.192468429029759e-12,2.192468429029759e-12
20230522_000000,16,TUMI,1.1921135410375427e-05,1.1963570614170749e-05,-4.2435203795321286e-08,4.2435203795321286e-08
20230522_000000,16,WHIS,4.722201296658568e-08,4.702162570424662e-08,2.0038726233906345e-10,2.0038726233906345e-10
20230522_000000,16,YARD,3.320981889487484e-08,3.304071327647762e-08,1.6910561839722504e-10,1.6910561839722504e-10
20230522_000000,16,ZEMA,1.572317887621466e-05,1.5767667719046585e-05,-4.448884283192456e-08,4.448884283192456e-08
20230522_000000,17,AEAC,8.031338927239062e-10,8.0415568648462e-10,-1.0217937607137628e-12,1.0217937607137628e-12
20230522_000000,17,BRCA,3.6481302462428034e-13,3.6717639562491855e-13,-2.3633710006382147e-15,2.3633710006382147e-15
20230522_000000,17,BRMA,7.90192078437002e-11,7.890559039491762e-11,1.1361744878257696e-13,1.1361744878257696e-13
20230522_000000,17,BUVI,6.321496039163321e-05,6.346408190438524e-05,-2.491215127520263e-07,2.491215127520263e-07
20230522_000000,17,CAGU,0.0012399984989315271,0.0012385750887915492,1.423410139977932e-06,1.423410139977932e-06
20230522_000000,17,CALU,1.034640035868506e-07,1.0372433933980574e-07,-2.603357529551431e-10,2.603357529551431e-10
20230522_000000,17,CAUS,2.905035323408356e-08,2.9160080572410152e-08,-1.0972733832659287e-10,1.0972733832659287e-10
20230522_000000,17,CCOO,3.5840663770159154e-08,3.580934304636685e-08,3.1320723792305216e-11,3.1320723792305216e-11
20230522_000000,17,CHFA,6.281665743124165e-10,6.327366963709835e-10,-4.570122058566994e-12,4.570122058566994e-12
20230522_000000,17,CHMI,1.528936309114215e-06,1.5210233641482773e-06,7.91294496593764e-09,7.91294496593764e-09
20230522_000000,17,CHMI_IRREG,3.5351277460904384e-07,3.5221049188294273e-07,1.3022827261011116e-09,1.3022827261011116e-09
20230522_000000,17,COAU,2.0834120539880985e-10,2.0973534020640727e-10,-1.3941348075974247e-12,1.3941348075974247e-12
20230522_000000,17,COAU2,6.286538223321259e-08,6.305795352545829e-08,-1.9257129224570235e-10,1.9257129224570235e-10
20230522_000000,17,COCO,5.824864146575237e-08,5.837494043703373e-08,-1.262989712813578e-10,1.262989712813578e-10
20230522_000000,17,CYST,1.682219696874654e-08,1.688599304827676e-08,-6.37960795302206e-11,6.37960795302206e-11
20230522_000000,17,DEFU,6.284134997258661e-06,6.27424878985039e-06,9.88620740827173e-09,9.88620740827173e-09
20230522_000000,17,DOG,9.706625725414142e-09,9.729508754219296e-09,-2.2883028805154026e-11,2.2883028805154026e-11
20230522_000000,17,DRPU,7.868853361931195e-17,7.875587935606357e-17,-6.73457367516173e-20,6.73457367516173e-20
20230522_000000,17,DRUM,1.4623547706094087e-08,1.4666104775074018e-08,-4.25570689799315e-11,4.25570689799315e-11
20230522_000000,17,FLY,6.669663434877293e-07,6.693080649711192e-07,-2.341721483389847e-09,2.341721483389847e-09
20230522_000000,17,FROG,2.075038452176159e-08,2.0868688110908806e-08,-1.1830358914721728e-10,1.1830358914721728e-10
20230522_000000,17,GLGN,7.579848554373214e-11,7.606881791133446e-11,-2.703323676023217e-13,2.703323676023217e-13
20230522_000000,17,HOSA,1.1532214330145507e-06,1.157606106971798e-06,-4.384673957247287e-09,4.384673957247287e-09
20230522_000000,17,HYPI,7.941882394779665e-12,7.965662851550093e-12,-2.378045677042806e-14,2.378045677042806e-14
20230522_000000,17,INSP,4.535872832889254e-08,4.546132004179526e-08,-1.0259171290272207e-10,1.0259171290272207e-10
20230522_000000,17,IXNA,3.1822813184589904e-07,3.1957208079802513e-07,-1.3439489521260839e-09,1.3439489521260839e-09
20230522_000000,17,MEKE,5.1075934592859085e-09,5.129370261869326e-09,-2.177680258341752e-11,2.177680258341752e-11
20230522_000000,17,MYTO,6.188699899212224e-07,6.180142690936918e-07,8.557208275306039e-10,8.557208275306039e-10
20230522_000000,17,NUCO,1.925495412730973e-15,1.930042073833597e-15,-4.546661102624271e-18,4.546661102624271e-18
20230522_000000,17,OCPR,6.540648200825672e-07,6.554654987667163e-07,-1.4006786841491703e-09,1.4006786841491703e-09
20230522_000000,17,ORPI,2.8693880604890865e-09,2.8919899808244054e-09,-2.2601920335318937e-11,2.2601920335318937e-11
20230522_000000,17,PAFA,3.852549212979284e-08,3.8731759133270316e-08,-2.0626700347747828e-10,2.0626700347747828e-10
20230522_000000,17,PECA,5.839152494857558e-10,5.88054549499617e-10,-4.139300013861202e-12,4.139300013861202e-12
20230522_000000,17,PHNU,4.8842924371683694e-08,4.89270846060208e-08,-8.416023433710507e-11,8.416023433710507e-11
20230522_000000,17,PIMA,1.2965664132613686e-11,1.3009523146256807e-11,-4.3859013643121614e-14,4.3859013643121614e-14
20230522_000000,17,POEC,1.017107570078224e-05,1.0187996849708725e-05,-1.692114892648533e-08,1.692114892648533e-08
20230522_000000,17,PSFL,0.9986520409584045,0.9986530542373657,-1.0132789611816406e-06,1.0132789611816406e-06
20230522_000000,17,SHOT,2.2975113367351696e-08,2.2988023928860457e-08,-1.291056150876102e-11,1.291056150876102e-11
20230522_000000,17,SITT,1.139172582043102e-05,1.1437121429480612e-05,-4.539560904959217e-08,4.539560904959217e-08
20230522_000000,17,SPRU,1.0914465997657885e-09,1.0954857021516773e-09,-4.039102385888782e-12,4.039102385888782e-12
20230522_000000,17,STOC,1.0409364342711669e-11,1.0510163919730253e-11,-1.0079957701858433e-13,1.0079957701858433e-13
20230522_000000,17,STOC_IRREG,9.811587306507441e-13,9.906430059949956e-13,-9.484275344251447e-15,9.484275344251447e-15
20230522_000000,17,STVA,6.948212005752907e-10,6.985585443430864e-10,-3.7373437677956645e-12,3.7373437677956645e-12
20230522_000000,17,STVA_IRREG,1.7592502388197317e-07,1.7681297492799786e-07,-8.87951046024682e-10,8.87951046024682e-10
20230522_000000,17,TADO1,1.1259257415296986e-12,1.1321483030582447e-12,-6.2225615285460556e-15,6.2225615285460556e-15
20230522_000000,17,TADO2,2.016858502429386e-08,2.0288059232598243e-08,-1.1947420830438205e-10,1.1947420830438205e-10
20230522_000000,17,TAMI,1.0090103232107683e-11,1.0180545642612948e-11,-9.04424105052648e-14,9.04424105052648e-14
20230522_000000,17,TUMI,1.0888707038247958e-05,1.0874645340663847e-05,1.4061697584111243e-08,1.4061697584111243e-08
20230522_000000,17,WHIS,1.3535820684792976e-12,1.3682989203483986e-12,-1.471685186910099e-14,1.471685186910099e-14
20230522_000000,17,YARD,8.467682111046315e-11,8.531272910339283e-11,-6.35907992929674e-13,6.35907992929674e-13
20230522_000000,17,ZEMA,3.712380447495889e-08,3.7184648249422025e-08,-6.084377446313738e-11,6.084377446313738e-11
20230522_000000,18,AEAC,7.709726190796573e-10,7.620456488055538e-10,8.926970274103496e-12,8.926970274103496e-12
20230522_000000,18,BRCA,5.612828884871547e-16,5.618826407533699e-16,-5.99752266215248e-19,5.99752266215248e-19
20230522_000000,18,BRMA,7.120129667256085e-20,7.028644783977428e-20,9.148488327865775e-22,9.148488327865775e-22
20230522_000000,18,BUVI,0.031937502324581146,0.03141350299119949,0.0005239993333816528,0.0005239993333816528
20230522_000000,18,CAGU,5.019224431634939e-07,4.918769604955742e-07,1.0045482667919714e-08,1.0045482667919714e-08
20230522_000000,18,CALU,0.0048704748041927814,0.0048180329613387585,5.244184285402298e-05,5.244184285402298e-05
20230522_000000,18,CAUS,4.573274877827001e-14,4.5150308594947217e-14,5.82440183322791e-16,5.82440183322791e-16
20230522_000000,18,CCOO,6.808992389015223e-13,6.697497374405503e-13,1.1149501460971933e-14,1.1149501460971933e-14
20230522_000000,18,CHFA,1.9551129785229035e-15,1.9419414044348623e-15,1.3171574088041184e-17,1.3171574088041184e-17
20230522_000000,18,CHMI,6.114839266047056e-07,6.04924366598425e-07,6.5595600062806625e-09,6.5595600062806625e-09
20230522_000000,18,CHMI_IRREG,7.333804887821316e-07,7.322671535803238e-07,1.1133352018077858e-09,1.1133352018077858e-09
20230522_000000,18,COAU,8.689151286510322e-14,8.57838987019556e-14,1.1076141631476133e-15,1.1076141631476133e-15
20230522_000000,18,COAU2,2.7076785258373093e-11,2.6876525310859378e-11,2.0025994751371456e-13,2.0025994751371456e-13
20230522_000000,18,COCO,2.602478232915928e-08,2.573419344287231e-08,2.9058888628696877e-10,2.9058888628696877e-10
20230522_000000,18,CYST,2.884354560750424e-11,2.8599327767109273e-11,2.4421784039496686e-13,2.4421784039496686e-13
20230522_000000,18,DEFU,0.0005479900864884257,0.0005408709403127432,7.119146175682545e-06,7.119146175682545e-06
20230522_000000,18,DOG,5.937538460898395e-09,5.96382454531863e-09,-2.6286084420235056e-11,2.6286084420235056e-11
20230522_000000,18,DRPU,1.5516703063492915e-20,1.5398064037902644e-20,1.1863902559027155e-22,1.1863902559027155e-22
20230522_000000,18,DRUM,4.7886783427486534e-09,4.770527084474452e-09,1.815125827420161e-11,1.815125827420161e-11
20230522_000000,18,FLY,1.0065185051644221e-05,9.985379620047752e-06,7.980543159646913e-08,7.980543159646913e-08
20230522_000000,18,FROG,1.3416240562946768e-06,1.3176421589378151e-06,2.3981897356861737e-08,2.3981897356861737e-08
20230522_000000,18,GLGN,7.987411947130152e-12,7.90170706643778e-12,8.570488069237214e-14,8.570488069237214e-14
20230522_000000,18,HOSA,2.0166004105703905e-05,2.0170944480923936e-05,-4.940375220030546e-09,4.940375220030546e-09
20230522_000000,18,HYPI,5.822795587709373e-13,5.761634658957293e-13,6.116092875207979e-15,6.116092875207979e-15
20230522_000000,18,INSP,1.1051733395106567e-07,1.0922965287818442e-07,1.2876810728812416e-09,1.2876810728812416e-09
20230522_000000,18,IXNA,5.190914920127909e-10,5.117322676717606e-10,7.359224341030313e-12,7.359224341030313e-12
20230522_000000,18,MEKE,1.6225263834712678e-06,1.5988297263902496e-06,2.3696657081018202e-08,2.3696657081018202e-08
20230522_000000,18,MYTO,5.9927470903958606e-15,5.920421488128658e-15,7.232560226720294e-17,7.232560226720294e-17
20230522_000000,18,NUCO,8.755351828020885e-24,8.822102082377066e-24,-6.675025435618113e-26,6.675025435618113e-26
20230522_000000,18,OCPR,8.450270864990284e-12,8.403464556161477e-12,4.680630882880621e-14,4.680630882880621e-14
20230522_000000,18,ORPI,9.604388812034514e-11,9.492420738332896e-11,1.119680737016182e-12,1.119680737016182e-12
20230522_000000,18,PAFA,3.6941487646657833e-09,3.6888814225477518e-09,5.267342118031593e-12,5.267342118031593e-12
20230522_000000,18,PECA,7.621459480232698e-14,7.54160799022914e-14,7.98514900035574e-16,7.98514900035574e-16
20230522_000000,18,PHNU,2.836065826627987e-10,2.827639511426838e-10,8.426315201148782e-13,8.426315201148782e-13
20230522_000000,18,PIMA,4.6240256541863045e-21,4.6295844856172456e-21,-5.558831430941074e-24,5.558831430941074e-24
20230522_000000,18,POEC,5.604723583019222e-07,5.518961643247167e-07,8.576193977205548e-09,8.576193977205548e-09
20230522_000000,18,PSFL,0.962600588798523,0.9631845355033875,-0.000583946704864502,0.000583946704864502
20230522_000000,18,SHOT,7.344825917243725e-06,7.311928584385896e-06,3.289733285782859e-08,3.289733285782859e-08
20230522_000000,18,SITT,2.3196509602030346e-08,2.278740751648911e-08,4.091020855412353e-10,4.091020855412353e-10
20230522_000000,18,SPRU,4.778662274912415e-12,4.761538819481048e-12,1.7123455431367063e-14,1.7123455431367063e-14
20230522_000000,18,STOC,8.177510318202463e-13,8.097421387923132e-13,8.008893027933173e-15,8.008893027933173e-15
20230522_000000,18,STOC_IRREG,6.689911618380437e-14,6.675278277183672e-14,1.4633341196765293e-16,1.4633341196765293e-16
20230522_000000,18,STVA,6.549465414451561e-10,6.488203863064257e-10,6.1261551387303825e-12,6.1261551387303825e-12
20230522_000000,18,STVA_IRREG,2.293467105118907e-07,2.299974255492998e-07,-6.507150374090998e-10,6.507150374090998e-10
20230522_000000,18,TADO1,2.8217600324620612e-15,2.8274165184838254e-15,-5.656486021764218e-18,5.656486021764218e-18
20230522_000000,18,TADO2,3.0494374386735856e-12,2.9984972838015267e-12,5.094015487205894e-14,5.094015487205894e-14
20230522_000000,18,TAMI,6.821616369008358e-16,6.837612056821664e-16,-1.5995687813305428e-18,1.5995687813305428e-18
20230522_000000,18,TUMI,4.667831277060941e-08,4.630216210443905e-08,3.7615066617036064e-10,3.7615066617036064e-10
20230522_000000,18,WHIS,1.3639786796229049e-14,1.3503779562921373e-14,1.3600723330767575e-16,1.3600723330767575e-16
20230522_000000,18,YARD,1.1066044747209958e-09,1.1024267054793313e-09,4.177769241664464e-12,4.177769241664464e-12
20230522_000000,18,ZEMA,3.9902570830863127e-11,3.9693508896432306e-11,2.0906193443082088e-13,2.0906193443082088e-13
20230522_000000,19,AEAC,2.002082277741124e-09,1.987723541319042e-09,1.4358736422082075e-11,1.4358736422082075e-11
20230522_000000,19,BRCA,1.3967602946376566e-15,1.4505276167887547e-15,-5.3767322151098036e-17,5.3767322151098036e-17
20230522_000000,19,BRMA,4.918666015128629e-20,4.930438152338451e-20,-1.1772137209822054e-22,1.1772137209822054e-22
20230522_000000,19,BUVI,0.00430497108027339,0.004090204834938049,0.0002147662453353405,0.0002147662453353405
20230522_000000,19,CAGU,2.5735895636813666e-09,2.4808541887466617e-09,9.273537493470485e-11,9.273537493470485e-11
20230522_000000,19,CALU,2.570080141595099e-05,2.5252389605157077e-05,4.484118107939139e-07,4.484118107939139e-07
20230522_000000,19,CAUS,7.349920029694167e-15,7.31263109825719e-15,3.7288931436976064e-17,3.7288931436976064e-17
20230522_000000,19,CCOO,3.380964434445552e-17,3.340016016273972e-17,4.094841817158006e-19,4.094841817158006e-19
20230522_000000,19,CHFA,3.1930826005771974e-16,3.214698881391127e-16,-2.1616280813929745e-18,2.1616280813929745e-18
20230522_000000,19,CHMI,8.757851110985371e-10,8.590528843832601e-10,1.6732226715276965e-11,1.6732226715276965e-11
20230522_000000,19,CHMI_IRREG,3.1357925145414356e-09,3.1224436369825526e-09,1.3348877558883032e-11,1.3348877558883032e-11
20230522_000000,19,COAU,9.581089304298482e-16,9.604533058696113e-16,-2.3443754397630898e-18,2.3443754397630898e-18
20230522_000000,19,COAU2,2.3423535721179937e-14,2.3476641298840993e-14,-5.3105577661055614e-17,5.3105577661055614e-17
20230522_000000,19,COCO,3.418764160656451e-09,3.3765013007780453e-09,4.2262859878405834e-11,4.2262859878405834e-11
20230522_000000,19,CYST,1.4412681118014525e-12,1.4340052582884066e-12,7.262853513045897e-15,7.262853513045897e-15
20230522_000000,19,DEFU,4.0925058897300914e-07,3.9900956494420825e-07,1.0241024028800894e-08,1.0241024028800894e-08
20230522_000000,19,DOG,1.5473490266870726e-09,1.56146229279841e-09,-1.4113266111337452e-11,1.4113266111337452e-11
20230522_000000,19,DRPU,3.297070343553272e-23,3.365995960741691e-23,-6.89256171884186e-25,6.89256171884186e-25
20230522_000000,19,DRUM,2.0459228755598247e-10,2.0423801538882458e-10,3.5427216715788745e-13,3.5427216715788745e-13
20230522_000000,19,FLY,6.168356492253224e-08,6.087027770718123e-08,8.132872153510107e-10,8.132872153510107e-10
20230522_000000,19,FROG,5.483275611339877e-09,5.411227466112223e-09,7.204814522765446e-11,7.204814522765446e-11
20230522_000000,19,GLGN,2.704682831866645e-12,2.7092488408958504e-12,-4.566009029205453e-15,4.566009029205453e-15
20230522_000000,19,HOSA,1.2818105687983916e-07,1.2907132429518242e-07,-8.902674153432599e-10,8.902674153432599e-10
20230522_000000,19,HYPI,4.825436056829014e-16,4.784135789112078e-16,4.130026771693562e-18,4.130026771693562e-18
20230522_000000,19,INSP,1.5565504440928635e-07,1.5069890935137664e-07,4.956135057909705e-09,4.956135057909705e-09
20230522_000000,19,IXNA,1.1913947259301061e-11,1.1805828016575592e-11,1.0811924272546847e-13,1.0811924272546847e-13
20230522_000000,19,MEKE,3.7196650737314485e-07,3.604241953780729e-07,1.1542311995071941e-08,1.1542311995071941e-08
20230522_000000,19,MYTO,5.397607144088527e-20,5.444584217415576e-20,-4.697707332704962e-22,4.697707332704962e-22
20230522_000000,19,NUCO,9.456705835162072e-27,9.959648573443199e-27,-5.0294273828112705e-28,5.0294273828112705e-28
20230522_000000,19,OCPR,1.733414572904074e-13,1.736380407946908e-13,-2.9658350428340974e-16,2.9658350428340974e-16
20230522_000000,19,ORPI,8.923129704747901e-13,8.947950345082611e-13,-2.4820640334710653e-15,2.4820640334710653e-15
20230522_000000,19,PAFA,1.2693592010837307e-10,1.2814280192507965e-10,-1.2068818167065842e-12,1.2068818167065842e-12
20230522_000000,19,PECA,2.5599470189052037e-15,2.57508603877148e-15,-1.513901986627611e-17,1.513901986627611e-17
20230522_000000,19,PHNU,1.1370765440332775e-09,1.1589137427492346e-09,-2.183719871595713e-11,2.183719871595713e-11
20230522_000000,19,PIMA,2.6991561739362354e-21,2.8003543305709608e-21,-1.0119815663472538e-22,1.0119815663472538e-22
20230522_000000,19,POEC,9.21279220446325e-13,9.03951880796422e-13,1.7327339649902962e-14,1.7327339649902962e-14
20230522_000000,19,PSFL,0.9956678152084351,0.9958831071853638,-0.00021529197692871094,0.00021529197692871094
20230522_000000,19,SHOT,1.0993157772976048e-11,1.1085219547846137e-11,-9.206177487008915e-14,9.206177487008915e-14
20230522_000000,19,SITT,4.1115215398956906e-11,4.033653619450739e-11,7.786792044495172e-13,7.786792044495172e-13
20230522_000000,19,SPRU,7.187459449223971e-14,7.219366163907504e-14,-3.190671468353279e-16,3.190671468353279e-16
20230522_000000,19,STOC,5.034832620265384e-11,4.8676500330469e-11,1.67182587218484e-12,1.67182587218484e-12
20230522_000000,19,STOC_IRREG,4.889285590975456e-13,4.878817619000109e-13,1.0467971975347545e-15,1.0467971975347545e-15
20230522_000000,19,STVA,2.2488698903089244e-08,2.1787455395383404e-08,7.012435077058399e-10,7.012435077058399e-10
20230522_000000,19,STVA_IRREG,4.278732887996739e-07,4.289967421300389e-07,-1.1234533303650096e-09,1.1234533303650096e-09
20230522_000000,19,TADO1,2.8051092506908383e-18,2.8557759243660895e-18,-5.066667367525119e-20,5.066667367525119e-20
20230522_000000,19,TADO2,1.4790385170944387e-13,1.4599050592555007e-13,1.913345783893794e-15,1.913345783893794e-15
20230522_000000,19,TAMI,2.2164880231064713e-16,2.292609021191643e-16,-7.612099808517185e-18,7.612099808517185e-18
20230522_000000,19,TUMI,2.4956348099181014e-10,2.4911045448661184e-10,4.5302650519829513e-13,4.5302650519829513e-13
20230522_000000,19,WHIS,5.020347744293108e-13,4.968955477115122e-13,5.1392267177985396e-15,5.1392267177985396e-15
20230522_000000,19,YARD,1.2025123735312504e-12,1.2073923675096077e-12,-4.8799939783572555e-15,4.8799939783572555e-15
20230522_000000,19,ZEMA,1.292911888661763e-10,1.278164518669911e-10,1.474736999185211e-12,1.474736999185211e-12
20230522_000000,2,AEAC,1.5327891733640797e-10,1.5234008499120932e-10,9.38832345198648e-13,9.38832345198648e-13
20230522_000000,2,BRCA,5.303262694847334e-15,5.2638782038988505e-15,3.93844909484832e-17,3.93844909484832e-17
20230522_000000,2,BRMA,1.8502110985296165e-19,1.8161277676242225e-19,3.408333090539395e-21,3.408333090539395e-21
20230522_000000,2,BUVI,5.783751475973986e-05,5.805601176689379e-05,-2.1849700715392828e-07,2.1849700715392828e-07
20230522_000000,2,CAGU,7.084450248662222e-10,7.004850588465672e-10,7.959966019654985e-12,7.959966019654985e-12
20230522_000000,2,CALU,1.1218806150736782e-07,1.120599293358282e-07,1.2813217153961887e-10,1.2813217153961887e-10
20230522_000000,2,CAUS,2.9474361319670184e-14,2.9135134788690203e-14,3.3922653097998023e-16,3.3922653097998023e-16
20230522_000000,2,CCOO,1.0869919549066253e-16,1.0747459760716962e-16,1.2245978834929047e-18,1.2245978834929047e-18
20230522_000000,2,CHFA,2.7690273610560343e-15,2.755318556321197e-15,1.3708804734837224e-17,1.3708804734837224e-17
20230522_000000,2,CHMI,3.094530187652822e-10,3.082312183266822e-10,1.2218004385999848e-12,1.2218004385999848e-12
20230522_000000,2,CHMI_IRREG,2.4435538037437254e-09,2.4373343343597753e-09,6.219469383950127e-12,6.219469383950127e-12
20230522_000000,2,COAU,3.978434979189354e-15,3.942507653215089e-15,3.5927325974264776e-17,3.5927325974264776e-17
20230522_000000,2,COAU2,9.034330765043605e-14,8.993427882833874e-14,4.090288220973126e-16,4.090288220973126e-16
20230522_000000,2,COCO,3.9827960374161364e-10,3.968561590461661e-10,1.4234446954475288e-12,1.4234446954475288e-12
20230522_000000,2,CYST,6.915964329001767e-12,6.870550135762432e-12,4.541419323933482e-14,4.541419323933482e-14
20230522_000000,2,DEFU,1.0254388627117805e-07,1.0237579317617929e-07,1.680930949987669e-10,1.680930949987669e-10
20230522_000000,2,DOG,1.9676080764696735e-09,1.966279805643012e-09,1.3282708266615373e-12,1.3282708266615373e-12
20230522_000000,2,DRPU,1.9492359168647315e-22,1.9362513925825385e-22,1.2984524282193019e-24,1.2984524282193019e-24
20230522_000000,2,DRUM,3.923517066795057e-10,3.916308666251922e-10,7.208400543134985e-13,7.208400543134985e-13
20230522_000000,2,FLY,2.1081966394831397e-08,2.1095273083915345e-08,-1.3306689083947276e-11,1.3306689083947276e-11
20230522_000000,2,FROG,1.1387620846292634e-09,1.1357207396756053e-09,3.041344953658154e-12,3.041344953658154e-12
20230522_000000,2,GLGN,5.791654590810158e-13,5.761771810532113e-13,2.9882780278045473e-15,2.9882780278045473e-15
20230522_000000,2,HOSA,6.519864115261953e-08,6.50654499168013e-08,1.3319123581823078e-10,1.3319123581823078e-10
20230522_000000,2,HYPI,1.7378034995312605e-16,1.7261484585259394e-16,1.1655041005321164e-18,1.1655041005321164e-18
20230522_000000,2,INSP,5.349921838870841e-09,5.358263610588665e-09,-8.341771717823576e-12,8.341771717823576e-12
20230522_000000,2,IXNA,1.9283167076999952e-11,1.9173504797742602e-11,1.0966227925734984e-13,1.0966227925734984e-13
20230522_000000,2,MEKE,7.217709097062652e-09,7.217266784209642e-09,4.4231285301066237e-13,4.4231285301066237e-13
20230522_000000,2,MYTO,5.707339948450636e-19,5.573406482581229e-19,1.3393346586940632e-20,1.3393346586940632e-20
20230522_000000,2,NUCO,3.4509753706679e-24,3.371572970683332e-24,7.940239998456833e-26,7.940239998456833e-26
20230522_000000,2,OCPR,2.6063634757378384e-13,2.572600064833924e-13,3.3763410903914215e-15,3.3763410903914215e-15
20230522_000000,2,ORPI,1.4117549360440074e-12,1.4031133026282117e-12,8.641633415795713e-15,8.641633415795713e-15
20230522_000000,2,PAFA,3.271949378103045e-10,3.272666582176953e-10,-7.172040739078511e-14,7.172040739078511e-14
20230522_000000,2,PECA,6.6601857594262e-15,6.5964410244311565e-15,6.374473499504325e-17,6.374473499504325e-17
20230522_000000,2,PHNU,1.5799926922355212e-09,1.5671884900925193e-09,1.280420214300193e-11,1.280420214300193e-11
20230522_000000,2,PIMA,3.054814449804072e-19,3.0095188149424923e-19,4.529563486157953e-21,4.529563486157953e-21
20230522_000000,2,POEC,3.9674440490723717e-13,3.915570938230889e-13,5.187311084148272e-15,5.187311084148272e-15
20230522_000000,2,PSFL,0.9999415874481201,0.999941349029541,2.384185791015625e-07,2.384185791015625e-07
20230522_000000,2,SHOT,1.2017463413283025e-11,1.1976134493829615e-11,4.132891945340944e-14,4.132891945340944e-14
20230522_000000,2,SITT,8.975722942672348e-11,8.872590162578575e-11,1.0313278009377314e-12,1.0313278009377314e-12
20230522_000000,2,SPRU,2.291765681308039e-13,2.2838710631890857e-13,7.894618118953201e-16,7.894618118953201e-16
20230522_000000,2,STOC,3.6822490044087497e-13,3.6886238421324213e-13,-6.374837723671645e-16,6.374837723671645e-16
20230522_000000,2,STOC_IRREG,1.6250981002509032e-14,1.6251008107563344e-14,-2.710505431213761e-20,2.710505431213761e-20
20230522_000000,2,STVA,1.1853363846014986e-09,1.1898437790591743e-09,-4.507394457675673e-12,4.507394457675673e-12
20230522_000000,2,STVA_IRREG,2.6207732162220054e-07,2.6242739181725483e-07,-3.5007019505428616e-10,3.5007019505428616e-10
20230522_000000,2,TADO1,3.8054381214775484e-17,3.786497008939064e-17,1.894111253848425e-19,1.894111253848425e-19
20230522_000000,2,TADO2,1.3821874146526664e-13,1.3708763399629398e-13,1.1311074689726586e-15,1.1311074689726586e-15
20230522_000000,2,TAMI,1.1580999737819298e-15,1.1517597204134945e-15,6.3402533684352516e-18,6.3402533684352516e-18
20230522_000000,2,TUMI,1.0911231917987152e-09,1.0822910345709147e-09,8.832157227800508e-12,8.832157227800508e-12
20230522_000000,2,WHIS,1.1168017601198912e-14,1.1132455769941388e-14,3.5561831257524545e-17,3.5561831257524545e-17
20230522_000000,2,YARD,1.648032296568125e-13,1.6471173654598187e-13,9.14931108306205e-17,9.14931108306205e-17
20230522_000000,2,ZEMA,2.2468937821429336e-10,2.2435657498487416e-10,3.328032294191985e-13,3.328032294191985e-13
20230522_000000,20,AEAC,1.404592353537737e-08,1.4109846624421607e-08,-6.392308904423771e-11,6.392308904423771e-11
20230522_000000,20,BRCA,6.215253312014113e-11,6.193568574675012e-11,2.168473733910048e-13,2.168473733910048e-13
20230522_000000,20,BRMA,5.55685965991648e-12,5.483407131134932e-12,7.345252878154795e-14,7.345252878154795e-14
20230522_000000,20,BUVI,0.001027841935865581,0.0010325162438675761,-4.674308001995087e-06,4.674308001995087e-06
20230522_000000,20,CAGU,7.721310794295277e-06,7.657646165171172e-06,6.366462912410498e-08,6.366462912410498e-08
20230522_000000,20,CALU,1.1409925946281874e-06,1.1467298008938087e-06,-5.737206265621353e-09,5.737206265621353e-09
20230522_000000,20,CAUS,1.2849179498175545e-08,1.2670488658272916e-08,1.786908399026288e-10,1.786908399026288e-10
20230522_000000,20,CCOO,8.960284736403423e-10,8.874657120294671e-10,8.562761610875214e-12,8.562761610875214e-12
20230522_000000,20,CHFA,7.253395661876993e-10,7.191880424528563e-10,6.151523734843067e-12,6.151523734843067e-12
20230522_000000,20,CHMI,1.4689373983856058e-06,1.4649129980170983e-06,4.024400368507486e-09,4.024400368507486e-09
20230522_000000,20,CHMI_IRREG,2.592221790109761e-06,2.592430064396467e-06,-2.0827428670600057e-10,2.0827428670600057e-10
20230522_000000,20,COAU,5.457977403366954e-10,5.407180259098254e-10,5.079714426869941e-12,5.079714426869941e-12
20230522_000000,20,COAU2,2.3633891288454834e-08,2.348844851951526e-08,1.454427689395743e-10,1.454427689395743e-10
20230522_000000,20,COCO,4.0386035493611416e-07,4.028234172892553e-07,1.0369376468588598e-09,1.0369376468588598e-09
20230522_000000,20,CYST,8.509007898283016e-08,8.440288468136714e-08,6.871943014630233e-10,6.871943014630233e-10
20230522_000000,20,DEFU,1.9102189980912954e-05,1.90805658348836e-05,2.1624146029353142e-08,2.1624146029353142e-08
20230522_000000,20,DOG,6.883149694658641e-07,6.872400604152062e-07,1.0749090506578796e-09,1.0749090506578796e-09
20230522_000000,20,DRPU,2.347699514685471e-16,2.329045731604563e-16,1.865378308090783e-18,1.865378308090783e-18
20230522_000000,20,DRUM,4.126392241232679e-07,4.1099960412793735e-07,1.6396199953305768e-09,1.6396199953305768e-09
20230522_000000,20,FLY,6.580979516002117e-06,6.564783689100295e-06,1.619582690182142e-08,1.619582690182142e-08
20230522_000000,20,FROG,5.304028718455811e-07,5.319191132002743e-07,-1.516241354693193e-09,1.516241354693193e-09
20230522_000000,20,GLGN,1.2565798401809047e-09,1.2514914660144427e-09,5.0883741664620175e-12,5.0883741664620175e-12
20230522_000000,20,HOSA,6.503229997179005e-06,6.50516631139908e-06,-1.9363142200745642e-09,1.9363142200745642e-09
20230522_000000,20,HYPI,2.2014222042510134e-11,2.1843223410589196e-11,1.7099863192093778e-13,1.7099863192093778e-13
20230522_000000,20,INSP,6.019567990733776e-07,6.047332590242149e-07,-2.7764599508373067e-09,2.7764599508373067e-09
20230522_000000,20,IXNA,3.1278645451493503e-07,3.1088293894754315e-07,1.903515567391878e-09,1.903515567391878e-09
20230522_000000,20,MEKE,6.138820367596054e-07,6.152959031169303e-07,-1.4138663573248778e-09,1.4138663573248778e-09
20230522_000000,20,MYTO,1.5854503820911248e-10,1.5618369098024942e-10,2.3613472288630533e-12,2.3613472288630533e-12
20230522_000000,20,NUCO,1.4645036604184506e-15,1.443333024813895e-15,2.1170635604555576e-17,2.1170635604555576e-17
20230522_000000,20,OCPR,2.870274862232236e-08,2.85395564958435e-08,1.631921264788616e-10,1.631921264788616e-10
20230522_000000,20,ORPI,3.5261439990108556e-08,3.50501920820534e-08,2.1124790805515659e-10,2.1124790805515659e-10
20230522_000000,20,PAFA,1.1795209502452053e-06,1.1737971590264351e-06,5.723791218770202e-09,5.723791218770202e-09
20230522_000000,20,PECA,2.1958090901108562e-09,2.185766456719307e-09,1.0042633391549316e-11,1.0042633391549316e-11
20230522_000000,20,PHNU,6.602268172173353e-07,6.602105599995411e-07,1.6257217794191092e-11,1.6257217794191092e-11
20230522_000000,20,PIMA,9.38029948854835e-12,9.243923335122695e-12,1.3637615342565468e-13,1.3637615342565468e-13
20230522_000000,20,POEC,8.332897749596668e-08,8.255564409864746e-08,7.733333973192202e-10,7.733333973192202e-10
20230522_000000,20,PSFL,0.9989029169082642,0.9988983869552612,4.5299530029296875e-06,4.5299530029296875e-06
20230522_000000,20,SHOT,5.1073207885110605e-08,5.0994039213492215e-08,7.916867161839036e-11,7.916867161839036e-11
20230522_000000,20,SITT,1.6500122228535474e-06,1.6356989362975582e-06,1.431328655598918e-08,1.431328655598918e-08
20230522_000000,20,SPRU,1.0641845626935265e-08,1.0566819419466356e-08,7.502620746890898e-11,7.502620746890898e-11
20230522_000000,20,STOC,6.639719885015438e-10,6.65781207942473e-10,-1.809219440929155e-12,1.809219440929155e-12
20230522_000000,20,STOC_IRREG,1.183957792916246e-10,1.1863575399839732e-10,-2.399747067727276e-13,2.399747067727276e-13
20230522_000000,20,STVA,1.836232286223094e-07,1.8463754258846166e-07,-1.0143139661522582e-09,1.0143139661522582e-09
20230522_000000,20,STVA_IRREG,9.498244253336452e-06,9.526022950012702e-06,-2.7778696676250547e-08,2.7778696676250547e-08
20230522_000000,20,TADO1,1.3393263061101113e-11,1.3267245808912254e-11,1.2601725218885917e-13,1.2601725218885917e-13
20230522_000000,20,TADO2,2.2141721345292353e-08,2.1986837239751367e-08,1.5488410554098664e-10,1.5488410554098664e-10
20230522_000000,20,TAMI,1.094894244713096e-10,1.0893670687739387e-10,5.527175939157303e-13,5.527175939157303e-13
20230522_000000,20,TUMI,6.103983650973532e-06,6.053578999853926e-06,5.040465111960657e-08,5.040465111960657e-08
20230522_000000,20,WHIS,4.2483166290407937e-11,4.2573257419409316e-11,-9.00911290013795e-14,9.00911290013795e-14
20230522_000000,20,YARD,1.3113751196058843e-09,1.306610486473403e-09,4.764633132481322e-12,4.764633132481322e-12
20230522_000000,20,ZEMA,1.0482506240805378e-06,1.0445704674566514e-06,3.6801566238864325e-09,3.6801566238864325e-09
20230522_000000,21,AEAC,1.6760131416049262e-07,1.6887604203930096e-07,-1.274727878808335e-09,1.274727878808335e-09
20230522_000000,21,BRCA,2.515091271099862e-13,2.6040744539011784e-13,-8.898318280131656e-15,8.898318280131656e-15
20230522_000000,21,BRMA,1.3651828534244571e-16,1.3961625540746911e-16,-3.0979700650234e-18,3.0979700650234e-18
20230522_000000,21,BUVI,0.3502967953681946,0.34510818123817444,0.005188614130020142,0.005188614130020142
20230522_000000,21,CAGU,2.5653885131760035e-06,2.574641030150815e-06,-9.252516974811442e-09,9.252516974811442e-09
20230522_000000,21,CALU,0.04009100794792175,0.040442224591970444,-0.0003512166440486908,0.0003512166440486908
20230522_000000,21,CAUS,5.78925752822701e-12,5.871286096192918e-12,-8.20285679659083e-14,8.20285679659083e-14
20230522_000000,21,CCOO,4.065072931047631e-11,4.131141262408988e-11,-6.606833136135748e-13,6.606833136135748e-13
20230522_000000,21,CHFA,3.326442853807121e-13,3.408267591764602e-13,-8.182473795748102e-15,8.182473795748102e-15
20230522_000000,21,CHMI,4.34554976891377e-06,4.361156243248843e-06,-1.5606474335072562e-08,1.5606474335072562e-08
20230522_000000,21,CHMI_IRREG,3.89646265830379e-06,3.932153504138114e-06,-3.5690845834324136e-08,3.5690845834324136e-08
20230522_000000,21,COAU,1.0481192302957965e-11,1.0722268559137937e-11,-2.4107625617997286e-13,2.4107625617997286e-13
20230522_000000,21,COAU2,8.50621684200803e-10,8.664108319678121e-10,-1.5789147767009126e-11,1.5789147767009126e-11
20230522_000000,21,COCO,7.300919264707773e-07,7.398860475404945e-07,-9.794121069717221e-09,9.794121069717221e-09
20230522_000000,21,CYST,2.106072205521059e-09,2.136777199623907e-09,-3.0704994102848104e-11,3.0704994102848104e-11
20230522_000000,21,DEFU,0.0007634320063516498,0.0007673275540582836,-3.895547706633806e-06,3.895547706633806e-06
20230522_000000,21,DOG,1.7222046722054074e-07,1.7538540930672752e-07,-3.164942086186784e-09,3.164942086186784e-09
20230522_000000,21,DRPU,6.281858966682377e-18,6.4345904221647805e-18,-1.5273145548240358e-19,1.5273145548240358e-19
20230522_000000,21,DRUM,1.3900044848469406e-07,1.4201192755081138e-07,-3.0114790661173174e-09,3.0114790661173174e-09
20230522_000000,21,FLY,6.555552681675181e-05,6.61314043099992e-05,-5.758774932473898e-07,5.758774932473898e-07
20230522_000000,21,FROG,6.540050435432931e-06,6.596470029762713e-06,-5.641959432978183e-08,5.641959432978183e-08
20230522_000000,21,GLGN,3.154457139942224e-09,3.188577402113424e-09,-3.412026217120001e-11,3.412026217120001e-11
20230522_000000,21,HOSA,0.00015103380428627133,0.0001532927417429164,-2.2589374566450715e-06,2.2589374566450715e-06
20230522_000000,21,HYPI,1.343903877071284e-10,1.3676436372289658e-10,-2.3739760157681644e-12,2.3739760157681644e-12
20230522_000000,21,INSP,7.462368375854567e-05,7.43614073144272e-05,2.6227644411846995e-07,2.6227644411846995e-07
20230522_000000,21,IXNA,1.157454221356602e-08,1.1746021932879103e-08,-1.7147971931308348e-10,1.7147971931308348e-10
20230522_000000,21,MEKE,0.00033406016882508993,0.00033310361322946846,9.565555956214666e-07,9.565555956214666e-07
20230522_000000,21,MYTO,1.4016598211957776e-13,1.439259003860674e-13,-3.759918266489637e-15,3.759918266489637e-15
20230522_000000,21,NUCO,1.0490823939661043e-20,1.1003363303333512e-20,-5.125393636724689e-22,5.125393636724689e-22
20230522_000000,21,OCPR,5.705839689618131e-10,5.795721680357246e-10,-8.988199073911574e-12,8.988199073911574e-12
20230522_000000,21,ORPI,1.0667889682736131e-08,1.0890597756940679e-08,-2.227080742045473e-10,2.227080742045473e-10
20230522_000000,21,PAFA,6.402834173968586e-08,6.524570039800892e-08,-1.2173586583230644e-09,1.2173586583230644e-09
20230522_000000,21,PECA,1.4546142936000539e-11,1.4811795887026413e-11,-2.6565295102587427e-13,2.6565295102587427e-13
20230522_000000,21,PHNU,1.647133629489872e-08,1.6757821796886674e-08,-2.864855019879542e-10,2.864855019879542e-10
20230522_000000,21,PIMA,2.3640468287053665e-18,2.451723010552312e-18,-8.767618184694562e-20,8.767618184694562e-20
20230522_000000,21,POEC,8.585242881054e-07,8.756351235206239e-07,-1.7110835415223846e-08,1.7110835415223846e-08
20230522_000000,21,PSFL,0.6081861853599548,0.6130176782608032,-0.004831492900848389,0.004831492900848389
20230522_000000,21,SHOT,5.124901690578554e-06,5.237910954747349e-06,-1.130092641687952e-07,1.130092641687952e-07
20230522_000000,21,SITT,2.1698531327274395e-07,2.202945523777089e-07,-3.309239104964945e-09,3.309239104964945e-09
20230522_000000,21,SPRU,2.650406838444752e-10,2.7110375055983127e-10,-6.063066715356058e-12,6.063066715356058e-12
20230522_000000,21,STOC,3.262906611567473e-09,3.2516773718072045e-09,1.1229239760268683e-11,1.1229239760268683e-11
20230522_000000,21,STOC_IRREG,1.188232706672565e-10,1.206950511756233e-10,-1.8717805083667827e-12,1.8717805083667827e-12
20230522_000000,21,STVA,3.33575115973872e-07,3.339721104111959e-07,-3.969944373238832e-10,3.969944373238832e-10
20230522_000000,21,STVA_IRREG,1.1740753507183399e-05,1.1876103599206544e-05,-1.353500920231454e-07,1.353500920231454e-07
20230522_000000,21,TADO1,2.42048406057932e-13,2.483640463429859e-13,-6.315640285053936e-15,6.315640285053936e-15
20230522_000000,21,TADO2,1.760379897408626e-10,1.7854046019394332e-10,-2.5024704530807185e-12,2.5024704530807185e-12
20230522_000000,21,TAMI,6.834193855363019e-14,7.0287979809288e-14,-1.94604125565781e-15,1.94604125565781e-15
20230522_000000,21,TUMI,2.7399968871577585e-07,2.780442684979789e-07,-4.044579782203073e-09,4.044579782203073e-09
20230522_000000,21,WHIS,6.530379709213108e-11,6.569363802944039e-11,-3.898409373093159e-13,3.898409373093159e-13
20230522_000000,21,YARD,1.3823080280417344e-07,1.402926699256568e-07,-2.061867121483374e-09,2.061867121483374e-09
20230522_000000,21,ZEMA,1.4286982263911341e-08,1.4413174653782335e-08,-1.261923898709938e-10,1.261923898709938e-10
20230522_000000,22,AEAC,5.95514356973581e-05,5.937466266914271e-05,1.7677302821539342e-07,1.7677302821539342e-07
20230522_000000,22,BRCA,1.2305733889661497e-06,1.2370280728646321e-06,-6.454683898482472e-09,6.454683898482472e-09
20230522_000000,22,BRMA,8.657177752446898e-10,8.57271753584854e-10,8.446021659835878e-12,8.446021659835878e-12
20230522_000000,22,BUVI,0.07529615610837936,0.07450265437364578,0.0007935017347335815,0.0007935017347335815
20230522_000000,22,CAGU,8.236324356403202e-05,8.106209861580282e-05,1.3011449482291937e-06,1.3011449482291937e-06
20230522_000000,22,CALU,0.5148540735244751,0.5169893503189087,-0.0021352767944335938,0.0021352767944335938
20230522_000000,22,CAUS,3.3268841548306227e-07,3.304735400888603e-07,2.214875394201954e-09,2.214875394201954e-09
20230522_000000,22,CCOO,3.216553352558549e-07,3.18790085884757e-07,2.865249371097889e-09,2.865249371097889e-09
20230522_000000,22,CHFA,1.1284424772384227e-07,1.1200557281654255e-07,8.386749072997191e-10,8.386749072997191e-10
20230522_000000,22,CHMI,0.00031818170100450516,0.00031526744714938104,2.914253855124116e-06,2.914253855124116e-06
20230522_000000,22,CHMI_IRREG,0.0011822617379948497,0.0011804149253293872,1.846812665462494e-06,1.846812665462494e-06
20230522_000000,22,COAU,1.7242939520656364e-06,1.7067975477402797e-06,1.7496404325356707e-08,1.7496404325356707e-08
20230522_000000,22,COAU2,1.2322732800384983e-05,1.2232035260240082e-05,9.069754014490172e-08,9.069754014490172e-08
20230522_000000,22,COCO,0.001729357405565679,0.0017220908775925636,7.266527973115444e-06,7.266527973115444e-06
20230522_000000,22,CYST,6.754155492671998e-06,6.705511168547673e-06,4.864432412432507e-08,4.864432412432507e-08
20230522_000000,22,DEFU,0.0043138484470546246,0.004264566116034985,4.928233101963997e-05,4.928233101963997e-05
20230522_000000,22,DOG,0.0008711550617590547,0.0008703178027644753,8.372589945793152e-07,8.372589945793152e-07
20230522_000000,22,DRPU,1.9589033173339487e-10,1.9570879639108085e-10,1.815353423140209e-13,1.815353423140209e-13
20230522_000000,22,DRUM,0.00021044649474788457,0.0002098063996527344,6.400950951501727e-07,6.400950951501727e-07
20230522_000000,22,FLY,0.001609939499758184,0.0015974759589880705,1.2463540770113468e-05,1.2463540770113468e-05
20230522_000000,22,FROG,0.0013271422358229756,0.0013202556874603033,6.886548362672329e-06,6.886548362672329e-06
20230522_000000,22,GLGN,9.344168574898504e-06,9.330478860647418e-06,1.3689714251086116e-08,1.3689714251086116e-08
20230522_000000,22,HOSA,0.011883595958352089,0.011818480677902699,6.511528044939041e-05,6.511528044939041e-05
20230522_000000,22,HYPI,5.252284154266817e-07,5.2241375669837e-07,2.8146587283117697e-09,2.8146587283117697e-09
20230522_000000,22,INSP,0.003028154605999589,0.003000416560098529,2.7738045901060104e-05,2.7738045901060104e-05
20230522_000000,22,IXNA,1.777988472895231e-05,1.757902282406576e-05,2.008619048865512e-07,2.008619048865512e-07
20230522_000000,22,MEKE,0.0014317745808511972,0.001421252847649157,1.0521733202040195e-05,1.0521733202040195e-05
20230522_000000,22,MYTO,1.5397958463836403e-08,1.5169094425004914e-08,2.2886403883148887e-10,2.2886403883148887e-10
20230522_000000,22,NUCO,1.8165812604165055e-11,1.817090228284357e-11,-5.089678678515952e-15,5.089678678515952e-15
20230522_000000,22,OCPR,6.550586022058269e-06,6.514345841424074e-06,3.6240180634194985e-08,3.6240180634194985e-08
20230522_000000,22,ORPI,1.7432432287023403e-05,1.740131847327575e-05,3.1113813747651875e-08,3.1113813747651875e-08
20230522_000000,22,PAFA,0.00017147272592410445,0.00017072289483621716,7.498310878872871e-07,7.498310878872871e-07
20230522_000000,22,PECA,2.4846676751622e-06,2.4784098968666513e-06,6.257778295548633e-09,6.257778295548633e-09
20230522_000000,22,PHNU,3.65343876183033e-05,3.677025233628228e-05,-2.3586471797898412e-07,2.3586471797898412e-07
20230522_000000,22,PIMA,7.604400997784921e-10,7.553054848230545e-10,5.134614955437655e-12,5.134614955437655e-12
20230522_000000,22,POEC,0.00025597872445359826,0.0002538461412768811,2.132583176717162e-06,2.132583176717162e-06
20230522_000000,22,PSFL,0.37588077783584595,0.374754399061203,0.0011263787746429443,0.0011263787746429443
20230522_000000,22,SHOT,0.0016438171733170748,0.0016374189872294664,6.398186087608337e-06,6.398186087608337e-06
20230522_000000,22,SITT,4.052164877066389e-05,4.013056604890153e-05,3.9108272176235914e-07,3.9108272176235914e-07
20230522_000000,22,SPRU,7.259860467456747e-06,7.230789378809277e-06,2.9071088647469878e-08,2.9071088647469878e-08
20230522_000000,22,STOC,7.188605377450585e-05,7.096552144503221e-05,9.205323294736445e-07,9.205323294736445e-07
20230522_000000,22,STOC_IRREG,1.9757868358283304e-05,1.9710398191818967e-05,4.7470166464336216e-08,4.7470166464336216e-08
20230522_000000,22,STVA,0.00039472270873375237,0.0003923065378330648,2.4161709006875753e-06,2.4161709006875753e-06
20230522_000000,22,STVA_IRREG,0.0030352643225342035,0.003021057927981019,1.420639455318451e-05,1.420639455318451e-05
20230522_000000,22,TADO1,1.5753943927165892e-08,1.572859886778133e-08,2.5345059384562774e-11,2.5345059384562774e-11
20230522_000000,22,TADO2,4.1822836465144064e-06,4.15640533901751e-06,2.5878307496896014e-08,2.5878307496896014e-08
20230522_000000,22,TAMI,7.961967440905937e-08,7.958853842637836e-08,3.113598268100759e-11,3.113598268100759e-11
20230522_000000,22,TUMI,8.581436122767627e-05,8.513694046996534e-05,6.774207577109337e-07,6.774207577109337e-07
20230522_000000,22,WHIS,3.621747282522847e-06,3.608865199566935e-06,1.2882082955911756e-08,1.2882082955911756e-08
20230522_000000,22,YARD,4.982441896572709e-05,4.973107570549473e-05,9.334326023235917e-08,9.334326023235917e-08
20230522_000000,22,ZEMA,2.351580224058125e-05,2.3447808416676708e-05,6.799382390454412e-08,6.799382390454412e-08
20230522_000000,23,AEAC,7.25517820683308e-05,7.240506238304079e-05,1.4671968529000878e-07,1.4671968529000878e-07
20230522_000000,23,BRCA,1.4438002793326632e-08,1.461986443018759e-08,-1.8186163686095824e-10,1.8186163686095824e-10
20230522_000000,23,BRMA,4.2391616475803695e-13,4.1502416195556e-13,8.892002802476928e-15,8.892002802476928e-15
20230522_000000,23,BUVI,0.08128722012042999,0.08007358014583588,0.0012136399745941162,0.0012136399745941162
20230522_000000,23,CAGU,1.835077796386031e-06,1.7869413113658084e-06,4.813648502022261e-08,4.813648502022261e-08
20230522_000000,23,CALU,0.0008721899939700961,0.0008696586592122912,2.5313347578048706e-06,2.5313347578048706e-06
20230522_000000,23,CAUS,8.338271184626933e-10,8.218346003729948e-10,1.1992518089698478e-11,1.1992518089698478e-11
20230522_000000,23,CCOO,6.153743487002927e-11,6.055123069614865e-11,9.862041738806226e-13,9.862041738806226e-13
20230522_000000,23,CHFA,2.762106376952289e-10,2.7330671059644374e-10,2.903927098785175e-12,2.903927098785175e-12
20230522_000000,23,CHMI,1.4372171790455468e-06,1.416538339071849e-06,2.0678839973697904e-08,2.0678839973697904e-08
20230522_000000,23,CHMI_IRREG,1.0795981324918102e-05,1.0772504538181238e-05,2.3476786736864597e-08,2.3476786736864597e-08
20230522_000000,23,COAU,2.2437456337343065e-09,2.221261174994993e-09,2.2484458739313595e-11,2.2484458739313595e-11
20230522_000000,23,COAU2,2.328135373375062e-08,2.3053065234535097e-08,2.282884992155232e-10,2.282884992155232e-10
20230522_000000,23,COCO,1.1159894711454399e-05,1.1041985089832451e-05,1.1790962162194774e-07,1.1790962162194774e-07
20230522_000000,23,CYST,8.217794800202682e-08,8.124218453531284e-08,9.357634667139791e-10,9.357634667139791e-10
20230522_000000,23,DEFU,0.00015445920871570706,0.0001525084226159379,1.950786099769175e-06,1.950786099769175e-06
20230522_000000,23,DOG,1.2406690984789748e-05,1.249316665052902e-05,-8.647566573927179e-08,8.647566573927179e-08
20230522_000000,23,DRPU,1.0507175201245316e-14,1.0470297927820706e-14,3.6877273424610474e-17,3.6877273424610474e-17
20230522_000000,23,DRUM,3.891325832228176e-06,3.866491169901565e-06,2.483466232661158e-08,2.483466232661158e-08
20230522_000000,23,FLY,8.639870065962896e-05,8.566417818656191e-05,7.345224730670452e-07,7.345224730670452e-07
20230522_000000,23,FROG,3.94426315324381e-05,3.956765431212261e-05,-1.250227796845138e-07,1.250227796845138e-07
20230522_000000,23,GLGN,1.8766677101211826e-07,1.8714281679876876e-07,5.239542133494979e-10,5.239542133494979e-10
20230522_000000,23,HOSA,0.0004916002508252859,0.000493561674375087,-1.9614235498011112e-06,1.9614235498011112e-06
20230522_000000,23,HYPI,1.6042178696551446e-09,1.593148057921212e-09,1.1069811733932511e-11,1.1069811733932511e-11
20230522_000000,23,INSP,0.00022051385894883424,0.00021926766203250736,1.2461969163268805e-06,1.2461969163268805e-06
20230522_000000,23,IXNA,2.4127564302034443e-07,2.3849798935771105e-07,2.7776536626333836e-09,2.7776536626333836e-09
20230522_000000,23,MEKE,0.00018350254686083645,0.00018168083624914289,1.821710611693561e-06,1.821710611693561e-06
20230522_000000,23,MYTO,1.1324652153532622e-12,1.1080301173110874e-12,2.4435098042174808e-14,2.4435098042174808e-14
20230522_000000,23,NUCO,1.1777081512361564e-15,1.1733643545243995e-15,4.343796711756866e-18,4.343796711756866e-18
20230522_000000,23,OCPR,6.902518379092726e-08,6.828593512864245e-08,7.392486622848082e-10,7.392486622848082e-10
20230522_000000,23,ORPI,1.7239180749584193e-07,1.713222843591211e-07,1.069523136720818e-09,1.069523136720818e-09
20230522_000000,23,PAFA,4.1866733226925135e-06,4.186698333796812e-06,-2.5011104298755527e-11,2.5011104298755527e-11
20230522_000000,23,PECA,2.132793497366947e-08,2.116041386557299e-08,1.6752110809648002e-10,1.6752110809648002e-10
20230522_000000,23,PHNU,1.1608671229623724e-05,1.1614678442128934e-05,-6.007212505210191e-09,6.007212505210191e-09
20230522_000000,23,PIMA,5.850360885843731e-13,5.79150280250601e-13,5.885808333772058e-15,5.885808333772058e-15
20230522_000000,23,POEC,2.2902055363260843e-08,2.2437625091242808e-08,4.644302720180349e-10,4.644302720180349e-10
20230522_000000,23,PSFL,0.9159064888954163,0.917124330997467,-0.0012178421020507812,0.0012178421020507812
20230522_000000,23,SHOT,1.987841869777185e-06,2.0012985260109417e-06,-1.3456656233756803e-08,1.3456656233756803e-08
20230522_000000,23,SITT,4.7509294631709054e-07,4.662657886456145e-07,8.827157671476016e-09,8.827157671476016e-09
20230522_000000,23,SPRU,2.4383668417726767e-08,2.4230011774761806e-08,1.5365664296496107e-10,1.5365664296496107e-10
20230522_000000,23,STOC,4.0857185013010167e-07,4.09195109796201e-07,-6.232596660993295e-10,6.232596660993295e-10
20230522_000000,23,STOC_IRREG,9.601475170484264e-08,9.657782129579573e-08,-5.630695909530914e-10,5.630695909530914e-10
20230522_000000,23,STVA,1.6332443919964135e-05,1.6314515960402787e-05,1.792795956134796e-08,1.792795956134796e-08
20230522_000000,23,STVA_IRREG,0.0006052544340491295,0.0006075928104110062,-2.338376361876726e-06,2.338376361876726e-06
20230522_000000,23,TADO1,4.364988925864566e-11,4.346584203673842e-11,1.8404722190723533e-13,1.8404722190723533e-13
20230522_000000,23,TADO2,1.7238548366549367e-08,1.713766195621247e-08,1.0088641033689782e-10,1.0088641033689782e-10
20230522_000000,23,TAMI,2.8745985591882572e-09,2.8867119805653374e-09,-1.2113421377080158e-11,1.2113421377080158e-11
20230522_000000,23,TUMI,1.66703580362082e-06,1.6484588059029193e-06,1.8576997717900667e-08,1.8576997717900667e-08
20230522_000000,23,WHIS,6.245738859433914e-08,6.25548608468307e-08,-9.747225249157054e-11,9.747225249157054e-11
20230522_000000,23,YARD,2.419839972844784e-07,2.4317500901815947e-07,-1.19101173368108e-09,1.19101173368108e-09
20230522_000000,23,ZEMA,9.41646248975303e-07,9.341288205177989e-07,7.517428457504138e-09,7.517428457504138e-09
20230522_000000,24,AEAC,1.5546716691794416e-10,1.55555707204158e-10,-8.854028621385623e-14,8.854028621385623e-14
20230522_000000,24,BRCA,8.954480799699353e-16,9.035017751115476e-16,-8.053695141612294e-18,8.053695141612294e-18
20230522_000000,24,BRMA,2.804707075477015e-17,2.864657155807918e-17,-5.995008033090319e-19,5.995008033090319e-19
20230522_000000,24,BUVI,0.0006008591735735536,0.00059629010502249,4.569068551063538e-06,4.569068551063538e-06
20230522_000000,24,CAGU,2.1124257898463839e-07,2.1298382080203737e-07,-1.7412418173989863e-09,1.7412418173989863e-09
20230522_000000,24,CALU,6.140448505220775e-08,6.157483056767887e-08,-1.7034551547112642e-10,1.7034551547112642e-10
20230522_000000,24,CAUS,2.9364854731844803e-12,2.9787966798061616e-12,-4.231120662168131e-14,4.231120662168131e-14
20230522_000000,24,CCOO,1.459838075890032e-14,1.4788853057749393e-14,-1.9047229884907452e-16,1.9047229884907452e-16
20230522_000000,24,CHFA,6.356966683737295e-14,6.468493817836374e-14,-1.1152713409907922e-15,1.1152713409907922e-15
20230522_000000,24,CHMI,9.674549161786672e-09,9.686687896248714e-09,-1.2138734462041612e-11,1.2138734462041612e-11
20230522_000000,24,CHMI_IRREG,3.689005101392695e-09,3.6853160523264705e-09,3.68904906622447e-12,3.68904906622447e-12
20230522_000000,24,COAU,2.3641790700698953e-14,2.396986350182949e-14,-3.280728011305356e-16,3.280728011305356e-16
20230522_000000,24,COAU2,2.2507989395903483e-12,2.280518655861652e-12,-2.9719716271303653e-14,2.9719716271303653e-14
20230522_000000,24,COCO,1.1953944500930902e-09,1.2008248839734392e-09,-5.430433880349028e-12,5.430433880349028e-12
20230522_000000,24,CYST,5.0000420470652784e-11,5.0428095726973154e-11,-4.2767525632037007e-13,4.2767525632037007e-13
20230522_000000,24,DEFU,2.484103731603682e-07,2.4885710558919527e-07,-4.467324288270902e-10,4.467324288270902e-10
20230522_000000,24,DOG,1.610319544376182e-09,1.6100721866862955e-09,2.473576898864849e-13,2.473576898864849e-13
20230522_000000,24,DRPU,6.320127390432002e-22,6.386027189623482e-22,-6.589979919148047e-24,6.589979919148047e-24
20230522_000000,24,DRUM,8.926166472633668e-10,8.985636679170739e-10,-5.9470206537071135e-12,5.9470206537071135e-12
20230522_000000,24,FLY,6.184148304555492e-08,6.197886648351414e-08,-1.3738343795921537e-10,1.3738343795921537e-10
20230522_000000,24,FROG,3.2394000815116897e-09,3.2316578302271637e-09,7.742251284525992e-12,7.742251284525992e-12
20230522_000000,24,GLGN,7.386827152559838e-13,7.422154796148106e-13,-3.5327643588267676e-15,3.5327643588267676e-15
20230522_000000,24,HOSA,1.1847509995277505e-07,1.1848933212377233e-07,-1.4232170997274807e-11,1.4232170997274807e-11
20230522_000000,24,HYPI,9.124267495185293e-16,9.222958480243444e-16,-9.869098505815074e-18,9.869098505815074e-18
20230522_000000,24,INSP,5.544132974932836e-08,5.5201642368274406e-08,2.396873810539546e-10,2.396873810539546e-10
20230522_000000,24,IXNA,1.3707642798621578e-09,1.385953130039752e-09,-1.5188850177594304e-11,1.5188850177594304e-11
20230522_000000,24,MEKE,2.1368585123582307e-08,2.125928766361085e-08,1.0929745997145801e-10,1.0929745997145801e-10
20230522_000000,24,MYTO,1.0209849272583638e-15,1.0477245927328796e-15,-2.6739665474515787e-17,2.6739665474515787e-17
20230522_000000,24,NUCO,7.78721202689663e-23,7.928972224831018e-23,-1.4176019793438835e-24,1.4176019793438835e-24
20230522_000000,24,OCPR,1.054701378316869e-11,1.0662091001756302e-11,-1.1507721858761144e-13,1.1507721858761144e-13
20230522_000000,24,ORPI,5.352454590656919e-12,5.391692300960038e-12,-3.92377103031194e-14,3.92377103031194e-14
20230522_000000,24,PAFA,4.698684219484051e-10,4.737066849891391e-10,-3.838263040734091e-12,3.838263040734091e-12
20230522_000000,24,PECA,7.837015135155403e-14,7.918610835403947e-14,-8.159570024854346e-16,8.159570024854346e-16
20230522_000000,24,PHNU,3.906746925963489e-09,3.908725343393371e-09,-1.978417429882029e-12,1.978417429882029e-12
20230522_000000,24,PIMA,1.8123202966236716e-17,1.8525202817770136e-17,-4.019998515334208e-19,4.019998515334208e-19
20230522_000000,24,POEC,2.627028802826281e-11,2.666116286076381e-11,-3.908748325009981e-13,3.908748325009981e-13
20230522_000000,24,PSFL,0.9993981122970581,0.9994027614593506,-4.649162292480469e-06,4.649162292480469e-06
20230522_000000,24,SHOT,8.968360776240303e-12,9.006800513744473e-12,-3.843973750417007e-14,3.843973750417007e-14
20230522_000000,24,SITT,4.677199960667622e-09,4.728213820470728e-09,-5.101385980310624e-11,5.101385980310624e-11
20230522_000000,24,SPRU,1.7387817531286376e-12,1.7587089553780522e-12,-1.9927202249414577e-14,1.9927202249414577e-14
20230522_000000,24,STOC,4.247794390538351e-12,4.21899624611366e-12,2.8798144424690975e-14,2.8798144424690975e-14
20230522_000000,24,STOC_IRREG,6.63365372290288e-14,6.628410250146197e-14,5.243472756683021e-17,5.243472756683021e-17
20230522_000000,24,STVA,1.9943704465674728e-09,1.987305431327968e-09,7.065015239504646e-12,7.065015239504646e-12
20230522_000000,24,STVA_IRREG,2.0462444183522166e-07,2.0487007645897393e-07,-2.4563462375226663e-10,2.4563462375226663e-10
20230522_000000,24,TADO1,2.468611879719246e-16,2.5005828736155637e-16,-3.197099389631755e-18,3.197099389631755e-18
20230522_000000,24,TADO2,1.4320953277413562e-12,1.4431250248622685e-12,-1.1029697120912285e-14,1.1029697120912285e-14
20230522_000000,24,TAMI,1.8235357275293677e-15,1.8453277676798528e-15,-2.1792040150485012e-17,2.1792040150485012e-17
20230522_000000,24,TUMI,1.7739660407301017e-08,1.792210113649162e-08,-1.8244072919060272e-10,1.8244072919060272e-10
20230522_000000,24,WHIS,7.819158325374567e-14,7.840774606188497e-14,-2.1616280813929745e-16,2.1616280813929745e-16
20230522_000000,24,YARD,3.4787244699435727e-13,3.497155093724197e-13,-1.843062378062421e-15,1.843062378062421e-15
20230522_000000,24,ZEMA,8.532171080766204e-10,8.533854733983048e-10,-1.68365321684405e-13,1.68365321684405e-13
20230522_000000,25,AEAC,1.0689909894778804e-11,1.0661626963226478e-11,2.8282931552325863e-14,2.8282931552325863e-14
20230522_000000,25,BRCA,1.905126387931875e-15,1.89304960392816e-15,1.2076784003715e-17,1.2076784003715e-17
20230522_000000,25,BRMA,5.661538957933574e-19,5.468585638370627e-19,1.929533195629477e-20,1.929533195629477e-20
20230522_000000,25,BUVI,1.7130769265349954e-05,1.721342050586827e-05,-8.265124051831663e-08,8.265124051831663e-08
20230522_000000,25,CAGU,7.419565517530202e-10,7.287195291638682e-10,1.3237022589152048e-11,1.3237022589152048e-11
20230522_000000,25,CALU,1.0678117418061461e-10,1.0609275263862017e-10,6.884215419944439e-13,6.884215419944439e-13
20230522_000000,25,CAUS,6.57009779155178e-14,6.4293934217384e-14,1.4070436981337975e-15,1.4070436981337975e-15
20230522_000000,25,CCOO,6.555370620280282e-16,6.379134298296592e-16,1.762363219836899e-17,1.762363219836899e-17
20230522_000000,25,CHFA,6.130008355981946e-15,6.007866204987876e-15,1.221421509940701e-16,1.221421509940701e-16
20230522_000000,25,CHMI,1.7824762499341062e-10,1.7549414699224997e-10,2.7534780011606586e-12,2.7534780011606586e-12
20230522_000000,25,CHMI_IRREG,3.4893662959056826e-10,3.4502004031544686e-10,3.916589275121396e-12,3.916589275121396e-12
20230522_000000,25,COAU,2.9731343492570613e-15,2.9121822818891155e-15,6.095206736794583e-17,6.095206736794583e-17
20230522_000000,25,COAU2,2.0435690357804848e-13,2.0088110049085867e-13,3.4758030871898105e-15,3.4758030871898105e-15
20230522_000000,25,COCO,1.0661917182464009e-10,1.0562794389157304e-10,9.912279330670515e-13,9.912279330670515e-13
20230522_000000,25,CYST,1.360408573986005e-11,1.3435721285537383e-11,1.68364454322667e-13,1.68364454322667e-13
20230522_000000,25,DEFU,1.5117107565743026e-08,1.5043386980551077e-08,7.37205851919498e-11,7.37205851919498e-11
20230522_000000,25,DOG,3.395518588522606e-10,3.3814673283671937e-10,1.4051260155412137e-12,1.4051260155412137e-12
20230522_000000,25,DRPU,4.4855254270981856e-24,4.3589444118159694e-24,1.2658101528221616e-25,1.2658101528221616e-25
20230522_000000,25,DRUM,7.697206066969997e-11,7.631741766322975e-11,6.546430064702236e-13,6.546430064702236e-13
20230522_000000,25,FLY,8.095047299150337e-09,8.079066304844673e-09,1.5980994305664353e-11,1.5980994305664353e-11
20230522_000000,25,FROG,9.302434517133307e-11,9.27640533832097e-11,2.6029178812336795e-13,2.6029178812336795e-13
20230522_000000,25,GLGN,1.7578737673395323e-13,1.7380531963737816e-13,1.9820570965750628e-15,1.9820570965750628e-15
20230522_000000,25,HOSA,5.987614404290298e-09,5.970005823030533e-09,1.7608581259764833e-11,1.7608581259764833e-11
20230522_000000,25,HYPI,5.474728633151206e-17,5.358443251766256e-17,1.1628538138494965e-18,1.1628538138494965e-18
20230522_000000,25,INSP,7.15799086670188e-11,7.13598763413259e-11,2.200323256928982e-13,2.200323256928982e-13
20230522_000000,25,IXNA,1.9366380027419083e-11,1.9074861482004657e-11,2.9151854541442646e-13,2.9151854541442646e-13
20230522_000000,25,MEKE,1.2362803836207803e-10,1.231451191019417e-10,4.829192601363275e-13,4.829192601363275e-13
20230522_000000,25,MYTO,1.1079181023918898e-17,1.0667878699216706e-17,4.1130232470219216e-19,4.1130232470219216e-19
20230522_000000,25,NUCO,6.187043968257448e-24,5.9850786160114065e-24,2.0196535224604127e-25,2.0196535224604127e-25
20230522_000000,25,OCPR,2.4304717309922563e-13,2.3885133779676104e-13,4.19583530246459e-15,4.19583530246459e-15
20230522_000000,25,ORPI,2.027118056746602e-12,2.002916279011946e-12,2.4201777734655927e-14,2.4201777734655927e-14
20230522_000000,25,PAFA,2.9441360460680244e-10,2.931829778951567e-10,1.2306267116457548e-12,1.2306267116457548e-12
20230522_000000,25,PECA,9.866078833358112e-15,9.756305904492796e-15,1.0977292886531556e-16,1.0977292886531556e-16
20230522_000000,25,PHNU,6.972309396502396e-10,6.965091836619308e-10,7.217559883088143e-13,7.217559883088143e-13
20230522_000000,25,PIMA,3.0664538632996703e-18,2.9817954431224713e-18,8.465842017719903e-20,8.465842017719903e-20
20230522_000000,25,POEC,2.753413003240418e-13,2.6847095510248997e-13,6.870345221551832e-15,6.870345221551832e-15
20230522_000000,25,PSFL,0.9999828338623047,0.9999827146530151,1.1920928955078125e-07,1.1920928955078125e-07
20230522_000000,25,SHOT,4.611083650324366e-12,4.5671955800630215e-12,4.3888070261344225e-14,4.3888070261344225e-14
20230522_000000,25,SITT,2.2515467268391376e-10,2.2242034602992788e-10,2.7343266539858746e-12,2.7343266539858746e-12
20230522_000000,25,SPRU,1.7867997392003593e-13,1.7627284180921077e-13,2.407132110825161e-15,2.407132110825161e-15
20230522_000000,25,STOC,1.7591273422201507e-14,1.7496905481547906e-14,9.43679406536016e-17,9.43679406536016e-17
20230522_000000,25,STOC_IRREG,5.9079780447379e-16,5.866810655314565e-16,4.11673894233351e-18,4.11673894233351e-18
20230522_000000,25,STVA,1.0132322064704269e-11,1.0118184068375058e-11,1.4137996329210978e-14,1.4137996329210978e-14
20230522_000000,25,STVA_IRREG,4.9876511809543445e-09,4.987793733590706e-09,-1.425526363618701e-13,1.425526363618701e-13
20230522_000000,25,TADO1,2.963540311465977e-17,2.9042360937573555e-17,5.930421770862179e-19,5.930421770862179e-19
20230522_000000,25,TADO2,3.8893167115736094e-13,3.82907627046597e-13,6.02404411076396e-15,6.02404411076396e-15
20230522_000000,25,TAMI,1.576503756539453e-15,1.5662832452396458e-15,1.0220511299807201e-17,1.0220511299807201e-17
20230522_000000,25,TUMI,2.899333439998486e-09,2.8539695051676972e-09,4.536393483078882e-11,4.536393483078882e-11
20230522_000000,25,WHIS,2.712908887201595e-16,2.6944883028789783e-16,1.842058432261688e-18,1.842058432261688e-18
20230522_000000,25,YARD,4.4286836432252605e-14,4.376452881192129e-14,5.223076203313137e-16,5.223076203313137e-16
20230522_000000,25,ZEMA,1.0407488065800052e-10,1.0341572737049276e-10,6.591532875077633e-13,6.591532875077633e-13
20230522_000000,26,AEAC,2.138172128240967e-08,2.1428796515010617e-08,-4.707523260094604e-11,4.707523260094604e-11
20230522_000000,26,BRCA,1.861147954501652e-12,1.8753267168325483e-12,-1.4178762330896433e-14,1.4178762330896433e-14
20230522_000000,26,BRMA,5.422407450350955e-14,5.438855813747097e-14,-1.6448363396141807e-16,1.6448363396141807e-16
20230522_000000,26,BUVI,0.0012727779103443027,0.001268927357159555,3.850553184747696e-06,3.850553184747696e-06
20230522_000000,26,CAGU,9.755148084877874e-07,9.79369247033901e-07,-3.85443854611367e-09,3.85443854611367e-09
20230522_000000,26,CALU,1.7733510730977287e-06,1.7841568933363305e-06,-1.0805820238601882e-08,1.0805820238601882e-08
20230522_000000,26,CAUS,1.0686666135351075e-10,1.0744383160954385e-10,-5.771702560330993e-13,5.771702560330993e-13
20230522_000000,26,CCOO,6.291944829733831e-12,6.34659295603579e-12,-5.4648126301959365e-14,5.4648126301959365e-14
20230522_000000,26,CHFA,7.38529896959772e-12,7.457076622863212e-12,-7.177765326549235e-14,7.177765326549235e-14
20230522_000000,26,CHMI,2.3361545231637137e-07,2.3431205420365586e-07,-6.96601887284487e-10,6.96601887284487e-10
20230522_000000,26,CHMI_IRREG,2.6616697823556024e-07,2.666446050625382e-07,-4.776268269779393e-10,4.776268269779393e-10
20230522_000000,26,COAU,4.513250884130571e-12,4.5216430426264775e-12,-8.392158495906799e-15,8.392158495906799e-15
20230522_000000,26,COAU2,2.2941359922867832e-10,2.316954406111904e-10,-2.2818413825120842e-12,2.2818413825120842e-12
20230522_000000,26,COCO,7.070704555189877e-08,7.12440666461589e-08,-5.370210942601261e-10,5.370210942601261e-10
20230522_000000,26,CYST,1.8964909642704697e-09,1.9055483857499667e-09,-9.057421479496952e-12,9.057421479496952e-12
20230522_000000,26,DEFU,2.587348944871337e-06,2.591443490018719e-06,-4.094545147381723e-09,4.094545147381723e-09
20230522_000000,26,DOG,8.283804930897531e-08,8.327686629172604e-08,-4.3881698275072267e-10,4.3881698275072267e-10
20230522_000000,26,DRPU,1.2437434957583274e-18,1.2465030736793809e-18,-2.7595779210534695e-21,2.7595779210534695e-21
20230522_000000,26,DRUM,1.9003916662541087e-08,1.9155304897822134e-08,-1.5138823528104695e-10,1.5138823528104695e-10
20230522_000000,26,FLY,1.0956821370200487e-06,1.1029011375285336e-06,-7.219000508484896e-09,7.219000508484896e-09
20230522_000000,26,FROG,4.708514467210989e-08,4.7028329674958513e-08,5.681499715137761e-11,5.681499715137761e-11
20230522_000000,26,GLGN,5.060500352094266e-10,5.085076248967368e-10,-2.4575896873102465e-12,2.4575896873102465e-12
20230522_000000,26,HOSA,1.2517666618805379e-06,1.2602349670487456e-06,-8.468305168207735e-09,8.468305168207735e-09
20230522_000000,26,HYPI,5.61205270623033e-13,5.62182353620877e-13,-9.770829978439366e-16,9.770829978439366e-16
20230522_000000,26,INSP,4.845063017455686e-07,4.871881174040027e-07,-2.6818156584340613e-09,2.6818156584340613e-09
20230522_000000,26,IXNA,6.7282242000032966e-09,6.775254135504838e-09,-4.702993550154133e-11,4.702993550154133e-11
20230522_000000,26,MEKE,5.496504513757827e-07,5.502629960574268e-07,-6.125446816440672e-10,6.125446816440672e-10
20230522_000000,26,MYTO,6.480445791535311e-14,6.510241022487928e-14,-2.979523095261727e-16,2.979523095261727e-16
20230522_000000,26,NUCO,1.4190177425831206e-19,1.4290893127758073e-19,-1.0071570192686669e-21,1.0071570192686669e-21
20230522_000000,26,OCPR,1.06123887455567e-09,1.06380060316269e-09,-2.561728607020086e-12,2.561728607020086e-12
20230522_000000,26,ORPI,2.5858306607062786e-09,2.6164410638074287e-09,-3.061040310115004e-11,3.061040310115004e-11
20230522_000000,26,PAFA,6.872399538337959e-09,6.95461599420355e-09,-8.221645586559134e-11,8.221645586559134e-11
20230522_000000,26,PECA,1.6168431177243647e-11,1.6332797961315926e-11,-1.6436678407227845e-13,1.6436678407227845e-13
20230522_000000,26,PHNU,5.402517899710801e-07,5.406203058555548e-07,-3.6851588447461836e-10,3.6851588447461836e-10
20230522_000000,26,PIMA,6.935467232119111e-15,7.021638434942133e-15,-8.617120282302174e-17,8.617120282302174e-17
20230522_000000,26,POEC,1.3774402729538338e-09,1.3875580684441502e-09,-1.0117795490316439e-11,1.0117795490316439e-11
20230522_000000,26,PSFL,0.9987144470214844,0.99871826171875,-3.814697265625e-06,3.814697265625e-06
20230522_000000,26,SHOT,8.678562868347228e-10,8.747430002564727e-10,-6.886713421749846e-12,6.886713421749846e-12
20230522_000000,26,SITT,1.8504373144878627e-08,1.8554347391841475e-08,-4.9974246962847246e-11,4.9974246962847246e-11
20230522_000000,26,SPRU,1.0245872206215978e-10,1.0380021842060216e-10,-1.3414963584423845e-12,1.3414963584423845e-12
20230522_000000,26,STOC,6.816782138763244e-10,6.848580591523046e-10,-3.179845275980142e-12,3.179845275980142e-12
20230522_000000,26,STOC_IRREG,3.162975784065658e-11,3.195495951180405e-11,-3.252016711474681e-13,3.252016711474681e-13
20230522_000000,26,STVA,1.1100506469574611e-07,1.1191774262897525e-07,-9.126779332291335e-10,9.126779332291335e-10
20230522_000000,26,STVA_IRREG,2.5160738914564718e-06,2.5392075713170925e-06,-2.313367986062076e-08,2.313367986062076e-08
20230522_000000,26,TADO1,5.4403086446582274e-14,5.4992529898312964e-14,-5.894434517306896e-16,5.894434517306896e-16
20230522_000000,26,TADO2,1.2461373599670367e-10,1.2499103141383472e-10,-3.7729541713105164e-13,3.7729541713105164e-13
20230522_000000,26,TAMI,1.0701707532298488e-12,1.0810872596439536e-12,-1.0916506414104798e-14,1.0916506414104798e-14
20230522_000000,26,TUMI,1.1737493821328826e-07,1.1724505810661867e-07,1.2988010666958871e-10,1.2988010666958871e-10
20230522_000000,26,WHIS,6.414821451805608e-11,6.470537300407031e-11,-5.571584860142309e-13,5.571584860142309e-13
20230522_000000,26,YARD,8.894859848673775e-11,8.987342120514441e-11,-9.248227184066593e-13,9.248227184066593e-13
20230522_000000,26,ZEMA,4.5429441541955384e-08,4.569553979649754e-08,-2.660982545421575e-10,2.660982545421575e-10
20230522_000000,27,AEAC,2.9308098170588437e-09,2.9146500768462147e-09,1.6159740212629004e-11,1.6159740212629004e-11
20230522_000000,27,BRCA,4.731106565541987e-12,4.70762318016682e-12,2.3483385375167032e-14,2.3483385375167032e-14
20230522_000000,27,BRMA,1.6396479729507973e-09,1.6597579977073451e-09,-2.0110024756547773e-11,2.0110024756547773e-11
20230522_000000,27,BUVI,1.1746524251066148e-05,1.1688443009916227e-05,5.808124114992097e-08,5.808124114992097e-08
20230522_000000,27,CAGU,0.00025560022913850844,0.00025891579571180046,-3.315566573292017e-06,3.315566573292017e-06
20230522_000000,27,CALU,3.070374177127633e-08,3.050493546652433e-08,1.9880630475199723e-10,1.9880630475199723e-10
20230522_000000,27,CAUS,3.82005680421571e-08,3.84204561498791e-08,-2.198881077219994e-10,2.198881077219994e-10
20230522_000000,27,CCOO,1.990039066868121e-08,2.010170696564728e-08,-2.0131629696606979e-10,2.0131629696606979e-10
20230522_000000,27,CHFA,9.470894068996927e-10,9.529861344503843e-10,-5.896727550691594e-12,5.896727550691594e-12
20230522_000000,27,CHMI,6.3191046137944795e-06,6.3614811551815365e-06,-4.237654138705693e-08,4.237654138705693e-08
20230522_000000,27,CHMI_IRREG,6.502447149614454e-07,6.533261966978898e-07,-3.0814817364444025e-09,3.0814817364444025e-09
20230522_000000,27,COAU,3.538542237002673e-10,3.546252735908695e-10,-7.710498906021712e-13,7.710498906021712e-13
20230522_000000,27,COAU2,1.9049204524890229e-07,1.9188878752629535e-07,-1.3967422773930593e-09,1.3967422773930593e-09
20230522_000000,27,COCO,1.2673807248120283e-07,1.2664170867537905e-07,9.636380582378479e-11,9.636380582378479e-11
20230522_000000,27,CYST,2.487162298336898e-08,2.4922394814552717e-08,-5.077183118373796e-11,5.077183118373796e-11
20230522_000000,27,DEFU,9.644041710998863e-06,9.640928510634694e-06,3.1132003641687334e-09,3.1132003641687334e-09
20230522_000000,27,DOG,2.7356177767501322e-08,2.7381817702121225e-08,-2.5639934619903215e-11,2.5639934619903215e-11
20230522_000000,27,DRPU,4.507016982842564e-17,4.5080675022205065e-17,-1.0505193779423451e-20,1.0505193779423451e-20
20230522_000000,27,DRUM,6.150739295662788e-08,6.129742047278341e-08,2.099724838444672e-10,2.099724838444672e-10
20230522_000000,27,FLY,2.873728419672261e-07,2.871918525215733e-07,1.8098944565281272e-10,1.8098944565281272e-10
20230522_000000,27,FROG,1.9459543310063054e-08,1.9361033665177274e-08,9.850964488578029e-11,9.850964488578029e-11
20230522_000000,27,GLGN,3.706147333470966e-10,3.687301020072198e-10,1.884631339876819e-12,1.884631339876819e-12
20230522_000000,27,HOSA,1.402434008923592e-06,1.402093403157778e-06,3.406057658139616e-10,3.406057658139616e-10
20230522_000000,27,HYPI,5.818883135749742e-12,5.808096191495249e-12,1.078694425449278e-14,1.078694425449278e-14
20230522_000000,27,INSP,1.9974848441961512e-08,1.9868958034408024e-08,1.0589040755348833e-10,1.0589040755348833e-10
20230522_000000,27,IXNA,6.011624691382167e-07,6.040401103746262e-07,-2.877641236409545e-09,2.877641236409545e-09
20230522_000000,27,MEKE,5.994003959841621e-09,5.96527627294563e-09,2.87276868959907e-11,2.87276868959907e-11
20230522_000000,27,MYTO,9.176083182182992e-08,9.20952345495607e-08,-3.3440272773077595e-10,3.3440272773077595e-10
20230522_000000,27,NUCO,1.9566035871034816e-14,1.9740463671797e-14,-1.7442780076218356e-16,1.7442780076218356e-16
20230522_000000,27,OCPR,6.843396249678335e-07,6.839646857770276e-07,3.7493919080588967e-10,3.7493919080588967e-10
20230522_000000,27,ORPI,1.2758326839446e-08,1.270178096035579e-08,5.654587909020847e-11,5.654587909020847e-11
20230522_000000,27,PAFA,3.077427734865523e-08,3.076125665302243e-08,1.3020695632803836e-11,1.3020695632803836e-11
20230522_000000,27,PECA,8.188827949062727e-10,8.113660854291993e-10,7.516709477073391e-12,7.516709477073391e-12
20230522_000000,27,PHNU,6.992420367168961e-07,6.929225264684646e-07,6.31951024843147e-09,6.31951024843147e-09
20230522_000000,27,PIMA,3.917137725295561e-10,3.954418181795205e-10,-3.728045649964429e-12,3.728045649964429e-12
20230522_000000,27,POEC,2.3997747575776884e-06,2.42055421040277e-06,-2.0779452825081535e-08,2.0779452825081535e-08
20230522_000000,27,PSFL,0.9996819496154785,0.9996784925460815,3.4570693969726562e-06,3.4570693969726562e-06
20230522_000000,27,SHOT,4.1015186802439985e-09,4.113828833141042e-09,-1.2310152897043736e-11,1.2310152897043736e-11
20230522_000000,27,SITT,7.365358101196762e-07,7.333924259000923e-07,3.1433842195838224e-09,3.1433842195838224e-09
20230522_000000,27,SPRU,2.381827179931406e-09,2.3926420844588847e-09,-1.0814904527478575e-11,1.0814904527478575e-11
20230522_000000,27,STOC,6.0936256041088654e-12,6.136011403840014e-12,-4.238579973114831e-14,4.238579973114831e-14
20230522_000000,27,STOC_IRREG,4.139574967532145e-12,4.156547068340233e-12,-1.6972100808088086e-14,1.6972100808088086e-14
20230522_000000,27,STVA,1.6683205927847666e-09,1.669553051364403e-09,-1.2324585796363863e-12,1.2324585796363863e-12
20230522_000000,27,STVA_IRREG,3.0662585004392895e-07,3.062084203975246e-07,4.1742964640434366e-10,4.1742964640434366e-10
20230522_000000,27,TADO1,1.9624323867317717e-12,1.9591680708308523e-12,3.2643159009193567e-15,3.2643159009193567e-15
20230522_000000,27,TADO2,4.753165416815364e-09,4.743096138071223e-09,1.006927874414032e-11,1.006927874414032e-11
20230522_000000,27,TAMI,1.0586594968720053e-11,1.0554077577162868e-11,3.251739155718525e-14,3.251739155718525e-14
20230522_000000,27,TUMI,2.6258338039042428e-05,2.6402254661661573e-05,-1.4391662261914462e-07,1.4391662261914462e-07
20230522_000000,27,WHIS,2.5230063264297664e-12,2.5256218557506704e-12,-2.615529320904031e-15,2.615529320904031e-15
20230522_000000,27,YARD,6.761262383303546e-11,6.743799962904973e-11,1.746242039857293e-13,1.746242039857293e-13
20230522_000000,27,ZEMA,8.590178168788043e-08,8.606056667304074e-08,-1.587849851603096e-10,1.587849851603096e-10
20230522_000000,28,AEAC,4.0442543536300946e-08,4.0378683507924507e-08,6.3860028376439e-11,6.3860028376439e-11
20230522_000000,28,BRCA,7.523168421780593e-14,7.59684402515913e-14,-7.367560337853685e-16,7.367560337853685e-16
20230522_000000,28,BRMA,2.266888055111266e-18,2.268330037714099e-18,-1.4419826028330655e-21,1.4419826028330655e-21
20230522_000000,28,BUVI,0.0015860648127272725,0.0015887859044596553,-2.7210917323827744e-06,2.7210917323827744e-06
20230522_000000,28,CAGU,6.371829499585147e-07,6.35311607766198e-07,1.8713421923166607e-09,1.8713421923166607e-09
20230522_000000,28,CALU,0.9283522963523865,0.9279406070709229,0.00041168928146362305,0.00041168928146362305
20230522_000000,28,CAUS,1.3688654159835223e-12,1.3700602067776013e-12,-1.1947907940790259e-15,1.1947907940790259e-15
20230522_000000,28,CCOO,6.963296692724663e-12,6.963993184200268e-12,-6.96491475604688e-16,6.96491475604688e-16
20230522_000000,28,CHFA,5.1650141276579284e-14,5.185144712682374e-14,-2.0130585024445702e-16,2.0130585024445702e-16
20230522_000000,28,CHMI,2.5615272534196265e-06,2.565369868534617e-06,-3.842615114990622e-09,3.842615114990622e-09
20230522_000000,28,CHMI_IRREG,3.6266362712922273e-06,3.6524177176033845e-06,-2.5781446311157197e-08,2.5781446311157197e-08
20230522_000000,28,COAU,1.5828979836943202e-12,1.585286155819654e-12,-2.3881721253338206e-15,2.3881721253338206e-15
20230522_000000,28,COAU2,2.377628094407669e-10,2.3876189914062707e-10,-9.990896998601784e-13,9.990896998601784e-13
20230522_000000,28,COCO,8.308958285851986e-07,8.339663963852217e-07,-3.0705678000231273e-09,3.0705678000231273e-09
20230522_000000,28,CYST,1.2003538440996664e-10,1.2023093631796655e-10,-1.955519079999135e-13,1.955519079999135e-13
20230522_000000,28,DEFU,0.0008472704794257879,0.0008491831249557436,-1.9126455299556255e-06,1.9126455299556255e-06
20230522_000000,28,DOG,3.717138596925906e-08,3.747175014723325e-08,-3.0036417797418835e-10,3.0036417797418835e-10
20230522_000000,28,DRPU,3.7753660530262443e-19,3.806235658004899e-19,-3.0869604978654724e-21,3.0869604978654724e-21
20230522_000000,28,DRUM,1.9774654447246576e-07,1.9885094104665768e-07,-1.1043965741919237e-09,1.1043965741919237e-09
20230522_000000,28,FLY,1.147467082773801e-05,1.1535234079929069e-05,-6.056325219105929e-08,6.056325219105929e-08
20230522_000000,28,FROG,3.5333871437615016e-06,3.5280868360132445e-06,5.3003077482571825e-09,5.3003077482571825e-09
20230522_000000,28,GLGN,1.8592012651641454e-10,1.8713239291479056e-10,-1.2122663983760162e-12,1.2122663983760162e-12
20230522_000000,28,HOSA,0.00013230352487880737,0.00013315933756530285,-8.558126864954829e-07,8.558126864954829e-07
20230522_000000,28,HYPI,1.442477821217425e-11,1.4496223665894092e-11,-7.144545371984279e-14,7.144545371984279e-14
20230522_000000,28,INSP,1.5408186300192028e-05,1.5422045180457644e-05,-1.385888026561588e-08,1.385888026561588e-08
20230522_000000,28,IXNA,4.750991156043938e-09,4.750587478952184e-09,4.036770917537069e-13,4.036770917537069e-13
20230522_000000,28,MEKE,5.089288606541231e-05,5.079798575025052e-05,9.490031516179442e-08,9.490031516179442e-08
20230522_000000,28,MYTO,2.508742691397555e-14,2.5118428319845058e-14,-3.100140586950739e-17,3.100140586950739e-17
20230522_000000,28,NUCO,5.5242413065076494e-21,5.571131703584966e-21,-4.6890397077316283e-23,4.6890397077316283e-23
20230522_000000,28,OCPR,1.989524170409318e-11,1.999923837647799e-11,-1.0399667238480959e-13,1.0399667238480959e-13
20230522_000000,28,ORPI,7.842593796603126e-10,7.867425599883404e-10,-2.4831803280278564e-12,2.4831803280278564e-12
20230522_000000,28,PAFA,2.136952126363667e-08,2.1617109879912277e-08,-2.475886162756069e-10,2.475886162756069e-10
20230522_000000,28,PECA,1.4266128426157487e-12,1.4317087012466478e-12,-5.095858630899119e-15,5.095858630899119e-15
20230522_000000,28,PHNU,9.957592528309078e-10,1.0003974315608843e-09,-4.6381787299765165e-12,4.6381787299765165e-12
20230522_000000,28,PIMA,1.0380787883247007e-18,1.0431905577151253e-18,-5.111769390424573e-21,5.111769390424573e-21
20230522_000000,28,POEC,1.6197589047806105e-06,1.6201664720938425e-06,-4.0756731323199347e-10,4.0756731323199347e-10
20230522_000000,28,PSFL,0.06896007061004639,0.06936623901128769,-0.0004061684012413025,0.0004061684012413025
20230522_000000,28,SHOT,2.1581938199233264e-05,2.1651059796568006e-05,-6.912159733474255e-08,6.912159733474255e-08
20230522_000000,28,SITT,4.161426403470614e-08,4.1531432515284905e-08,8.283151942123368e-11,8.283151942123368e-11
20230522_000000,28,SPRU,8.988658428688012e-11,9.0499947813516e-11,-6.133635266358795e-13,6.133635266358795e-13
20230522_000000,28,STOC,5.043779838231899e-10,5.041503881031417e-10,2.275957200481571e-13,2.275957200481571e-13
20230522_000000,28,STOC_IRREG,5.0631315112736885e-11,5.066864983138686e-11,-3.733471864997284e-14,3.733471864997284e-14
20230522_000000,28,STVA,3.956819227823871e-07,3.935157621981489e-07,2.1661605842382414e-09,2.1661605842382414e-09
20230522_000000,28,STVA_IRREG,8.902083209250122e-06,8.92164734977996e-06,-1.956414052983746e-08,1.956414052983746e-08
20230522_000000,28,TADO1,2.1033501817428052e-14,2.118979464278952e-14,-1.56292825361469e-16,1.56292825361469e-16
20230522_000000,28,TADO2,1.5555013874180013e-11,1.5551081256059973e-11,3.932618120039422e-15,3.932618120039422e-15
20230522_000000,28,TAMI,5.0207886418828125e-15,5.059794509103873e-15,-3.900586722106053e-17,3.900586722106053e-17
20230522_000000,28,TUMI,1.1239311703548083e-07,1.12725878409492e-07,-3.327613740111701e-10,3.327613740111701e-10
20230522_000000,28,WHIS,1.670860498570459e-11,1.6803025984502007e-11,-9.442099879741761e-14,9.442099879741761e-14
20230522_000000,28,YARD,2.6594799251711265e-08,2.6800289987249926e-08,-2.0549073553866037e-10,2.0549073553866037e-10
20230522_000000,28,ZEMA,2.3157736839252152e-10,2.329149095814387e-10,-1.3375411889171573e-12,1.3375411889171573e-12
20230522_000000,29,AEAC,6.319303906821006e-07,6.267433150242141e-07,5.187075657886453e-09,5.187075657886453e-09
20230522_000000,29,BRCA,6.505834759806817e-10,6.559496279479049e-10,-5.366151967223232e-12,5.366151967223232e-12
20230522_000000,29,BRMA,2.7526006474154485e-10,2.7658775270111846e-10,-1.327687959573609e-12,1.327687959573609e-12
20230522_000000,29,BUVI,0.004626769572496414,0.004599580075591803,2.7189496904611588e-05,2.7189496904611588e-05
20230522_000000,29,CAGU,8.331004210049286e-05,8.267484372481704e-05,6.351983756758273e-07,6.351983756758273e-07
20230522_000000,29,CALU,1.771579377418675e-06,1.7680813471088186e-06,3.4980303098564036e-09,3.4980303098564036e-09
20230522_000000,29,CAUS,8.933331230309705e-08,8.944580542902258e-08,-1.1249312592553906e-10,1.1249312592553906e-10
20230522_000000,29,CCOO,6.594517998337324e-08,6.635102778318469e-08,-4.05847799811454e-10,4.05847799811454e-10
20230522_000000,29,CHFA,1.5687360743754653e-08,1.584541209354029e-08,-1.5805134978563729e-10,1.5805134978563729e-10
20230522_000000,29,CHMI,3.915913839591667e-05,3.917951471521519e-05,-2.0376319298520684e-08,2.0376319298520684e-08
20230522_000000,29,CHMI_IRREG,2.232914812339004e-05,2.237526496173814e-05,-4.61168383480981e-08,4.61168383480981e-08
20230522_000000,29,COAU,6.920330974935496e-09,6.977505240257642e-09,-5.717426532214631e-11,5.717426532214631e-11
20230522_000000,29,COAU2,4.507334949721553e-07,4.557702766305738e-07,-5.0367816584184766e-09,5.0367816584184766e-09
20230522_000000,29,COCO,3.400694822630612e-06,3.39063149112917e-06,1.0063331501442008e-08,1.0063331501442008e-08
20230522_000000,29,CYST,6.389325903910503e-07,6.398756227099511e-07,-9.43032318900805e-10,9.43032318900805e-10
20230522_000000,29,DEFU,0.0001550188026158139,0.0001543244143249467,6.943882908672094e-07,6.943882908672094e-07
20230522_000000,29,DOG,5.069819053460378e-06,5.106154731038259e-06,-3.633567757788114e-08,3.633567757788114e-08
20230522_000000,29,DRPU,3.375091886200811e-14,3.400730895887841e-14,-2.563900968702987e-16,2.563900968702987e-16
20230522_000000,29,DRUM,3.961523361795116e-06,3.970829766331008e-06,-9.306404535891488e-09,9.306404535891488e-09
20230522_000000,29,FLY,8.975779928732663e-05,8.98876169230789e-05,-1.2981763575226068e-07,1.2981763575226068e-07
20230522_000000,29,FROG,4.346772129792953e-06,4.357012585387565e-06,-1.0240455594612285e-08,1.0240455594612285e-08
20230522_000000,29,GLGN,2.5354884414241496e-08,2.5296904127003472e-08,5.7980287238024175e-11,5.7980287238024175e-11
20230522_000000,29,HOSA,4.949461072101258e-05,4.970124064129777e-05,-2.066299202851951e-07,2.066299202851951e-07
20230522_000000,29,HYPI,2.9808158719113464e-10,2.981280500247152e-10,-4.64628335805628e-14,4.64628335805628e-14
20230522_000000,29,INSP,4.326810812926851e-05,4.3194489990128204e-05,7.36181391403079e-08,7.36181391403079e-08
20230522_000000,29,IXNA,2.4200262487283908e-06,2.417296173007344e-06,2.7300757210468873e-09,2.7300757210468873e-09
20230522_000000,29,MEKE,1.6293286535074003e-05,1.6231042536674067e-05,6.224399839993566e-08,6.224399839993566e-08
20230522_000000,29,MYTO,7.775125543396655e-10,7.830798787189508e-10,-5.56732437928531e-12,5.56732437928531e-12
20230522_000000,29,NUCO,4.0990160484616345e-14,4.176146868638611e-14,-7.713082017697659e-16,7.713082017697659e-16
20230522_000000,29,OCPR,5.849419153491908e-07,5.899573238821176e-07,-5.015408532926813e-09,5.015408532926813e-09
20230522_000000,29,ORPI,1.957552626663528e-07,1.965674272241813e-07,-8.121645578285097e-10,8.121645578285097e-10
20230522_000000,29,PAFA,1.8946209365822142e-06,1.9045766066483338e-06,-9.955670066119637e-09,9.955670066119637e-09
20230522_000000,29,PECA,1.7517281847290178e-08,1.763299017909503e-08,-1.1570833180485351e-10,1.1570833180485351e-10
20230522_000000,29,PHNU,4.820017238671426e-06,4.836407242692076e-06,-1.639000402064994e-08,1.639000402064994e-08
20230522_000000,29,PIMA,1.0514403930850236e-10,1.0681055345740376e-10,-1.666514148901399e-12,1.666514148901399e-12
20230522_000000,29,POEC,7.799541208441951e-07,7.830273034414859e-07,-3.0731825972907245e-09,3.0731825972907245e-09
20230522_000000,29,PSFL,0.9946386218070984,0.994666576385498,-2.7954578399658203e-05,2.7954578399658203e-05
20230522_000000,29,SHOT,5.889137923986709e-07,5.934254545536533e-07,-4.511662154982332e-09,4.511662154982332e-09
20230522_000000,29,SITT,1.096304549719207e-05,1.093485661840532e-05,2.8188878786750138e-08,2.8188878786750138e-08
20230522_000000,29,SPRU,8.010185581497353e-08,8.039263121872864e-08,-2.907754037551058e-10,2.907754037551058e-10
20230522_000000,29,STOC,1.0803231731415508e-07,1.0760431479184263e-07,4.2800252231245395e-10,4.2800252231245395e-10
20230522_000000,29,STOC_IRREG,5.369776179264818e-09,5.384850787493178e-09,-1.5074608228360376e-11,1.5074608228360376e-11
20230522_000000,29,STVA,1.18416082841577e-05,1.1737398381228559e-05,1.0420990292914212e-07,1.0420990292914212e-07
20230522_000000,29,STVA_IRREG,0.00015050952788442373,0.00015081721358001232,-3.076856955885887e-07,3.076856955885887e-07
20230522_000000,29,TADO1,5.867171193330023e-10,5.915689049729167e-10,-4.851785639914397e-12,4.851785639914397e-12
20230522_000000,29,TADO2,6.848874534171046e-08,6.880019043364882e-08,-3.114450919383671e-10,3.114450919383671e-10
20230522_000000,29,TAMI,1.1085091733420427e-09,1.1168703739627972e-09,-8.361200620754516e-12,8.361200620754516e-12
20230522_000000,29,TUMI,2.114932067343034e-05,2.117734584317077e-05,-2.802516974043101e-08,2.802516974043101e-08
20230522_000000,29,WHIS,2.727058578955166e-09,2.730002890416472e-09,-2.944311461305915e-12,2.944311461305915e-12
20230522_000000,29,YARD,2.194098236429909e-08,2.2022097923013462e-08,-8.111555871437304e-11,8.111555871437304e-11
20230522_000000,29,ZEMA,9.456478437641636e-06,9.476651939621661e-06,-2.017350198002532e-08,2.017350198002532e-08
20230522_000000,3,AEAC,3.2057482002301185e-08,3.172991114297474e-08,3.275708593264426e-10,3.275708593264426e-10
20230522_000000,3,BRCA,8.345599385173319e-12,8.343755374118356e-12,1.844011054963346e-15,1.844011054963346e-15
20230522_000000,3,BRMA,1.8295723195862123e-15,1.8338034609159844e-15,-4.231141329772044e-18,4.231141329772044e-18
20230522_000000,3,BUVI,0.004176062997430563,0.0041096205823123455,6.644241511821747e-05,6.644241511821747e-05
20230522_000000,3,CAGU,6.113894102099948e-08,6.100022176269704e-08,1.3871925830244436e-10,1.3871925830244436e-10
20230522_000000,3,CALU,5.676864702763851e-07,5.582254516411922e-07,9.461018635192886e-09,9.461018635192886e-09
20230522_000000,3,CAUS,2.5489478583384795e-11,2.548175385974627e-11,7.724723638524722e-15,7.724723638524722e-15
20230522_000000,3,CCOO,5.684074088144198e-13,5.69821913178753e-13,-1.4145043643332134e-15,1.4145043643332134e-15
20230522_000000,3,CHFA,4.4152112521622655e-12,4.445768839872466e-12,-3.055758771020045e-14,3.055758771020045e-14
20230522_000000,3,CHMI,7.805603274846362e-08,7.825580894404993e-08,-1.9977619558630977e-10,1.9977619558630977e-10
20230522_000000,3,CHMI_IRREG,2.407470560683578e-07,2.4170802248590917e-07,-9.609664175513899e-10,9.609664175513899e-10
20230522_000000,3,COAU,1.7723280525475116e-12,1.771023974174446e-12,1.3040783730655647e-15,1.3040783730655647e-15
20230522_000000,3,COAU2,8.484290353605317e-11,8.510564475372462e-11,-2.627412176714472e-13,2.627412176714472e-13
20230522_000000,3,COCO,3.5620626448462644e-08,3.535576809099439e-08,2.6485835746825614e-10,2.6485835746825614e-10
20230522_000000,3,CYST,1.6312130535212077e-09,1.6312912132221413e-09,-7.815970093361102e-14,7.815970093361102e-14
20230522_000000,3,DEFU,5.148380751052173e-06,5.118982699059416e-06,2.9398051992757246e-08,2.9398051992757246e-08
20230522_000000,3,DOG,2.0126145727772382e-07,2.0119260568662867e-07,6.885159109515371e-11,6.885159109515371e-11
20230522_000000,3,DRPU,2.872229580725535e-18,2.8902166231455005e-18,-1.7987042419965587e-20,1.7987042419965587e-20
20230522_000000,3,DRUM,5.681508596921958e-08,5.684360715463299e-08,-2.852118541341042e-11,2.852118541341042e-11
20230522_000000,3,FLY,2.490354290785035e-06,2.477399675626657e-06,1.2954615158378147e-08,1.2954615158378147e-08
20230522_000000,3,FROG,1.5291682586848765e-07,1.507476667939045e-07,2.169159074583149e-09,2.169159074583149e-09
20230522_000000,3,GLGN,5.352100429512063e-10,5.322660090456566e-10,2.944033905549759e-12,2.944033905549759e-12
20230522_000000,3,HOSA,2.9478512715286342e-06,2.9333450584090315e-06,1.4506213119602762e-08,1.4506213119602762e-08
20230522_000000,3,HYPI,7.190085657936274e-13,7.148258764425042e-13,4.182689351123203e-15,4.182689351123203e-15
20230522_000000,3,INSP,2.578646444817423e-06,2.5469087177043548e-06,3.1737727113068104e-08,3.1737727113068104e-08
20230522_000000,3,IXNA,6.622908887976564e-09,6.643583905230344e-09,-2.0675017253779515e-11,2.0675017253779515e-11
20230522_000000,3,MEKE,1.2285777302167844e-06,1.2125623243264272e-06,1.6015405890357215e-08,1.6015405890357215e-08
20230522_000000,3,MYTO,1.966501760015211e-15,1.9770286854836876e-15,-1.0526925468476445e-17,1.0526925468476445e-17
20230522_000000,3,NUCO,8.316104878506759e-20,8.425810353481458e-20,-1.0970547497469885e-21,1.0970547497469885e-21
20230522_000000,3,OCPR,1.7514678596342037e-10,1.754487388705428e-10,-3.0195290712242695e-13,3.0195290712242695e-13
20230522_000000,3,ORPI,1.31514898971119e-09,1.3121550512806834e-09,2.9939384305066596e-12,2.9939384305066596e-12
20230522_000000,3,PAFA,1.1001326782889009e-07,1.1014576983825464e-07,-1.3250200936454348e-10,1.3250200936454348e-10
20230522_000000,3,PECA,1.8269675702842214e-11,1.8251846214956124e-11,1.7829487886089623e-14,1.7829487886089623e-14
20230522_000000,3,PHNU,2.318235630127674e-07,2.314363598543423e-07,3.87203158425109e-10,3.87203158425109e-10
20230522_000000,3,PIMA,1.791135234989233e-15,1.8177011528304433e-15,-2.656591784121025e-17,2.656591784121025e-17
20230522_000000,3,POEC,8.98231350410228e-11,8.975720861004177e-11,6.592643098102258e-14,6.592643098102258e-14
20230522_000000,3,PSFL,0.9957881569862366,0.9958547949790955,-6.663799285888672e-05,6.663799285888672e-05
20230522_000000,3,SHOT,4.43202496924755e-09,4.425530164553493e-09,6.494804694057166e-12,6.494804694057166e-12
20230522_000000,3,SITT,1.3154783928825964e-08,1.3120956765533265e-08,3.382716329269897e-11,3.382716329269897e-11
20230522_000000,3,SPRU,1.529873450145658e-10,1.534576077322214e-10,-4.702627176556007e-13,4.702627176556007e-13
20230522_000000,3,STOC,3.777868684551322e-09,3.7147833698014665e-09,6.308531474985557e-11,6.308531474985557e-11
20230522_000000,3,STOC_IRREG,1.3615777949560481e-10,1.3462260473051657e-10,1.535174765088243e-12,1.535174765088243e-12
20230522_000000,3,STVA,6.787064421587274e-07,6.706132467115822e-07,8.093195447145263e-09,8.093195447145263e-09
20230522_000000,3,STVA_IRREG,1.870309279183857e-05,1.863760917331092e-05,6.548361852765083e-08,6.548361852765083e-08
20230522_000000,3,TADO1,3.890014666722147e-13,3.902723684588022e-13,-1.2709017865875083e-15,1.2709017865875083e-15
20230522_000000,3,TADO2,1.2972529994659254e-10,1.2864363740927587e-10,1.0816625373166744e-12,1.0816625373166744e-12
20230522_000000,3,TAMI,3.2524631859293107e-12,3.251434278067622e-12,1.0289078616887437e-15,1.0289078616887437e-15
20230522_000000,3,TUMI,5.5239382845684304e-08,5.537853553505556e-08,-1.3915268937125802e-10,1.3915268937125802e-10
20230522_000000,3,WHIS,6.916082984087524e-11,6.829815185627197e-11,8.626779846032662e-13,8.626779846032662e-13
20230522_000000,3,YARD,3.653681246440499e-10,3.6318581475569545e-10,2.182309888354439e-12,2.182309888354439e-12
20230522_000000,3,ZEMA,7.64990062407378e-08,7.640948496145938e-08,8.952127927841502e-11,8.952127927841502e-11
20230522_000000,30,AEAC,1.6705337113620544e-10,1.6622131449040012e-10,8.320566458053236e-13,8.320566458053236e-13
20230522_000000,30,BRCA,1.0658615930717337e-17,1.0658497643889742e-17,1.1828682759508296e-22,1.1828682759508296e-22
20230522_000000,30,BRMA,1.3315424295118094e-22,1.3148304427891385e-22,1.6711986722670926e-24,1.6711986722670926e-24
20230522_000000,30,BUVI,0.018402330577373505,0.018383391201496124,1.893937587738037e-05,1.893937587738037e-05
20230522_000000,30,CAGU,7.054786754778775e-10,6.968648436078695e-10,8.61383187000797e-12,8.61383187000797e-12
20230522_000000,30,CALU,6.661358611381729e-07,6.64464721467084e-07,1.6711396710888948e-09,1.6711396710888948e-09
20230522_000000,30,CAUS,2.770516656735544e-16,2.7636453666487397e-16,6.871290086804495e-19,6.871290086804495e-19
20230522_000000,30,CCOO,5.935378650682903e-18,5.888134643587243e-18,4.72440070956599e-20,4.72440070956599e-20
20230522_000000,30,CHFA,3.953603209106414e-18,3.941001112474169e-18,1.2602096632245377e-20,1.2602096632245377e-20
20230522_000000,30,CHMI,4.367535777483056e-10,4.358349514621551e-10,9.186262861504702e-13,9.186262861504702e-13
20230522_000000,30,CHMI_IRREG,2.483711014633627e-09,2.4857831348867876e-09,-2.072120253160392e-12,2.072120253160392e-12
20230522_000000,30,COAU,6.65002589039146e-17,6.618847798743111e-17,3.117809164834872e-19,3.117809164834872e-19
20230522_000000,30,COAU2,5.935364843384118e-15,5.920712867462513e-15,1.4651975921604887e-17,1.4651975921604887e-17
20230522_000000,30,COCO,9.245856164019628e-11,9.22991266749662e-11,1.5943496523007639e-13,1.5943496523007639e-13
20230522_000000,30,CYST,1.8588339960150246e-13,1.8519617805447253e-13,6.87221547029937e-16,6.87221547029937e-16
20230522_000000,30,DEFU,2.0475081896620395e-07,2.0456874949559278e-07,1.8206947061116807e-10,1.8206947061116807e-10
20230522_000000,30,DOG,6.644314959336484e-11,6.655757889273417e-11,-1.144292993693341e-13,1.144292993693341e-13
20230522_000000,30,DRPU,5.332832839571796e-26,5.336476390877785e-26,-3.643551305989548e-29,3.643551305989548e-29
20230522_000000,30,DRUM,8.750190676198866e-12,8.771280576858054e-12,-2.1089900659188032e-14,2.1089900659188032e-14
20230522_000000,30,FLY,1.902745516701998e-08,1.9032684761555174e-08,-5.229594535194337e-12,5.229594535194337e-12
20230522_000000,30,FROG,1.4471839282492738e-09,1.4442694817873303e-09,2.9144464619434984e-12,2.9144464619434984e-12
20230522_000000,30,GLGN,9.290602277301288e-14,9.292536900552817e-14,-1.934623251528822e-17,1.934623251528822e-17
20230522_000000,30,HOSA,1.5785751372732193e-08,1.580003328172097e-08,-1.4281908988778014e-11,1.4281908988778014e-11
20230522_000000,30,HYPI,6.031587283266394e-17,6.009702069491711e-17,2.1885213774682985e-19,2.1885213774682985e-19
20230522_000000,30,INSP,1.6768755273233182e-08,1.6869069696667793e-08,-1.0031442343461094e-10,1.0031442343461094e-10
20230522_000000,30,IXNA,8.080691606300594e-13,8.053275385964953e-13,2.741622033564095e-15,2.741622033564095e-15
20230522_000000,30,MEKE,2.2053212589412396e-08,2.203291060709489e-08,2.0301982317505463e-11,2.0301982317505463e-11
20230522_000000,30,MYTO,1.312976354604605e-21,1.299156117390308e-21,1.3820237214296917e-23,1.3820237214296917e-23
20230522_000000,30,NUCO,9.93570045310497e-29,9.892475964768737e-29,4.32244883362334e-31,4.32244883362334e-31
20230522_000000,30,OCPR,2.6868061269759436e-14,2.669754845527946e-14,1.7051281447997418e-16,1.7051281447997418e-16
20230522_000000,30,ORPI,1.3431854099018453e-13,1.3407387721743602e-13,2.4466377274851014e-16,2.4466377274851014e-16
20230522_000000,30,PAFA,6.969131435136111e-12,6.995595942804744e-12,-2.6464507668633175e-14,2.6464507668633175e-14
20230522_000000,30,PECA,2.8139204778374267e-16,2.808419792938398e-16,5.50068489902863e-19,5.50068489902863e-19
20230522_000000,30,PHNU,2.2946215760821786e-10,2.2850223102555134e-10,9.59926582666526e-13,9.59926582666526e-13
20230522_000000,30,PIMA,9.339983744628324e-24,9.304567045427521e-24,3.5416699200802546e-26,3.5416699200802546e-26
20230522_000000,30,POEC,4.005057461890782e-13,3.9800275705367816e-13,2.5029891354000355e-15,2.5029891354000355e-15
20230522_000000,30,PSFL,0.9815967679023743,0.9816157221794128,-1.895427703857422e-05,1.895427703857422e-05
20230522_000000,30,SHOT,4.852060593585339e-12,4.854356933786663e-12,-2.2963402013242984e-15,2.2963402013242984e-15
20230522_000000,30,SITT,7.334494990518525e-12,7.280584121693856e-12,5.391086882466922e-14,5.391086882466922e-14
20230522_000000,30,SPRU,2.240734182402948e-15,2.243822676286874e-15,-3.0884938839259926e-18,3.0884938839259926e-18
20230522_000000,30,STOC,2.535631752308143e-13,2.5318096685995883e-13,3.8220837085545245e-16,3.8220837085545245e-16
20230522_000000,30,STOC_IRREG,1.900975714732092e-15,1.90545567199012e-15,-4.4799572580279945e-18,4.4799572580279945e-18
20230522_000000,30,STVA,4.3021530782283435e-10,4.327427305383935e-10,-2.527422715559169e-12,2.527422715559169e-12
20230522_000000,30,STVA_IRREG,1.0668549599301969e-08,1.0736364686181332e-08,-6.781508687936366e-11,6.781508687936366e-11
20230522_000000,30,TADO1,5.245106058406719e-20,5.251513800097164e-20,-6.407741690444958e-23,6.407741690444958e-23
20230522_000000,30,TADO2,9.936036978537739e-15,9.909618020912878e-15,2.6418957624861628e-17,2.6418957624861628e-17
20230522_000000,30,TAMI,1.5140852484923221e-18,1.5130751575668183e-18,1.010090925503816e-21,1.010090925503816e-21
20230522_000000,30,TUMI,5.837987732126848e-11,5.830333438261448e-11,7.654293865400064e-14,7.654293865400064e-14
20230522_000000,30,WHIS,1.5109026429613835e-15,1.5110816845506094e-15,-1.7904158922587773e-19,1.7904158922587773e-19
20230522_000000,30,YARD,3.784294858272079e-14,3.794530065593521e-14,-1.0235207321442064e-16,1.0235207321442064e-16
20230522_000000,30,ZEMA,1.121662485115138e-11,1.1231999705318962e-11,-1.537485416758244e-14,1.537485416758244e-14
20230522_000000,31,AEAC,3.6341027964681416e-09,3.6386385016129452e-09,-4.5357051448036145e-12,4.5357051448036145e-12
20230522_000000,31,BRCA,1.3155414393473466e-14,1.3169447188310628e-14,-1.4032794837161994e-17,1.4032794837161994e-17
20230522_000000,31,BRMA,1.6281990532946516e-18,1.6006432889462492e-18,2.755576434840244e-20,2.755576434840244e-20
20230522_000000,31,BUVI,0.007232835050672293,0.007204440888017416,2.839416265487671e-05,2.839416265487671e-05
20230522_000000,31,CAGU,2.1532178706706873e-08,2.1346526324350634e-08,1.8565238235623838e-10,1.8565238235623838e-10
20230522_000000,31,CALU,5.5116283874667715e-06,5.53151630811044e-06,-1.9887920643668622e-08,1.9887920643668622e-08
20230522_000000,31,CAUS,2.0412935664709808e-13,2.0263082661439724e-13,1.49853003270084e-15,1.49853003270084e-15
20230522_000000,31,CCOO,3.4019528256175498e-15,3.3620685852301865e-15,3.988424038736324e-17,3.988424038736324e-17
20230522_000000,31,CHFA,1.01956779878596e-14,1.013404363545264e-14,6.163435240695916e-17,6.163435240695916e-17
20230522_000000,31,CHMI,8.867094614117832e-09,8.799800887970832e-09,6.729372614699969e-11,6.729372614699969e-11
20230522_000000,31,CHMI_IRREG,2.1205712741334537e-08,2.1087776858053076e-08,1.1793588328146143e-10,1.1793588328146143e-10
20230522_000000,31,COAU,7.40197443946768e-15,7.375465696350409e-15,2.6508743117270583e-17,2.6508743117270583e-17
20230522_000000,31,COAU2,5.057958175555544e-13,5.03609578084846e-13,2.1862394707083954e-15,2.1862394707083954e-15
20230522_000000,31,COCO,6.479885072963043e-09,6.463775736875732e-09,1.610933608731102e-11,1.610933608731102e-11
20230522_000000,31,CYST,2.033500277887068e-11,2.0288472291074555e-11,4.6530487796125897e-14,4.6530487796125897e-14
20230522_000000,31,DEFU,1.3769993074674858e-06,1.3745128626396763e-06,2.486444827809464e-09,2.486444827809464e-09
20230522_000000,31,DOG,9.485319196755881e-09,9.480723761612353e-09,4.595435143528448e-12,4.595435143528448e-12
20230522_000000,31,DRPU,3.3368556787165418e-21,3.3091265489439756e-21,2.772912977256619e-23,2.772912977256619e-23
20230522_000000,31,DRUM,1.2685443806503827e-09,1.268079752314577e-09,4.64628335805628e-13,4.64628335805628e-13
20230522_000000,31,FLY,2.1565605834439339e-07,2.155988596541647e-07,5.7198690228688065e-11,5.7198690228688065e-11
20230522_000000,31,FROG,2.799762910399295e-08,2.805321841492514e-08,-5.558931093219144e-11,5.558931093219144e-11
20230522_000000,31,GLGN,7.986406674875823e-12,7.98616207886571e-12,2.445960101127298e-16,2.445960101127298e-16
20230522_000000,31,HOSA,5.457652036966465e-07,5.455975156110071e-07,1.6768808563938364e-10,1.6768808563938364e-10
20230522_000000,31,HYPI,3.5393746039471402e-15,3.5140483188242366e-15,2.532628512290358e-17,2.532628512290358e-17
20230522_000000,31,INSP,2.006185468417243e-06,1.9965143565059407e-06,9.671111911302432e-09,9.671111911302432e-09
20230522_000000,31,IXNA,1.5896725602537742e-10,1.5829312860482503e-10,6.741274205523951e-13,6.741274205523951e-13
20230522_000000,31,MEKE,8.591284199610527e-07,8.578250003665744e-07,1.3034195944783278e-09,1.3034195944783278e-09
20230522_000000,31,MYTO,7.062005676015333e-18,6.975964003058792e-18,8.604167295654083e-20,8.604167295654083e-20
20230522_000000,31,NUCO,3.534002192081506e-24,3.506801084778128e-24,2.720110730337832e-26,2.720110730337832e-26
20230522_000000,31,OCPR,4.241588850983913e-12,4.213174080447413e-12,2.84147705365001e-14,2.84147705365001e-14
20230522_000000,31,ORPI,5.650564651599188e-12,5.640991146416141e-12,9.573505183047004e-15,9.573505183047004e-15
20230522_000000,31,PAFA,5.2806109485104e-10,5.276976078327777e-10,3.6348701826227625e-13,3.6348701826227625e-13
20230522_000000,31,PECA,7.25625072181546e-14,7.236678162096666e-14,1.957255971879457e-16,1.957255971879457e-16
20230522_000000,31,PHNU,6.23548501721416e-09,6.2203979744879234e-09,1.5087042726236177e-11,1.5087042726236177e-11
20230522_000000,31,PIMA,1.771178773138091e-19,1.7569896529524802e-19,1.4189120185610787e-21,1.4189120185610787e-21
20230522_000000,31,POEC,7.737649930505963e-12,7.665305022663826e-12,7.234490784213676e-14,7.234490784213676e-14
20230522_000000,31,PSFL,0.9927553534507751,0.9927836656570435,-2.8312206268310547e-05,2.8312206268310547e-05
20230522_000000,31,SHOT,8.898039249860545e-11,8.892727526577104e-11,5.3117232834409833e-14,5.3117232834409833e-14
20230522_000000,31,SITT,7.622201758650249e-10,7.595484241562644e-10,2.6717517087604392e-12,2.6717517087604392e-12
20230522_000000,31,SPRU,9.80532278635482e-13,9.770075373727316e-13,3.524741262750375e-15,3.524741262750375e-15
20230522_000000,31,STOC,2.4752797034288676e-10,2.454738079471497e-10,2.0541623957370803e-12,2.0541623957370803e-12
20230522_000000,31,STOC_IRREG,1.094144523247631e-12,1.089406885014521e-12,4.737638233109909e-15,4.737638233109909e-15
20230522_000000,31,STVA,6.218243697730941e-08,6.202157010193332e-08,1.6086687537608668e-10,1.6086687537608668e-10
20230522_000000,31,STVA_IRREG,1.1877043561980827e-06,1.1870700973304338e-06,6.342588676488958e-10,6.342588676488958e-10
20230522_000000,31,TADO1,1.0919219513574413e-16,1.0860085364199732e-16,5.9134149374680885e-19,5.9134149374680885e-19
20230522_000000,31,TADO2,2.3921296801038272e-12,2.382881001891657e-12,9.248678212170347e-15,9.248678212170347e-15
20230522_000000,31,TAMI,2.9699766104296973e-15,2.976946632794416e-15,-6.970022364718824e-18,6.970022364718824e-18
20230522_000000,31,TUMI,2.8484927749872213e-09,2.8353315251195e-09,1.316124986772138e-11,1.316124986772138e-11
20230522_000000,31,WHIS,1.4280680587716588e-12,1.425414690794935e-12,2.653367976723775e-15,2.653367976723775e-15
20230522_000000,31,YARD,6.678698826617646e-12,6.6687948566124255e-12,9.903970005220586e-15,9.903970005220586e-15
20230522_000000,31,ZEMA,1.4466743358809708e-09,1.4428356287510269e-09,3.838707129943941e-12,3.838707129943941e-12
20230522_000000,32,AEAC,2.512060524872961e-11,2.4850793298170082e-11,2.6981195055952867e-13,2.6981195055952867e-13
20230522_000000,32,BRCA,6.540139379701874e-16,6.504837164042683e-16,3.53022156591911e-18,3.53022156591911e-18
20230522_000000,32,BRMA,2.2209968191893754e-17,2.254967141713458e-17,-3.397032252408272e-19,3.397032252408272e-19
20230522_000000,32,BUVI,0.0006051645614206791,0.0006046849302947521,4.796311259269714e-07,4.796311259269714e-07
20230522_000000,32,CAGU,8.38098586086744e-08,8.480252944309541e-08,-9.926708344210056e-10,9.926708344210056e-10
20230522_000000,32,CALU,5.129144028614974e-06,5.10914560436504e-06,1.9998424249934033e-08,1.9998424249934033e-08
20230522_000000,32,CAUS,1.1377789986208309e-12,1.1440994636055524e-12,-6.320464984721497e-15,6.320464984721497e-15
20230522_000000,32,CCOO,7.730333029514619e-14,7.780127047165089e-14,-4.97940176504702e-16,4.97940176504702e-16
20230522_000000,32,CHFA,3.3648129719792905e-14,3.391225492153753e-14,-2.6412520174462495e-16,2.6412520174462495e-16
20230522_000000,32,CHMI,1.2614190580961804e-08,1.2624643552783255e-08,-1.0452971821450774e-11,1.0452971821450774e-11
20230522_000000,32,CHMI_IRREG,5.9375104832781744e-09,5.9133622443141576e-09,2.4148238964016855e-11,2.4148238964016855e-11
20230522_000000,32,COAU,9.50649539015018e-14,9.529829453781141e-14,-2.3334063630961466e-16,2.3334063630961466e-16
20230522_000000,32,COAU2,3.019691788286316e-11,3.037086207524631e-11,-1.739441923831464e-13,1.739441923831464e-13
20230522_000000,32,COCO,1.0496793434455753e-09,1.0508939274345153e-09,-1.2145839889399213e-12,1.2145839889399213e-12
20230522_000000,32,CYST,7.034828275465088e-11,7.056131373639474e-11,-2.1303098174385582e-13,2.1303098174385582e-13
20230522_000000,32,DEFU,3.8102547250673524e-07,3.814940328084049e-07,-4.685603016696405e-10,4.685603016696405e-10
20230522_000000,32,DOG,8.266763384945364e-10,8.240667037640037e-10,2.6096347305326617e-12,2.6096347305326617e-12
20230522_000000,32,DRPU,7.258719901480224e-22,7.253437436423374e-22,5.282465056849566e-25,5.282465056849566e-25
20230522_000000,32,DRUM,3.651614011168647e-10,3.6471681230665354e-10,4.4458881021114394e-13,4.4458881021114394e-13
20230522_000000,32,FLY,9.253331256786623e-08,9.230861053310946e-08,2.2470203475677408e-10,2.2470203475677408e-10
20230522_000000,32,FROG,2.2657877796206094e-09,2.240391649976914e-09,2.539612964369553e-11,2.539612964369553e-11
20230522_000000,32,GLGN,2.726438595290065e-13,2.7157589328405396e-13,1.067966244952534e-15,1.067966244952534e-15
20230522_000000,32,HOSA,2.2158016577122908e-07,2.2151479583953915e-07,6.536993168992922e-11,6.536993168992922e-11
20230522_000000,32,HYPI,8.734469073847732e-15,8.705633531224354e-15,2.8835542623378146e-17,2.8835542623378146e-17
20230522_000000,32,INSP,6.3375531489384684e-09,6.330127089171356e-09,7.426059767112747e-12,7.426059767112747e-12
20230522_000000,32,IXNA,4.3172362906851447e-10,4.3479878031327246e-10,-3.07515124475799e-12,3.07515124475799e-12
20230522_000000,32,MEKE,4.022228328182109e-09,3.991058594721153e-09,3.1169733460956195e-11,3.1169733460956195e-11
20230522_000000,32,MYTO,3.876828294968517e-15,3.938903528024522e-15,-6.207523305600503e-17,6.207523305600503e-17
20230522_000000,32,NUCO,5.728533208356136e-22,5.741860287597812e-22,-1.3327079241676191e-24,1.3327079241676191e-24
20230522_000000,32,OCPR,3.5739619597130456e-11,3.5865633379872364e-11,-1.2601378274190722e-13,1.2601378274190722e-13
20230522_000000,32,ORPI,1.644649000320797e-11,1.6408305270054768e-11,3.818473315320148e-14,3.818473315320148e-14
20230522_000000,32,PAFA,3.825486594166705e-10,3.833311723600019e-10,-7.82512943331426e-13,7.82512943331426e-13
20230522_000000,32,PECA,2.613965901371307e-13,2.6182487710031677e-13,-4.282869631860864e-16,4.282869631860864e-16
20230522_000000,32,PHNU,1.2764287404820607e-09,1.2644542080053611e-09,1.1974532476699551e-11,1.1974532476699551e-11
20230522_000000,32,PIMA,1.5280694398510517e-17,1.5381354007252095e-17,-1.0065960874157794e-19,1.0065960874157794e-19
20230522_000000,32,POEC,1.563525420245071e-09,1.5824094257155252e-09,-1.8884005470454213e-11,1.8884005470454213e-11
20230522_000000,32,PSFL,0.9993886947631836,0.9993892908096313,-5.960464477539062e-07,5.960464477539062e-07
20230522_000000,32,SHOT,2.3190892262103802e-10,2.3188782838357014e-10,2.1094237467877974e-14,2.1094237467877974e-14
20230522_000000,32,SITT,3.6913561096696412e-09,3.7019558529749474e-09,-1.059974330530622e-11,1.059974330530622e-11
20230522_000000,32,SPRU,2.4139399246864146e-12,2.4213606380357744e-12,-7.420713349359787e-15,7.420713349359787e-15
20230522_000000,32,STOC,7.822141914227976e-14,7.813870806904627e-14,8.271107323348792e-17,8.271107323348792e-17
20230522_000000,32,STOC_IRREG,1.306453368746371e-14,1.3076532756194515e-14,-1.1999068730804419e-17,1.1999068730804419e-17
20230522_000000,32,STVA,1.6979119499271889e-10,1.6882574505050485e-10,9.654499422140361e-13,9.654499422140361e-13
20230522_000000,32,STVA_IRREG,3.53412872300396e-08,3.5165481193644155e-08,1.758060363954428e-10,1.758060363954428e-10
20230522_000000,32,TADO1,1.449648184831268e-16,1.4450388697603264e-16,4.609315070941487e-19,4.609315070941487e-19
20230522_000000,32,TADO2,4.893856587334655e-12,4.893429411678696e-12,4.2717565595928875e-16,4.2717565595928875e-16
20230522_000000,32,TAMI,1.2445328039065347e-15,1.2366728675516068e-15,7.859936354927873e-18,7.859936354927873e-18
20230522_000000,32,TUMI,7.345708752382052e-08,7.366042353851299e-08,-2.0333601469246787e-10,2.0333601469246787e-10
20230522_000000,32,WHIS,1.0243972418380251e-14,1.018249900223327e-14,6.147341614698085e-17,6.147341614698085e-17
20230522_000000,32,YARD,4.0525997271542713e-13,4.061330536198754e-13,-8.730809044482646e-16,8.730809044482646e-16
20230522_000000,32,ZEMA,2.1192976540351793e-10,2.1153169493803858e-10,3.980704654793499e-13,3.980704654793499e-13
20230522_000000,33,AEAC,4.714471521505281e-11,4.79279532727972e-11,-7.832380577443843e-13,7.832380577443843e-13
20230522_000000,33,BRCA,4.802879569443632e-16,4.892283367630731e-16,-8.940379818709937e-18,8.940379818709937e-18
20230522_000000,33,BRMA,1.1107133268684066e-10,1.1291360901832803e-10,-1.842276331487369e-12,1.842276331487369e-12
20230522_000000,33,BUVI,4.2610758100636303e-05,4.292041194275953e-05,-3.0965384212322533e-07,3.0965384212322533e-07
20230522_000000,33,CAGU,0.021078646183013916,0.021336404606699944,-0.0002577584236860275,0.0002577584236860275
20230522_000000,33,CALU,1.168137142570913e-09,1.178554365210971e-09,-1.0417222640057844e-11,1.0417222640057844e-11
20230522_000000,33,CAUS,1.011931982652925e-09,1.0219244339637612e-09,-9.992451310836259e-12,9.992451310836259e-12
20230522_000000,33,CCOO,1.1837574902529013e-06,1.2169025467301253e-06,-3.314505647722399e-08,3.314505647722399e-08
20230522_000000,33,CHFA,1.6001716618418982e-10,1.6378209899414742e-10,-3.7649328099576e-12,3.7649328099576e-12
20230522_000000,33,CHMI,0.00019813473045360297,0.00020002349629066885,-1.8887658370658755e-06,1.8887658370658755e-06
20230522_000000,33,CHMI_IRREG,3.0136627628962742e-06,3.0620481084042694e-06,-4.8385345507995225e-08,4.8385345507995225e-08
20230522_000000,33,COAU,7.770058034484162e-12,7.951949862472496e-12,-1.8189182798833414e-13,1.8189182798833414e-13
20230522_000000,33,COAU2,8.28868351732126e-08,8.424781583471486e-08,-1.3609806615022535e-09,1.3609806615022535e-09
20230522_000000,33,COCO,1.2439553387366686e-08,1.2526546910862635e-08,-8.699352349594847e-11,8.699352349594847e-11
20230522_000000,33,CYST,9.922407784301868e-09,1.0057111587968848e-08,-1.347038036669801e-10,1.347038036669801e-10
20230522_000000,33,DEFU,2.6118726964341477e-05,2.6196819817414507e-05,-7.809285307303071e-08,7.809285307303071e-08
20230522_000000,33,DOG,2.5554691696072496e-09,2.5912834100694226e-09,-3.5814240462173075e-11,3.5814240462173075e-11
20230522_000000,33,DRPU,2.8443839516109786e-17,2.957486672871069e-17,-1.1310272126009062e-18,1.1310272126009062e-18
20230522_000000,33,DRUM,2.6721593826550816e-09,2.6920989881773494e-09,-1.993960552226781e-11,1.993960552226781e-11
20230522_000000,33,FLY,5.047125455348578e-07,5.096395057080372e-07,-4.9269601731793955e-09,4.9269601731793955e-09
20230522_000000,33,FROG,2.182967140385017e-09,2.2139619026972923e-09,-3.099476231227527e-11,3.099476231227527e-11
20230522_000000,33,GLGN,2.1584782572414696e-12,2.1837204353808426e-12,-2.5242178139373017e-14,2.5242178139373017e-14
20230522_000000,33,HOSA,3.183868386713584e-07,3.2087706358652213e-07,-2.490224915163708e-09,2.490224915163708e-09
20230522_000000,33,HYPI,1.5973272780422237e-13,1.634791070960831e-13,-3.746379291860724e-15,3.746379291860724e-15
20230522_000000,33,INSP,2.824209754948015e-09,2.866981985150119e-09,-4.2772230202103856e-11,4.2772230202103856e-11
20230522_000000,33,IXNA,5.768727646682237e-07,5.842510972797754e-07,-7.378332611551741e-09,7.378332611551741e-09
20230522_000000,33,MEKE,5.2705653175166844e-09,5.34397148754806e-09,-7.340617003137595e-11,7.340617003137595e-11
20230522_000000,33,MYTO,8.173626611096552e-07,8.236582402787462e-07,-6.29557916909107e-09,6.29557916909107e-09
20230522_000000,33,NUCO,1.4005511111837545e-17,1.4314788979787446e-17,-3.0927786794990173e-19,3.0927786794990173e-19
20230522_000000,33,OCPR,1.3671633780631964e-07,1.380417415930424e-07,-1.3254037867227453e-09,1.3254037867227453e-09
20230522_000000,33,ORPI,2.861857140157298e-10,2.8828001097380707e-10,-2.0942969580772797e-12,2.0942969580772797e-12
20230522_000000,33,PAFA,1.0277029227623302e-09,1.0372277481351944e-09,-9.524825372864143e-12,9.524825372864143e-12
20230522_000000,33,PECA,1.2029934340351822e-11,1.2228255734381133e-11,-1.9832139402931048e-13,1.9832139402931048e-13
20230522_000000,33,PHNU,2.4599999814967077e-09,2.4767734529973495e-09,-1.677347150064179e-11,1.677347150064179e-11
20230522_000000,33,PIMA,5.253743403862976e-13,5.337074640739126e-13,-8.333123687614963e-15,8.333123687614963e-15
20230522_000000,33,POEC,8.309931581607088e-05,8.42977678985335e-05,-1.1984520824626088e-06,1.1984520824626088e-06
20230522_000000,33,PSFL,0.978463351726532,0.9782016277313232,0.00026172399520874023,0.00026172399520874023
20230522_000000,33,SHOT,1.099345769972615e-08,1.1200062211003114e-08,-2.0660451127696433e-10,2.0660451127696433e-10
20230522_000000,33,SITT,2.3040718133415794e-06,2.316896825504955e-06,-1.2825012163375504e-08,1.2825012163375504e-08
20230522_000000,33,SPRU,2.6373062067541753e-10,2.6754048976229683e-10,-3.809869086879303e-12,3.809869086879303e-12
20230522_000000,33,STOC,3.55089391321662e-14,3.635154717930404e-14,-8.426080471378439e-16,8.426080471378439e-16
20230522_000000,33,STOC_IRREG,2.0386519417590378e-14,2.0823756130897153e-14,-4.3723671330677533e-16,4.3723671330677533e-16
20230522_000000,33,STVA,1.4402423698101074e-11,1.467093981022405e-11,-2.68516112122974e-13,2.68516112122974e-13
20230522_000000,33,STVA_IRREG,2.028317958036041e-08,2.049628378131274e-08,-2.1310420095232985e-10,2.1310420095232985e-10
20230522_000000,33,TADO1,3.176983754738828e-14,3.2335621674836265e-14,-5.657841274479825e-16,5.657841274479825e-16
20230522_000000,33,TADO2,1.0774009462366507e-10,1.0961970220435546e-10,-1.87960758069039e-12,1.87960758069039e-12
20230522_000000,33,TAMI,5.5277695398467386e-14,5.635115041691813e-14,-1.0734550184507419e-15,1.0734550184507419e-15
20230522_000000,33,TUMI,9.895665425574407e-05,9.947046783054247e-05,-5.138135747984052e-07,5.138135747984052e-07
20230522_000000,33,WHIS,6.253272613872892e-16,6.343365685120819e-16,-9.009307124792755e-18,9.009307124792755e-18
20230522_000000,33,YARD,8.324663007541755e-12,8.462787762231194e-12,-1.381247546894393e-13,1.381247546894393e-13
20230522_000000,33,ZEMA,1.6992482088085126e-08,1.72202092585394e-08,-2.277271704542727e-10,2.277271704542727e-10
20230522_000000,34,AEAC,9.851942595062724e-10,9.870440020876003e-10,-1.8497425813279733e-12,1.8497425813279733e-12
20230522_000000,34,BRCA,9.022527191517027e-14,9.081063266809519e-14,-5.853607529249238e-16,5.853607529249238e-16
20230522_000000,34,BRMA,2.2748118001786463e-15,2.282601962194544e-15,-7.7901620158978e-18,7.7901620158978e-18
20230522_000000,34,BUVI,0.00011759099288610741,0.00011686029029078782,7.307025953195989e-07,7.307025953195989e-07
20230522_000000,34,CAGU,9.849153315144576e-08,9.782118581824761e-08,6.703473331981513e-10,6.703473331981513e-10
20230522_000000,34,CALU,3.3862522741401335e-07,3.372229855358455e-07,1.4022418781678425e-09,1.4022418781678425e-09
20230522_000000,34,CAUS,1.9659501457325312e-11,1.9738799136859164e-11,-7.92976795338518e-14,7.92976795338518e-14
20230522_000000,34,CCOO,1.1452612946535878e-12,1.153041204182692e-12,-7.779909529104234e-15,7.779909529104234e-15
20230522_000000,34,CHFA,1.0358737522267458e-12,1.036793806190317e-12,-9.20053963571199e-16,9.20053963571199e-16
20230522_000000,34,CHMI,3.609656928915683e-08,3.6189387486729174e-08,-9.281819757234189e-11,9.281819757234189e-11
20230522_000000,34,CHMI_IRREG,3.208053200864924e-08,3.208441157198649e-08,-3.879563337250147e-12,3.879563337250147e-12
20230522_000000,34,COAU,6.594066655554731e-13,6.609850470781775e-13,-1.5783815227043974e-15,1.5783815227043974e-15
20230522_000000,34,COAU2,1.4148660021362502e-10,1.4265844061611688e-10,-1.1718404024918527e-12,1.1718404024918527e-12
20230522_000000,34,COCO,3.936190928754968e-09,3.92173093999304e-09,1.4459988761927889e-11,1.4459988761927889e-11
20230522_000000,34,CYST,3.200214815368696e-10,3.2127858706765267e-10,-1.2571055307830648e-12,1.2571055307830648e-12
20230522_000000,34,DEFU,1.0977287274727132e-06,1.0962000942527084e-06,1.5286332200048491e-09,1.5286332200048491e-09
20230522_000000,34,DOG,7.159048909244348e-09,7.177950234193986e-09,-1.8901324949638365e-11,1.8901324949638365e-11
20230522_000000,34,DRPU,1.3126507168618975e-19,1.3140748892321666e-19,-1.424172370269033e-22,1.424172370269033e-22
20230522_000000,34,DRUM,3.8070622210284455e-09,3.8094767340624e-09,-2.4145130339547904e-12,2.4145130339547904e-12
20230522_000000,34,FLY,1.2103487279091496e-07,1.2115623349018279e-07,-1.213606992678251e-10,1.213606992678251e-10
20230522_000000,34,FROG,1.9249043248237285e-08,1.9350400393136624e-08,-1.0135714489933889e-10,1.0135714489933889e-10
20230522_000000,34,GLGN,1.396880874859896e-11,1.4047344884526858e-11,-7.853613592789799e-14,7.853613592789799e-14
20230522_000000,34,HOSA,4.624376686024334e-07,4.6354236360457435e-07,-1.104695002140943e-09,1.104695002140943e-09
20230522_000000,34,HYPI,3.885532574941092e-14,3.8901634734703205e-14,-4.630898529228711e-17,4.630898529228711e-17
20230522_000000,34,INSP,2.4018088851107677e-08,2.4010779142713545e-08,7.30970839413203e-12,7.30970839413203e-12
20230522_000000,34,IXNA,2.443561131215688e-09,2.4407125209791047e-09,2.8486102365832267e-12,2.8486102365832267e-12
20230522_000000,34,MEKE,1.7108408911781225e-08,1.706793995026601e-08,4.0468961515216506e-11,4.0468961515216506e-11
20230522_000000,34,MYTO,9.750506608716125e-14,9.857061998228e-14,-1.0655538951187538e-15,1.0655538951187538e-15
20230522_000000,34,NUCO,5.910467201807073e-20,5.969430962315326e-20,-5.896376050825262e-22,5.896376050825262e-22
20230522_000000,34,OCPR,3.8687611447763004e-10,3.902864975646736e-10,-3.410383087043556e-12,3.410383087043556e-12
20230522_000000,34,ORPI,9.730233979654557e-11,9.766164266178379e-11,-3.593028652382202e-13,3.593028652382202e-13
20230522_000000,34,PAFA,2.6860416113549945e-09,2.684568789490527e-09,1.4728218644677327e-12,1.4728218644677327e-12
20230522_000000,34,PECA,2.433984437610892e-12,2.4474682263492253e-12,-1.3483788738333224e-14,1.3483788738333224e-14
20230522_000000,34,PHNU,2.856072889301231e-08,2.8665207096878476e-08,-1.0447820386616513e-10,1.0447820386616513e-10
20230522_000000,34,PIMA,2.1465062139438803e-15,2.1721086318075887e-15,-2.5602417863708482e-17,2.5602417863708482e-17
20230522_000000,34,POEC,3.712689600199326e-10,3.704246909208564e-10,8.442690990762003e-13,8.442690990762003e-13
20230522_000000,34,PSFL,0.9998797178268433,0.9998805522918701,-8.344650268554688e-07,8.344650268554688e-07
20230522_000000,34,SHOT,2.8932936602110715e-10,2.907363794157902e-10,-1.4070133946830765e-12,1.4070133946830765e-12
20230522_000000,34,SITT,9.979398640780346e-09,9.990070992671463e-09,-1.0672351891116705e-11,1.0672351891116705e-11
20230522_000000,34,SPRU,1.4671781151109897e-11,1.468335349141814e-11,-1.157234030824128e-14,1.157234030824128e-14
20230522_000000,34,STOC,3.0901245104408837e-12,3.089101674111361e-12,1.0228363295228249e-15,1.0228363295228249e-15
20230522_000000,34,STOC_IRREG,3.6304862111383174e-13,3.6241243838407156e-13,6.361827297601819e-16,6.361827297601819e-16
20230522_000000,34,STVA,1.984128195076096e-09,1.9733774614394406e-09,1.0750733636655241e-11,1.0750733636655241e-11
20230522_000000,34,STVA_IRREG,2.857532024336251e-07,2.8578668320733414e-07,-3.348077370901592e-11,3.348077370901592e-11
20230522_000000,34,TADO1,9.526194157778115e-15,9.551746600697936e-15,-2.5552442919820478e-17,2.5552442919820478e-17
20230522_000000,34,TADO2,2.4888559962965573e-11,2.512506001861592e-11,-2.3650005565034604e-13,2.3650005565034604e-13
20230522_000000,34,TAMI,1.0827425653107958e-13,1.0967400219333984e-13,-1.3997456622602544e-15,1.3997456622602544e-15
20230522_000000,34,TUMI,1.1455898629719741e-07,1.152193220832487e-07,-6.603357860512915e-10,6.603357860512915e-10
20230522_000000,34,WHIS,2.8753768029771143e-13,2.88004998539107e-13,-4.673182413955645e-16,4.673182413955645e-16
20230522_000000,34,YARD,3.121860192231707e-12,3.1413890586029503e-12,-1.9528866371243403e-14,1.9528866371243403e-14
20230522_000000,34,ZEMA,1.5721933754875295e-09,1.5738660374964297e-09,-1.6726620089002608e-12,1.6726620089002608e-12
20230522_000000,35,AEAC,8.795880135359369e-10,8.751607216694879e-10,4.427291866448968e-12,4.427291866448968e-12
20230522_000000,35,BRCA,2.717459571710719e-15,2.6762145728935916e-15,4.1244998817127274e-17,4.1244998817127274e-17
20230522_000000,35,BRMA,2.9814554201919237e-19,2.897139866378628e-19,8.43155538132958e-21,8.43155538132958e-21
20230522_000000,35,BUVI,0.0004605228314176202,0.0004615918733179569,-1.0690419003367424e-06,1.0690419003367424e-06
20230522_000000,35,CAGU,1.6162223559490485e-08,1.581487296675732e-08,3.473505927331644e-10,3.473505927331644e-10
20230522_000000,35,CALU,2.6070605940731184e-07,2.5920394364220556e-07,1.5021157651062822e-09,1.5021157651062822e-09
20230522_000000,35,CAUS,2.847809133150504e-14,2.7751277770454545e-14,7.268135610504975e-16,7.268135610504975e-16
20230522_000000,35,CCOO,2.9226687615343605e-15,2.830616608958552e-15,9.205215257580834e-17,9.205215257580834e-17
20230522_000000,35,CHFA,1.6740888342058448e-15,1.6379539851595027e-15,3.613484904634208e-17,3.613484904634208e-17
20230522_000000,35,CHMI,8.87361828461053e-09,8.750710378535587e-09,1.2290790607494273e-10,1.2290790607494273e-10
20230522_000000,35,CHMI_IRREG,1.5023557509152852e-08,1.4985763741037772e-08,3.779376811507973e-11,3.779376811507973e-11
20230522_000000,35,COAU,1.311588590692395e-15,1.2774660801704923e-15,3.4122510521902676e-17,3.4122510521902676e-17
20230522_000000,35,COAU2,5.581382253073974e-13,5.442006437497704e-13,1.3937581557627032e-14,1.3937581557627032e-14
20230522_000000,35,COCO,5.607095343584945e-10,5.538308700536732e-10,6.878664304821314e-12,6.878664304821314e-12
20230522_000000,35,CYST,5.029336756084968e-12,4.9220939823957366e-12,1.0724277368923119e-13,1.0724277368923119e-13
20230522_000000,35,DEFU,1.345158921139955e-06,1.3344551916816272e-06,1.070372945832787e-08,1.070372945832787e-08
20230522_000000,35,DOG,1.3806989995757135e-09,1.3701487722173056e-09,1.0550227358407938e-11,1.0550227358407938e-11
20230522_000000,35,DRPU,2.449772326413043e-22,2.4116058474232574e-22,3.816647898978574e-24,3.816647898978574e-24
20230522_000000,35,DRUM,4.1041087195381465e-10,4.0508704723940525e-10,5.3238247144093975e-12,5.3238247144093975e-12
20230522_000000,35,FLY,6.376100003535612e-08,6.305886302016006e-08,7.021370151960582e-10,7.021370151960582e-10
20230522_000000,35,FROG,2.8102344895586384e-09,2.769587670314877e-09,4.0646819243761456e-11,4.0646819243761456e-11
20230522_000000,35,GLGN,5.549878265287411e-12,5.481857155709147e-12,6.802110957826457e-14,6.802110957826457e-14
20230522_000000,35,HOSA,2.0399922107117163e-07,2.0259936661659594e-07,1.3998544545756886e-09,1.3998544545756886e-09
20230522_000000,35,HYPI,1.106703602729315e-15,1.0856612926162684e-15,2.104231011304655e-17,2.104231011304655e-17
20230522_000000,35,INSP,3.1777709352809325e-08,3.177603247195293e-08,1.6768808563938364e-12,1.6768808563938364e-12
20230522_000000,35,IXNA,4.46369226303478e-11,4.391317517948856e-11,7.237474508592356e-13,7.237474508592356e-13
20230522_000000,35,MEKE,7.528474554874265e-08,7.498186960219755e-08,3.028759465451003e-10,3.028759465451003e-10
20230522_000000,35,MYTO,1.0405395265699541e-17,9.970637407547795e-18,4.347578581517458e-19,4.347578581517458e-19
20230522_000000,35,NUCO,3.1757816383120027e-24,3.069065126699383e-24,1.0671651161261956e-25,1.0671651161261956e-25
20230522_000000,35,OCPR,4.135370865188115e-12,4.04780028939733e-12,8.75705757907852e-14,8.75705757907852e-14
20230522_000000,35,ORPI,3.763208494822479e-12,3.683357004818921e-12,7.98514900035574e-14,7.98514900035574e-14
20230522_000000,35,PAFA,1.2092335466284965e-10,1.2020459627670732e-10,7.187583861423263e-13,7.187583861423263e-13
20230522_000000,35,PECA,2.306683828862989e-14,2.2584879929773982e-14,4.819583588559079e-16,4.819583588559079e-16
20230522_000000,35,PHNU,2.323243153412591e-09,2.301242529867409e-09,2.2000623545181952e-11,2.2000623545181952e-11
20230522_000000,35,PIMA,1.53027301798362e-19,1.4774581821069628e-19,5.281483587665726e-21,5.281483587665726e-21
20230522_000000,35,POEC,1.0280002543661126e-11,9.972493317245146e-12,3.0750922641598066e-13,3.0750922641598066e-13
20230522_000000,35,PSFL,0.999537467956543,0.999536395072937,1.0728836059570312e-06,1.0728836059570312e-06
20230522_000000,35,SHOT,1.1894193963080113e-10,1.1731776661250137e-10,1.6241730182997571e-12,1.6241730182997571e-12
20230522_000000,35,SITT,1.2552327233184002e-10,1.2280919337026575e-10,2.7140789615742733e-12,2.7140789615742733e-12
20230522_000000,35,SPRU,2.0779310618088825e-13,2.0388420498337195e-13,3.908901197516301e-15,3.908901197516301e-15
20230522_000000,35,STOC,3.563389600752531e-12,3.555429171561708e-12,7.96042919082307e-15,7.96042919082307e-15
20230522_000000,35,STOC_IRREG,5.128007935818746e-14,5.109384053000876e-14,1.8623882817869752e-16,1.8623882817869752e-16
20230522_000000,35,STVA,1.3247645203051661e-09,1.3252230424143363e-09,-4.585221091701897e-13,4.585221091701897e-13
20230522_000000,35,STVA_IRREG,7.912349531125074e-08,7.908598576022996e-08,3.750955102077569e-11,3.750955102077569e-11
20230522_000000,35,TADO1,5.89566430326719e-17,5.78833530268272e-17,1.0732900058447049e-18,1.0732900058447049e-18
20230522_000000,35,TADO2,1.070557894720589e-13,1.0419107661059981e-13,2.86471286145909e-15,2.86471286145909e-15
20230522_000000,35,TAMI,6.584774839648623e-16,6.43824608070751e-16,1.4652875894111345e-17,1.4652875894111345e-17
20230522_000000,35,TUMI,1.3896527262247105e-09,1.3603006498996706e-09,2.935207632503989e-11,2.935207632503989e-11
20230522_000000,35,WHIS,4.991316469296278e-14,4.956465468088089e-14,3.4851001208188737e-16,3.4851001208188737e-16
20230522_000000,35,YARD,4.519417392406799e-12,4.475808612625087e-12,4.360877978171196e-14,4.360877978171196e-14
20230522_000000,35,ZEMA,3.8005484870318185e-10,3.7576280975670784e-10,4.292038946474008e-12,4.292038946474008e-12
20230522_000000,36,AEAC,4.503212386319788e-11,4.4947611604895243e-11,8.451225830263809e-14,8.451225830263809e-14
20230522_000000,36,BRCA,8.535914704253312e-16,8.51217925288447e-16,2.3735451368841597e-18,2.3735451368841597e-18
20230522_000000,36,BRMA,2.3679044903785092e-14,2.3103850240293114e-14,5.751946634919777e-16,5.751946634919777e-16
20230522_000000,36,BUVI,5.842217433382757e-06,5.873587269888958e-06,-3.1369836506200954e-08,3.1369836506200954e-08
20230522_000000,36,CAGU,8.841791895974893e-06,8.61985063238535e-06,2.2194126358954236e-07,2.2194126358954236e-07
20230522_000000,36,CALU,6.444507562264334e-06,6.501363259303616e-06,-5.685569703928195e-08,5.685569703928195e-08
20230522_000000,36,CAUS,6.933805613007493e-11,6.787722467427315e-11,1.460831455801781e-12,1.460831455801781e-12
20230522_000000,36,CCOO,5.958702975483732e-11,5.806399805408091e-11,1.5230317007564054e-12,1.5230317007564054e-12
20230522_000000,36,CHFA,5.852066877962137e-13,5.73332126132392e-13,1.1874561663821614e-14,1.1874561663821614e-14
20230522_000000,36,CHMI,4.154572366132925e-07,4.1249359128414653e-07,2.9636453291459475e-09,2.9636453291459475e-09
20230522_000000,36,CHMI_IRREG,1.6252288403961757e-08,1.6127353674733058e-08,1.2493472922869842e-10,1.2493472922869842e-10
20230522_000000,36,COAU,5.8936163241374295e-12,5.823366094892535e-12,7.025022924489477e-14,7.025022924489477e-14
20230522_000000,36,COAU2,2.347915195599626e-09,2.330359905045043e-09,1.7555290554582825e-11,1.7555290554582825e-11
20230522_000000,36,COCO,7.71103891850089e-09,7.700076132266531e-09,1.0962786234358646e-11,1.0962786234358646e-11
20230522_000000,36,CYST,1.9984494614710968e-10,1.979142127961353e-10,1.9307333509743785e-12,1.9307333509743785e-12
20230522_000000,36,DEFU,1.269723952646018e-06,1.2657648085223627e-06,3.959144123655278e-09,3.959144123655278e-09
20230522_000000,36,DOG,3.2096406088477636e-10,3.2036537311874724e-10,5.986877660291157e-13,5.986877660291157e-13
20230522_000000,36,DRPU,5.130608751992895e-20,5.0509131311476783e-20,7.969562084521643e-22,7.969562084521643e-22
20230522_000000,36,DRUM,9.802064715458414e-10,9.742868734008425e-10,5.919598144998872e-12,5.919598144998872e-12
20230522_000000,36,FLY,1.95435205796457e-08,1.9529176498167544e-08,1.4344081478157023e-11,1.4344081478157023e-11
20230522_000000,36,FROG,7.487606978884287e-09,7.468980101066336e-09,1.8626877817951026e-11,1.8626877817951026e-11
20230522_000000,36,GLGN,2.007509609935898e-12,2.0090957977142443e-12,-1.586187778346293e-15,1.586187778346293e-15
20230522_000000,36,HOSA,2.7060627871833276e-07,2.711573756641883e-07,-5.510969458555337e-10,5.510969458555337e-10
20230522_000000,36,HYPI,1.8144250750300184e-13,1.791331297705534e-13,2.3093777324484366e-15,2.3093777324484366e-15
20230522_000000,36,INSP,3.8215006159525444e-10,3.832940631554038e-10,-1.144001560149377e-12,1.144001560149377e-12
20230522_000000,36,IXNA,3.780224133720367e-09,3.7118281781545193e-09,6.839595556584754e-11,6.839595556584754e-11
20230522_000000,36,MEKE,3.387134739352149e-10,3.377548796201779e-10,9.585943150369758e-13,9.585943150369758e-13
20230522_000000,36,MYTO,5.906293232271764e-10,5.753782450490519e-10,1.5251078178124544e-11,1.5251078178124544e-11
20230522_000000,36,NUCO,3.264278656285096e-18,3.197480926689295e-18,6.679772959580092e-20,6.679772959580092e-20
20230522_000000,36,OCPR,2.894470441106023e-09,2.8627364923039522e-09,3.17339488020707e-11,3.17339488020707e-11
20230522_000000,36,ORPI,2.8527798179300845e-11,2.8340427227213638e-11,1.873709520872069e-13,1.873709520872069e-13
20230522_000000,36,PAFA,1.366864538221435e-10,1.3631780426681672e-10,3.6864955532678323e-13,3.6864955532678323e-13
20230522_000000,36,PECA,1.0493343390385879e-12,1.035899556238451e-12,1.343478280013688e-14,1.343478280013688e-14
20230522_000000,36,PHNU,7.477302332858926e-09,7.449346473009655e-09,2.7955859849271292e-11,2.7955859849271292e-11
20230522_000000,36,PIMA,1.8903371503211676e-14,1.8638119747647203e-14,2.6525175556447317e-16,2.6525175556447317e-16
20230522_000000,36,POEC,5.450089020087034e-07,5.370396252146747e-07,7.969276794028701e-09,7.969276794028701e-09
20230522_000000,36,PSFL,0.9999730587005615,0.9999732971191406,-2.384185791015625e-07,2.384185791015625e-07
20230522_000000,36,SHOT,5.950290260514635e-10,5.91398319205183e-10,3.630706846280418e-12,3.630706846280418e-12
20230522_000000,36,SITT,2.3471868004776297e-08,2.3120847458812932e-08,3.510205459633653e-10,3.510205459633653e-10
20230522_000000,36,SPRU,1.385904325329479e-11,1.3700196359323069e-11,1.5884689397172025e-13,1.5884689397172025e-13
20230522_000000,36,STOC,3.217281643665983e-15,3.2086414840875157e-15,8.64015957846749e-18,8.64015957846749e-18
20230522_000000,36,STOC_IRREG,1.789983481939204e-15,1.785094831284126e-15,4.8886506550781944e-18,4.8886506550781944e-18
20230522_000000,36,STVA,1.0713217639402028e-11,1.0706540688742994e-11,6.6769506590347305e-15,6.6769506590347305e-15
20230522_000000,36,STVA_IRREG,3.4281939509384074e-09,3.424593941758758e-09,3.6000091796495326e-12,3.6000091796495326e-12
20230522_000000,36,TADO1,3.6616721854870315e-15,3.615094690750465e-15,4.657749473656672e-17,4.657749473656672e-17
20230522_000000,36,TADO2,8.456546574109325e-11,8.358680414488617e-11,9.786615962070755e-13,9.786615962070755e-13
20230522_000000,36,TAMI,6.459023904782776e-15,6.378566362705458e-15,8.045754207731785e-17,8.045754207731785e-17
20230522_000000,36,TUMI,3.201387244189391e-06,3.1708450478618033e-06,3.054219632758759e-08,3.054219632758759e-08
20230522_000000,36,WHIS,2.72252546401001e-15,2.727245131592111e-15,-4.7196675821009615e-18,4.7196675821009615e-18
20230522_000000,36,YARD,6.251500510832952e-13,6.25907854191754e-13,-7.578031084587433e-16,7.578031084587433e-16
20230522_000000,36,ZEMA,5.549515361136237e-11,5.521495066718174e-11,2.8020294418062974e-13,2.8020294418062974e-13
20230522_000000,37,AEAC,5.687439408319506e-09,5.5939999299425835e-09,9.343947837692212e-11,9.343947837692212e-11
20230522_000000,37,BRCA,6.78052178206684e-14,6.82559884264064e-14,-4.507706057380045e-16,4.507706057380045e-16
20230522_000000,37,BRMA,2.0709469178167462e-17,2.082814643501167e-17,-1.1867725684420799e-19,1.1867725684420799e-19
20230522_000000,37,BUVI,0.0036031671334058046,0.003534839954227209,6.832717917859554e-05,6.832717917859554e-05
20230522_000000,37,CAGU,2.727855097361953e-08,2.7365679500235274e-08,-8.712852661574289e-11,8.712852661574289e-11
20230522_000000,37,CALU,1.3853897584681363e-08,1.3702472934085108e-08,1.5142465059625465e-10,1.5142465059625465e-10
20230522_000000,37,CAUS,6.90146561860977e-13,6.94729376023856e-13,-4.582814162878979e-15,4.582814162878979e-15
20230522_000000,37,CCOO,9.059883038556836e-15,9.099886710589762e-15,-4.0003672032926096e-17,4.0003672032926096e-17
20230522_000000,37,CHFA,8.492004029223704e-14,8.657973020161427e-14,-1.6596899093772322e-15,1.6596899093772322e-15
20230522_000000,37,CHMI,8.678149754359765e-09,8.657747407880834e-09,2.0402346478931577e-11,2.0402346478931577e-11
20230522_000000,37,CHMI_IRREG,2.718552494229698e-08,2.70947744240857e-08,9.075051821128e-11,9.075051821128e-11
20230522_000000,37,COAU,2.6037884278155496e-14,2.627019492240125e-14,-2.3231064424575343e-16,2.3231064424575343e-16
20230522_000000,37,COAU2,1.4332322221394245e-12,1.4463973638592642e-12,-1.3165141719839735e-14,1.3165141719839735e-14
20230522_000000,37,COCO,2.9246234323210274e-09,2.9260291967148078e-09,-1.4057643937803732e-12,1.4057643937803732e-12
20230522_000000,37,CYST,6.030477506246967e-11,6.068437419237682e-11,-3.7959912990714884e-13,3.7959912990714884e-13
20230522_000000,37,DEFU,1.0739925073721679e-06,1.0672707730918773e-06,6.721734280290548e-09,6.721734280290548e-09
20230522_000000,37,DOG,1.3484840799549147e-08,1.3485971450677425e-08,-1.1306511282782594e-12,1.1306511282782594e-12
20230522_000000,37,DRPU,2.099636264693758e-20,2.0999401566336433e-20,-3.038919398852041e-24,3.038919398852041e-24
20230522_000000,37,DRUM,2.632398521384971e-09,2.650904384893238e-09,-1.8505863508266884e-11,1.8505863508266884e-11
20230522_000000,37,FLY,2.764534769994498e-07,2.7600111707215547e-07,4.523599272943102e-10,4.523599272943102e-10
20230522_000000,37,FROG,1.0341355327625479e-08,1.0165794428473873e-08,1.7556089915160555e-10,1.7556089915160555e-10
20230522_000000,37,GLGN,1.5897701557965327e-11,1.5888604668057305e-11,9.096889908022376e-15,9.096889908022376e-15
20230522_000000,37,HOSA,2.0360793939744326e-07,2.030488701620925e-07,5.59069235350762e-10,5.59069235350762e-10
20230522_000000,37,HYPI,4.765252354223346e-15,4.786804684049758e-15,-2.1552329826412045e-17,2.1552329826412045e-17
20230522_000000,37,INSP,4.366482926343451e-07,4.30816868401962e-07,5.831424232383142e-09,5.831424232383142e-09
20230522_000000,37,IXNA,5.266343472420942e-10,5.293291360786156e-10,-2.6947888365214112e-12,2.6947888365214112e-12
20230522_000000,37,MEKE,2.4397490960836876e-07,2.390677877883718e-07,4.9071218199969735e-09,4.9071218199969735e-09
20230522_000000,37,MYTO,1.747528231859128e-17,1.7721653100956524e-17,-2.4637078236524397e-19,2.4637078236524397e-19
20230522_000000,37,NUCO,5.074557294290585e-23,5.183731857040828e-23,-1.0917456275024297e-24,1.0917456275024297e-24
20230522_000000,37,OCPR,4.5532128414849105e-12,4.572611386755021e-12,-1.9398545270110645e-14,1.9398545270110645e-14
20230522_000000,37,ORPI,3.836657033740032e-11,3.849850993553616e-11,-1.31939598135844e-13,1.31939598135844e-13
20230522_000000,37,PAFA,1.18687248917837e-09,1.2000980209592171e-09,-1.3225531780847177e-11,1.3225531780847177e-11
20230522_000000,37,PECA,3.110906172422434e-13,3.127301748725303e-13,-1.639557630286892e-15,1.639557630286892e-15
20230522_000000,37,PHNU,3.4129257642234734e-08,3.401831349947315e-08,1.1094414276158204e-10,1.1094414276158204e-10
20230522_000000,37,PIMA,5.443679333524232e-18,5.57462161090107e-18,-1.30942277376838e-19,1.30942277376838e-19
20230522_000000,37,POEC,2.108007128229228e-12,2.129436817849273e-12,-2.142968962004499e-14,2.142968962004499e-14
20230522_000000,37,PSFL,0.9963927865028381,0.9964610934257507,-6.830692291259766e-05,6.830692291259766e-05
20230522_000000,37,SHOT,6.857266837689835e-11,6.871667818098004e-11,-1.4400980408169062e-13,1.4400980408169062e-13
20230522_000000,37,SITT,1.3846229718339487e-09,1.3849026370138517e-09,-2.7966517990307693e-13,2.7966517990307693e-13
20230522_000000,37,SPRU,3.0374355374646056e-12,3.0694904083750085e-12,-3.205487091040293e-14,3.205487091040293e-14
20230522_000000,37,STOC,5.245151535326897e-10,5.117620771599718e-10,1.2753076372717942e-11,1.2753076372717942e-11
20230522_000000,37,STOC_IRREG,4.296898774291957e-12,4.235916738898338e-12,6.098203539361968e-14,6.098203539361968e-14
20230522_000000,37,STVA,8.01120663140864e-08,7.831987858253342e-08,1.7921877315529855e-09,1.7921877315529855e-09
20230522_000000,37,STVA_IRREG,1.5678368754379335e-06,1.5603011433995562e-06,7.535732038377319e-09,7.535732038377319e-09
20230522_000000,37,TADO1,1.602101092205478e-15,1.6226316885392645e-15,-2.0530596333786545e-17,2.0530596333786545e-17
20230522_000000,37,TADO2,3.4872692841053654e-12,3.4762518384690022e-12,1.1017445636363199e-14,1.1017445636363199e-14
20230522_000000,37,TAMI,1.7711172629951248e-14,1.7888663301850703e-14,-1.774906718994551e-16,1.774906718994551e-16
20230522_000000,37,TUMI,4.504312034470104e-09,4.528993180485941e-09,-2.468114601583693e-11,2.468114601583693e-11
20230522_000000,37,WHIS,2.639634387804901e-12,2.6115051961206337e-12,2.8129191684267418e-14,2.8129191684267418e-14
20230522_000000,37,YARD,4.545629064128809e-12,4.5532904703604604e-12,-7.661406231651569e-15,7.661406231651569e-15
20230522_000000,37,ZEMA,5.501993083356638e-09,5.5005129340202075e-09,1.4801493364302587e-12,1.4801493364302587e-12
20230522_000000,38,AEAC,5.589770444203168e-05,5.563336526392959e-05,2.6433917810209095e-07,2.6433917810209095e-07
20230522_000000,38,BRCA,9.004910594967441e-08,8.934804185400935e-08,7.010640956650604e-10,7.010640956650604e-10
20230522_000000,38,BRMA,3.3411926003701353e-11,3.25919811972053e-11,8.199448064960535e-13,8.199448064960535e-13
20230522_000000,38,BUVI,0.1327812820672989,0.1332041323184967,-0.00042285025119781494,0.00042285025119781494
20230522_000000,38,CAGU,3.9756887417752296e-05,3.890036168741062e-05,8.565257303416729e-07,8.565257303416729e-07
20230522_000000,38,CALU,0.13572263717651367,0.13475635647773743,0.0009662806987762451,0.0009662806987762451
20230522_000000,38,CAUS,1.2289720530134218e-07,1.214223885881438e-07,1.4748167131983791e-09,1.4748167131983791e-09
20230522_000000,38,CCOO,1.88208364448883e-08,1.8431732584645033e-08,3.8910386024326726e-10,3.8910386024326726e-10
20230522_000000,38,CHFA,1.1728683801948137e-08,1.163226581724075e-08,9.64179847073865e-11,9.64179847073865e-11
20230522_000000,38,CHMI,9.123158088186756e-05,9.043768659466878e-05,7.93894287198782e-07,7.93894287198782e-07
20230522_000000,38,CHMI_IRREG,0.0001370971294818446,0.0001363087067147717,7.88422767072916e-07,7.88422767072916e-07
20230522_000000,38,COAU,4.3116099135431796e-08,4.27433057836879e-08,3.7279335174389416e-10,3.7279335174389416e-10
20230522_000000,38,COAU2,5.30977501966845e-07,5.266276161819405e-07,4.3498857849044725e-09,4.3498857849044725e-09
20230522_000000,38,COCO,0.0002463875280227512,0.0002453502966091037,1.0372314136475325e-06,1.0372314136475325e-06
20230522_000000,38,CYST,1.887407734102453e-06,1.877516751846997e-06,9.890982255456038e-09,9.890982255456038e-09
20230522_000000,38,DEFU,0.001312966225668788,0.0013102437369525433,2.7224887162446976e-06,2.7224887162446976e-06
20230522_000000,38,DOG,0.0001505239197285846,0.0001511036098236218,-5.796900950372219e-07,5.796900950372219e-07
20230522_000000,38,DRPU,5.38798226954601e-13,5.30623234153843e-13,8.174992800757952e-15,8.174992800757952e-15
20230522_000000,38,DRUM,5.006076753488742e-05,5.013020563637838e-05,-6.943810149095953e-08,6.943810149095953e-08
20230522_000000,38,FLY,0.0012060020817443728,0.0012063395697623491,-3.3748801797628403e-07,3.3748801797628403e-07
20230522_000000,38,FROG,0.000517571868840605,0.000515915744472295,1.6561243683099747e-06,1.6561243683099747e-06
20230522_000000,38,GLGN,1.5271202755684499e-06,1.5209436696750345e-06,6.176605893415399e-09,6.176605893415399e-09
20230522_000000,38,HOSA,0.0026301294565200806,0.0026401751674711704,-1.0045710951089859e-05,1.0045710951089859e-05
20230522_000000,38,HYPI,1.8585565442208463e-07,1.832446372418417e-07,2.611017180242925e-09,2.611017180242925e-09
20230522_000000,38,INSP,0.0020929360762238503,0.002106750849634409,-1.38147734105587e-05,1.38147734105587e-05
20230522_000000,38,IXNA,4.904877187072998e-06,4.88083423988428e-06,2.4042947188718244e-08,2.4042947188718244e-08
20230522_000000,38,MEKE,0.0028538701590150595,0.0028567961417138577,-2.9259826987981796e-06,2.9259826987981796e-06
20230522_000000,38,MYTO,6.419578063576736e-11,6.180142508860342e-11,2.39435554716394e-12,2.39435554716394e-12
20230522_000000,38,NUCO,1.495252896109231e-13,1.4520855221369922e-13,4.31673739722388e-15,4.31673739722388e-15
20230522_000000,38,OCPR,4.483585200887319e-07,4.409396581195324e-07,7.418861969199497e-09,7.418861969199497e-09
20230522_000000,38,ORPI,4.627235284715425e-06,4.587761395669077e-06,3.947388904634863e-08,3.947388904634863e-08
20230522_000000,38,PAFA,2.0906099962303415e-05,2.1009960619267076e-05,-1.0386065696366131e-07,1.0386065696366131e-07
20230522_000000,38,PECA,1.3773683349427301e-07,1.3644674368151755e-07,1.2900898127554683e-09,1.2900898127554683e-09
20230522_000000,38,PHNU,2.6231829906464554e-05,2.5929863113560714e-05,3.0196679290384054e-07,3.0196679290384054e-07
20230522_000000,38,PIMA,2.938704835031558e-11,2.8891257441987506e-11,4.957909083280754e-13,4.957909083280754e-13
20230522_000000,38,POEC,1.004027399176266e-05,9.816304554988164e-06,2.23969436774496e-07,2.23969436774496e-07
20230522_000000,38,PSFL,0.7148997783660889,0.7153720259666443,-0.0004722476005554199,0.0004722476005554199
20230522_000000,38,SHOT,0.00012860489368904382,0.0001280550641240552,5.498295649886131e-07,5.498295649886131e-07
20230522_000000,38,SITT,6.5836238718475215e-06,6.530916834890377e-06,5.270703695714474e-08,5.270703695714474e-08
20230522_000000,38,SPRU,1.2259760069355252e-06,1.2231596429046476e-06,2.816364030877594e-09,2.816364030877594e-09
20230522_000000,38,STOC,3.4851495001930743e-05,3.501475293887779e-05,-1.632579369470477e-07,1.632579369470477e-07
20230522_000000,38,STOC_IRREG,3.03475985674595e-06,3.0494115890178364e-06,-1.465173227188643e-08,1.465173227188643e-08
20230522_000000,38,STVA,0.0011333717266097665,0.0011427266290411353,-9.354902431368828e-06,9.354902431368828e-06
20230522_000000,38,STVA_IRREG,0.003781189676374197,0.003824664279818535,-4.3474603444337845e-05,4.3474603444337845e-05
20230522_000000,38,TADO1,4.2120986698535035e-09,4.192151514814668e-09,1.9947155038835263e-11,1.9947155038835263e-11
20230522_000000,38,TADO2,9.317861326962884e-07,9.194934023071255e-07,1.2292730389162898e-08,1.2292730389162898e-08
20230522_000000,38,TAMI,1.8625780029424277e-08,1.843426389314118e-08,1.915161362830986e-10,1.915161362830986e-10
20230522_000000,38,TUMI,2.166609192499891e-05,2.1421566998469643e-05,2.4452492652926594e-07,2.4452492652926594e-07
20230522_000000,38,WHIS,2.2919150524103316e-06,2.283233015987207e-06,8.682036423124373e-09,8.682036423124373e-09
20230522_000000,38,YARD,7.533211373811355e-06,7.553667273896281e-06,-2.0455900084925815e-08,2.0455900084925815e-08
20230522_000000,38,ZEMA,1.8921304217656143e-05,1.8800761608872563e-05,1.2054260878358036e-07,1.2054260878358036e-07
20230522_000000,39,AEAC,4.579213952471406e-10,4.5682685412273827e-10,1.0945411244023262e-12,1.0945411244023262e-12
20230522_000000,39,BRCA,8.405847395367375e-15,8.447883946473712e-15,-4.203655110633642e-17,4.203655110633642e-17
20230522_000000,39,BRMA,8.391349750668557e-19,8.354575885573864e-19,3.677386509469338e-21,3.677386509469338e-21
20230522_000000,39,BUVI,0.013038831762969494,0.013118166476488113,-7.933471351861954e-05,7.933471351861954e-05
20230522_000000,39,CAGU,2.185034730928237e-08,2.170290969161215e-08,1.474376176702208e-10,1.474376176702208e-10
20230522_000000,39,CALU,0.00010536865738686174,0.00010625987488310784,-8.912174962460995e-07,8.912174962460995e-07
20230522_000000,39,CAUS,5.478963094850131e-13,5.490274576115672e-13,-1.1311481265541268e-15,1.1311481265541268e-15
20230522_000000,39,CCOO,5.233208072615014e-14,5.217653498384815e-14,1.555457423019907e-16,1.555457423019907e-16
20230522_000000,39,CHFA,3.084917372009506e-14,3.1154840805704825e-14,-3.0566708560976485e-16,3.0566708560976485e-16
20230522_000000,39,CHMI,1.7393256612763253e-08,1.7379537808892564e-08,1.3718803870688134e-11,1.3718803870688134e-11
20230522_000000,39,CHMI_IRREG,6.382145301131459e-08,6.365227278593011e-08,1.6918022538447985e-10,1.6918022538447985e-10
20230522_000000,39,COAU,2.1860294065374763e-13,2.2050510560273767e-13,-1.902164948990037e-15,1.902164948990037e-15
20230522_000000,39,COAU2,9.707527316715758e-12,9.803321349144412e-12,-9.579403242865325e-14,9.579403242865325e-14
20230522_000000,39,COCO,8.598060041720146e-09,8.637597304073097e-09,-3.9537262352951075e-11,3.9537262352951075e-11
20230522_000000,39,CYST,1.1549482203943029e-10,1.1586711451405662e-10,-3.722924746263345e-13,3.722924746263345e-13
20230522_000000,39,DEFU,3.9136625673563685e-06,3.941836439480539e-06,-2.8173872124170884e-08,2.8173872124170884e-08
20230522_000000,39,DOG,1.3144153321320573e-08,1.3227960948825057e-08,-8.380762750448412e-11,8.380762750448412e-11
20230522_000000,39,DRPU,7.243922738920901e-21,7.229530280938619e-21,1.4392457982282514e-23,1.4392457982282514e-23
20230522_000000,39,DRUM,2.3224053791182087e-09,2.339135329876285e-09,-1.6729950758076484e-11,1.6729950758076484e-11
20230522_000000,39,FLY,5.961589408798318e-07,6.00344776557904e-07,-4.185835678072181e-09,4.185835678072181e-09
20230522_000000,39,FROG,7.897435239101469e-08,7.902185927832761e-08,-4.75068873129203e-11,4.75068873129203e-11
20230522_000000,39,GLGN,3.6148813976899508e-12,3.622558416432886e-12,-7.67701874293536e-15,7.67701874293536e-15
20230522_000000,39,HOSA,1.2767919770340086e-06,1.287500367652683e-06,-1.0708390618674457e-08,1.0708390618674457e-08
20230522_000000,39,HYPI,1.091231055169728e-13,1.0935466399596139e-13,-2.315584789885916e-16,2.315584789885916e-16
20230522_000000,39,INSP,3.5487403238221304e-07,3.5795989106190973e-07,-3.0858586796966847e-09,3.0858586796966847e-09
20230522_000000,39,IXNA,2.3827170791967944e-10,2.391857267802777e-10,-9.140188605982758e-13,9.140188605982758e-13
20230522_000000,39,MEKE,2.9284939273566124e-07,2.939052308192913e-07,-1.0558380836300785e-09,1.0558380836300785e-09
20230522_000000,39,MYTO,2.0715164812993257e-16,2.0734428195098392e-16,-1.9263382105134908e-19,1.9263382105134908e-19
20230522_000000,39,NUCO,4.243835895341691e-22,4.2293185827662174e-22,1.4517312575473654e-24,1.4517312575473654e-24
20230522_000000,39,OCPR,1.0764986992095604e-11,1.0779870052157747e-11,-1.4883060062143016e-14,1.4883060062143016e-14
20230522_000000,39,ORPI,3.598990896969134e-11,3.609690671368959e-11,-1.0699774399824946e-13,1.0699774399824946e-13
20230522_000000,39,PAFA,3.2882230271980006e-09,3.329302611376761e-09,-4.107958417876034e-11,4.107958417876034e-11
20230522_000000,39,PECA,3.4743741087264746e-13,3.488752526887434e-13,-1.4378418160959638e-15,1.4378418160959638e-15
20230522_000000,39,PHNU,2.4715463009528094e-09,2.4481685567678824e-09,2.3377744184926996e-11,2.3377744184926996e-11
20230522_000000,39,PIMA,7.181500394099897e-19,7.2183497394254855e-19,-3.6849345325588846e-21,3.6849345325588846e-21
20230522_000000,39,POEC,1.4007170978658223e-09,1.410145777924754e-09,-9.428680058931604e-12,9.428680058931604e-12
20230522_000000,39,PSFL,0.9868488311767578,0.9867685437202454,8.028745651245117e-05,8.028745651245117e-05
20230522_000000,39,SHOT,1.2496939483241931e-08,1.2607050514645834e-08,-1.1011103140390333e-10,1.1011103140390333e-10
20230522_000000,39,SITT,4.090285443680841e-09,4.121645247323613e-09,-3.135980364277202e-11,3.135980364277202e-11
20230522_000000,39,SPRU,4.9918055800013406e-12,5.038603648893636e-12,-4.679806889229532e-14,4.679806889229532e-14
20230522_000000,39,STOC,1.7138833754981597e-11,1.734619566040596e-11,-2.0736190542436361e-13,2.0736190542436361e-13
20230522_000000,39,STOC_IRREG,3.2646566114520603e-13,3.29897974172752e-13,-3.4323130275459857e-15,3.4323130275459857e-15
20230522_000000,39,STVA,6.517683281970221e-09,6.594490731259839e-09,-7.680744928961758e-11,7.680744928961758e-11
20230522_000000,39,STVA_IRREG,3.0707070663993363e-07,3.0995778388387407e-07,-2.887077243940439e-09,2.887077243940439e-09
20230522_000000,39,TADO1,6.863057985348367e-16,6.893144066239248e-16,-3.0086080890880714e-18,3.0086080890880714e-18
20230522_000000,39,TADO2,1.5801112154822938e-11,1.5799495392543328e-11,1.6167622796103842e-15,1.6167622796103842e-15
20230522_000000,39,TAMI,3.855677882275577e-15,3.872683339241128e-15,-1.700545696555096e-17,1.700545696555096e-17
20230522_000000,39,TUMI,1.4237477863332515e-08,1.424463036414636e-08,-7.1525008138451085e-12,7.1525008138451085e-12
20230522_000000,39,WHIS,2.3479395511172285e-13,2.368753793374062e-13,-2.0814242256833593e-15,2.0814242256833593e-15
20230522_000000,39,YARD,2.860977253715813e-11,2.9035896950690976e-11,-4.261244135328468e-13,4.261244135328468e-13
20230522_000000,39,ZEMA,1.601005994444904e-09,1.602861732230565e-09,-1.855737785660949e-12,1.855737785660949e-12
20230522_000000,4,AEAC,2.6889890314407694e-10,2.6799448771264167e-10,9.044154314352681e-13,9.044154314352681e-13
20230522_000000,4,BRCA,2.416282084976202e-17,2.4530021212925334e-17,-3.6720036316331494e-19,3.6720036316331494e-19
20230522_000000,4,BRMA,9.922247532352725e-22,9.842545570328008e-22,7.970196202471696e-24,7.970196202471696e-24
20230522_000000,4,BUVI,0.002600861480459571,0.00257143029011786,2.9431190341711044e-05,2.9431190341711044e-05
20230522_000000,4,CAGU,5.160801119785674e-09,5.075488918038218e-09,8.531220174745613e-11,8.531220174745613e-11
20230522_000000,4,CALU,0.00034142209915444255,0.00034122279612347484,1.993030309677124e-07,1.993030309677124e-07
20230522_000000,4,CAUS,7.013411627441925e-16,6.969161038090585e-16,4.425058935134075e-18,4.425058935134075e-18
20230522_000000,4,CCOO,1.7978430477172175e-16,1.7821640708168463e-16,1.5678976900371125e-18,1.5678976900371125e-18
20230522_000000,4,CHFA,6.8032284252327126e-18,6.8002906932872305e-18,2.9377319454820778e-21,2.9377319454820778e-21
20230522_000000,4,CHMI,1.181513020753755e-08,1.1684331724381991e-08,1.3079848315555864e-10,1.3079848315555864e-10
20230522_000000,4,CHMI_IRREG,1.0805877970199163e-08,1.0795240257266414e-08,1.06377129327484e-11,1.06377129327484e-11
20230522_000000,4,COAU,2.982846905486312e-16,2.9764110432739554e-16,6.435862212356581e-19,6.435862212356581e-19
20230522_000000,4,COAU2,4.006375038580895e-14,4.002613873481907e-14,3.761165098987995e-17,3.761165098987995e-17
20230522_000000,4,COCO,7.208155183846543e-10,7.169441706977864e-10,3.871347686867921e-12,3.871347686867921e-12
20230522_000000,4,CYST,4.120187806384845e-13,4.091007047013484e-13,2.918075937136111e-15,2.918075937136111e-15
20230522_000000,4,DEFU,2.9620350687764585e-06,2.939983005489921e-06,2.2052063286537305e-08,2.2052063286537305e-08
20230522_000000,4,DOG,2.8268759555416523e-10,2.8433069787503484e-10,-1.643102320869616e-12,1.643102320869616e-12
20230522_000000,4,DRPU,2.6958254501553767e-24,2.6936235421536786e-24,2.2019080016981492e-27,2.2019080016981492e-27
20230522_000000,4,DRUM,5.5416917582595815e-11,5.5474510401998245e-11,-5.759281940243e-14,5.759281940243e-14
20230522_000000,4,FLY,6.958848075555579e-08,6.922491024852206e-08,3.6357050703372806e-10,3.6357050703372806e-10
20230522_000000,4,FROG,2.0806957934382808e-08,2.0780605680670305e-08,2.6352253712502716e-11,2.6352253712502716e-11
20230522_000000,4,GLGN,5.63506706574568e-13,5.608299740410272e-13,2.6767325335408376e-15,2.6767325335408376e-15
20230522_000000,4,HOSA,4.2743360495478555e-07,4.307761969357671e-07,-3.342591980981524e-09,3.342591980981524e-09
20230522_000000,4,HYPI,1.0113770325376583e-15,1.009429809671039e-15,1.9472228666192297e-18,1.9472228666192297e-18
20230522_000000,4,INSP,3.419205540922121e-08,3.407744486594311e-08,1.1461054327810416e-10,1.1461054327810416e-10
20230522_000000,4,IXNA,9.029668505966537e-12,8.985695867935739e-12,4.3972638030798095e-14,4.3972638030798095e-14
20230522_000000,4,MEKE,1.9261716488472302e-07,1.9131006467887346e-07,1.307100205849565e-09,1.307100205849565e-09
20230522_000000,4,MYTO,3.248422276026702e-19,3.23707620145583e-19,1.1346074570871889e-21,1.1346074570871889e-21
20230522_000000,4,NUCO,6.745878549379373e-27,6.819639355133471e-27,-7.376080575409787e-29,7.376080575409787e-29
20230522_000000,4,OCPR,1.0608434432551189e-13,1.0622275628535682e-13,-1.384119598449307e-16,1.384119598449307e-16
20230522_000000,4,ORPI,2.352228383861038e-13,2.352424353403715e-13,-1.9596954267675493e-17,1.9596954267675493e-17
20230522_000000,4,PAFA,4.229314468084944e-11,4.242181259050959e-11,-1.2866790966015174e-13,1.2866790966015174e-13
20230522_000000,4,PECA,6.123767099589221e-16,6.121052888388863e-16,2.7142112003579986e-19,2.7142112003579986e-19
20230522_000000,4,PHNU,4.2248884946083365e-11,4.237757367242523e-11,-1.2868872634186346e-13,1.2868872634186346e-13
20230522_000000,4,PIMA,6.164080227306464e-23,6.178506915541146e-23,-1.4426688234681864e-25,1.4426688234681864e-25
20230522_000000,4,POEC,1.173950520128031e-10,1.16920348403049e-10,4.747036097541013e-13,4.747036097541013e-13
20230522_000000,4,PSFL,0.9970541000366211,0.9970837235450745,-2.962350845336914e-05,2.962350845336914e-05
20230522_000000,4,SHOT,1.4663324998664962e-09,1.4749622634369075e-09,-8.629763570411342e-12,8.629763570411342e-12
20230522_000000,4,SITT,3.254786370976426e-11,3.224420036529452e-11,3.036633444697401e-13,3.036633444697401e-13
20230522_000000,4,SPRU,1.1037734616548781e-14,1.1059557573401841e-14,-2.1822956853059794e-17,2.1822956853059794e-17
20230522_000000,4,STOC,1.0348870198295668e-12,1.0329475989834247e-12,1.9394208461420703e-15,1.9394208461420703e-15
20230522_000000,4,STOC_IRREG,2.055080145771035e-14,2.0725561295387857e-14,-1.7475983767750725e-16,1.7475983767750725e-16
20230522_000000,4,STVA,4.987802948441811e-10,4.956749455331533e-10,3.105349311027794e-12,3.105349311027794e-12
20230522_000000,4,STVA_IRREG,2.311715441294382e-08,2.326447656741948e-08,-1.4732215447565977e-10,1.4732215447565977e-10
20230522_000000,4,TADO1,9.687976557348625e-19,9.680876245765623e-19,7.100311583002051e-22,7.100311583002051e-22
20230522_000000,4,TADO2,1.5314296394051442e-14,1.5227834658927512e-14,8.646173512392996e-17,8.646173512392996e-17
20230522_000000,4,TAMI,8.30729734368763e-19,8.372253769239888e-19,-6.495642555225788e-21,6.495642555225788e-21
20230522_000000,4,TUMI,3.6972228056875167e-10,3.688077621077923e-10,9.14518460959357e-13,9.14518460959357e-13
20230522_000000,4,WHIS,3.1833514096231072e-15,3.200663916032038e-15,-1.7312506408930645e-17,1.7312506408930645e-17
20230522_000000,4,YARD,5.263474552041902e-12,5.298209787563124e-12,-3.47352355212216e-14,3.47352355212216e-14
20230522_000000,4,ZEMA,3.0297511461468973e-12,3.0161413731161213e-12,1.360977303077604e-14,1.360977303077604e-14
20230522_000000,40,AEAC,1.0231915439362638e-05,1.0245867997582536e-05,-1.3952558219898492e-08,1.3952558219898492e-08
20230522_000000,40,BRCA,2.5034101014398402e-08,2.537048082729143e-08,-3.3637981289302843e-10,3.3637981289302843e-10
20230522_000000,40,BRMA,7.495972592641564e-12,7.466732961092237e-12,2.923963154932707e-14,2.923963154932707e-14
20230522_000000,40,BUVI,0.11418627202510834,0.11287149786949158,0.0013147741556167603,0.0013147741556167603
20230522_000000,40,CAGU,1.3090751053823624e-05,1.2811525266442914e-05,2.7922578738071024e-07,2.7922578738071024e-07
20230522_000000,40,CALU,0.24777503311634064,0.24852325022220612,-0.0007482171058654785,0.0007482171058654785
20230522_000000,40,CAUS,4.066025027782416e-08,4.026971467396834e-08,3.9053560385582387e-10,3.9053560385582387e-10
20230522_000000,40,CCOO,7.508403676581565e-09,7.431097071020076e-09,7.730660556148905e-11,7.730660556148905e-11
20230522_000000,40,CHFA,7.797772205719866e-09,7.754743513999074e-09,4.302869172079227e-11,4.302869172079227e-11
20230522_000000,40,CHMI,2.1791767721879296e-05,2.1523674149648286e-05,2.680935722310096e-07,2.680935722310096e-07
20230522_000000,40,CHMI_IRREG,4.6109424147289246e-05,4.588815136230551e-05,2.2127278498373926e-07,2.2127278498373926e-07
20230522_000000,40,COAU,5.2905690495208546e-08,5.301881955688259e-08,-1.1312906167404435e-10,1.1312906167404435e-10
20230522_000000,40,COAU2,6.658805205006502e-07,6.672376002825331e-07,-1.3570797818829305e-09,1.3570797818829305e-09
20230522_000000,40,COCO,8.103360596578568e-05,8.063366112764925e-05,3.9994483813643456e-07,3.9994483813643456e-07
20230522_000000,40,CYST,1.0592264061415335e-06,1.0566988066784688e-06,2.527599463064689e-09,2.527599463064689e-09
20230522_000000,40,DEFU,0.0012018810957670212,0.001188785769045353,1.3095326721668243e-05,1.3095326721668243e-05
20230522_000000,40,DOG,6.055567428120412e-05,6.079539525671862e-05,-2.3972097551450133e-07,2.3972097551450133e-07
20230522_000000,40,DRPU,2.415761275915973e-13,2.420243638747571e-13,-4.482362831598197e-16,4.482362831598197e-16
20230522_000000,40,DRUM,1.981761488423217e-05,1.9837012587231584e-05,-1.9397702999413013e-08,1.9397702999413013e-08
20230522_000000,40,FLY,0.0009783579735085368,0.0009776792721822858,6.7870132625103e-07,6.7870132625103e-07
20230522_000000,40,FROG,0.0002437867660773918,0.00024235517776105553,1.4315883163362741e-06,1.4315883163362741e-06
20230522_000000,40,GLGN,4.306240271034767e-07,4.2968088109773817e-07,9.431460057385266e-10,9.431460057385266e-10
20230522_000000,40,HOSA,0.0017618320416659117,0.0017706118524074554,-8.77981074154377e-06,8.77981074154377e-06
20230522_000000,40,HYPI,3.443426876970079e-08,3.424439043442362e-08,1.8987833527717157e-10,1.8987833527717157e-10
20230522_000000,40,INSP,0.0007506483234465122,0.000742009375244379,8.638948202133179e-06,8.638948202133179e-06
20230522_000000,40,IXNA,2.057213578154915e-06,2.0417180621734587e-06,1.5495515981456265e-08,1.5495515981456265e-08
20230522_000000,40,MEKE,0.0005173625540919602,0.0005124810850247741,4.881469067186117e-06,4.881469067186117e-06
20230522_000000,40,MYTO,3.870009313011735e-10,3.8406466895679614e-10,2.9362623443773828e-12,2.9362623443773828e-12
20230522_000000,40,NUCO,6.550254181289863e-14,6.647506438535455e-14,-9.725225724559194e-16,9.725225724559194e-16
20230522_000000,40,OCPR,2.828117260378349e-07,2.827704292940325e-07,4.129674380237702e-11,4.129674380237702e-11
20230522_000000,40,ORPI,9.333458592664101e-07,9.332737249678758e-07,7.213429853436537e-11,7.213429853436537e-11
20230522_000000,40,PAFA,5.2188264817232266e-05,5.2539220632752404e-05,-3.5095581552013755e-07,3.5095581552013755e-07
20230522_000000,40,PECA,1.100702462508707e-07,1.1016189915835639e-07,-9.165290748569532e-11,9.165290748569532e-11
20230522_000000,40,PHNU,3.3561495911271777e-06,3.37432334163168e-06,-1.8173750504502095e-08,1.8173750504502095e-08
20230522_000000,40,PIMA,8.23767876828585e-12,8.301209546146548e-12,-6.35307778606986e-14,6.35307778606986e-14
20230522_000000,40,POEC,1.159202292910777e-05,1.1484329661470838e-05,1.0769326763693243e-07,1.0769326763693243e-07
20230522_000000,40,PSFL,0.6314589381217957,0.6320444941520691,-0.0005855560302734375,0.0005855560302734375
20230522_000000,40,SHOT,7.319422002183273e-05,7.348208600888029e-05,-2.8786598704755306e-07,2.8786598704755306e-07
20230522_000000,40,SITT,1.2849532140535302e-05,1.2735729796986561e-05,1.1380234354874119e-07,1.1380234354874119e-07
20230522_000000,40,SPRU,4.5917656166238885e-07,4.6037752099437057e-07,-1.2009593319817213e-09,1.2009593319817213e-09
20230522_000000,40,STOC,2.056101493508322e-06,2.0284624042687938e-06,2.7639089239528403e-08,2.7639089239528403e-08
20230522_000000,40,STOC_IRREG,1.6026341143060563e-07,1.6045224526806123e-07,-1.8883383745560423e-10,1.8883383745560423e-10
20230522_000000,40,STVA,9.112503903452307e-05,9.058073192136362e-05,5.443071131594479e-07,5.443071131594479e-07
20230522_000000,40,STVA_IRREG,0.0005878480733372271,0.000589992618188262,-2.1445448510348797e-06,2.1445448510348797e-06
20230522_000000,40,TADO1,4.021196153836115e-10,4.044016232995773e-10,-2.282007915965778e-12,2.282007915965778e-12
20230522_000000,40,TADO2,7.414618607981538e-07,7.37230550384993e-07,4.231310413160827e-09,4.231310413160827e-09
20230522_000000,40,TAMI,3.971833972826744e-09,4.026039945870252e-09,-5.420597304350849e-11,5.420597304350849e-11
20230522_000000,40,TUMI,2.1399564502644353e-05,2.1303207176970318e-05,9.635732567403466e-08,9.635732567403466e-08
20230522_000000,40,WHIS,2.1812144268551492e-07,2.1745741207723768e-07,6.64030608277244e-10,6.64030608277244e-10
20230522_000000,40,YARD,5.579105163633358e-06,5.614282599708531e-06,-3.517743607517332e-08,3.517743607517332e-08
20230522_000000,40,ZEMA,4.7146704673650675e-06,4.706206709670369e-06,8.46375769469887e-09,8.46375769469887e-09
20230522_000000,41,AEAC,0.007470652926713228,0.007510720286518335,-4.006735980510712e-05,4.006735980510712e-05
20230522_000000,41,BRCA,8.302176865981892e-05,8.623088797321543e-05,-3.2091193133965135e-06,3.2091193133965135e-06
20230522_000000,41,BRMA,6.884938841267285e-09,6.958864151584976e-09,-7.392531031769067e-11,7.392531031769067e-11
20230522_000000,41,BUVI,0.5896903872489929,0.5832810997962952,0.006409287452697754,0.006409287452697754
20230522_000000,41,CAGU,0.0001398840977344662,0.00013836279686074704,1.5213008737191558e-06,1.5213008737191558e-06
20230522_000000,41,CALU,0.03684169054031372,0.037941258400678635,-0.001099567860364914,0.001099567860364914
20230522_000000,41,CAUS,5.162906290934188e-06,5.181891538086347e-06,-1.898524715215899e-08,1.898524715215899e-08
20230522_000000,41,CCOO,9.809250514081214e-07,9.944915291271172e-07,-1.3566477718995884e-08,1.3566477718995884e-08
20230522_000000,41,CHFA,1.7345120113532175e-06,1.7556992588652065e-06,-2.118724751198897e-08,2.118724751198897e-08
20230522_000000,41,CHMI,0.00037206182605586946,0.00037527643144130707,-3.2146053854376078e-06,3.2146053854376078e-06
20230522_000000,41,CHMI_IRREG,0.0005291812703944743,0.0005404743133112788,-1.1293042916804552e-05,1.1293042916804552e-05
20230522_000000,41,COAU,6.077139914850704e-06,6.186878181324573e-06,-1.0973826647386886e-07,1.0973826647386886e-07
20230522_000000,41,COAU2,3.002797529916279e-05,3.0648090614704415e-05,-6.20115315541625e-07,6.20115315541625e-07
20230522_000000,41,COCO,0.025943083688616753,0.026019971817731857,-7.688812911510468e-05,7.688812911510468e-05
20230522_000000,41,CYST,6.875602412037551e-05,6.939877494005486e-05,-6.427508196793497e-07,6.427508196793497e-07
20230522_000000,41,DEFU,0.0055062975734472275,0.005509485024958849,-3.1874515116214752e-06,3.1874515116214752e-06
20230522_000000,41,DOG,0.0022853210102766752,0.002338054357096553,-5.2733346819877625e-05,5.2733346819877625e-05
20230522_000000,41,DRPU,1.9985322285975826e-09,2.0537980205403983e-09,-5.526579194281567e-11,5.526579194281567e-11
20230522_000000,41,DRUM,0.0009714577463455498,0.000987286795862019,-1.582904951646924e-05,1.582904951646924e-05
20230522_000000,41,FLY,0.005939384922385216,0.005977592431008816,-3.8207508623600006e-05,3.8207508623600006e-05
20230522_000000,41,FROG,0.014103899709880352,0.014189834706485271,-8.593499660491943e-05,8.593499660491943e-05
20230522_000000,41,GLGN,0.001105724717490375,0.0011182709131389856,-1.2546195648610592e-05,1.2546195648610592e-05
20230522_000000,41,HOSA,0.013307398185133934,0.013622000813484192,-0.0003146026283502579,0.0003146026283502579
20230522_000000,41,HYPI,1.4418506907531992e-05,1.4678029401693493e-05,-2.5952249416150153e-07,2.5952249416150153e-07
20230522_000000,41,INSP,0.01659560203552246,0.016516223549842834,7.937848567962646e-05,7.937848567962646e-05
20230522_000000,41,IXNA,6.755051435902715e-05,6.778571696486324e-05,-2.3520260583609343e-07,2.3520260583609343e-07
20230522_000000,41,MEKE,0.019217591732740402,0.019070131704211235,0.00014746002852916718,0.00014746002852916718
20230522_000000,41,MYTO,2.69492628213186e-09,2.7456186213470346e-09,-5.06923392151748e-11,5.06923392151748e-11
20230522_000000,41,NUCO,7.946863306296237e-11,8.315677313408543e-11,-3.688140071123058e-12,3.688140071123058e-12
20230522_000000,41,OCPR,2.033693999692332e-05,2.0768746253452264e-05,-4.318062565289438e-07,4.318062565289438e-07
20230522_000000,41,ORPI,0.0002583967288956046,0.0002630108210723847,-4.614092176780105e-06,4.614092176780105e-06
20230522_000000,41,PAFA,0.0002889614552259445,0.00029473743052221835,-5.7759752962738276e-06,5.7759752962738276e-06
20230522_000000,41,PECA,2.953304283437319e-05,3.008423482242506e-05,-5.51191988051869e-07,5.51191988051869e-07
20230522_000000,41,PHNU,0.0015959924785420299,0.0016486829845234752,-5.269050598144531e-05,5.269050598144531e-05
20230522_000000,41,PIMA,2.243948848956734e-08,2.3193315712433105e-08,-7.538272228657661e-10,7.538272228657661e-10
20230522_000000,41,POEC,8.213325600081589e-06,8.360043466382194e-06,-1.4671786630060524e-07,1.4671786630060524e-07
20230522_000000,41,PSFL,0.20235414803028107,0.2071915715932846,-0.00483742356300354,0.00483742356300354
20230522_000000,41,SHOT,0.0005432416219264269,0.000557383056730032,-1.414143480360508e-05,1.414143480360508e-05
20230522_000000,41,SITT,4.1368322854395956e-05,4.162697587162256e-05,-2.586530172266066e-07,2.586530172266066e-07
20230522_000000,41,SPRU,9.581891936250031e-05,9.745833813212812e-05,-1.6394187696278095e-06,1.6394187696278095e-06
20230522_000000,41,STOC,0.011521711945533752,0.011377391405403614,0.0001443205401301384,0.0001443205401301384
20230522_000000,41,STOC_IRREG,0.00029947259463369846,0.00030224124202504754,-2.7686473913490772e-06,2.7686473913490772e-06
20230522_000000,41,STVA,0.02429245598614216,0.024174591526389122,0.0001178644597530365,0.0001178644597530365
20230522_000000,41,STVA_IRREG,0.016502052545547485,0.016707206144928932,-0.00020515359938144684,0.00020515359938144684
20230522_000000,41,TADO1,1.98274801732623e-06,2.023703927989118e-06,-4.095591066288762e-08,4.095591066288762e-08
20230522_000000,41,TADO2,0.00021296445629559457,0.00021621106134261936,-3.2466050470247865e-06,3.2466050470247865e-06
20230522_000000,41,TAMI,3.450030635576695e-05,3.5592776839621365e-05,-1.092470483854413e-06,1.092470483854413e-06
20230522_000000,41,TUMI,0.00011233628174522892,0.00011362987424945459,-1.2935925042256713e-06,1.2935925042256713e-06
20230522_000000,41,WHIS,0.0010080852080136538,0.0010091920848935843,-1.1068768799304962e-06,1.1068768799304962e-06
20230522_000000,41,YARD,0.0002705196966417134,0.0002751856518443674,-4.665955202654004e-06,4.665955202654004e-06
20230522_000000,41,ZEMA,0.0002106739120790735,0.00021409295732155442,-3.4190452424809337e-06,3.4190452424809337e-06
20230522_000000,42,AEAC,4.4697685552819166e-08,4.476984827306296e-08,-7.216272024379577e-11,7.216272024379577e-11
20230522_000000,42,BRCA,1.3915452991286603e-12,1.4058278196074636e-12,-1.4282520478803296e-14,1.4282520478803296e-14
20230522_000000,42,BRMA,2.1812093655511258e-16,2.1470603058402826e-16,3.4149059710843178e-18,3.4149059710843178e-18
20230522_000000,42,BUVI,0.2036377340555191,0.20419074594974518,-0.0005530118942260742,0.0005530118942260742
20230522_000000,42,CAGU,3.893241569130623e-07,3.8551954162358015e-07,3.804615289482172e-09,3.804615289482172e-09
20230522_000000,42,CALU,0.00013589733862318099,0.00013686208694707602,-9.647483238950372e-07,9.647483238950372e-07
20230522_000000,42,CAUS,2.6575868242173506e-11,2.642225847837576e-11,1.5360976379774627e-13,1.5360976379774627e-13
20230522_000000,42,CCOO,5.204669594610634e-12,5.177656480642723e-12,2.701311396791084e-14,2.701311396791084e-14
20230522_000000,42,CHFA,2.646679099840843e-12,2.646627708657867e-12,5.139118297581291e-17,5.139118297581291e-17
20230522_000000,42,CHMI,1.034945512401464e-06,1.0321250556444284e-06,2.820456757035572e-09,2.820456757035572e-09
20230522_000000,42,CHMI_IRREG,1.3812801853418932e-06,1.3745344631388434e-06,6.745722203049809e-09,6.745722203049809e-09
20230522_000000,42,COAU,1.9615411725459886e-11,1.9591210598246533e-11,2.4201127213352436e-14,2.4201127213352436e-14
20230522_000000,42,COAU2,7.300646198693528e-10,7.296508952592262e-10,4.137246101265646e-13,4.137246101265646e-13
20230522_000000,42,COCO,2.793408100387751e-07,2.805814176554122e-07,-1.240607616637135e-09,1.240607616637135e-09
20230522_000000,42,CYST,3.933255499077859e-09,3.941003967611323e-09,-7.748468533463893e-12,7.748468533463893e-12
20230522_000000,42,DEFU,0.00012795382644981146,0.00012800749391317368,-5.366746336221695e-08,5.366746336221695e-08
20230522_000000,42,DOG,3.23340884733625e-07,3.241400747810985e-07,-7.991900474735303e-10,7.991900474735303e-10
20230522_000000,42,DRPU,6.802690344244247e-18,6.790826506308705e-18,1.18638379355418e-20,1.18638379355418e-20
20230522_000000,42,DRUM,1.5845813550185994e-07,1.5909024853044684e-07,-6.321130285869003e-10,6.321130285869003e-10
20230522_000000,42,FLY,3.142810601275414e-05,3.1553328881273046e-05,-1.2522286851890385e-07,1.2522286851890385e-07
20230522_000000,42,FROG,2.478541546224733e-06,2.4942639811342815e-06,-1.572243490954861e-08,1.572243490954861e-08
20230522_000000,42,GLGN,2.6577098855007364e-10,2.6726540425237033e-10,-1.494415702296692e-12,1.494415702296692e-12
20230522_000000,42,HOSA,1.3909810149925761e-05,1.3934780326962937e-05,-2.4970177037175745e-08,2.4970177037175745e-08
20230522_000000,42,HYPI,4.0249266593239685e-12,4.0417569464878955e-12,-1.6830287163926982e-14,1.6830287163926982e-14
20230522_000000,42,INSP,4.221562630846165e-05,4.2158157157246023e-05,5.746915121562779e-08,5.746915121562779e-08
20230522_000000,42,IXNA,8.575041121616778e-09,8.557702102507392e-09,1.7339019109385845e-11,1.7339019109385845e-11
20230522_000000,42,MEKE,3.4485667129047215e-05,3.451312659308314e-05,-2.745946403592825e-08,2.745946403592825e-08
20230522_000000,42,MYTO,3.32635471155863e-15,3.274327195081192e-15,5.2027516477437703e-17,5.2027516477437703e-17
20230522_000000,42,NUCO,7.326858096645713e-21,7.242199715242605e-21,8.465838140310782e-23,8.465838140310782e-23
20230522_000000,42,OCPR,5.98474214630329e-10,5.950501758000826e-10,3.4240388302464453e-12,3.4240388302464453e-12
20230522_000000,42,ORPI,1.543537520021232e-09,1.550406025785378e-09,-6.8685057641459935e-12,6.8685057641459935e-12
20230522_000000,42,PAFA,8.281786278985237e-08,8.337874390917932e-08,-5.608811193269503e-10,5.608811193269503e-10
20230522_000000,42,PECA,3.139511914329596e-11,3.1394029736953044e-11,1.0894063429134349e-15,1.0894063429134349e-15
20230522_000000,42,PHNU,2.802567244941656e-08,2.8054008893718674e-08,-2.8336444302112795e-11,2.8336444302112795e-11
20230522_000000,42,PIMA,1.4252266367751503e-16,1.4210540730676368e-16,4.1725637075134886e-19,4.1725637075134886e-19
20230522_000000,42,POEC,5.2440776165951775e-09,5.225813559661674e-09,1.8264056933503525e-11,1.8264056933503525e-11
20230522_000000,42,PSFL,0.7959229946136475,0.7953687906265259,0.000554203987121582,0.000554203987121582
20230522_000000,42,SHOT,5.079054687939788e-08,5.09607254173261e-08,-1.701785379282228e-10,1.701785379282228e-10
20230522_000000,42,SITT,1.1146646272663929e-07,1.1079396244895179e-07,6.725002776875044e-10,6.725002776875044e-10
20230522_000000,42,SPRU,3.684589855446063e-10,3.6912145562340015e-10,-6.624700787938309e-13,6.624700787938309e-13
20230522_000000,42,STOC,1.6835869587339403e-08,1.6858292539723152e-08,-2.2422952383749362e-11,2.2422952383749362e-11
20230522_000000,42,STOC_IRREG,1.9314773391787554e-10,1.931473037064535e-10,4.3021142204224816e-16,4.3021142204224816e-16
20230522_000000,42,STVA,7.795355486450717e-06,7.799902959959581e-06,-4.547473508864641e-09,4.547473508864641e-09
20230522_000000,42,STVA_IRREG,3.881112570525147e-05,3.891064989147708e-05,-9.952418622560799e-08,9.952418622560799e-08
20230522_000000,42,TADO1,1.5731975455419295e-13,1.5819470570738875e-13,-8.749511531958021e-16,8.749511531958021e-16
20230522_000000,42,TADO2,1.797618276455637e-09,1.8004862045728487e-09,-2.8679281172117044e-12,2.8679281172117044e-12
20230522_000000,42,TAMI,1.0332253715800155e-12,1.043523665915369e-12,-1.0298294335353564e-14,1.0298294335353564e-14
20230522_000000,42,TUMI,2.5147591031782213e-07,2.506519365397253e-07,8.239737780968426e-10,8.239737780968426e-10
20230522_000000,42,WHIS,9.244167931132807e-11,9.291379471365602e-11,-4.721154023279439e-13,4.721154023279439e-13
20230522_000000,42,YARD,9.526488486955031e-10,9.590768179634779e-10,-6.427969267974731e-12,6.427969267974731e-12
20230522_000000,42,ZEMA,1.1409393607664242e-07,1.1437114011414451e-07,-2.772040375020879e-10,2.772040375020879e-10
20230522_000000,43,AEAC,1.8608185214930018e-08,1.8547408942026777e-08,6.077627290324017e-11,6.077627290324017e-11
20230522_000000,43,BRCA,2.329996716670269e-14,2.3355847624298952e-14,-5.58804575962607e-17,5.58804575962607e-17
20230522_000000,43,BRMA,2.0092568630673377e-18,1.978637945513075e-18,3.061891755426287e-20,3.061891755426287e-20
20230522_000000,43,BUVI,0.011777139268815517,0.011625806801021099,0.00015133246779441833,0.00015133246779441833
20230522_000000,43,CAGU,3.737416065519028e-08,3.674142590170959e-08,6.327347534806904e-10,6.327347534806904e-10
20230522_000000,43,CALU,0.0008419869118370116,0.0008447244763374329,-2.7375645004212856e-06,2.7375645004212856e-06
20230522_000000,43,CAUS,1.348494070314149e-13,1.3310813768482171e-13,1.7412693465931883e-15,1.7412693465931883e-15
20230522_000000,43,CCOO,3.516956818206871e-15,3.4693389552528393e-15,4.7617862954031816e-17,4.7617862954031816e-17
20230522_000000,43,CHFA,7.784990032721865e-15,7.689552289455882e-15,9.543774326598378e-17,9.543774326598378e-17
20230522_000000,43,CHMI,1.1561690271832958e-08,1.1453172632513997e-08,1.085176393189613e-10,1.085176393189613e-10
20230522_000000,43,CHMI_IRREG,3.162456252425727e-08,3.153480321316238e-08,8.975931109489466e-11,8.975931109489466e-11
20230522_000000,43,COAU,7.87112955651266e-14,7.82945824601318e-14,4.1671310499480363e-16,4.1671310499480363e-16
20230522_000000,43,COAU2,1.4702858071660718e-12,1.4681275943215222e-12,2.158212844549645e-15,2.158212844549645e-15
20230522_000000,43,COCO,5.967728355926738e-08,5.9442339050974624e-08,2.3494450829275593e-10,2.3494450829275593e-10
20230522_000000,43,CYST,2.9477007640332786e-11,2.9151035751961984e-11,3.259718883708018e-13,3.259718883708018e-13
20230522_000000,43,DEFU,1.9133308342134114e-06,1.9012926486539072e-06,1.20381855595042e-08,1.20381855595042e-08
20230522_000000,43,DOG,9.53307033313422e-09,9.56067225388324e-09,-2.7601920749020792e-11,2.7601920749020792e-11
20230522_000000,43,DRPU,8.967486023320114e-21,8.907088106113105e-21,6.039791720700911e-23,6.039791720700911e-23
20230522_000000,43,DRUM,2.17675277802698e-09,2.1756438872699846e-09,1.1088907569956064e-12,1.1088907569956064e-12
20230522_000000,43,FLY,5.063753292233741e-07,5.026851681577682e-07,3.6901610656059347e-09,3.6901610656059347e-09
20230522_000000,43,FROG,9.9384820373416e-08,9.848788096178396e-08,8.969394116320473e-10,8.969394116320473e-10
20230522_000000,43,GLGN,2.362398991706538e-11,2.3382268343752344e-11,2.4172157331303623e-13,2.4172157331303623e-13
20230522_000000,43,HOSA,1.205963371830876e-06,1.2082390412615496e-06,-2.275669430673588e-09,2.275669430673588e-09
20230522_000000,43,HYPI,6.233765402745978e-14,6.150676891631193e-14,8.308851111478444e-16,8.308851111478444e-16
20230522_000000,43,INSP,1.9043969246013148e-07,1.8934457557406859e-07,1.0951168860628968e-09,1.0951168860628968e-09
20230522_000000,43,IXNA,1.3486867178613693e-10,1.337578103832726e-10,1.110861402864316e-12,1.110861402864316e-12
20230522_000000,43,MEKE,1.463265334677999e-06,1.4543487623086548e-06,8.916572369344067e-09,8.916572369344067e-09
20230522_000000,43,MYTO,7.95495459189184e-18,7.879674538704614e-18,7.528005318722594e-20,7.528005318722594e-20
20230522_000000,43,NUCO,1.1034513767028233e-23,1.1075734904769652e-23,-4.122113774141875e-26,4.122113774141875e-26
20230522_000000,43,OCPR,3.576703169749784e-12,3.5614332663524984e-12,1.5269903397285844e-14,1.5269903397285844e-14
20230522_000000,43,ORPI,2.6628020968755273e-11,2.6420138646288116e-11,2.0788232246715665e-13,2.0788232246715665e-13
20230522_000000,43,PAFA,7.413858971183629e-10,7.401112500637907e-10,1.2746470545721422e-12,1.2746470545721422e-12
20230522_000000,43,PECA,1.815227249112386e-13,1.803565299494589e-13,1.1661949617797207e-15,1.1661949617797207e-15
20230522_000000,43,PHNU,8.95163054792647e-09,8.93954865688329e-09,1.2081891043180804e-11,1.2081891043180804e-11
20230522_000000,43,PIMA,3.063071521774941e-19,3.055665670353177e-19,7.405851421763826e-22,7.405851421763826e-22
20230522_000000,43,POEC,1.017221029631088e-10,1.0066285305310174e-10,1.059249910007054e-12,1.059249910007054e-12
20230522_000000,43,PSFL,0.9873747825622559,0.9875233769416809,-0.00014859437942504883,0.00014859437942504883
20230522_000000,43,SHOT,8.029161779887772e-10,8.036406540234964e-10,-7.244760347191459e-13,7.244760347191459e-13
20230522_000000,43,SITT,5.918571743812606e-10,5.861700569376183e-10,5.687117443642364e-12,5.687117443642364e-12
20230522_000000,43,SPRU,1.903032419148243e-12,1.8992281705654257e-12,3.804248582817138e-15,3.804248582817138e-15
20230522_000000,43,STOC,1.3983682267681985e-10,1.3899702222541777e-10,8.39800451402084e-13,8.39800451402084e-13
20230522_000000,43,STOC_IRREG,2.2427478710979054e-12,2.2549932841148257e-12,-1.2245413016920281e-14,1.2245413016920281e-14
20230522_000000,43,STVA,5.583815365639566e-08,5.569242844671862e-08,1.4572520967703895e-10,1.4572520967703895e-10
20230522_000000,43,STVA_IRREG,5.031889145357127e-07,5.072805038253136e-07,-4.091589289600961e-09,4.091589289600961e-09
20230522_000000,43,TADO1,1.8738000655177568e-16,1.8637230204233908e-16,1.0077045094366004e-18,1.0077045094366004e-18
20230522_000000,43,TADO2,5.526546234535523e-12,5.473975005915177e-12,5.2571228620346133e-14,5.2571228620346133e-14
20230522_000000,43,TAMI,5.008681999967707e-15,5.034589349692427e-15,-2.590734972472003e-17,2.590734972472003e-17
20230522_000000,43,TUMI,2.5437609796341576e-09,2.52863374683443e-09,1.5127232799727608e-11,1.5127232799727608e-11
20230522_000000,43,WHIS,2.268544293387853e-12,2.2710156238198165e-12,-2.471330431963459e-15,2.471330431963459e-15
20230522_000000,43,YARD,2.2959693174451345e-11,2.2846589203817658e-11,1.1310397063368782e-13,1.1310397063368782e-13
20230522_000000,43,ZEMA,5.60310964292654e-10,5.591012652850225e-10,1.2096990076315706e-12,1.2096990076315706e-12
20230522_000000,44,AEAC,6.133852648894378e-13,6.210361543600162e-13,-7.650889470578459e-15,7.650889470578459e-15
20230522_000000,44,BRCA,2.832657177502937e-17,2.8346784760477714e-17,-2.0212985448345784e-20,2.0212985448345784e-20
20230522_000000,44,BRMA,4.569007221436268e-17,4.49439850803419e-17,7.460871340207791e-19,7.460871340207791e-19
20230522_000000,44,BUVI,5.030693500884809e-06,4.992476988263661e-06,3.821651262114756e-08,3.821651262114756e-08
20230522_000000,44,CAGU,2.008749078186156e-07,1.9532996020643623e-07,5.544947612179385e-09,5.544947612179385e-09
20230522_000000,44,CALU,1.0018451346294199e-10,9.887579643930167e-11,1.3087170236403267e-12,1.3087170236403267e-12
20230522_000000,44,CAUS,5.459603255597578e-12,5.412242702618197e-12,4.73605529793808e-14,4.73605529793808e-14
20230522_000000,44,CCOO,2.5933197782138442e-14,2.5239377848449394e-14,6.93819933689048e-16,6.93819933689048e-16
20230522_000000,44,CHFA,6.541266145279959e-14,6.400264297495503e-14,1.4100184778445546e-15,1.4100184778445546e-15
20230522_000000,44,CHMI,7.290726355968502e-11,7.186393147229353e-11,1.0433320873914909e-12,1.0433320873914909e-12
20230522_000000,44,CHMI_IRREG,2.8262652634891694e-11,2.8095394066784962e-11,1.6725856810673179e-13,1.6725856810673179e-13
20230522_000000,44,COAU,1.4742930319481054e-14,1.4535559713334256e-14,2.073706061467978e-16,2.073706061467978e-16
20230522_000000,44,COAU2,1.9817585072967603e-12,1.9551471986539726e-12,2.6611308642787712e-14,2.6611308642787712e-14
20230522_000000,44,COCO,2.3310919167185418e-11,2.3110111047053294e-11,2.0080812013212324e-13,2.0080812013212324e-13
20230522_000000,44,CYST,4.6041361695392524e-11,4.557332636268008e-11,4.680353327124465e-13,4.680353327124465e-13
20230522_000000,44,DEFU,7.7429955780417e-09,7.658629286311225e-09,8.43662917304755e-11,8.43662917304755e-11
20230522_000000,44,DOG,1.3884927929641577e-11,1.3820407492037834e-11,6.452043760374337e-14,6.452043760374337e-14
20230522_000000,44,DRPU,3.76878691899791e-24,3.717384742413709e-24,5.140217658420113e-26,5.140217658420113e-26
20230522_000000,44,DRUM,3.3950457029030545e-11,3.352792349309297e-11,4.225335359375748e-13,4.225335359375748e-13
20230522_000000,44,FLY,7.594359030527187e-10,7.552843350744354e-10,4.15156797828331e-12,4.15156797828331e-12
20230522_000000,44,FROG,1.5330020586290516e-10,1.5321223456599142e-10,8.797129691373584e-14,8.797129691373584e-14
20230522_000000,44,GLGN,1.5807657510443288e-14,1.5916789235367532e-14,-1.0913172492424406e-16,1.0913172492424406e-16
20230522_000000,44,HOSA,6.454167200686811e-10,6.431434274034586e-10,2.2732926652224705e-12,2.2732926652224705e-12
20230522_000000,44,HYPI,2.1745013278300147e-17,2.145187204973993e-17,2.9314122856021727e-19,2.9314122856021727e-19
20230522_000000,44,INSP,1.8361336756589353e-12,1.8419916199968744e-12,-5.8579443379391805e-15,5.8579443379391805e-15
20230522_000000,44,IXNA,5.10504305495374e-10,5.024133886699644e-10,8.090916825409522e-12,8.090916825409522e-12
20230522_000000,44,MEKE,5.112931779349683e-12,5.046901264960102e-12,6.603051438958119e-14,6.603051438958119e-14
20230522_000000,44,MYTO,2.548217713227441e-12,2.4922767842550098e-12,5.594092897243108e-14,5.594092897243108e-14
20230522_000000,44,NUCO,2.1885679851376274e-22,2.1495230306437875e-22,3.904495449383986e-24,3.904495449383986e-24
20230522_000000,44,OCPR,7.503598437041958e-12,7.414213340495301e-12,8.938509654665694e-14,8.938509654665694e-14
20230522_000000,44,ORPI,7.8642095006215e-13,7.803858470892266e-13,6.035102972923312e-15,6.035102972923312e-15
20230522_000000,44,PAFA,1.627532830728029e-10,1.6251910928133384e-10,2.3417379146906114e-13,2.3417379146906114e-13
20230522_000000,44,PECA,4.5626917093708266e-14,4.540744746894289e-14,2.1946962476537824e-16,2.1946962476537824e-16
20230522_000000,44,PHNU,1.5889398130575216e-10,1.591773102216365e-10,-2.8332891588433995e-13,2.8332891588433995e-13
20230522_000000,44,PIMA,6.719792288487653e-17,6.63099875106927e-17,8.879353741838225e-19,8.879353741838225e-19
20230522_000000,44,POEC,1.263779775273477e-10,1.2127461535005324e-10,5.103362177294457e-12,5.103362177294457e-12
20230522_000000,44,PSFL,0.9999946355819702,0.9999947547912598,-1.1920928955078125e-07,1.1920928955078125e-07
20230522_000000,44,SHOT,1.949356691691162e-12,1.9251072090609167e-12,2.424948263024529e-14,2.424948263024529e-14
20230522_000000,44,SITT,1.383865377846405e-08,1.3597134973508673e-08,2.4151880495537625e-10,2.4151880495537625e-10
20230522_000000,44,SPRU,1.697756654229013e-13,1.6689060344191736e-13,2.8850619809839273e-15,2.8850619809839273e-15
20230522_000000,44,STOC,2.987526762519892e-16,2.969654367332826e-16,1.7872395187065737e-18,1.7872395187065737e-18
20230522_000000,44,STOC_IRREG,1.9875264147852634e-17,1.9756735783518686e-17,1.1852836433394844e-19,1.1852836433394844e-19
20230522_000000,44,STVA,7.525523715475047e-13,7.50990903578691e-13,1.5614679688136235e-15,1.5614679688136235e-15
20230522_000000,44,STVA_IRREG,3.0363081493511856e-10,3.0389682437181875e-10,-2.660094367001875e-13,2.660094367001875e-13
20230522_000000,44,TADO1,1.3889891114537333e-17,1.3791794111333444e-17,9.809700320388866e-20,9.809700320388866e-20
20230522_000000,44,TADO2,1.7902408722125784e-11,1.7705319849126155e-11,1.9708887299962896e-13,1.9708887299962896e-13
20230522_000000,44,TAMI,1.1500605723213024e-15,1.1545002955143358e-15,-4.439723193033415e-18,4.439723193033415e-18
20230522_000000,44,TUMI,4.660655150701132e-08,4.6023789224136635e-08,5.827622828746826e-10,5.827622828746826e-10
20230522_000000,44,WHIS,2.7447199374546695e-17,2.7471609474423134e-17,-2.4410099876439847e-20,2.4410099876439847e-20
20230522_000000,44,YARD,6.274011686190821e-16,6.239833377373518e-16,3.4178308817303053e-18,3.4178308817303053e-18
20230522_000000,44,ZEMA,1.7950309641467932e-11,1.7760010476153276e-11,1.9029916531465574e-13,1.9029916531465574e-13
20230522_000000,45,AEAC,1.3377459140428982e-09,1.3327342562874378e-09,5.011657755460419e-12,5.011657755460419e-12
20230522_000000,45,BRCA,1.3012943451745293e-14,1.3086721715517037e-14,-7.377826377174407e-17,7.377826377174407e-17
20230522_000000,45,BRMA,2.699557902601775e-18,2.7118047251609288e-18,-1.2246822559153851e-20,1.2246822559153851e-20
20230522_000000,45,BUVI,0.0022487295791506767,0.0022315294481813908,1.7200130969285965e-05,1.7200130969285965e-05
20230522_000000,45,CAGU,7.86953719966732e-08,7.947448210643415e-08,-7.791101097609499e-10,7.791101097609499e-10
20230522_000000,45,CALU,4.917049955110997e-05,4.907189941150136e-05,9.86001396086067e-08,9.86001396086067e-08
20230522_000000,45,CAUS,3.965020044065237e-13,3.984231022359508e-13,-1.9210978294270653e-15,1.9210978294270653e-15
20230522_000000,45,CCOO,4.435598481393466e-14,4.494669542695444e-14,-5.90710613019782e-16,5.90710613019782e-16
20230522_000000,45,CHFA,7.781254617424474e-15,7.898714370286122e-15,-1.1745975286164834e-16,1.1745975286164834e-16
20230522_000000,45,CHMI,6.396901142124989e-08,6.408307484662146e-08,-1.1406342537156888e-10,1.1406342537156888e-10
20230522_000000,45,CHMI_IRREG,8.958421915394865e-08,8.94253062710959e-08,1.589128828527464e-10,1.589128828527464e-10
20230522_000000,45,COAU,6.161695773835435e-14,6.220788180367684e-14,-5.909240653224901e-16,5.909240653224901e-16
20230522_000000,45,COAU2,5.472643605647365e-12,5.54076793127245e-12,-6.812432562508519e-14,6.812432562508519e-14
20230522_000000,45,COCO,4.811246512304024e-09,4.826109289979286e-09,-1.4862777675261896e-11,1.4862777675261896e-11
20230522_000000,45,CYST,5.025930713276061e-11,5.061024169195072e-11,-3.509345591901081e-13,3.509345591901081e-13
20230522_000000,45,DEFU,5.9561507441685535e-06,5.957373105047736e-06,-1.2223608791828156e-09,1.2223608791828156e-09
20230522_000000,45,DOG,4.320027002790994e-09,4.3281844774867295e-09,-8.1574746957358e-12,8.1574746957358e-12
20230522_000000,45,DRPU,2.5229792242627282e-21,2.5298173987553205e-21,-6.838174492592302e-24,6.838174492592302e-24
20230522_000000,45,DRUM,2.904270379744389e-09,2.9185864836023256e-09,-1.4316103857936469e-11,1.4316103857936469e-11
20230522_000000,45,FLY,6.731997359565867e-07,6.753792263225478e-07,-2.179490365961101e-09,2.179490365961101e-09
20230522_000000,45,FROG,4.157631039447551e-08,4.151229049398353e-08,6.401990049198503e-11,6.401990049198503e-11
20230522_000000,45,GLGN,1.484322560696416e-11,1.4866659986401132e-11,-2.3434379436970687e-14,2.3434379436970687e-14
20230522_000000,45,HOSA,1.2881005204690155e-06,1.2913294540339848e-06,-3.2289335649693385e-09,3.2289335649693385e-09
20230522_000000,45,HYPI,5.978730558591286e-14,6.003643491635929e-14,-2.491293304464348e-16,2.491293304464348e-16
20230522_000000,45,INSP,2.8806388741031697e-07,2.861358723293961e-07,1.9280150809208862e-09,1.9280150809208862e-09
20230522_000000,45,IXNA,2.2404043897861214e-10,2.2499072049875224e-10,-9.50281520140095e-13,9.50281520140095e-13
20230522_000000,45,MEKE,4.789012564287987e-07,4.7625249521843216e-07,2.6487612103665015e-09,2.6487612103665015e-09
20230522_000000,45,MYTO,7.438808778909776e-17,7.513601788152331e-17,-7.479300924255472e-19,7.479300924255472e-19
20230522_000000,45,NUCO,7.68458627183717e-23,7.751730956645962e-23,-6.714468480879164e-25,6.714468480879164e-25
20230522_000000,45,OCPR,1.9745184653974235e-11,1.9825719191346458e-11,-8.053453737222327e-14,8.053453737222327e-14
20230522_000000,45,ORPI,2.9355889247240086e-11,2.953201225230906e-11,-1.7612300506897327e-13,1.7612300506897327e-13
20230522_000000,45,PAFA,5.111247536326857e-10,5.15712694770798e-10,-4.587941138112228e-12,4.587941138112228e-12
20230522_000000,45,PECA,1.4810998564748767e-13,1.488446274870367e-13,-7.346418395490217e-16,7.346418395490217e-16
20230522_000000,45,PHNU,3.6851273144122842e-09,3.6668283964758075e-09,1.8298917936476755e-11,1.8298917936476755e-11
20230522_000000,45,PIMA,1.0331456899465876e-18,1.0527094420116559e-18,-1.9563752065068227e-20,1.9563752065068227e-20
20230522_000000,45,POEC,2.2885098260871928e-09,2.317881664382071e-09,-2.9371838294878216e-11,2.9371838294878216e-11
20230522_000000,45,PSFL,0.9976928234100342,0.997710108757019,-1.728534698486328e-05,1.728534698486328e-05
20230522_000000,45,SHOT,2.6098641026095493e-09,2.6281326004351513e-09,-1.8268497825602026e-11,1.8268497825602026e-11
20230522_000000,45,SITT,1.6677216274629814e-09,1.6731733776254032e-09,-5.451750162421831e-12,5.451750162421831e-12
20230522_000000,45,SPRU,1.5622608458623621e-12,1.576560605155708e-12,-1.4299759293345815e-14,1.4299759293345815e-14
20230522_000000,45,STOC,3.0830730329833855e-11,3.080299557089994e-11,2.7734758933917192e-14,2.7734758933917192e-14
20230522_000000,45,STOC_IRREG,5.304720963709986e-13,5.306320704015488e-13,-1.5997403055023618e-16,1.5997403055023618e-16
20230522_000000,45,STVA,1.0529334737441332e-08,1.0512680503893534e-08,1.6654233547797048e-11,1.6654233547797048e-11
20230522_000000,45,STVA_IRREG,3.2378196124227543e-07,3.251001032822387e-07,-1.318142039963277e-09,1.318142039963277e-09
20230522_000000,45,TADO1,5.1934258149945e-16,5.241801984194562e-16,-4.837616920006123e-18,4.837616920006123e-18
20230522_000000,45,TADO2,3.9953123275038305e-12,4.003902678156868e-12,-8.590350653037149e-15,8.590350653037149e-15
20230522_000000,45,TAMI,1.6580017727133543e-15,1.6835819559621974e-15,-2.5580183248843057e-17,2.5580183248843057e-17
20230522_000000,45,TUMI,1.3814227983743876e-08,1.3832554657255969e-08,-1.8326673512092384e-11,1.8326673512092384e-11
20230522_000000,45,WHIS,2.661501119320675e-13,2.659314554589315e-13,2.186564731360141e-16,2.186564731360141e-16
20230522_000000,45,YARD,4.7805519959309706e-11,4.8173309091792405e-11,-3.6778913248269873e-13,3.6778913248269873e-13
20230522_000000,45,ZEMA,1.747810673968786e-09,1.7592294287993582e-09,-1.1418754830572198e-11,1.1418754830572198e-11
20230522_000000,46,AEAC,6.881021530347198e-09,6.860813250852971e-09,2.02082794942271e-11,2.02082794942271e-11
20230522_000000,46,BRCA,3.5866410752830036e-14,3.66098312418444e-14,-7.434204890143653e-16,7.434204890143653e-16
20230522_000000,46,BRMA,6.281135493839123e-19,6.36838908979063e-19,-8.725359595150759e-21,8.725359595150759e-21
20230522_000000,46,BUVI,0.005502700340002775,0.005445653107017279,5.704723298549652e-05,5.704723298549652e-05
20230522_000000,46,CAGU,2.071768356870507e-08,2.0740499095950327e-08,-2.2815527245256817e-11,2.2815527245256817e-11
20230522_000000,46,CALU,0.0007309479406103492,0.0007329744403250515,-2.0264997147023678e-06,2.0264997147023678e-06
20230522_000000,46,CAUS,4.2528128371341345e-14,4.3129189726976574e-14,-6.010613556352296e-16,6.010613556352296e-16
20230522_000000,46,CCOO,4.3760585026518875e-15,4.460181579808448e-15,-8.412307715656084e-17,8.412307715656084e-17
20230522_000000,46,CHFA,3.4343882582667587e-15,3.524688746707645e-15,-9.030048844088645e-17,9.030048844088645e-17
20230522_000000,46,CHMI,2.3463542220270028e-08,2.3583925923276183e-08,-1.2038370300615497e-10,1.2038370300615497e-10
20230522_000000,46,CHMI_IRREG,4.957483668022178e-08,4.978083012474599e-08,-2.0599344452421064e-10,2.0599344452421064e-10
20230522_000000,46,COAU,2.133421376029638e-14,2.1824816937411964e-14,-4.906031771155853e-16,4.906031771155853e-16
20230522_000000,46,COAU2,2.320863336582879e-12,2.3641613840219566e-12,-4.3298047439077614e-14,4.3298047439077614e-14
20230522_000000,46,COCO,8.860688183176535e-09,8.929160522086477e-09,-6.847233890994175e-11,6.847233890994175e-11
20230522_000000,46,CYST,1.6423497978257373e-11,1.6651612380624847e-11,-2.2811440236747416e-13,2.2811440236747416e-13
20230522_000000,46,DEFU,3.1499635042564478e-06,3.1555980513076065e-06,-5.634547051158734e-09,5.634547051158734e-09
20230522_000000,46,DOG,7.965622828010055e-09,8.060549561150765e-09,-9.492673314070998e-11,9.492673314070998e-11
20230522_000000,46,DRPU,3.3705471328067387e-21,3.4547117503920506e-21,-8.416461758531188e-23,8.416461758531188e-23
20230522_000000,46,DRUM,2.221317352280039e-09,2.252716013728673e-09,-3.13986614486339e-11,3.13986614486339e-11
20230522_000000,46,FLY,5.0608014134923e-07,5.091939669910062e-07,-3.1138256417762022e-09,3.1138256417762022e-09
20230522_000000,46,FROG,6.851414724451388e-08,6.888694770168513e-08,-3.7280045717125176e-10,3.7280045717125176e-10
20230522_000000,46,GLGN,9.623327308638796e-12,9.718729293561879e-12,-9.54019849230825e-14,9.54019849230825e-14
20230522_000000,46,HOSA,2.062292651316966e-06,2.0812208276765887e-06,-1.892817635962274e-08,1.892817635962274e-08
20230522_000000,46,HYPI,1.766571237167211e-14,1.7915385497270682e-14,-2.496731255985721e-16,2.496731255985721e-16
20230522_000000,46,INSP,3.694413521770912e-07,3.685918272822164e-07,8.495248948747758e-10,8.495248948747758e-10
20230522_000000,46,IXNA,1.2416043193574922e-10,1.2581294339675253e-10,-1.6525114610033143e-12,1.6525114610033143e-12
20230522_000000,46,MEKE,1.324166532867821e-06,1.3190771142035373e-06,5.089418664283585e-09,5.089418664283585e-09
20230522_000000,46,MYTO,5.179985321180596e-18,5.2936796420147844e-18,-1.1369432083418855e-19,1.1369432083418855e-19
20230522_000000,46,NUCO,5.7398312269090566e-24,5.915022640031897e-24,-1.7519141312284013e-25,1.7519141312284013e-25
20230522_000000,46,OCPR,6.123402566254876e-12,6.175915247957908e-12,-5.2512681703031916e-14,5.2512681703031916e-14
20230522_000000,46,ORPI,2.077301004821397e-11,2.1108833431204843e-11,-3.358233829908741e-13,3.358233829908741e-13
20230522_000000,46,PAFA,5.346038056686098e-10,5.440344286178345e-10,-9.430622949224698e-12,9.430622949224698e-12
20230522_000000,46,PECA,1.1915575676754026e-13,1.2125307810757768e-13,-2.097321340037428e-15,2.097321340037428e-15
20230522_000000,46,PHNU,7.144956626348176e-09,7.173332150500755e-09,-2.83755241525796e-11,2.83755241525796e-11
20230522_000000,46,PIMA,1.3123403948852194e-19,1.3504160354689181e-19,-3.807564058369871e-21,3.807564058369871e-21
20230522_000000,46,POEC,2.2280970124466393e-10,2.264319981515328e-10,-3.6222969068688826e-12,3.6222969068688826e-12
20230522_000000,46,PSFL,0.9937576055526733,0.9938125610351562,-5.4955482482910156e-05,5.4955482482910156e-05
20230522_000000,46,SHOT,2.168069279662177e-09,2.2040311797866252e-09,-3.596190012444822e-11,3.596190012444822e-11
20230522_000000,46,SITT,4.740737802322315e-10,4.779961981782321e-10,-3.922417946000678e-12,3.922417946000678e-12
20230522_000000,46,SPRU,1.1354476386893353e-12,1.1548977919828562e-12,-1.9450153293520955e-14,1.9450153293520955e-14
20230522_000000,46,STOC,4.135960324225252e-11,4.141265455559484e-11,-5.3051313342322715e-14,5.3051313342322715e-14
20230522_000000,46,STOC_IRREG,3.781155943904935e-12,3.809489616118933e-12,-2.8333672213998184e-14,2.8333672213998184e-14
20230522_000000,46,STVA,2.8636222282329982e-08,2.8586070399683194e-08,5.015188264678727e-11,5.015188264678727e-11
20230522_000000,46,STVA_IRREG,1.1160323083458934e-06,1.1229012670810334e-06,-6.8689587351400405e-09,6.8689587351400405e-09
20230522_000000,46,TADO1,2.624571027039056e-16,2.6875947781773084e-16,-6.302375113825223e-18,6.302375113825223e-18
20230522_000000,46,TADO2,2.045722532345584e-12,2.0734325714699686e-12,-2.7710039124384522e-14,2.7710039124384522e-14
20230522_000000,46,TAMI,3.411667658247846e-15,3.4814062101358977e-15,-6.97385518880515e-17,6.97385518880515e-17
20230522_000000,46,TUMI,2.646891150703823e-09,2.673304688727285e-09,-2.6413538023462024e-11,2.6413538023462024e-11
20230522_000000,46,WHIS,8.364842564272112e-13,8.374469737462698e-13,-9.627173190585037e-16,9.627173190585037e-16
20230522_000000,46,YARD,3.4653346164814636e-11,3.5078349946982e-11,-4.250037821673658e-13,4.250037821673658e-13
20230522_000000,46,ZEMA,8.912906523939057e-10,8.965147513251281e-10,-5.224098931222443e-12,5.224098931222443e-12
20230522_000000,47,AEAC,1.825217395889922e-06,1.8193604773841798e-06,5.856918505742215e-09,5.856918505742215e-09
20230522_000000,47,BRCA,3.56488623343143e-11,3.601857354040838e-11,-3.6971120609408104e-13,3.6971120609408104e-13
20230522_000000,47,BRMA,7.776837340604543e-15,7.813524031616021e-15,-3.6686691011478256e-17,3.6686691011478256e-17
20230522_000000,47,BUVI,0.029796747490763664,0.029492687433958054,0.00030406005680561066,0.00030406005680561066
20230522_000000,47,CAGU,5.874651378690032e-07,5.821955824103497e-07,5.269555458653485e-09,5.269555458653485e-09
20230522_000000,47,CALU,0.513850748538971,0.5130529999732971,0.0007977485656738281,0.0007977485656738281
20230522_000000,47,CAUS,1.0130651179052208e-10,1.0131935568313821e-10,-1.284389261613228e-14,1.284389261613228e-14
20230522_000000,47,CCOO,1.038787372092953e-11,1.0397098980374775e-11,-9.22525944524466e-15,9.22525944524466e-15
20230522_000000,47,CHFA,4.724299076941385e-12,4.767434710895024e-12,-4.3135633953639285e-14,4.3135633953639285e-14
20230522_000000,47,CHMI,5.908712523705617e-07,5.868872108294454e-07,3.984041541116312e-09,3.984041541116312e-09
20230522_000000,47,CHMI_IRREG,1.4446164868786582e-06,1.4423392258322565e-06,2.2772610464016907e-09,2.2772610464016907e-09
20230522_000000,47,COAU,6.356454251843502e-11,6.39212988096105e-11,-3.5675629117548624e-13,3.5675629117548624e-13
20230522_000000,47,COAU2,6.965866772290497e-10,7.005724889097564e-10,-3.9858116807067745e-12,3.9858116807067745e-12
20230522_000000,47,COCO,1.4397580343938898e-05,1.4377120351127815e-05,2.0459992811083794e-08,2.0459992811083794e-08
20230522_000000,47,CYST,6.402637975355674e-09,6.421268849976514e-09,-1.8630874620839677e-11,1.8630874620839677e-11
20230522_000000,47,DEFU,7.89105542935431e-05,7.845887739676982e-05,4.516768967732787e-07,4.516768967732787e-07
20230522_000000,47,DOG,1.258760562450334e-06,1.2648251868085936e-06,-6.064624358259607e-09,6.064624358259607e-09
20230522_000000,47,DRPU,3.407778982926561e-16,3.475650674198864e-16,-6.787169127230302e-18,6.787169127230302e-18
20230522_000000,47,DRUM,3.853579642054683e-07,3.8645686117888545e-07,-1.0988969734171405e-09,1.0988969734171405e-09
20230522_000000,47,FLY,3.389071935089305e-05,3.390978599782102e-05,-1.9066646927967668e-08,1.9066646927967668e-08
20230522_000000,47,FROG,1.8572014596429653e-05,1.8509914298192598e-05,6.210029823705554e-08,6.210029823705554e-08
20230522_000000,47,GLGN,6.309773592505508e-09,6.305050703758752e-09,4.722888746755416e-12,4.722888746755416e-12
20230522_000000,47,HOSA,0.00014070962788537145,0.00014166087203193456,-9.512441465631127e-07,9.512441465631127e-07
20230522_000000,47,HYPI,9.537673428816618e-11,9.533260986183123e-11,4.4124426334946065e-14,4.4124426334946065e-14
20230522_000000,47,INSP,0.00013221509288996458,0.00013150370796211064,7.113849278539419e-07,7.113849278539419e-07
20230522_000000,47,IXNA,2.1225032398319854e-08,2.1238735214978988e-08,-1.3702816659133532e-11,1.3702816659133532e-11
20230522_000000,47,MEKE,0.00028364555328153074,0.0002811867743730545,2.4587789084762335e-06,2.4587789084762335e-06
20230522_000000,47,MYTO,6.65414378871014e-14,6.66996975229664e-14,-1.5825963586499348e-16,1.5825963586499348e-16
20230522_000000,47,NUCO,1.736986228542446e-18,1.7661087763686003e-18,-2.9122547826154445e-20,2.9122547826154445e-20
20230522_000000,47,OCPR,5.488687837562622e-10,5.488095533578985e-10,5.92303983637521e-14,5.92303983637521e-14
20230522_000000,47,ORPI,8.88706352952795e-09,8.906399173724822e-09,-1.9335644196871726e-11,1.9335644196871726e-11
20230522_000000,47,PAFA,1.678989320907931e-07,1.69306460406915e-07,-1.4075283161218977e-09,1.4075283161218977e-09
20230522_000000,47,PECA,1.4283975391382597e-10,1.433105856207817e-10,-4.708317069557211e-13,4.708317069557211e-13
20230522_000000,47,PHNU,1.9444175336502667e-07,1.9515955784754624e-07,-7.178044825195684e-10,7.178044825195684e-10
20230522_000000,47,PIMA,6.682729435438255e-16,6.782135633941243e-16,-9.940619850298859e-18,9.940619850298859e-18
20230522_000000,47,POEC,5.0737337886630485e-08,5.055017382460392e-08,1.87164062026568e-10,1.87164062026568e-10
20230522_000000,47,PSFL,0.45552000403404236,0.45662444829940796,-0.0011044442653656006,0.0011044442653656006
20230522_000000,47,SHOT,1.6828550997161074e-06,1.6878518636076478e-06,-4.996763891540468e-09,4.996763891540468e-09
20230522_000000,47,SITT,2.2490469575586758e-07,2.240513339302197e-07,8.533618256478803e-10,8.533618256478803e-10
20230522_000000,47,SPRU,1.7987518141637793e-09,1.8105665855472353e-09,-1.1814771383455991e-11,1.1814771383455991e-11
20230522_000000,47,STOC,2.164311041497058e-07,2.1419494089514046e-07,2.2361632545653265e-09,2.2361632545653265e-09
20230522_000000,47,STOC_IRREG,8.761172232141234e-09,8.75117489584909e-09,9.99733629214461e-12,9.99733629214461e-12
20230522_000000,47,STVA,2.9268470825627446e-05,2.9069153242744505e-05,1.9931758288294077e-07,1.9931758288294077e-07
20230522_000000,47,STVA_IRREG,9.187893738271669e-05,9.214603051077574e-05,-2.670931280590594e-07,2.670931280590594e-07
20230522_000000,47,TADO1,3.01121622211728e-13,3.054784344317524e-13,-4.356812220024375e-15,4.356812220024375e-15
20230522_000000,47,TADO2,3.817134608397055e-09,3.811855719959567e-09,5.278888437487694e-12,5.278888437487694e-12
20230522_000000,47,TAMI,8.095918900552501e-12,8.227072668953728e-12,-1.311537684012265e-13,1.311537684012265e-13
20230522_000000,47,TUMI,2.6944223918690113e-07,2.6910376504929445e-07,3.384741376066813e-10,3.384741376066813e-10
20230522_000000,47,WHIS,8.762826908537136e-09,8.728836320415212e-09,3.399058812192379e-11,3.399058812192379e-11
20230522_000000,47,YARD,7.044886984886034e-08,7.079881925164955e-08,-3.4994940278920694e-10,3.4994940278920694e-10
20230522_000000,47,ZEMA,5.872318453725711e-08,5.8958637083605936e-08,-2.354525463488244e-10,2.354525463488244e-10
20230522_000000,48,AEAC,3.128366732330079e-10,3.1479910345133533e-10,-1.9624302183274267e-12,1.9624302183274267e-12
20230522_000000,48,BRCA,2.486254781917165e-16,2.5338540630859166e-16,-4.7599281168751425e-18,4.7599281168751425e-18
20230522_000000,48,BRMA,1.44033198977011e-19,1.3991754891455635e-19,4.11565006245466e-21,4.11565006245466e-21
20230522_000000,48,BUVI,0.005302689503878355,0.005255958531051874,4.6730972826480865e-05,4.6730972826480865e-05
20230522_000000,48,CAGU,5.932977664713235e-09,5.756602750039974e-09,1.7637491467326072e-10,1.7637491467326072e-10
20230522_000000,48,CALU,1.2573950414207502e-07,1.2682703243172e-07,-1.087528289644979e-09,1.087528289644979e-09
20230522_000000,48,CAUS,2.6430353606133987e-14,2.6069453196099664e-14,3.6090041003432327e-16,3.6090041003432327e-16
20230522_000000,48,CCOO,4.669344825308991e-16,4.57057284272526e-16,9.877198258373193e-18,9.877198258373193e-18
20230522_000000,48,CHFA,1.3023019332169357e-15,1.2959055639157448e-15,6.396369301190849e-18,6.396369301190849e-18
20230522_000000,48,CHMI,2.102331198017282e-09,2.0755632768043597e-09,2.6767921212922374e-11,2.6767921212922374e-11
20230522_000000,48,CHMI_IRREG,5.5992277481209385e-09,5.562680094328698e-09,3.654765379224045e-11,3.654765379224045e-11
20230522_000000,48,COAU,1.6946579705387314e-15,1.6911017027096843e-15,3.55626782904718e-18,3.55626782904718e-18
20230522_000000,48,COAU2,1.143139538107088e-13,1.1385171776699676e-13,4.622360437120387e-16,4.622360437120387e-16
20230522_000000,48,COCO,4.4768816431783875e-10,4.496303607215424e-10,-1.9421964037036332e-12,1.9421964037036332e-12
20230522_000000,48,CYST,9.414777117633388e-12,9.400738000542308e-12,1.40391170910803e-14,1.40391170910803e-14
20230522_000000,48,DEFU,3.935981567337876e-07,3.920117706002202e-07,1.58638613356743e-09,1.58638613356743e-09
20230522_000000,48,DOG,9.224573882526954e-10,9.274050971619374e-10,-4.94770890924201e-12,4.94770890924201e-12
20230522_000000,48,DRPU,9.386179439238066e-23,9.362910566888943e-23,2.326887234912314e-25,2.326887234912314e-25
20230522_000000,48,DRUM,3.087476663221622e-10,3.106104262684539e-10,-1.8627599462917033e-12,1.8627599462917033e-12
20230522_000000,48,FLY,8.005549290146519e-08,8.010491825416466e-08,-4.942535269947257e-11,4.942535269947257e-11
20230522_000000,48,FROG,3.1438129877159326e-09,3.148557192744761e-09,-4.744205028828219e-12,4.744205028828219e-12
20230522_000000,48,GLGN,5.855696786835618e-13,5.90639408042104e-13,-5.069729358542219e-15,5.069729358542219e-15
20230522_000000,48,HOSA,3.816639448928072e-08,3.843043927531653e-08,-2.6404478603581083e-10,2.6404478603581083e-10
20230522_000000,48,HYPI,7.111567922952122e-16,7.126294649531322e-16,-1.472672657920008e-18,1.472672657920008e-18
20230522_000000,48,INSP,6.880947722720521e-08,6.858379464347308e-08,2.2568258373212302e-10,2.2568258373212302e-10
20230522_000000,48,IXNA,4.018578525499805e-11,3.9737355767011096e-11,4.484294879869566e-13,4.484294879869566e-13
20230522_000000,48,MEKE,7.742052332559979e-08,7.707112814614447e-08,3.4939517945531406e-10,3.4939517945531406e-10
20230522_000000,48,MYTO,2.502054107392808e-19,2.4287987338511706e-19,7.325537354163755e-21,7.325537354163755e-21
20230522_000000,48,NUCO,1.9884236285583608e-25,1.9832823508680993e-25,5.141277690261504e-28,5.141277690261504e-28
20230522_000000,48,OCPR,3.489587091509705e-13,3.4550728706013445e-13,3.4514220908360427e-15,3.4514220908360427e-15
20230522_000000,48,ORPI,1.5106989010443828e-12,1.5135877577329704e-12,-2.8888566885876266e-15,2.8888566885876266e-15
20230522_000000,48,PAFA,6.003468555615399e-11,6.061084273367712e-11,-5.761571775231289e-13,5.761571775231289e-13
20230522_000000,48,PECA,7.796690945855236e-15,7.811137939803606e-15,-1.4446993948369347e-17,1.4446993948369347e-17
20230522_000000,48,PHNU,1.2905848612021487e-09,1.2914409541764371e-09,-8.560929742884582e-13,8.560929742884582e-13
20230522_000000,48,PIMA,2.348570130810483e-20,2.3317277964983657e-20,1.6842334312117301e-22,1.6842334312117301e-22
20230522_000000,48,POEC,1.4570235209315774e-12,1.429844415611059e-12,2.717910532051837e-14,2.717910532051837e-14
20230522_000000,48,PSFL,0.9946963787078857,0.9947431087493896,-4.673004150390625e-05,4.673004150390625e-05
20230522_000000,48,SHOT,9.347320660546554e-12,9.410964195433191e-12,-6.36435348866371e-14,6.36435348866371e-14
20230522_000000,48,SITT,2.150306321890838e-10,2.1203497291288897e-10,2.9956592761948286e-12,2.9956592761948286e-12
20230522_000000,48,SPRU,1.588461079251452e-13,1.5906914186455262e-13,-2.2303393940742433e-16,2.2303393940742433e-16
20230522_000000,48,STOC,3.396052753248946e-12,3.3544883450836727e-12,4.156440816527329e-14,4.156440816527329e-14
20230522_000000,48,STOC_IRREG,1.987077460853439e-14,1.983690514910548e-14,3.3869459428910453e-17,3.3869459428910453e-17
20230522_000000,48,STVA,5.513754786079517e-09,5.481591180966916e-09,3.2163605112600635e-11,3.2163605112600635e-11
20230522_000000,48,STVA_IRREG,9.543050083493654e-08,9.611197526737669e-08,-6.814744324401545e-10,6.814744324401545e-10
20230522_000000,48,TADO1,2.4411709569911875e-17,2.4492515189590955e-17,-8.080561967908017e-20,8.080561967908017e-20
20230522_000000,48,TADO2,3.739969759667533e-13,3.7119734911696123e-13,2.7996268497920695e-15,2.7996268497920695e-15
20230522_000000,48,TAMI,1.5612627750821511e-16,1.5875639421877852e-16,-2.6301167105634076e-18,2.6301167105634076e-18
20230522_000000,48,TUMI,1.502230451144726e-09,1.4922229008007548e-09,1.0007550343971161e-11,1.0007550343971161e-11
20230522_000000,48,WHIS,1.536660576074208e-14,1.5387476652562425e-14,-2.087089182034596e-17,2.087089182034596e-17
20230522_000000,48,YARD,2.2775016464762765e-13,2.2954809711026036e-13,-1.797932462632712e-15,1.797932462632712e-15
20230522_000000,48,ZEMA,7.565412185606135e-10,7.52799600434173e-10,3.741618126440471e-12,3.741618126440471e-12
20230522_000000,49,AEAC,0.00022285396698862314,0.00022347977210301906,-6.258051143959165e-07,6.258051143959165e-07
20230522_000000,49,BRCA,2.5526134777464904e-05,2.582610432000365e-05,-2.999695425387472e-07,2.999695425387472e-07
20230522_000000,49,BRMA,0.00046516439761035144,0.0004668663314078003,-1.7019337974488735e-06,1.7019337974488735e-06
20230522_000000,49,BUVI,0.012961341999471188,0.012978237122297287,-1.6895122826099396e-05,1.6895122826099396e-05
20230522_000000,49,CAGU,0.21782663464546204,0.2170715183019638,0.00075511634349823,0.00075511634349823
20230522_000000,49,CALU,0.0015855571255087852,0.0016030918341130018,-1.7534708604216576e-05,1.7534708604216576e-05
20230522_000000,49,CAUS,0.0006409963825717568,0.0006437552510760725,-2.7588685043156147e-06,2.7588685043156147e-06
20230522_000000,49,CCOO,0.01888708770275116,0.01894402876496315,-5.6941062211990356e-05,5.6941062211990356e-05
20230522_000000,49,CHFA,0.00018067755445372313,0.00018180598272010684,-1.1284282663837075e-06,1.1284282663837075e-06
20230522_000000,49,CHMI,0.061529047787189484,0.061451613903045654,7.743388414382935e-05,7.743388414382935e-05
20230522_000000,49,CHMI_IRREG,0.0092092826962471,0.009234840050339699,-2.555735409259796e-05,2.555735409259796e-05
20230522_000000,49,COAU,0.00020115042570978403,0.0002031150070251897,-1.964581315405667e-06,1.964581315405667e-06
20230522_000000,49,COAU2,0.06156991794705391,0.06190791353583336,-0.00033799558877944946,0.00033799558877944946
20230522_000000,49,COCO,0.00949408020824194,0.009515082463622093,-2.1002255380153656e-05,2.1002255380153656e-05
20230522_000000,49,CYST,0.0010944647947326303,0.0011000490048900247,-5.584210157394409e-06,5.584210157394409e-06
20230522_000000,49,DEFU,0.05439646542072296,0.05441328138113022,-1.681596040725708e-05,1.681596040725708e-05
20230522_000000,49,DOG,0.001504247891716659,0.0015180082991719246,-1.3760407455265522e-05,1.3760407455265522e-05
20230522_000000,49,DRPU,3.582572958293895e-07,3.6264643199501734e-07,-4.3891361656278605e-09,4.3891361656278605e-09
20230522_000000,49,DRUM,0.0011201308807358146,0.0011280019534751773,-7.871072739362717e-06,7.871072739362717e-06
20230522_000000,49,FLY,0.008799396455287933,0.008839423768222332,-4.002731293439865e-05,4.002731293439865e-05
20230522_000000,49,FROG,0.004481809679418802,0.004495784640312195,-1.3974960893392563e-05,1.3974960893392563e-05
20230522_000000,49,GLGN,0.00015218625776469707,0.00015287743008229882,-6.911723176017404e-07,6.911723176017404e-07
20230522_000000,49,HOSA,0.01020729262381792,0.010276250541210175,-6.895791739225388e-05,6.895791739225388e-05
20230522_000000,49,HYPI,3.553022179403342e-05,3.580617340048775e-05,-2.759516064543277e-07,2.759516064543277e-07
20230522_000000,49,INSP,0.0004713927919510752,0.00047379345051012933,-2.4006585590541363e-06,2.4006585590541363e-06
20230522_000000,49,IXNA,0.005574548617005348,0.005584863945841789,-1.031532883644104e-05,1.031532883644104e-05
20230522_000000,49,MEKE,0.0004272473743185401,0.0004284941533114761,-1.2467789929360151e-06,1.2467789929360151e-06
20230522_000000,49,MYTO,0.014109188690781593,0.014160007238388062,-5.08185476064682e-05,5.08185476064682e-05
20230522_000000,49,NUCO,8.28758129500784e-06,8.367615009774454e-06,-8.003371476661414e-08,8.003371476661414e-08
20230522_000000,49,OCPR,0.04888641834259033,0.04893486201763153,-4.844367504119873e-05,4.844367504119873e-05
20230522_000000,49,ORPI,0.0021806173026561737,0.0021985387429594994,-1.7921440303325653e-05,1.7921440303325653e-05
20230522_000000,49,PAFA,0.00042225810466334224,0.0004259834822732955,-3.7253776099532843e-06,3.7253776099532843e-06
20230522_000000,49,PECA,0.003155807964503765,0.003197189886122942,-4.1381921619176865e-05,4.1381921619176865e-05
20230522_000000,49,PHNU,0.0030907518230378628,0.003099050372838974,-8.298549801111221e-06,8.298549801111221e-06
20230522_000000,49,PIMA,0.00081748201046139,0.0008216992137022316,-4.217203240841627e-06,4.217203240841627e-06
20230522_000000,49,POEC,0.07727257907390594,0.0771569311618805,0.00011564791202545166,0.00011564791202545166
20230522_000000,49,PSFL,0.3140227198600769,0.31396836042404175,5.435943603515625e-05,5.435943603515625e-05
20230522_000000,49,SHOT,0.002815267536789179,0.002835653256624937,-2.038571983575821e-05,2.038571983575821e-05
20230522_000000,49,SITT,0.004326174966990948,0.004334114026278257,-7.939059287309647e-06,7.939059287309647e-06
20230522_000000,49,SPRU,0.0012158151948824525,0.0012221316574141383,-6.316462531685829e-06,6.316462531685829e-06
20230522_000000,49,STOC,3.2801443012431264e-05,3.308259692857973e-05,-2.8115391614846885e-07,2.8115391614846885e-07
20230522_000000,49,STOC_IRREG,9.327709267381579e-05,9.432996739633381e-05,-1.0528747225180268e-06,1.0528747225180268e-06
20230522_000000,49,STVA,0.0003754882200155407,0.00037849615910090506,-3.0079390853643417e-06,3.0079390853643417e-06
20230522_000000,49,STVA_IRREG,0.002813836792483926,0.002834252780303359,-2.0415987819433212e-05,2.0415987819433212e-05
20230522_000000,49,TADO1,2.3245802367455326e-05,2.3482398319174536e-05,-2.3659595171920955e-07,2.3659595171920955e-07
20230522_000000,49,TADO2,0.009420250542461872,0.009516285732388496,-9.60351899266243e-05,9.60351899266243e-05
20230522_000000,49,TAMI,0.000140511489007622,0.00014246252248995006,-1.9510334823280573e-06,1.9510334823280573e-06
20230522_000000,49,TUMI,0.03057078830897808,0.030565759167075157,5.029141902923584e-06,5.029141902923584e-06
20230522_000000,49,WHIS,1.144375801231945e-05,1.1541076673893258e-05,-9.731866157380864e-08,9.731866157380864e-08
20230522_000000,49,YARD,3.308819577796385e-05,3.340390685480088e-05,-3.1571107683703303e-07,3.1571107683703303e-07
20230522_000000,49,ZEMA,0.0010976362973451614,0.001105892239138484,-8.255941793322563e-06,8.255941793322563e-06
20230522_000000,5,AEAC,0.0010534506291151047,0.0010661653941497207,-1.2714765034615993e-05,1.2714765034615993e-05
20230522_000000,5,BRCA,6.516336270578904e-06,6.624487014050828e-06,-1.0815074347192422e-07,1.0815074347192422e-07
20230522_000000,5,BRMA,4.2233065045138574e-08,4.2488995433132004e-08,-2.559303879934305e-10,2.559303879934305e-10
20230522_000000,5,BUVI,0.6804168820381165,0.6769910454750061,0.0034258365631103516,0.0034258365631103516
20230522_000000,5,CAGU,0.003514587879180908,0.0035559458192437887,-4.1357940062880516e-05,4.1357940062880516e-05
20230522_000000,5,CALU,4.137096766498871e-06,4.28380099037895e-06,-1.4670422388007864e-07,1.4670422388007864e-07
20230522_000000,5,CAUS,5.760090789408423e-05,5.843433245900087e-05,-8.334245649166405e-07,8.334245649166405e-07
20230522_000000,5,CCOO,7.2542902671557385e-06,7.29289331502514e-06,-3.860304786940105e-08,3.860304786940105e-08
20230522_000000,5,CHFA,1.2365373549982905e-05,1.2423684893292375e-05,-5.831134330946952e-08,5.831134330946952e-08
20230522_000000,5,CHMI,0.0015810594195500016,0.0015877261757850647,-6.666756235063076e-06,6.666756235063076e-06
20230522_000000,5,CHMI_IRREG,0.0005294062430039048,0.0005341190262697637,-4.712783265858889e-06,4.712783265858889e-06
20230522_000000,5,COAU,4.220947175781475e-06,4.2538463276287075e-06,-3.289915184723213e-08,3.289915184723213e-08
20230522_000000,5,COAU2,6.179662887006998e-05,6.247554847504944e-05,-6.789196049794555e-07,6.789196049794555e-07
20230522_000000,5,COCO,0.002333262702450156,0.002358523430302739,-2.526072785258293e-05,2.526072785258293e-05
20230522_000000,5,CYST,0.00026564119616523385,0.0002696372102946043,-3.996014129370451e-06,3.996014129370451e-06
20230522_000000,5,DEFU,0.015206429176032543,0.015355454757809639,-0.0001490255817770958,0.0001490255817770958
20230522_000000,5,DOG,0.0010770109947770834,0.001093574333935976,-1.656333915889263e-05,1.656333915889263e-05
20230522_000000,5,DRPU,1.178882269581294e-10,1.192759502277596e-10,-1.3877232696302144e-12,1.3877232696302144e-12
20230522_000000,5,DRUM,0.0011320904595777392,0.00114917301107198,-1.708255149424076e-05,1.708255149424076e-05
20230522_000000,5,FLY,0.021019363775849342,0.021211251616477966,-0.00019188784062862396,0.00019188784062862396
20230522_000000,5,FROG,0.009796945378184319,0.00980614498257637,-9.199604392051697e-06,9.199604392051697e-06
20230522_000000,5,GLGN,0.00020088189921807498,0.00020212121307849884,-1.239313860423863e-06,1.239313860423863e-06
20230522_000000,5,HOSA,0.0050273765809834,0.005114832427352667,-8.745584636926651e-05,8.745584636926651e-05
20230522_000000,5,HYPI,3.4297477213840466e-06,3.4359979963483056e-06,-6.250274964259006e-09,6.250274964259006e-09
20230522_000000,5,INSP,0.04500195384025574,0.04507220908999443,-7.025524973869324e-05,7.025524973869324e-05
20230522_000000,5,IXNA,0.0006337275262922049,0.0006404186133295298,-6.691087037324905e-06,6.691087037324905e-06
20230522_000000,5,MEKE,0.02186492457985878,0.021993491798639297,-0.00012856721878051758,0.00012856721878051758
20230522_000000,5,MYTO,5.8791588486428736e-08,6.014396802811461e-08,-1.3523795416858775e-09,1.3523795416858775e-09
20230522_000000,5,NUCO,1.0153494711673261e-10,1.0389632210117128e-10,-2.361374984438669e-12,2.361374984438669e-12
20230522_000000,5,OCPR,3.795665907091461e-05,3.835324969259091e-05,-3.96590621676296e-07,3.96590621676296e-07
20230522_000000,5,ORPI,0.0002789913269225508,0.00028150685830041766,-2.515531377866864e-06,2.515531377866864e-06
20230522_000000,5,PAFA,0.0014460296370089054,0.0014691419200971723,-2.311228308826685e-05,2.311228308826685e-05
20230522_000000,5,PECA,5.129221608513035e-05,5.208092989050783e-05,-7.887138053774834e-07,7.887138053774834e-07
20230522_000000,5,PHNU,0.00011894550698343664,0.00011981979332631454,-8.742863428778946e-07,8.742863428778946e-07
20230522_000000,5,PIMA,9.484016771921233e-08,9.619790830583952e-08,-1.3577405866271874e-09,1.3577405866271874e-09
20230522_000000,5,POEC,4.4646272726822644e-05,4.492818334256299e-05,-2.8191061574034393e-07,2.8191061574034393e-07
20230522_000000,5,PSFL,0.13026517629623413,0.1322604864835739,-0.0019953101873397827,0.0019953101873397827
20230522_000000,5,SHOT,0.0002388329157838598,0.00024220450723078102,-3.3715914469212294e-06,3.3715914469212294e-06
20230522_000000,5,SITT,0.00036232610000297427,0.0003691339516080916,-6.807851605117321e-06,6.807851605117321e-06
20230522_000000,5,SPRU,0.00010012013808591291,0.00010116536577697843,-1.04522769106552e-06,1.04522769106552e-06
20230522_000000,5,STOC,0.017626315355300903,0.01757833920419216,4.797615110874176e-05,4.797615110874176e-05
20230522_000000,5,STOC_IRREG,0.00011039799574064091,0.00011137586989207193,-9.77874151431024e-07,9.77874151431024e-07
20230522_000000,5,STVA,0.014600664377212524,0.01486167125403881,-0.0002610068768262863,0.0002610068768262863
20230522_000000,5,STVA_IRREG,0.021596694365143776,0.021968377754092216,-0.00037168338894844055,0.00037168338894844055
20230522_000000,5,TADO1,1.608220259186055e-06,1.6229668062806013e-06,-1.4746547094546258e-08,1.4746547094546258e-08
20230522_000000,5,TADO2,5.6480606872355565e-05,5.6861255870899186e-05,-3.806489985436201e-07,3.806489985436201e-07
20230522_000000,5,TAMI,3.2183629627979826e-06,3.2570301300438587e-06,-3.8667167245876044e-08,3.8667167245876044e-08
20230522_000000,5,TUMI,0.0009343368001282215,0.0009487139759585261,-1.4377175830304623e-05,1.4377175830304623e-05
20230522_000000,5,WHIS,0.0003267218417022377,0.0003293613553978503,-2.6395136956125498e-06,2.6395136956125498e-06
20230522_000000,5,YARD,0.0002190254017477855,0.00022265840379986912,-3.6330020520836115e-06,3.6330020520836115e-06
20230522_000000,5,ZEMA,0.000767805497162044,0.0007776471320539713,-9.841634891927242e-06,9.841634891927242e-06
20230522_000000,50,AEAC,1.080791706131734e-12,1.088147042090093e-12,-7.35533595835891e-15,7.35533595835891e-15
20230522_000000,50,BRCA,2.045922322006853e-16,2.0553402695891367e-16,-9.417947582283752e-19,9.417947582283752e-19
20230522_000000,50,BRMA,4.61129861034572e-15,4.60807946162968e-15,3.2191487160399684e-18,3.2191487160399684e-18
20230522_000000,50,BUVI,5.669848542311229e-05,5.6887987739173695e-05,-1.8950231606140733e-07,1.8950231606140733e-07
20230522_000000,50,CAGU,3.579628810257418e-06,3.5655571082315873e-06,1.4071702025830746e-08,1.4071702025830746e-08
20230522_000000,50,CALU,5.176122996886079e-08,5.1723624494570686e-08,3.76054742901033e-11,3.76054742901033e-11
20230522_000000,50,CAUS,3.770968606819913e-11,3.759542330228349e-11,1.1426276591564033e-13,1.1426276591564033e-13
20230522_000000,50,CCOO,5.95241356204923e-11,5.904118860478036e-11,4.829470157119431e-13,4.829470157119431e-13
20230522_000000,50,CHFA,1.9308324470529437e-12,1.9222520710598934e-12,8.580375993050282e-15,8.580375993050282e-15
20230522_000000,50,CHMI,3.701001105582691e-08,3.683739180360135e-08,1.7261925222555874e-10,1.7261925222555874e-10
20230522_000000,50,CHMI_IRREG,3.6023113381133953e-09,3.607880660894125e-09,-5.569322780729635e-12,5.569322780729635e-12
20230522_000000,50,COAU,5.756489902808415e-12,5.7261560944266154e-12,3.033380838179944e-14,3.033380838179944e-14
20230522_000000,50,COAU2,3.3052693915180953e-09,3.2837472740965268e-09,2.152211742156851e-11,2.152211742156851e-11
20230522_000000,50,COCO,2.119912245746036e-09,2.117919395416834e-09,1.992850329202156e-12,1.992850329202156e-12
20230522_000000,50,CYST,9.309577553295867e-10,9.290491154168024e-10,1.908639912784338e-12,1.908639912784338e-12
20230522_000000,50,DEFU,1.5707254874541832e-07,1.5662155306017667e-07,4.509956852416508e-10,4.509956852416508e-10
20230522_000000,50,DOG,2.0290120972266124e-10,2.032916612826341e-10,-3.9045155997285974e-13,3.9045155997285974e-13
20230522_000000,50,DRPU,3.480501367810379e-21,3.475035028742853e-21,5.466339067525721e-24,5.466339067525721e-24
20230522_000000,50,DRUM,6.98771596141512e-10,6.97595647913829e-10,1.1759482276829658e-12,1.1759482276829658e-12
20230522_000000,50,FLY,2.549603550505708e-08,2.5478046339344473e-08,1.7989165712606336e-11,1.7989165712606336e-11
20230522_000000,50,FROG,1.2254703918301857e-09,1.2251430980825262e-09,3.2729374765949615e-13,3.2729374765949615e-13
20230522_000000,50,GLGN,1.454807411691017e-13,1.4596350929145518e-13,-4.82768122353483e-16,4.82768122353483e-16
20230522_000000,50,HOSA,3.302504580915411e-08,3.305441254042307e-08,-2.936673126896494e-11,2.936673126896494e-11
20230522_000000,50,HYPI,1.7305840259635753e-14,1.7278264255004942e-14,2.7576004630811002e-17,2.7576004630811002e-17
20230522_000000,50,INSP,7.479450218894623e-12,7.525569577226943e-12,-4.6119358332319393e-14,4.6119358332319393e-14
20230522_000000,50,IXNA,4.815343235264891e-09,4.8032799959685235e-09,1.2063239296367101e-11,1.2063239296367101e-11
20230522_000000,50,MEKE,6.553189935143422e-11,6.569458171901132e-11,-1.6268236757710497e-13,1.6268236757710497e-13
20230522_000000,50,MYTO,6.233998872673396e-10,6.151623654915284e-10,8.237521775811274e-12,8.237521775811274e-12
20230522_000000,50,NUCO,1.0409071514835668e-19,1.0375809160688233e-19,3.326235414743507e-22,3.326235414743507e-22
20230522_000000,50,OCPR,2.497142936874752e-09,2.488479866613602e-09,8.663070261150096e-12,8.663070261150096e-12
20230522_000000,50,ORPI,5.1426959912781456e-11,5.139508610363386e-11,3.1873809147597854e-14,3.1873809147597854e-14
20230522_000000,50,PAFA,2.0155668245536162e-09,2.015090094786842e-09,4.767297667740422e-13,4.767297667740422e-13
20230522_000000,50,PECA,4.008862686255554e-12,4.00198710975852e-12,6.875576497034075e-15,6.875576497034075e-15
20230522_000000,50,PHNU,6.311923761437299e-10,6.325734935863636e-10,-1.3811174426336947e-12,1.3811174426336947e-12
20230522_000000,50,PIMA,4.289472253684711e-15,4.268040626053283e-15,2.1431627631428307e-17,2.1431627631428307e-17
20230522_000000,50,POEC,2.425075820156053e-07,2.4021156264097954e-07,2.2960193746257573e-09,2.2960193746257573e-09
20230522_000000,50,PSFL,0.9999374151229858,0.9999372959136963,1.1920928955078125e-07,1.1920928955078125e-07
20230522_000000,50,SHOT,4.0494671504909263e-10,4.0520936606114333e-10,-2.626510120506964e-13,2.626510120506964e-13
20230522_000000,50,SITT,8.26167720902049e-08,8.212390412154491e-08,4.928679686599935e-10,4.928679686599935e-10
20230522_000000,50,SPRU,1.8374097382478638e-11,1.8330795215071305e-11,4.330216740733306e-14,4.330216740733306e-14
20230522_000000,50,STOC,3.583507879235286e-16,3.621049173550985e-16,-3.754129431569864e-18,3.754129431569864e-18
20230522_000000,50,STOC_IRREG,5.157830314177323e-16,5.206678174849886e-16,-4.884786067256347e-18,4.884786067256347e-18
20230522_000000,50,STVA,3.229059814674473e-13,3.2430828855734006e-13,-1.4023070898927514e-15,1.4023070898927514e-15
20230522_000000,50,STVA_IRREG,3.935808068344926e-10,3.943073367818073e-10,-7.265299473147024e-13,7.265299473147024e-13
20230522_000000,50,TADO1,9.720048235669103e-16,9.700490244917e-16,1.9557990752101795e-18,1.9557990752101795e-18
20230522_000000,50,TADO2,5.480035869531719e-10,5.468581143475149e-10,1.1454726056570053e-12,1.1454726056570053e-12
20230522_000000,50,TAMI,2.0587167970267765e-14,2.0616205953765537e-14,-2.9037983497771924e-17,2.9037983497771924e-17
20230522_000000,50,TUMI,1.6057852008088958e-06,1.5968071238603443e-06,8.978076948551461e-09,8.978076948551461e-09
20230522_000000,50,WHIS,6.825951324813728e-17,6.879985409403652e-17,-5.403408458992394e-19,5.403408458992394e-19
20230522_000000,50,YARD,2.205865427384185e-13,2.2155000544647058e-13,-9.634627080520874e-16,9.634627080520874e-16
20230522_000000,50,ZEMA,3.8695872894844996e-11,3.877802939866726e-11,-8.215650382226158e-14,8.215650382226158e-14
20230522_000000,6,AEAC,1.6158531934706843e-06,1.626787707209587e-06,-1.0934513738902751e-08,1.0934513738902751e-08
20230522_000000,6,BRCA,8.550292140974136e-10,8.517297422905301e-10,3.2994718068835027e-12,3.2994718068835027e-12
20230522_000000,6,BRMA,1.5666193385957539e-12,1.5577101240837887e-12,8.909214511965136e-15,8.909214511965136e-15
20230522_000000,6,BUVI,0.010613471269607544,0.01077074185013771,-0.00015727058053016663,0.00015727058053016663
20230522_000000,6,CAGU,5.319762294675456e-06,5.327138296706835e-06,-7.376002031378448e-09,7.376002031378448e-09
20230522_000000,6,CALU,3.0723776944796555e-06,3.0847609195916448e-06,-1.2383225111989304e-08,1.2383225111989304e-08
20230522_000000,6,CAUS,7.486717912286167e-09,7.470839946677188e-09,1.587796560897914e-11,1.587796560897914e-11
20230522_000000,6,CCOO,3.105624368782145e-10,3.0813790408146247e-10,2.4245327967520325e-12,2.4245327967520325e-12
20230522_000000,6,CHFA,1.1195264715269104e-09,1.1164791313689193e-09,3.0473401579911297e-12,3.0473401579911297e-12
20230522_000000,6,CHMI,2.347597728658002e-06,2.348828957110527e-06,-1.2312284525251016e-09,1.2312284525251016e-09
20230522_000000,6,CHMI_IRREG,4.631274350685999e-06,4.621628704626346e-06,9.64564605965279e-09,9.64564605965279e-09
20230522_000000,6,COAU,3.606072940254279e-10,3.596585806953101e-10,9.487133301178119e-13,9.487133301178119e-13
20230522_000000,6,COAU2,1.2008917416039822e-08,1.1982579373182034e-08,2.6338042857787514e-11,2.6338042857787514e-11
20230522_000000,6,COCO,1.8865545143853524e-06,1.8923202560472419e-06,-5.7657416618894786e-09,5.7657416618894786e-09
20230522_000000,6,CYST,1.2874603783075145e-07,1.2876567723196786e-07,-1.963940121640917e-11,1.963940121640917e-11
20230522_000000,6,DEFU,0.00010279857815476134,0.00010321821901015937,-4.196408553980291e-07,4.196408553980291e-07
20230522_000000,6,DOG,4.749641902890289e-06,4.744987109006615e-06,4.654793883673847e-09,4.654793883673847e-09
20230522_000000,6,DRPU,3.689678059338574e-15,3.645321484989708e-15,4.4356574348865946e-17,4.4356574348865946e-17
20230522_000000,6,DRUM,2.4927994672907516e-06,2.492718067514943e-06,8.139977580867708e-11,8.139977580867708e-11
20230522_000000,6,FLY,4.353973417892121e-05,4.378485755296424e-05,-2.4512337404303253e-07,2.4512337404303253e-07
20230522_000000,6,FROG,5.399374003900448e-06,5.419223725766642e-06,-1.984972186619416e-08,1.984972186619416e-08
20230522_000000,6,GLGN,2.6875941472326303e-08,2.698169154768948e-08,-1.0575007536317571e-10,1.0575007536317571e-10
20230522_000000,6,HOSA,3.254532202845439e-05,3.261867823312059e-05,-7.33562046661973e-08,7.33562046661973e-08
20230522_000000,6,HYPI,7.420249831247006e-11,7.441493254933818e-11,-2.124342368681198e-13,2.124342368681198e-13
20230522_000000,6,INSP,4.791161700268276e-05,4.8273985157720745e-05,-3.6236815503798425e-07,3.6236815503798425e-07
20230522_000000,6,IXNA,5.265163736112299e-07,5.255154746919288e-07,1.0008989193011075e-09,1.0008989193011075e-09
20230522_000000,6,MEKE,2.7090673029306345e-05,2.741314165177755e-05,-3.224686224712059e-07,3.224686224712059e-07
20230522_000000,6,MYTO,2.721977808081699e-12,2.67968503289695e-12,4.2292775184749054e-14,4.2292775184749054e-14
20230522_000000,6,NUCO,1.8068272879607274e-16,1.7776106069808644e-16,2.921668097986298e-18,2.921668097986298e-18
20230522_000000,6,OCPR,1.2435506846486533e-08,1.2399456572609324e-08,3.605027387720838e-11,3.605027387720838e-11
20230522_000000,6,ORPI,1.1446935843650863e-07,1.1447239955941768e-07,-3.0411229090532288e-12,3.0411229090532288e-12
20230522_000000,6,PAFA,1.601809913154284e-06,1.605072839083732e-06,-3.2629259294481017e-09,3.2629259294481017e-09
20230522_000000,6,PECA,3.117626601323309e-09,3.1164368863301206e-09,1.1897149931883177e-12,1.1897149931883177e-12
20230522_000000,6,PHNU,5.0988396651519e-06,5.092244464321993e-06,6.595200829906389e-09,6.595200829906389e-09
20230522_000000,6,PIMA,1.8112854965890435e-12,1.7867617108091594e-12,2.4523785779884122e-14,2.4523785779884122e-14
20230522_000000,6,POEC,1.1591100523844489e-08,1.1530856269814649e-08,6.02442540298398e-11,6.02442540298398e-11
20230522_000000,6,PSFL,0.9887279272079468,0.9885674715042114,0.00016045570373535156,0.00016045570373535156
20230522_000000,6,SHOT,1.3860729097814328e-07,1.386220844779018e-07,-1.4793499758525286e-11,1.4793499758525286e-11
20230522_000000,6,SITT,1.440210098735406e-06,1.434496425645193e-06,5.7136730902129784e-09,5.7136730902129784e-09
20230522_000000,6,SPRU,1.835911334069351e-08,1.8327272144347262e-08,3.184119634624949e-11,3.184119634624949e-11
20230522_000000,6,STOC,2.808325803016487e-07,2.846788333954464e-07,-3.8462530937977135e-09,3.8462530937977135e-09
20230522_000000,6,STOC_IRREG,1.0255307714146511e-08,1.0346350443057872e-08,-9.104272891136134e-11,9.104272891136134e-11
20230522_000000,6,STVA,3.039931289094966e-05,3.081207978539169e-05,-4.127668944420293e-07,4.127668944420293e-07
20230522_000000,6,STVA_IRREG,0.00032849301351234317,0.0003297647926956415,-1.2717791832983494e-06,1.2717791832983494e-06
20230522_000000,6,TADO1,6.654653217363915e-11,6.647751793487089e-11,6.901423876826129e-14,6.901423876826129e-14
20230522_000000,6,TADO2,1.7487172598862344e-08,1.7476066815902414e-08,1.1105782959930366e-11,1.1105782959930366e-11
20230522_000000,6,TAMI,5.631942689987568e-10,5.613956521877128e-10,1.7986168110439849e-12,1.7986168110439849e-12
20230522_000000,6,TUMI,2.11296787711035e-06,2.1067764919280307e-06,6.191385182319209e-09,6.191385182319209e-09
20230522_000000,6,WHIS,1.1470753236153541e-08,1.156420292858229e-08,-9.344969242874868e-11,9.344969242874868e-11
20230522_000000,6,YARD,2.006643562424415e-08,2.015615407913174e-08,-8.971845488758845e-11,8.971845488758845e-11
20230522_000000,6,ZEMA,2.795335603877902e-06,2.8028762244503014e-06,-7.540620572399348e-09,7.540620572399348e-09
20230522_000000,7,AEAC,2.782267417757861e-13,2.769730788037411e-13,1.2536629720449888e-15,1.2536629720449888e-15
20230522_000000,7,BRCA,9.107692733251068e-22,9.224727884714168e-22,-1.1703515146309964e-23,1.1703515146309964e-23
20230522_000000,7,BRMA,1.0806057035774479e-26,1.0846453031172013e-26,-4.0395995397533395e-29,4.0395995397533395e-29
20230522_000000,7,BUVI,0.0003876759728882462,0.00037950879777781665,8.167175110429525e-06,8.167175110429525e-06
20230522_000000,7,CAGU,3.1805005677731923e-12,3.145535481391404e-12,3.4965086381788524e-14,3.4965086381788524e-14
20230522_000000,7,CALU,1.707913527943493e-14,1.714628466336146e-14,-6.714938392653191e-17,6.714938392653191e-17
20230522_000000,7,CAUS,7.060851836609004e-20,7.032307643127389e-20,2.8544193481615025e-22,2.8544193481615025e-22
20230522_000000,7,CCOO,1.506739348883768e-22,1.4996297557526817e-22,7.1095931310862645e-25,7.1095931310862645e-25
20230522_000000,7,CHFA,2.536314280465878e-21,2.5352897962745983e-21,1.0244841912796654e-24,1.0244841912796654e-24
20230522_000000,7,CHMI,5.845985045875579e-13,5.795086090686075e-13,5.089895518950449e-15,5.089895518950449e-15
20230522_000000,7,CHMI_IRREG,5.060738286766231e-12,5.06266166142022e-12,-1.923374653989285e-15,1.923374653989285e-15
20230522_000000,7,COAU,9.193948930329596e-22,9.211400300601512e-22,-1.7451370271916476e-24,1.7451370271916476e-24
20230522_000000,7,COAU2,3.019174856124342e-19,3.0033472720910224e-19,1.5827584033319339e-21,1.5827584033319339e-21
20230522_000000,7,COCO,3.231433404280587e-14,3.2245334738922535e-14,6.89993038833353e-17,6.89993038833353e-17
20230522_000000,7,CYST,1.4956288389773756e-16,1.4912769425130606e-16,4.351896464314985e-19,4.351896464314985e-19
20230522_000000,7,DEFU,5.771486621952704e-10,5.709943073917145e-10,6.1543548035558615e-12,6.1543548035558615e-12
20230522_000000,7,DOG,1.2918229582836033e-13,1.294699753223022e-13,-2.8767949394187253e-16,2.8767949394187253e-16
20230522_000000,7,DRPU,8.183345922966934e-31,8.259812300685664e-31,-7.646637771873013e-33,7.646637771873013e-33
20230522_000000,7,DRUM,1.7910152527722545e-14,1.7899027596993307e-14,1.112493072923798e-17,1.112493072923798e-17
20230522_000000,7,FLY,2.724306717716285e-11,2.700834521307538e-11,2.347219640874698e-13,2.347219640874698e-13
20230522_000000,7,FROG,3.27747459163627e-13,3.257569995002152e-13,1.9904596634118255e-15,1.9904596634118255e-15
20230522_000000,7,GLGN,5.0933401372491363e-17,5.092273736003433e-17,1.0664012457033633e-20,1.0664012457033633e-20
20230522_000000,7,HOSA,5.710173653361572e-12,5.7154502484946246e-12,-5.276595133052453e-15,5.276595133052453e-15
20230522_000000,7,HYPI,6.73233775810423e-23,6.72664155127981e-23,5.696206824419882e-26,5.696206824419882e-26
20230522_000000,7,INSP,2.5382968296683295e-11,2.4996556907685985e-11,3.8641138899730976e-13,3.8641138899730976e-13
20230522_000000,7,IXNA,2.5294521387381544e-15,2.521274247390651e-15,8.177891347503456e-18,8.177891347503456e-18
20230522_000000,7,MEKE,1.2858237044555132e-11,1.2696010909252209e-11,1.6222613530292307e-13,1.6222613530292307e-13
20230522_000000,7,MYTO,6.3016273705954806e-27,6.3219031758640006e-27,-2.0275805268519942e-29,2.0275805268519942e-29
20230522_000000,7,NUCO,2.0089638978948526e-35,2.050449004861635e-35,-4.1485106966782314e-37,4.1485106966782314e-37
20230522_000000,7,OCPR,6.264864127407169e-18,6.232853478472285e-18,3.201064893488334e-20,3.201064893488334e-20
20230522_000000,7,ORPI,9.52207059625009e-18,9.525417369008479e-18,-3.34677275838955e-21,3.34677275838955e-21
20230522_000000,7,PAFA,1.147943095832285e-14,1.1513644313128346e-14,-3.42133548054957e-17,3.42133548054957e-17
20230522_000000,7,PECA,1.7774552322180358e-20,1.7776253535432347e-20,-1.7012132519889417e-24,1.7012132519889417e-24
20230522_000000,7,PHNU,1.3176693893987568e-12,1.3307861757017037e-12,-1.3116786302946881e-14,1.3116786302946881e-14
20230522_000000,7,PIMA,2.2548223491412052e-27,2.2734100768134697e-27,-1.858772767226453e-29,1.858772767226453e-29
20230522_000000,7,POEC,1.0156230189676911e-19,1.0069128071175077e-19,8.710211850183381e-22,8.710211850183381e-22
20230522_000000,7,PSFL,0.9996123909950256,0.9996204376220703,-8.046627044677734e-06,8.046627044677734e-06
20230522_000000,7,SHOT,4.00450873118354e-17,4.007582203467542e-17,-3.0734722840020296e-20,3.0734722840020296e-20
20230522_000000,7,SITT,1.3841186667130651e-14,1.3732799484167044e-14,1.0838718296360753e-16,1.0838718296360753e-16
20230522_000000,7,SPRU,5.018101008822716e-19,5.02430951630781e-19,-6.208507485093318e-22,6.208507485093318e-22
20230522_000000,7,STOC,4.92165052930763e-16,4.820865784682985e-16,1.0078474462464496e-17,1.0078474462464496e-17
20230522_000000,7,STOC_IRREG,2.469957173180278e-19,2.4538801424934855e-19,1.6077030686792361e-21,1.6077030686792361e-21
20230522_000000,7,STVA,1.3702430032638824e-12,1.350153170688595e-12,2.0089832575287403e-14,2.0089832575287403e-14
20230522_000000,7,STVA_IRREG,1.1235948976784371e-10,1.120460252357347e-10,3.1346453210900904e-13,3.1346453210900904e-13
20230522_000000,7,TADO1,1.5059170087217294e-23,1.5158367768327025e-23,-9.919768110973179e-26,9.919768110973179e-26
20230522_000000,7,TADO2,1.208551303392412e-18,1.2045935543540754e-18,3.95774903833653e-21,3.95774903833653e-21
20230522_000000,7,TAMI,2.540486281803666e-22,2.5644204478858164e-22,-2.3934166082150334e-24,2.3934166082150334e-24
20230522_000000,7,TUMI,1.3930953016595e-13,1.3891980014252292e-13,3.8973002342707064e-16,3.8973002342707064e-16
20230522_000000,7,WHIS,6.603014476144292e-20,6.552081476161193e-20,5.093299998309912e-22,5.093299998309912e-22
20230522_000000,7,YARD,4.0479236158261155e-19,4.0368231104995953e-19,1.1100505326520209e-21,1.1100505326520209e-21
20230522_000000,7,ZEMA,9.42921142641634e-14,9.36324585573689e-14,6.59655706794493e-16,6.59655706794493e-16
20230522_000000,8,AEAC,2.159709583793301e-05,2.1913103410042822e-05,-3.16007572109811e-07,3.16007572109811e-07
20230522_000000,8,BRCA,2.922270203598032e-09,3.0073530332686005e-09,-8.508282967056857e-11,8.508282967056857e-11
20230522_000000,8,BRMA,2.608740860051556e-13,2.656121579191345e-13,-4.738071913978903e-15,4.738071913978903e-15
20230522_000000,8,BUVI,0.4392821490764618,0.4350335896015167,0.004248559474945068,0.004248559474945068
20230522_000000,8,CAGU,2.741670186878764e-06,2.755414698185632e-06,-1.3744511306867935e-08,1.3744511306867935e-08
20230522_000000,8,CALU,0.00014712785196024925,0.00014930256293155253,-2.174710971303284e-06,2.174710971303284e-06
20230522_000000,8,CAUS,1.1373337827080832e-09,1.1494544205348234e-09,-1.2120637826740221e-11,1.2120637826740221e-11
20230522_000000,8,CCOO,3.5111847457303114e-11,3.564518472054523e-11,-5.333372632421174e-13,5.333372632421174e-13
20230522_000000,8,CHFA,1.8783491428919774e-10,1.9211472690461306e-10,-4.279812615415324e-12,4.279812615415324e-12
20230522_000000,8,CHMI,2.480197053955635e-06,2.499910806363914e-06,-1.9713752408279106e-08,1.9713752408279106e-08
20230522_000000,8,CHMI_IRREG,6.538612979056779e-06,6.5671702031977475e-06,-2.8557224140968174e-08,2.8557224140968174e-08
20230522_000000,8,COAU,6.923349116227939e-10,7.055792061727573e-10,-1.3244294549963342e-11,1.3244294549963342e-11
20230522_000000,8,COAU2,8.121885386458416e-09,8.273973506334187e-09,-1.5208811987577064e-10,1.5208811987577064e-10
20230522_000000,8,COCO,2.569472781033255e-05,2.598399260023143e-05,-2.892647898988798e-07,2.892647898988798e-07
20230522_000000,8,CYST,7.632168319560151e-08,7.740364083019813e-08,-1.0819576345966198e-09,1.0819576345966198e-09
20230522_000000,8,DEFU,0.0003707805008161813,0.00037200888618826866,-1.2283853720873594e-06,1.2283853720873594e-06
20230522_000000,8,DOG,1.6757072444306687e-05,1.6956646504695527e-05,-1.9957406038884073e-07,1.9957406038884073e-07
20230522_000000,8,DRPU,1.2101670890496516e-15,1.2273823984278848e-15,-1.7215309378233214e-17,1.7215309378233214e-17
20230522_000000,8,DRUM,2.8205702164996183e-06,2.8614613256650046e-06,-4.08911091653863e-08,4.08911091653863e-08
20230522_000000,8,FLY,0.0001686243776930496,0.00017047894652932882,-1.8545688362792134e-06,1.8545688362792134e-06
20230522_000000,8,FROG,4.1706342017278075e-05,4.201019328320399e-05,-3.0385126592591405e-07,3.0385126592591405e-07
20230522_000000,8,GLGN,1.5217715088056138e-07,1.544896690575115e-07,-2.312518176950107e-09,2.312518176950107e-09
20230522_000000,8,HOSA,0.00017280304746236652,0.00017538601241540164,-2.582964953035116e-06,2.582964953035116e-06
20230522_000000,8,HYPI,1.145558981008321e-09,1.1659778698103196e-09,-2.041888880199849e-11,2.041888880199849e-11
20230522_000000,8,INSP,0.00039823734550736845,0.00039736783946864307,8.695060387253761e-07,8.695060387253761e-07
20230522_000000,8,IXNA,1.8362580078701285e-07,1.8592903927583393e-07,-2.30323848882108e-09,2.30323848882108e-09
20230522_000000,8,MEKE,0.0008908518357202411,0.0008892349433153868,1.6168924048542976e-06,1.6168924048542976e-06
20230522_000000,8,MYTO,9.149231800778188e-14,9.305991171887004e-14,-1.5675937110881666e-15,1.5675937110881666e-15
20230522_000000,8,NUCO,2.3868526531427903e-17,2.4516050132379314e-17,-6.475236009514105e-19,6.475236009514105e-19
20230522_000000,8,OCPR,1.4744219178908224e-08,1.4895238820145096e-08,-1.510196412368714e-10,1.510196412368714e-10
20230522_000000,8,ORPI,1.90091029139694e-07,1.9365855052910774e-07,-3.5675213894137414e-09,3.5675213894137414e-09
20230522_000000,8,PAFA,2.478920123394346e-06,2.518098199288943e-06,-3.9178075894596986e-08,3.9178075894596986e-08
20230522_000000,8,PECA,5.42050626606283e-09,5.504038114167997e-09,-8.353184810516723e-11,8.353184810516723e-11
20230522_000000,8,PHNU,6.479245712398551e-06,6.576038231287384e-06,-9.6792518888833e-08,9.6792518888833e-08
20230522_000000,8,PIMA,9.76560886735249e-14,1.0051586163883561e-13,-2.859772965310703e-15,2.859772965310703e-15
20230522_000000,8,POEC,1.1105939279332233e-08,1.128984727927218e-08,-1.8390799993994733e-10,1.8390799993994733e-10
20230522_000000,8,PSFL,0.5559900403022766,0.5602179765701294,-0.004227936267852783,0.004227936267852783
20230522_000000,8,SHOT,3.8770286892031436e-07,3.9258384276763536e-07,-4.880973847321002e-09,4.880973847321002e-09
20230522_000000,8,SITT,2.2497616214423033e-07,2.28066312502051e-07,-3.0901503578206757e-09,3.0901503578206757e-09
20230522_000000,8,SPRU,2.4615085081336474e-08,2.4980398194429654e-08,-3.653131130931797e-10,3.653131130931797e-10
20230522_000000,8,STOC,1.2503707694122568e-05,1.245185558218509e-05,5.1852111937478185e-08,5.1852111937478185e-08
20230522_000000,8,STOC_IRREG,6.542476285176235e-07,6.585913183698722e-07,-4.3436898522486445e-09,4.3436898522486445e-09
20230522_000000,8,STVA,0.0010720022255554795,0.0010730016510933638,-9.994255378842354e-07,9.994255378842354e-07
20230522_000000,8,STVA_IRREG,0.0013599538942798972,0.0013729777419939637,-1.3023847714066505e-05,1.3023847714066505e-05
20230522_000000,8,TADO1,5.0641456306177446e-11,5.162272345704544e-11,-9.812671508679927e-13,9.812671508679927e-13
20230522_000000,8,TADO2,3.0928280381203876e-08,3.1242329612268804e-08,-3.140492310649279e-10,3.140492310649279e-10
20230522_000000,8,TAMI,2.1238175107463064e-10,2.18107212845986e-10,-5.725461771355356e-12,5.725461771355356e-12
20230522_000000,8,TUMI,9.805343097468722e-07,9.90461330729886e-07,-9.92702098301379e-09,9.92702098301379e-09
20230522_000000,8,WHIS,2.497246498478489e-07,2.5197016384481685e-07,-2.2455139969679294e-09,2.2455139969679294e-09
20230522_000000,8,YARD,8.429658038267007e-08,8.548393992668935e-08,-1.187359544019273e-09,1.187359544019273e-09
20230522_000000,8,ZEMA,2.3889567728474503e-06,2.4164844489860116e-06,-2.752767613856122e-08,2.752767613856122e-08
20230522_000000,9,AEAC,7.661981271667173e-08,7.658756828732294e-08,3.2244429348793346e-11,3.2244429348793346e-11
20230522_000000,9,BRCA,1.824946986063447e-13,1.8504720867597302e-13,-2.552510069628311e-15,2.552510069628311e-15
20230522_000000,9,BRMA,6.128978205099407e-17,6.266814950163814e-17,-1.3783674506440623e-18,1.3783674506440623e-18
20230522_000000,9,BUVI,0.013877274468541145,0.013651277869939804,0.00022599659860134125,0.00022599659860134125
20230522_000000,9,CAGU,9.844485759913368e-08,9.88051453987282e-08,-3.602877995945164e-10,3.602877995945164e-10
20230522_000000,9,CALU,1.304264060308924e-06,1.31195304220455e-06,-7.688981895626057e-09,7.688981895626057e-09
20230522_000000,9,CAUS,4.070846090775682e-12,4.122929428418409e-12,-5.2083337642727656e-14,5.2083337642727656e-14
20230522_000000,9,CCOO,3.195466352461096e-14,3.2372443891119304e-14,-4.1778036650834405e-16,4.1778036650834405e-16
20230522_000000,9,CHFA,1.495981208918598e-13,1.5185579573320784e-13,-2.257674841348034e-15,2.257674841348034e-15
20230522_000000,9,CHMI,4.634003047954138e-08,4.633227135286688e-08,7.759126674500294e-12,7.759126674500294e-12
20230522_000000,9,CHMI_IRREG,6.756091863735492e-08,6.756096126991906e-08,-4.263256414560601e-14,4.263256414560601e-14
20230522_000000,9,COAU,6.431545563050783e-14,6.533068221603253e-14,-1.0152265855246922e-15,1.0152265855246922e-15
20230522_000000,9,COAU2,2.7766849149818418e-12,2.810028034913592e-12,-3.334311993175021e-14,3.334311993175021e-14
20230522_000000,9,COCO,3.597686770717701e-08,3.5935670439357636e-08,4.119726781937061e-11,4.119726781937061e-11
20230522_000000,9,CYST,1.8878747176653832e-10,1.9027696085416324e-10,-1.4894890876249178e-12,1.4894890876249178e-12
20230522_000000,9,DEFU,6.384845164575381e-06,6.350827788992319e-06,3.401737558306195e-08,3.401737558306195e-08
20230522_000000,9,DOG,2.2690802126135168e-08,2.271623422700486e-08,-2.5432100869693386e-11,2.5432100869693386e-11
20230522_000000,9,DRPU,8.779375781620179e-20,8.934762952157972e-20,-1.5538717053779336e-21,1.5538717053779336e-21
20230522_000000,9,DRUM,1.0269827654951769e-08,1.0331071109703771e-08,-6.124345475200244e-11,6.124345475200244e-11
20230522_000000,9,FLY,1.0436519914946984e-06,1.0385382438471424e-06,5.113747647556011e-09,5.113747647556011e-09
20230522_000000,9,FROG,1.6549265069443209e-07,1.6501630284437852e-07,4.763478500535712e-10,4.763478500535712e-10
20230522_000000,9,GLGN,1.961724116483765e-10,1.9722450061987473e-10,-1.0520889714982218e-12,1.0520889714982218e-12
20230522_000000,9,HOSA,1.0379397963333759e-06,1.0401250847280608e-06,-2.1852883946849033e-09,2.1852883946849033e-09
20230522_000000,9,HYPI,7.207813312133313e-14,7.293392777739383e-14,-8.557946560606988e-16,8.557946560606988e-16
20230522_000000,9,INSP,8.112648174574133e-06,8.026836439967155e-06,8.581173460697755e-08,8.581173460697755e-08
20230522_000000,9,IXNA,1.851240827299705e-09,1.866640175762768e-09,-1.5399348463063234e-11,1.5399348463063234e-11
20230522_000000,9,MEKE,4.746406830236083e-06,4.689354227593867e-06,5.705260264221579e-08,5.705260264221579e-08
20230522_000000,9,MYTO,1.2702166957518572e-16,1.299119842192338e-16,-2.890314644048088e-18,2.890314644048088e-18
20230522_000000,9,NUCO,3.0054540259863933e-22,3.1023140282440293e-22,-9.686000225763605e-24,9.686000225763605e-24
20230522_000000,9,OCPR,1.9391089428610897e-11,1.960594533945148e-11,-2.1485591084058342e-13,2.1485591084058342e-13
20230522_000000,9,ORPI,6.958800202738757e-11,7.02552599429751e-11,-6.672579155875269e-13,6.672579155875269e-13
20230522_000000,9,PAFA,3.8005429914278466e-09,3.817407279171903e-09,-1.6864287744056128e-11,1.6864287744056128e-11
20230522_000000,9,PECA,1.2574313335358966e-12,1.2700041756089075e-12,-1.2572842073010904e-14,1.2572842073010904e-14
20230522_000000,9,PHNU,4.750685889121087e-08,4.801913888741183e-08,-5.122799962009594e-10,5.122799962009594e-10
20230522_000000,9,PIMA,2.0514161909376342e-17,2.1011469511088122e-17,-4.973076017117807e-19,4.973076017117807e-19
20230522_000000,9,POEC,2.8824548650718818e-11,2.921372171948988e-11,-3.8917306877106483e-13,3.8917306877106483e-13
20230522_000000,9,PSFL,0.9860889911651611,0.9863152503967285,-0.0002262592315673828,0.0002262592315673828
20230522_000000,9,SHOT,5.886617859829357e-10,5.887227927381389e-10,-6.100675520315235e-14,6.100675520315235e-14
20230522_000000,9,SITT,5.96803095831433e-09,6.000151930862785e-09,-3.212097254845503e-11,3.212097254845503e-11
20230522_000000,9,SPRU,1.049203866149151e-11,1.0583676296471722e-11,-9.163763498021282e-14,9.163763498021282e-14
20230522_000000,9,STOC,1.2138864136090888e-08,1.1934547572423071e-08,2.043165636678168e-10,2.043165636678168e-10
20230522_000000,9,STOC_IRREG,3.502803949673172e-11,3.4909467677701755e-11,1.1857181902996672e-13,1.1857181902996672e-13
20230522_000000,9,STVA,1.308677042288764e-06,1.2962590290044318e-06,1.2418013284332119e-08,1.2418013284332119e-08
20230522_000000,9,STVA_IRREG,9.145310286839958e-06,9.12786981643876e-06,1.7440470401197672e-08,1.7440470401197672e-08
20230522_000000,9,TADO1,5.59000621738249e-15,5.675678517799579e-15,-8.567230041708895e-17,8.567230041708895e-17
20230522_000000,9,TADO2,2.0136139283755128e-11,2.022259443235086e-11,-8.645514859573211e-14,8.645514859573211e-14
20230522_000000,9,TAMI,5.709489277845245e-14,5.815619795630778e-14,-1.0613051778553262e-15,1.0613051778553262e-15
20230522_000000,9,TUMI,1.4313394025577963e-08,1.4455849850492086e-08,-1.4245582491412279e-10,1.4245582491412279e-10
20230522_000000,9,WHIS,7.16150680424299e-11,7.155475517661714e-11,6.031286581276163e-14,6.031286581276163e-14
20230522_000000,9,YARD,7.564260329218087e-11,7.568536075641674e-11,-4.275746423587634e-14,4.275746423587634e-14
20230522_000000,9,ZEMA,1.0064527877773344e-08,1.0110169590404894e-08,-4.5641712631550035e-11,4.5641712631550035e-11
20230526_000000,1,AEAC,0.00019776506815105677,0.00019799564324785024,-2.3057509679347277e-07,2.3057509679347277e-07
20230526_000000,1,BRCA,0.00030324337421916425,0.00030493695521727204,-1.693580998107791e-06,1.693580998107791e-06
20230526_000000,1,BRMA,6.455287415718658e-10,6.391516760295701e-10,6.377065542295668e-12,6.377065542295668e-12
20230526_000000,1,BUVI,0.00175481045152992,0.0017555393278598785,-7.288763299584389e-07,7.288763299584389e-07
20230526_000000,1,CAGU,1.6693908264642232e-06,1.6528679225302767e-06,1.652290393394651e-08,1.652290393394651e-08
20230526_000000,1,CALU,0.929929256439209,0.9298457503318787,8.350610733032227e-05,8.350610733032227e-05
20230526_000000,1,CAUS,1.6051305351538758e-07,1.5976637257608672e-07,7.466809393008589e-10,7.466809393008589e-10
20230526_000000,1,CCOO,7.083454534040357e-08,7.035679772116055e-08,4.777476192430186e-10,4.777476192430186e-10
20230526_000000,1,CHFA,1.3131639775565418e-07,1.30724117752834e-07,5.922800028201891e-10,5.922800028201891e-10
20230526_000000,1,CHMI,1.4944250324333552e-05,1.486168821429601e-05,8.256211003754288e-08,8.256211003754288e-08
20230526_000000,1,CHMI_IRREG,3.20389517582953e-05,3.204731910955161e-05,-8.36735125631094e-09,8.36735125631094e-09
20230526_000000,1,COAU,3.040453577796143e-07,3.046638425985293e-07,-6.184848189150216e-10,6.184848189150216e-10
20230526_000000,1,COAU2,7.733376151008997e-06,7.709656529186759e-06,2.371962182223797e-08,2.371962182223797e-08
20230526_000000,1,COCO,0.008193590678274632,0.008156334981322289,3.725569695234299e-05,3.725569695234299e-05
20230526_000000,1,CYST,1.8715585611062124e-05,1.8729831936070696e-05,-1.4246325008571148e-08,1.4246325008571148e-08
20230526_000000,1,DEFU,0.00042725628009065986,0.00042723282240331173,2.3457687348127365e-08,2.3457687348127365e-08
20230526_000000,1,DOG,0.0021983433980494738,0.0022055322770029306,-7.188878953456879e-06,7.188878953456879e-06
20230526_000000,1,DRPU,1.4909377898941756e-10,1.4945450432790608e-10,-3.6072533848852117e-13,3.6072533848852117e-13
20230526_000000,1,DRUM,0.00015549265663139522,0.00015540531603619456,8.734059520065784e-08,8.734059520065784e-08
20230526_000000,1,FLY,0.0005891825421713293,0.0005886065191589296,5.760230123996735e-07,5.760230123996735e-07
20230526_000000,1,FROG,0.0006644758977927268,0.0006679382058791816,-3.4623080864548683e-06,3.4623080864548683e-06
20230526_000000,1,GLGN,6.292232865234837e-05,6.304046110017225e-05,-1.181324478238821e-07,1.181324478238821e-07
20230526_000000,1,HOSA,0.013465279713273048,0.0134763577952981,-1.1078082025051117e-05,1.1078082025051117e-05
20230526_000000,1,HYPI,5.695774802916276e-07,5.698903464690375e-07,-3.128661774098873e-10,3.128661774098873e-10
20230526_000000,1,INSP,4.7422847273992375e-05,4.7469718992942944e-05,-4.687171895056963e-08,4.687171895056963e-08
20230526_000000,1,IXNA,3.5101579669571947e-06,3.491161578494939e-06,1.899638846225571e-08,1.899638846225571e-08
20230526_000000,1,MEKE,0.0003951214603148401,0.00039520885911770165,-8.739880286157131e-08,8.739880286157131e-08
20230526_000000,1,MYTO,1.297206675410223e-09,1.2908437652114912e-09,6.362910198731697e-12,6.362910198731697e-12
20230526_000000,1,NUCO,4.727079283561864e-10,4.701971589859966e-10,2.5107693701897915e-12,2.5107693701897915e-12
20230526_000000,1,OCPR,6.248832505661994e-06,6.235586170078022e-06,1.3246335583971813e-08,1.3246335583971813e-08
20230526_000000,1,ORPI,0.00047000031918287277,0.00046986606321297586,1.3425596989691257e-07,1.3425596989691257e-07
20230526_000000,1,PAFA,6.569522520294413e-05,6.554482388310134e-05,1.504013198427856e-07,1.504013198427856e-07
20230526_000000,1,PECA,2.3872418751125224e-05,2.3841859729145654e-05,3.055902197957039e-08,3.055902197957039e-08
20230526_000000,1,PHNU,0.007769881747663021,0.007804759778082371,-3.487803041934967e-05,3.487803041934967e-05
20230526_000000,1,PIMA,2.8316490485735812e-08,2.8150568098794793e-08,1.659223869410198e-10,1.659223869410198e-10
20230526_000000,1,POEC,3.965493306168355e-06,3.9394126361003146e-06,2.608067006804049e-08,2.608067006804049e-08
20230526_000000,1,PSFL,0.030435841530561447,0.030493907630443573,-5.8066099882125854e-05,5.8066099882125854e-05
20230526_000000,1,SHOT,0.0002966852334793657,0.00029671008815057576,-2.4854671210050583e-08,2.4854671210050583e-08
20230526_000000,1,SITT,6.290147211984731e-06,6.285654762905324e-06,4.492449079407379e-09,4.492449079407379e-09
20230526_000000,1,SPRU,1.0875285624933895e-05,1.082578000932699e-05,4.950561560690403e-08,4.950561560690403e-08
20230526_000000,1,STOC,9.081642019737046e-06,9.069782208825927e-06,1.1859810911118984e-08,1.1859810911118984e-08
20230526_000000,1,STOC_IRREG,5.1649516535690054e-05,5.168907955521718e-05,-3.956301952712238e-08,3.956301952712238e-08
20230526_000000,1,STVA,0.00032741649192757905,0.0003275710332673043,-1.5454133972525597e-07,1.5454133972525597e-07
20230526_000000,1,STVA_IRREG,0.0018234216840937734,0.0018276041373610497,-4.182453267276287e-06,4.182453267276287e-06
20230526_000000,1,TADO1,1.6406239922162058e-07,1.6333582664174173e-07,7.26572579878848e-10,7.26572579878848e-10
20230526_000000,1,TADO2,1.5095023627509363e-05,1.5126046491786838e-05,-3.102286427747458e-08,3.102286427747458e-08
20230526_000000,1,TAMI,7.913303306850139e-06,7.935611392895225e-06,-2.2308086045086384e-08,2.2308086045086384e-08
20230526_000000,1,TUMI,2.613601645862218e-05,2.6137533495784737e-05,-1.5170371625572443e-09,1.5170371625572443e-09
20230526_000000,1,WHIS,4.318900391808711e-05,4.32032102253288e-05,-1.4206307241693139e-08,1.4206307241693139e-08
20230526_000000,1,YARD,0.00011869124136865139,0.0001184986176667735,1.9262370187789202e-07,1.9262370187789202e-07
20230526_000000,1,ZEMA,2.3890821466920897e-05,2.390307781752199e-05,-1.2256350601091981e-08,1.2256350601091981e-08
20230526_000000,10,AEAC,0.00047031938447616994,0.0004714683454949409,-1.1489610187709332e-06,1.1489610187709332e-06
20230526_000000,10,BRCA,5.061057436250849e-06,5.1323168008821085e-06,-7.125936463125981e-08,7.125936463125981e-08
20230526_000000,10,BRMA,2.478198202204851e-10,2.4988974778317186e-10,-2.0699275626867575e-12,2.0699275626867575e-12
20230526_000000,10,BUVI,0.18521925806999207,0.18383857607841492,0.0013806819915771484,0.0013806819915771484
20230526_000000,10,CAGU,3.753879718715325e-05,3.7405530747491866e-05,1.3326643966138363e-07,1.3326643966138363e-07
20230526_000000,10,CALU,0.0021991741377860308,0.0022323885932564735,-3.321445547044277e-05,3.321445547044277e-05
20230526_000000,10,CAUS,2.4772937194939004e-06,2.470906338203349e-06,6.387381290551275e-09,6.387381290551275e-09
20230526_000000,10,CCOO,1.0206482414787388e-07,1.0206080247598948e-07,4.021671884402167e-12,4.021671884402167e-12
20230526_000000,10,CHFA,4.739418955068686e-07,4.752766074034298e-07,-1.3347118965612026e-09,1.3347118965612026e-09
20230526_000000,10,CHMI,0.0005081709823571146,0.0005103907897137105,-2.219807356595993e-06,2.219807356595993e-06
20230526_000000,10,CHMI_IRREG,0.00043667343561537564,0.0004442995705176145,-7.626134902238846e-06,7.626134902238846e-06
20230526_000000,10,COAU,2.1295772967278026e-06,2.1385012587415986e-06,-8.923962013795972e-09,8.923962013795972e-09
20230526_000000,10,COAU2,9.37827553570969e-06,9.403726835444104e-06,-2.5451299734413624e-08,2.5451299734413624e-08
20230526_000000,10,COCO,0.0036021643318235874,0.0035839194897562265,1.8244842067360878e-05,1.8244842067360878e-05
20230526_000000,10,CYST,2.430125641694758e-05,2.4298497010022402e-05,2.7594069251790643e-09,2.7594069251790643e-09
20230526_000000,10,DEFU,0.00874042697250843,0.008703913539648056,3.651343286037445e-05,3.651343286037445e-05
20230526_000000,10,DOG,0.006975656840950251,0.007071920670568943,-9.62638296186924e-05,9.62638296186924e-05
20230526_000000,10,DRPU,5.600062774613335e-11,5.761210952748286e-11,-1.6114817813495108e-12,1.6114817813495108e-12
20230526_000000,10,DRUM,0.0025165537372231483,0.0025249060709029436,-8.352333679795265e-06,8.352333679795265e-06
20230526_000000,10,FLY,0.0042321402579545975,0.00421829242259264,1.384783536195755e-05,1.384783536195755e-05
20230526_000000,10,FROG,0.0026221477892249823,0.0026235871482640505,-1.439359039068222e-06,1.439359039068222e-06
20230526_000000,10,GLGN,0.0001803254708647728,0.00018086856289301068,-5.430920282378793e-07,5.430920282378793e-07
20230526_000000,10,HOSA,0.017854563891887665,0.018063725903630257,-0.00020916201174259186,0.00020916201174259186
20230526_000000,10,HYPI,1.4298839232651517e-05,1.4260313037084416e-05,3.852619556710124e-08,3.852619556710124e-08
20230526_000000,10,INSP,0.15125583112239838,0.15067589282989502,0.0005799382925033569,0.0005799382925033569
20230526_000000,10,IXNA,7.641098636668175e-05,7.640908734174445e-05,1.899024937301874e-09,1.899024937301874e-09
20230526_000000,10,MEKE,0.051891062408685684,0.05190129578113556,-1.0233372449874878e-05,1.0233372449874878e-05
20230526_000000,10,MYTO,1.2509983327024798e-10,1.25180490972987e-10,-8.065770273901762e-14,8.065770273901762e-14
20230526_000000,10,NUCO,1.6142174402711262e-12,1.6488389429844541e-12,-3.462150271332787e-14,3.462150271332787e-14
20230526_000000,10,OCPR,2.910092916863505e-06,2.9331824862310896e-06,-2.3089569367584772e-08,2.3089569367584772e-08
20230526_000000,10,ORPI,2.7793854314950295e-05,2.8035761715727858e-05,-2.4190740077756345e-07,2.4190740077756345e-07
20230526_000000,10,PAFA,0.00023806732497178018,0.00023973581846803427,-1.6684934962540865e-06,1.6684934962540865e-06
20230526_000000,10,PECA,4.760684987559216e-06,4.774120043293806e-06,-1.3435055734589696e-08,1.3435055734589696e-08
20230526_000000,10,PHNU,6.285147264861735e-06,6.456377832364524e-06,-1.712305675027892e-07,1.712305675027892e-07
20230526_000000,10,PIMA,9.513539955818828e-10,9.597138639350078e-10,-8.359868353124966e-12,8.359868353124966e-12
20230526_000000,10,POEC,8.805927791399881e-07,8.754338978178566e-07,5.158881322131492e-09,5.158881322131492e-09
20230526_000000,10,PSFL,0.023244008421897888,0.023614604026079178,-0.00037059560418128967,0.00037059560418128967
20230526_000000,10,SHOT,0.00022902002092450857,0.00023108503955882043,-2.065018634311855e-06,2.065018634311855e-06
20230526_000000,10,SITT,2.2855276256450452e-05,2.2890633772476576e-05,-3.535751602612436e-08,3.535751602612436e-08
20230526_000000,10,SPRU,0.00011494180944282562,0.00011510716285556555,-1.6535341273993254e-07,1.6535341273993254e-07
20230526_000000,10,STOC,0.0880325511097908,0.08760295808315277,0.000429593026638031,0.000429593026638031
20230526_000000,10,STOC_IRREG,0.0006100774044170976,0.0006174498121254146,-7.372407708317041e-06,7.372407708317041e-06
20230526_000000,10,STVA,0.31474122405052185,0.31493937969207764,-0.00019815564155578613,0.00019815564155578613
20230526_000000,10,STVA_IRREG,0.1312650442123413,0.1327616274356842,-0.0014965832233428955,0.0014965832233428955
20230526_000000,10,TADO1,2.3770917323417962e-07,2.38865141000133e-07,-1.1559677659533918e-09,1.1559677659533918e-09
20230526_000000,10,TADO2,8.37193238112377e-06,8.310069461003877e-06,6.18629201198928e-08,6.18629201198928e-08
20230526_000000,10,TAMI,2.830246899065969e-07,2.8545645136546227e-07,-2.431761458865367e-09,2.431761458865367e-09
20230526_000000,10,TUMI,6.062034663045779e-05,6.057267091819085e-05,4.76757122669369e-08,4.76757122669369e-08
20230526_000000,10,WHIS,0.0019310644129291177,0.001940194983035326,-9.130570106208324e-06,9.130570106208324e-06
20230526_000000,10,YARD,0.0004035955062136054,0.0004048280534334481,-1.2325472198426723e-06,1.2325472198426723e-06
20230526_000000,10,ZEMA,0.000178779213456437,0.00018014023953583091,-1.3610260793939233e-06,1.3610260793939233e-06
20230526_000000,11,AEAC,1.353811239823699e-05,1.3453030987875536e-05,8.508141036145389e-08,8.508141036145389e-08
20230526_000000,11,BRCA,5.421649802883621e-06,5.483410404849565e-06,-6.176060196594335e-08,6.176060196594335e-08
20230526_000000,11,BRMA,4.3170184653718024e-05,4.333213291829452e-05,-1.619482645764947e-07,1.619482645764947e-07
20230526_000000,11,BUVI,0.002408399013802409,0.002395820803940296,1.2578209862112999e-05,1.2578209862112999e-05
20230526_000000,11,CAGU,0.056636255234479904,0.055936578661203384,0.0006996765732765198,0.0006996765732765198
20230526_000000,11,CALU,0.003037709044292569,0.0029858441557735205,5.186488851904869e-05,5.186488851904869e-05
20230526_000000,11,CAUS,0.011270259507000446,0.011334850452840328,-6.45909458398819e-05,6.45909458398819e-05
20230526_000000,11,CCOO,0.007553913164883852,0.007548097521066666,5.815643817186356e-06,5.815643817186356e-06
20230526_000000,11,CHFA,0.0009251166484318674,0.0009320127428509295,-6.896094419062138e-06,6.896094419062138e-06
20230526_000000,11,CHMI,0.018161190673708916,0.018198184669017792,-3.699399530887604e-05,3.699399530887604e-05
20230526_000000,11,CHMI_IRREG,0.0013973508030176163,0.0014064639108255506,-9.113107807934284e-06,9.113107807934284e-06
20230526_000000,11,COAU,0.0005233148694969714,0.0005248344386927783,-1.5195691958069801e-06,1.5195691958069801e-06
20230526_000000,11,COAU2,0.03749562427401543,0.03774861991405487,-0.00025299564003944397,0.00025299564003944397
20230526_000000,11,COCO,0.0022453349083662033,0.002244590548798442,7.443595677614212e-07,7.443595677614212e-07
20230526_000000,11,CYST,0.0050829085521399975,0.0051092663779854774,-2.6357825845479965e-05,2.6357825845479965e-05
20230526_000000,11,DEFU,0.05235639959573746,0.05232097953557968,3.542006015777588e-05,3.542006015777588e-05
20230526_000000,11,DOG,0.0011284957872703671,0.0011339603224769235,-5.46453520655632e-06,5.46453520655632e-06
20230526_000000,11,DRPU,1.3395292874918141e-08,1.3349808369866878e-08,4.5484505051263113e-11,4.5484505051263113e-11
20230526_000000,11,DRUM,0.011256171390414238,0.011332749389111996,-7.657799869775772e-05,7.657799869775772e-05
20230526_000000,11,FLY,0.018373603001236916,0.0183953158557415,-2.1712854504585266e-05,2.1712854504585266e-05
20230526_000000,11,FROG,0.003487842855975032,0.0034441729076206684,4.366994835436344e-05,4.366994835436344e-05
20230526_000000,11,GLGN,3.693059261422604e-05,3.721638859133236e-05,-2.857959771063179e-07,2.857959771063179e-07
20230526_000000,11,HOSA,0.016552217304706573,0.0165121927857399,4.0024518966674805e-05,4.0024518966674805e-05
20230526_000000,11,HYPI,5.0923405069625005e-05,5.092273931950331e-05,6.657501216977835e-10,6.657501216977835e-10
20230526_000000,11,INSP,0.00039823201950639486,0.0003943624615203589,3.869557986035943e-06,3.869557986035943e-06
20230526_000000,11,IXNA,0.016805214807391167,0.016770014539361,3.5200268030166626e-05,3.5200268030166626e-05
20230526_000000,11,MEKE,0.0008959964034147561,0.0008893157355487347,6.680667866021395e-06,6.680667866021395e-06
20230526_000000,11,MYTO,0.06276210397481918,0.062285762280225754,0.00047634169459342957,0.00047634169459342957
20230526_000000,11,NUCO,3.112684680672828e-06,3.1312854389398126e-06,-1.8600758266984485e-08,1.8600758266984485e-08
20230526_000000,11,OCPR,0.0063417102210223675,0.006357559934258461,-1.584971323609352e-05,1.584971323609352e-05
20230526_000000,11,ORPI,0.0015099155716598034,0.0015106938080862164,-7.782364264130592e-07,7.782364264130592e-07
20230526_000000,11,PAFA,0.0013976491754874587,0.0014124104054644704,-1.476122997701168e-05,1.476122997701168e-05
20230526_000000,11,PECA,0.000694391259457916,0.0006972661940380931,-2.8749345801770687e-06,2.8749345801770687e-06
20230526_000000,11,PHNU,9.894144022837281e-05,9.862720617093146e-05,3.142340574413538e-07,3.142340574413538e-07
20230526_000000,11,PIMA,0.00039707121322862804,0.00040376302786171436,-6.691814633086324e-06,6.691814633086324e-06
20230526_000000,11,POEC,0.18048794567584991,0.17995135486125946,0.0005365908145904541,0.0005365908145904541
20230526_000000,11,PSFL,0.1529380977153778,0.15308238565921783,-0.00014428794384002686,0.00014428794384002686
20230526_000000,11,SHOT,0.011785448528826237,0.011813039891421795,-2.7591362595558167e-05,2.7591362595558167e-05
20230526_000000,11,SITT,0.029604269191622734,0.029468733817338943,0.0001355353742837906,0.0001355353742837906
20230526_000000,11,SPRU,0.0014431641902774572,0.001455578370951116,-1.2414180673658848e-05,1.2414180673658848e-05
20230526_000000,11,STOC,4.846207957598381e-06,4.829365025216248e-06,1.6842932382132858e-08,1.6842932382132858e-08
20230526_000000,11,STOC_IRREG,3.7494298794626957e-06,3.7468182654265547e-06,2.6116140361409634e-09,2.6116140361409634e-09
20230526_000000,11,STVA,0.00022574821196030825,0.00022373744286596775,2.0107690943405032e-06,2.0107690943405032e-06
20230526_000000,11,STVA_IRREG,0.0019617131911218166,0.001954409060999751,7.304130122065544e-06,7.304130122065544e-06
20230526_000000,11,TADO1,1.5935282135615125e-05,1.607812191650737e-05,-1.4283978089224547e-07,1.4283978089224547e-07
20230526_000000,11,TADO2,0.0012967567890882492,0.0012987250229343772,-1.968233846127987e-06,1.968233846127987e-06
20230526_000000,11,TAMI,2.0692292309831828e-05,2.0900048184557818e-05,-2.0775587472599e-07,2.0775587472599e-07
20230526_000000,11,TUMI,0.27850955724716187,0.2798699736595154,-0.0013604164123535156,0.0013604164123535156
20230526_000000,11,WHIS,4.772189186041942e-06,4.7392595661222e-06,3.2929619919741526e-08,3.2929619919741526e-08
20230526_000000,11,YARD,8.206696656998247e-05,8.228422666434199e-05,-2.172600943595171e-07,2.172600943595171e-07
20230526_000000,11,ZEMA,0.0002687166561372578,0.0002716129529289901,-2.8962967917323112e-06,2.8962967917323112e-06
20230526_000000,12,AEAC,6.138483513495885e-06,6.1087735048204195e-06,2.971000867546536e-08,2.971000867546536e-08
20230526_000000,12,BRCA,1.271377072953328e-06,1.2771951105605694e-06,-5.818037607241422e-09,5.818037607241422e-09
20230526_000000,12,BRMA,5.675758973922029e-09,5.718253870412582e-09,-4.249489649055249e-11,4.249489649055249e-11
20230526_000000,12,BUVI,0.008391317911446095,0.008412692695856094,-2.1374784409999847e-05,2.1374784409999847e-05
20230526_000000,12,CAGU,4.8072713980218396e-05,4.8215119022643194e-05,-1.42405042424798e-07,1.42405042424798e-07
20230526_000000,12,CALU,0.8946152925491333,0.8945449590682983,7.033348083496094e-05,7.033348083496094e-05
20230526_000000,12,CAUS,1.2349620419627172e-06,1.241127051798685e-06,-6.165009835967794e-09,6.165009835967794e-09
20230526_000000,12,CCOO,6.512203526654048e-06,6.542292339872802e-06,-3.0088813218753785e-08,3.0088813218753785e-08
20230526_000000,12,CHFA,1.5322518720495282e-06,1.5390261296488461e-06,-6.774257599317934e-09,6.774257599317934e-09
20230526_000000,12,CHMI,0.0006049837684258819,0.0006088217487558722,-3.837980329990387e-06,3.837980329990387e-06
20230526_000000,12,CHMI_IRREG,0.0005706161027774215,0.0005731958663091063,-2.5797635316848755e-06,2.5797635316848755e-06
20230526_000000,12,COAU,1.1518156497913878e-05,1.1527262358868029e-05,-9.105860954150558e-09,9.105860954150558e-09
20230526_000000,12,COAU2,0.00013377163850236684,0.00013427375233732164,-5.021138349547982e-07,5.021138349547982e-07
20230526_000000,12,COCO,0.0008994996314868331,0.0008998591220006347,-3.594905138015747e-07,3.594905138015747e-07
20230526_000000,12,CYST,4.903559238300659e-05,4.911443465971388e-05,-7.88422767072916e-08,7.88422767072916e-08
20230526_000000,12,DEFU,0.0024668590631335974,0.0024665985256433487,2.605374902486801e-07,2.605374902486801e-07
20230526_000000,12,DOG,0.002565812785178423,0.0025684756692498922,-2.662884071469307e-06,2.662884071469307e-06
20230526_000000,12,DRPU,1.0283256024479215e-08,1.0368551350836697e-08,-8.529532635748183e-11,8.529532635748183e-11
20230526_000000,12,DRUM,0.0010355467675253749,0.0010378079023212194,-2.261134795844555e-06,2.261134795844555e-06
20230526_000000,12,FLY,0.002721317345276475,0.0027258943300694227,-4.576984792947769e-06,4.576984792947769e-06
20230526_000000,12,FROG,0.0012659417698159814,0.0012645246461033821,1.4171237125992775e-06,1.4171237125992775e-06
20230526_000000,12,GLGN,6.034463694959413e-06,6.05381728746579e-06,-1.9353592506377026e-08,1.9353592506377026e-08
20230526_000000,12,HOSA,0.03013370744884014,0.030138058587908745,-4.351139068603516e-06,4.351139068603516e-06
20230526_000000,12,HYPI,1.1866262866533361e-05,1.1862025530717801e-05,4.237335815560073e-09,4.237335815560073e-09
20230526_000000,12,INSP,0.0008339195046573877,0.0008318694308400154,2.050073817372322e-06,2.050073817372322e-06
20230526_000000,12,IXNA,4.1831670387182385e-05,4.19322241214104e-05,-1.0055373422801495e-07,1.0055373422801495e-07
20230526_000000,12,MEKE,0.0011764535447582603,0.0011714419815689325,5.011563189327717e-06,5.011563189327717e-06
20230526_000000,12,MYTO,2.5562991368133225e-07,2.5705827511046664e-07,-1.4283614291343838e-09,1.4283614291343838e-09
20230526_000000,12,NUCO,8.04536792742283e-09,8.06681565990175e-09,-2.1447732478918624e-11,2.1447732478918624e-11
20230526_000000,12,OCPR,1.4189846297085751e-05,1.4258071132644545e-05,-6.822483555879444e-08,6.822483555879444e-08
20230526_000000,12,ORPI,5.086384044261649e-05,5.0948921852977946e-05,-8.508141036145389e-08,8.508141036145389e-08
20230526_000000,12,PAFA,0.00036242627538740635,0.0003635964239947498,-1.1701486073434353e-06,1.1701486073434353e-06
20230526_000000,12,PECA,4.137541964155389e-06,4.152969722781563e-06,-1.5427758626174182e-08,1.5427758626174182e-08
20230526_000000,12,PHNU,1.4636690139013808e-05,1.4678550542157609e-05,-4.1860403143800795e-08,4.1860403143800795e-08
20230526_000000,12,PIMA,2.290303768859303e-08,2.3110677815907366e-08,-2.0764012731433468e-10,2.0764012731433468e-10
20230526_000000,12,POEC,0.0021079087164252996,0.0021166475489735603,-8.738832548260689e-06,8.738832548260689e-06
20230526_000000,12,PSFL,0.020685456693172455,0.02067054621875286,1.4910474419593811e-05,1.4910474419593811e-05
20230526_000000,12,SHOT,0.02350519225001335,0.023548055440187454,-4.286319017410278e-05,4.286319017410278e-05
20230526_000000,12,SITT,0.00012479771976359189,0.00012472223897930235,7.548078428953886e-08,7.548078428953886e-08
20230526_000000,12,SPRU,0.0001582767436048016,0.00015890388749539852,-6.271438905969262e-07,6.271438905969262e-07
20230526_000000,12,STOC,2.2972461010795087e-05,2.3021359083941206e-05,-4.8898073146119714e-08,4.8898073146119714e-08
20230526_000000,12,STOC_IRREG,1.9207061995984986e-05,1.9225308278691955e-05,-1.8246282706968486e-08,1.8246282706968486e-08
20230526_000000,12,STVA,0.001122698769904673,0.0011227807262912393,-8.195638656616211e-08,8.195638656616211e-08
20230526_000000,12,STVA_IRREG,0.0031876680441200733,0.0031831373926252127,4.530651494860649e-06,4.530651494860649e-06
20230526_000000,12,TADO1,3.8840153138153255e-06,3.908854068868095e-06,-2.4838755052769557e-08,2.4838755052769557e-08
20230526_000000,12,TADO2,3.492824544082396e-05,3.5175027733203024e-05,-2.4678229237906635e-07,2.4678229237906635e-07
20230526_000000,12,TAMI,5.698924496755353e-07,5.740847655033576e-07,-4.192315827822313e-09,4.192315827822313e-09
20230526_000000,12,TUMI,0.000498984765727073,0.0004997592186555266,-7.744529284536839e-07,7.744529284536839e-07
20230526_000000,12,WHIS,5.106449407321634e-06,5.1140405048499815e-06,-7.591097528347746e-09,7.591097528347746e-09
20230526_000000,12,YARD,0.00044471080764196813,0.00044549789163284004,-7.870839908719063e-07,7.870839908719063e-07
20230526_000000,12,ZEMA,3.102191476500593e-05,3.116085281362757e-05,-1.389380486216396e-07,1.389380486216396e-07
20230526_000000,13,AEAC,2.085352662106743e-06,2.0780375962203834e-06,7.315065886359662e-09,7.315065886359662e-09
20230526_000000,13,BRCA,3.210287591315364e-11,3.211902618871498e-11,-1.6150275561344074e-14,1.6150275561344074e-14
20230526_000000,13,BRMA,7.341860828838397e-16,7.316008853892604e-16,2.585197494579328e-18,2.585197494579328e-18
20230526_000000,13,BUVI,0.20029553771018982,0.20022927224636078,6.626546382904053e-05,6.626546382904053e-05
20230526_000000,13,CAGU,2.6133704977837624e-07,2.6047720780297823e-07,8.598419753980124e-10,8.598419753980124e-10
20230526_000000,13,CALU,0.0007473521400243044,0.0007487589027732611,-1.4067627489566803e-06,1.4067627489566803e-06
20230526_000000,13,CAUS,6.194306352569345e-12,6.199183961302923e-12,-4.877608733577787e-15,4.877608733577787e-15
20230526_000000,13,CCOO,2.1618890705399352e-11,2.1434321331725847e-11,1.8456937367350434e-13,1.8456937367350434e-13
20230526_000000,13,CHFA,3.1796462164612738e-12,3.181415200725901e-12,-1.768984264627349e-15,1.768984264627349e-15
20230526_000000,13,CHMI,2.302780330865062e-06,2.2906206140760332e-06,1.2159716789028607e-08,1.2159716789028607e-08
20230526_000000,13,CHMI_IRREG,1.1333526344969869e-05,1.1303964129183441e-05,2.956221578642726e-08,2.956221578642726e-08
20230526_000000,13,COAU,5.863725477395221e-11,5.850985668187647e-11,1.2739809207573671e-13,1.2739809207573671e-13
20230526_000000,13,COAU2,4.2900629715347804e-09,4.27762447685609e-09,1.2438494678690404e-11,1.2438494678690404e-11
20230526_000000,13,COCO,3.780390045449167e-07,3.785600597439043e-07,-5.210551989875967e-10,5.210551989875967e-10
20230526_000000,13,CYST,6.415908693213623e-09,6.403495955709104e-09,1.24127375045191e-11,1.24127375045191e-11
20230526_000000,13,DEFU,0.0007363923941738904,0.0007335430709645152,2.849323209375143e-06,2.849323209375143e-06
20230526_000000,13,DOG,1.3320430980456877e-06,1.3337570408111787e-06,-1.7139427654910833e-09,1.7139427654910833e-09
20230526_000000,13,DRPU,3.183735856702042e-16,3.1748017766908775e-16,8.934080011164733e-19,8.934080011164733e-19
20230526_000000,13,DRUM,5.326650693859847e-07,5.333168928700616e-07,-6.518234840768855e-10,6.518234840768855e-10
20230526_000000,13,FLY,1.9199895177735016e-05,1.916465043905191e-05,3.5244738683104515e-08,3.5244738683104515e-08
20230526_000000,13,FROG,8.753953807172365e-06,8.739042641536798e-06,1.491116563556716e-08,1.491116563556716e-08
20230526_000000,13,GLGN,2.112217956096174e-09,2.1069175293320086e-09,5.300426764165422e-12,5.300426764165422e-12
20230526_000000,13,HOSA,7.953325984999537e-05,7.957751950016245e-05,-4.425965016707778e-08,4.425965016707778e-08
20230526_000000,13,HYPI,9.533463601885117e-11,9.496634728600739e-11,3.6828873284378005e-13,3.6828873284378005e-13
20230526_000000,13,INSP,4.4835396693088114e-05,4.47127349616494e-05,1.2266173143871129e-07,1.2266173143871129e-07
20230526_000000,13,IXNA,1.017688155968699e-08,1.0183399901109169e-08,-6.518341422179219e-12,6.518341422179219e-12
20230526_000000,13,MEKE,0.00013149571896065027,0.00013105833204463124,4.3738691601902246e-07,4.3738691601902246e-07
20230526_000000,13,MYTO,3.470223172946478e-14,3.448966711728542e-14,2.1256461217936118e-16,2.1256461217936118e-16
20230526_000000,13,NUCO,8.35161561295669e-19,8.341024599188714e-19,1.0591013767975828e-21,1.0591013767975828e-21
20230526_000000,13,OCPR,3.210162580202791e-09,3.1966147506778952e-09,1.354782952489586e-11,1.354782952489586e-11
20230526_000000,13,ORPI,9.182900662096927e-09,9.153690250229829e-09,2.921041186709772e-11,2.921041186709772e-11
20230526_000000,13,PAFA,3.2667847449374676e-07,3.280028408880753e-07,-1.3243663943285355e-09,1.3243663943285355e-09
20230526_000000,13,PECA,1.5002278586084827e-10,1.4988969787577133e-10,1.3308798507694064e-13,1.3308798507694064e-13
20230526_000000,13,PHNU,5.145465138411964e-07,5.116840497976227e-07,2.862464043573709e-09,2.862464043573709e-09
20230526_000000,13,PIMA,4.607652768782501e-16,4.610577150032896e-16,-2.924381250395472e-19,2.924381250395472e-19
20230526_000000,13,POEC,9.147029800260498e-09,9.128636513366928e-09,1.8393286893569893e-11,1.8393286893569893e-11
20230526_000000,13,PSFL,0.7977058291435242,0.7977737784385681,-6.794929504394531e-05,6.794929504394531e-05
20230526_000000,13,SHOT,4.2480623960727826e-06,4.245694526616717e-06,2.3678694560658187e-09,2.3678694560658187e-09
20230526_000000,13,SITT,1.9592178546190553e-07,1.9506609305608436e-07,8.556924058211735e-10,8.556924058211735e-10
20230526_000000,13,SPRU,2.071616878041027e-09,2.0744386208804144e-09,-2.821742839387298e-12,2.821742839387298e-12
20230526_000000,13,STOC,1.4569066841829681e-08,1.4608234621960037e-08,-3.916778013035582e-11,3.916778013035582e-11
20230526_000000,13,STOC_IRREG,9.203428019688431e-10,9.250624155576759e-10,-4.719613588832772e-12,4.719613588832772e-12
20230526_000000,13,STVA,5.341759242583066e-05,5.337712718755938e-05,4.046523827128112e-08,4.046523827128112e-08
20230526_000000,13,STVA_IRREG,0.00015345531573984772,0.0001538837532280013,-4.2843748815357685e-07,4.2843748815357685e-07
20230526_000000,13,TADO1,6.153373383749328e-12,6.1428397091223275e-12,1.0533674627000167e-14,1.0533674627000167e-14
20230526_000000,13,TADO2,1.8052015438030367e-09,1.8035277715711118e-09,1.673772231924886e-12,1.673772231924886e-12
20230526_000000,13,TAMI,1.9972214854169223e-11,1.9997855801867637e-11,-2.5640947698413186e-14,2.5640947698413186e-14
20230526_000000,13,TUMI,3.7470948655027314e-07,3.7403484043352364e-07,6.746461167494999e-10,6.746461167494999e-10
20230526_000000,13,WHIS,2.6701893474090355e-10,2.6794524932149955e-10,-9.263145805959994e-13,9.263145805959994e-13
20230526_000000,13,YARD,1.5557841237523462e-08,1.558554174607707e-08,-2.7700508553607506e-11,2.7700508553607506e-11
20230526_000000,13,ZEMA,2.380930794743108e-07,2.3808134130831604e-07,1.1738165994756855e-11,1.1738165994756855e-11
20230526_000000,14,AEAC,6.282842605287442e-06,6.299689630395733e-06,-1.6847025108290836e-08,1.6847025108290836e-08
20230526_000000,14,BRCA,8.839929250825662e-06,8.771922693995293e-06,6.800655683036894e-08,6.800655683036894e-08
20230526_000000,14,BRMA,0.00039240941987372935,0.0003919669543392956,4.424655344337225e-07,4.424655344337225e-07
20230526_000000,14,BUVI,0.00019804771000053734,0.00019903152133338153,-9.838113328441978e-07,9.838113328441978e-07
20230526_000000,14,CAGU,0.42724353075027466,0.42937859892845154,-0.00213506817817688,0.00213506817817688
20230526_000000,14,CALU,0.00018527785141486675,0.00018755179189611226,-2.2739404812455177e-06,2.2739404812455177e-06
20230526_000000,14,CAUS,0.009408767335116863,0.009339206852018833,6.956048309803009e-05,6.956048309803009e-05
20230526_000000,14,CCOO,0.01667439192533493,0.016586076468229294,8.83154571056366e-05,8.83154571056366e-05
20230526_000000,14,CHFA,0.00027981644961982965,0.00027818698436021805,1.6294652596116066e-06,1.6294652596116066e-06
20230526_000000,14,CHMI,0.025932544842362404,0.025904465466737747,2.8079375624656677e-05,2.8079375624656677e-05
20230526_000000,14,CHMI_IRREG,0.001407709438353777,0.001406862516887486,8.469214662909508e-07,8.469214662909508e-07
20230526_000000,14,COAU,0.00015161806368269026,0.00015075686678756028,8.611968951299787e-07,8.611968951299787e-07
20230526_000000,14,COAU2,0.01158614456653595,0.01154341734945774,4.272721707820892e-05,4.272721707820892e-05
20230526_000000,14,COCO,0.0015617077006027102,0.0015598961617797613,1.8115388229489326e-06,1.8115388229489326e-06
20230526_000000,14,CYST,0.005200492218136787,0.005148916970938444,5.157524719834328e-05,5.157524719834328e-05
20230526_000000,14,DEFU,0.006532690022140741,0.006514318287372589,1.8371734768152237e-05,1.8371734768152237e-05
20230526_000000,14,DOG,0.0004644302243832499,0.0004626654845196754,1.7647398635745049e-06,1.7647398635745049e-06
20230526_000000,14,DRPU,7.610936592072903e-08,7.594536555188824e-08,1.6400036884078872e-10,1.6400036884078872e-10
20230526_000000,14,DRUM,0.003472911426797509,0.003464357228949666,8.55419784784317e-06,8.55419784784317e-06
20230526_000000,14,FLY,0.0050684427842497826,0.005048374645411968,2.006813883781433e-05,2.006813883781433e-05
20230526_000000,14,FROG,0.0013475852319970727,0.001343180425465107,4.4048065319657326e-06,4.4048065319657326e-06
20230526_000000,14,GLGN,4.805093340110034e-05,4.772075772052631e-05,3.301756805740297e-07,3.301756805740297e-07
20230526_000000,14,HOSA,0.00770849734544754,0.007702103815972805,6.39352947473526e-06,6.39352947473526e-06
20230526_000000,14,HYPI,0.00027256686007604003,0.00027289119316264987,-3.243330866098404e-07,3.243330866098404e-07
20230526_000000,14,INSP,6.301254325080663e-05,6.30896320217289e-05,-7.70887709222734e-08,7.70887709222734e-08
20230526_000000,14,IXNA,0.012433046475052834,0.012366351671516895,6.669480353593826e-05,6.669480353593826e-05
20230526_000000,14,MEKE,0.0003138781466986984,0.00031519500771537423,-1.3168610166758299e-06,1.3168610166758299e-06
20230526_000000,14,MYTO,0.22778677940368652,0.22652475535869598,0.0012620240449905396,0.0012620240449905396
20230526_000000,14,NUCO,0.000162377895321697,0.00016057415632531047,1.803738996386528e-06,1.803738996386528e-06
20230526_000000,14,OCPR,0.016543423756957054,0.016570575535297394,-2.715177834033966e-05,2.715177834033966e-05
20230526_000000,14,ORPI,0.0012132911942899227,0.001210089074447751,3.202119842171669e-06,3.202119842171669e-06
20230526_000000,14,PAFA,0.0007213716162368655,0.0007162433466874063,5.128269549459219e-06,5.128269549459219e-06
20230526_000000,14,PECA,0.002480234019458294,0.002467056503519416,1.317751593887806e-05,1.317751593887806e-05
20230526_000000,14,PHNU,9.655609756009653e-05,9.663098899181932e-05,-7.489143172279e-08,7.489143172279e-08
20230526_000000,14,PIMA,0.0012521500466391444,0.001241522142663598,1.062790397554636e-05,1.062790397554636e-05
20230526_000000,14,POEC,0.0923754870891571,0.09255219995975494,-0.00017671287059783936,0.00017671287059783936
20230526_000000,14,PSFL,0.003561146790161729,0.00357146211899817,-1.031532883644104e-05,1.031532883644104e-05
20230526_000000,14,SHOT,0.00977360550314188,0.009722418151795864,5.118735134601593e-05,5.118735134601593e-05
20230526_000000,14,SITT,0.01141513604670763,0.011413405649363995,1.730397343635559e-06,1.730397343635559e-06
20230526_000000,14,SPRU,0.0010516905458644032,0.001049455371685326,2.2351741790771484e-06,2.2351741790771484e-06
20230526_000000,14,STOC,1.6956581703198026e-06,1.6959329514065757e-06,-2.7478108677314594e-10,2.7478108677314594e-10
20230526_000000,14,STOC_IRREG,1.2438083103916142e-05,1.246553711098386e-05,-2.7454007067717612e-08,2.7454007067717612e-08
20230526_000000,14,STVA,2.2252315829973668e-05,2.2316624381346628e-05,-6.430855137296021e-08,6.430855137296021e-08
20230526_000000,14,STVA_IRREG,0.000420403725001961,0.00042091397335752845,-5.102483555674553e-07,5.102483555674553e-07
20230526_000000,14,TADO1,5.268381937639788e-05,5.256316944723949e-05,1.2064992915838957e-07,1.2064992915838957e-07
20230526_000000,14,TADO2,0.0009261075174435973,0.0009233075543306768,2.7999631129205227e-06,2.7999631129205227e-06
20230526_000000,14,TAMI,2.154357025574427e-05,2.1419586119009182e-05,1.2398413673508912e-07,1.2398413673508912e-07
20230526_000000,14,TUMI,0.0918383002281189,0.09125083684921265,0.00058746337890625,0.00058746337890625
20230526_000000,14,WHIS,4.0907298171077855e-06,4.098633780813543e-06,-7.903963705757633e-09,7.903963705757633e-09
20230526_000000,14,YARD,0.00022853945847600698,0.00022788866772316396,6.507907528430223e-07,6.507907528430223e-07
20230526_000000,14,ZEMA,7.595525676151738e-05,7.580177771160379e-05,1.5347904991358519e-07,1.5347904991358519e-07
20230526_000000,15,AEAC,6.124510400695726e-05,6.048368231859058e-05,7.614216883666813e-07,7.614216883666813e-07
20230526_000000,15,BRCA,0.0011922086123377085,0.0011900225654244423,2.186046913266182e-06,2.186046913266182e-06
20230526_000000,15,BRMA,6.88733371134731e-06,7.005601673881756e-06,-1.1826796253444627e-07,1.1826796253444627e-07
20230526_000000,15,BUVI,0.01596199907362461,0.015899276360869408,6.272271275520325e-05,6.272271275520325e-05
20230526_000000,15,CAGU,0.005328543949872255,0.00534919835627079,-2.0654406398534775e-05,2.0654406398534775e-05
20230526_000000,15,CALU,0.0003785827721003443,0.00037366204196587205,4.920730134472251e-06,4.920730134472251e-06
20230526_000000,15,CAUS,0.0018417240353301167,0.001855212263762951,-1.3488228432834148e-05,1.3488228432834148e-05
20230526_000000,15,CCOO,0.003965136129409075,0.004002286121249199,-3.714999184012413e-05,3.714999184012413e-05
20230526_000000,15,CHFA,0.0006300426321104169,0.0006361845298670232,-6.14189775660634e-06,6.14189775660634e-06
20230526_000000,15,CHMI,0.05702052637934685,0.057343989610672,-0.00032346323132514954,0.00032346323132514954
20230526_000000,15,CHMI_IRREG,0.012786305509507656,0.012836350128054619,-5.004461854696274e-05,5.004461854696274e-05
20230526_000000,15,COAU,0.0015577235026285052,0.0015655654715374112,-7.841968908905983e-06,7.841968908905983e-06
20230526_000000,15,COAU2,0.017798645421862602,0.017909975722432137,-0.0001113303005695343,0.0001113303005695343
20230526_000000,15,COCO,0.09344358742237091,0.0933489054441452,9.468197822570801e-05,9.468197822570801e-05
20230526_000000,15,CYST,0.012579419650137424,0.012635423801839352,-5.6004151701927185e-05,5.6004151701927185e-05
20230526_000000,15,DEFU,0.02183859422802925,0.02170371264219284,0.00013488158583641052,0.00013488158583641052
20230526_000000,15,DOG,0.013684039004147053,0.013695507310330868,-1.1468306183815002e-05,1.1468306183815002e-05
20230526_000000,15,DRPU,5.981804918064881e-08,6.010597530803352e-08,-2.879261273847078e-10,2.879261273847078e-10
20230526_000000,15,DRUM,0.04423336312174797,0.04414854943752289,8.48136842250824e-05,8.48136842250824e-05
20230526_000000,15,FLY,0.02717887982726097,0.026946665719151497,0.00023221410810947418,0.00023221410810947418
20230526_000000,15,FROG,0.002899683080613613,0.0028705440927296877,2.9138987883925438e-05,2.9138987883925438e-05
20230526_000000,15,GLGN,0.0031389850191771984,0.003129777032881975,9.207986295223236e-06,9.207986295223236e-06
20230526_000000,15,HOSA,0.0800972655415535,0.07971076667308807,0.0003864988684654236,0.0003864988684654236
20230526_000000,15,HYPI,0.0011896814685314894,0.00120006303768605,-1.0381569154560566e-05,1.0381569154560566e-05
20230526_000000,15,INSP,0.0002729465195443481,0.0002701755438465625,2.770975697785616e-06,2.770975697785616e-06
20230526_000000,15,IXNA,0.004250158555805683,0.0042475066147744656,2.651941031217575e-06,2.651941031217575e-06
20230526_000000,15,MEKE,0.0019500496564432979,0.0019270690390840173,2.2980617359280586e-05,2.2980617359280586e-05
20230526_000000,15,MYTO,0.0001595434150658548,0.00016189282177947462,-2.3494067136198282e-06,2.3494067136198282e-06
20230526_000000,15,NUCO,1.1317477401462384e-05,1.1510172043927014e-05,-1.926946424646303e-07,1.926946424646303e-07
20230526_000000,15,OCPR,0.002661566250026226,0.00268598273396492,-2.4416483938694e-05,2.4416483938694e-05
20230526_000000,15,ORPI,0.004657613579183817,0.004699431825429201,-4.1818246245384216e-05,4.1818246245384216e-05
20230526_000000,15,PAFA,0.017764458432793617,0.017694197595119476,7.026083767414093e-05,7.026083767414093e-05
20230526_000000,15,PECA,0.0014466933207586408,0.0014509191969409585,-4.225876182317734e-06,4.225876182317734e-06
20230526_000000,15,PHNU,0.00020089722238481045,0.00020206945191603154,-1.1722295312210917e-06,1.1722295312210917e-06
20230526_000000,15,PIMA,0.0001668475742917508,0.00017009026487357914,-3.242690581828356e-06,3.242690581828356e-06
20230526_000000,15,POEC,0.08352433890104294,0.08452320843935013,-0.00099886953830719,0.00099886953830719
20230526_000000,15,PSFL,0.02253519743680954,0.022491754963994026,4.344247281551361e-05,4.344247281551361e-05
20230526_000000,15,SHOT,0.3067053258419037,0.30614015460014343,0.0005651712417602539,0.0005651712417602539
20230526_000000,15,SITT,0.00627671554684639,0.006301459390670061,-2.474384382367134e-05,2.474384382367134e-05
20230526_000000,15,SPRU,0.01859276369214058,0.018700651824474335,-0.00010788813233375549,0.00010788813233375549
20230526_000000,15,STOC,0.00023592551588080823,0.00023594590311404318,-2.038723323494196e-08,2.038723323494196e-08
20230526_000000,15,STOC_IRREG,0.0001322798925684765,0.0001322639436693862,1.594889909029007e-08,1.594889909029007e-08
20230526_000000,15,STVA,3.051810563192703e-05,3.0403649361687712e-05,1.1445627023931593e-07,1.1445627023931593e-07
20230526_000000,15,STVA_IRREG,0.0005653722328133881,0.0005636508576571941,1.7213751561939716e-06,1.7213751561939716e-06
20230526_000000,15,TADO1,0.00031217638752423227,0.0003150765842292458,-2.9001967050135136e-06,2.9001967050135136e-06
20230526_000000,15,TADO2,0.00048724099178798497,0.0004881607601419091,-9.197683539241552e-07,9.197683539241552e-07
20230526_000000,15,TAMI,3.933331754524261e-05,3.94434537156485e-05,-1.1013617040589452e-07,1.1013617040589452e-07
20230526_000000,15,TUMI,0.05419814959168434,0.05441538989543915,-0.00021724030375480652,0.00021724030375480652
20230526_000000,15,WHIS,1.0608673619572073e-05,1.0614867278491147e-05,-6.193658919073641e-09,6.193658919073641e-09
20230526_000000,15,YARD,0.05365905910730362,0.053330037742853165,0.0003290213644504547,0.0003290213644504547
20230526_000000,15,ZEMA,0.00033975965925492346,0.00034175513428635895,-1.9954750314354897e-06,1.9954750314354897e-06
20230526_000000,16,AEAC,1.316237830906175e-05,1.313939628744265e-05,2.2982021619100124e-08,2.2982021619100124e-08
20230526_000000,16,BRCA,2.4530538667022483e-06,2.463945975250681e-06,-1.0892108548432589e-08,1.0892108548432589e-08
20230526_000000,16,BRMA,9.612226131139323e-05,9.56646035774611e-05,4.576577339321375e-07,4.576577339321375e-07
20230526_000000,16,BUVI,0.000984418555162847,0.0009843901498243213,2.8405338525772095e-08,2.8405338525772095e-08
20230526_000000,16,CAGU,0.7446372509002686,0.7439427971839905,0.0006944537162780762,0.0006944537162780762
20230526_000000,16,CALU,8.801230433164164e-05,8.66864575073123e-05,1.3258468243293464e-06,1.3258468243293464e-06
20230526_000000,16,CAUS,0.002492226893082261,0.002491097431629896,1.1294614523649216e-06,1.1294614523649216e-06
20230526_000000,16,CCOO,0.005876733455806971,0.0058915200643241405,-1.4786608517169952e-05,1.4786608517169952e-05
20230526_000000,16,CHFA,0.00017525452130939811,0.0001763531327014789,-1.0986113920807838e-06,1.0986113920807838e-06
20230526_000000,16,CHMI,0.0065989126451313496,0.006574048660695553,2.4863984435796738e-05,2.4863984435796738e-05
20230526_000000,16,CHMI_IRREG,0.0003091737744398415,0.00030703048105351627,2.14329338632524e-06,2.14329338632524e-06
20230526_000000,16,COAU,0.00017988341278396547,0.00018119534070137888,-1.3119279174134135e-06,1.3119279174134135e-06
20230526_000000,16,COAU2,0.0069874972105026245,0.007013414986431599,-2.591777592897415e-05,2.591777592897415e-05
20230526_000000,16,COCO,0.0013604890555143356,0.00136926572304219,-8.776667527854443e-06,8.776667527854443e-06
20230526_000000,16,CYST,0.000890132156200707,0.0008907797746360302,-6.476184353232384e-07,6.476184353232384e-07
20230526_000000,16,DEFU,0.014714762568473816,0.014775325544178486,-6.056297570466995e-05,6.056297570466995e-05
20230526_000000,16,DOG,0.00013705600576940924,0.00013670754560735077,3.4846016205847263e-07,3.4846016205847263e-07
20230526_000000,16,DRPU,6.703649857442429e-10,6.628202431357977e-10,7.544742608445176e-12,7.544742608445176e-12
20230526_000000,16,DRUM,0.004533930215984583,0.004566458985209465,-3.2528769224882126e-05,3.2528769224882126e-05
20230526_000000,16,FLY,0.006341218017041683,0.006378327962011099,-3.7109944969415665e-05,3.7109944969415665e-05
20230526_000000,16,FROG,0.000678192125633359,0.0006727396976202726,5.452428013086319e-06,5.452428013086319e-06
20230526_000000,16,GLGN,2.582008164608851e-05,2.591072734503541e-05,-9.064569894690067e-08,9.064569894690067e-08
20230526_000000,16,HOSA,0.0024938841816037893,0.002493609907105565,2.742744982242584e-07,2.742744982242584e-07
20230526_000000,16,HYPI,7.226602610899135e-05,7.20286916475743e-05,2.3733446141704917e-07,2.3733446141704917e-07
20230526_000000,16,INSP,0.0003517552395351231,0.0003508967347443104,8.585047908127308e-07,8.585047908127308e-07
20230526_000000,16,IXNA,0.004153689835220575,0.004150670953094959,3.0188821256160736e-06,3.0188821256160736e-06
20230526_000000,16,MEKE,0.0016389095690101385,0.0016310559585690498,7.853610441088676e-06,7.853610441088676e-06
20230526_000000,16,MYTO,0.015322178602218628,0.015308594331145287,1.358427107334137e-05,1.358427107334137e-05
20230526_000000,16,NUCO,2.2653159703622805e-06,2.237222361145541e-06,2.8093609216739424e-08,2.8093609216739424e-08
20230526_000000,16,OCPR,0.012169281020760536,0.012149732559919357,1.9548460841178894e-05,1.9548460841178894e-05
20230526_000000,16,ORPI,0.0011945811565965414,0.0011946740560233593,-9.289942681789398e-08,9.289942681789398e-08
20230526_000000,16,PAFA,0.000339607271598652,0.00034163056989200413,-2.023298293352127e-06,2.023298293352127e-06
20230526_000000,16,PECA,0.0002732904686126858,0.00027281619259156287,4.7427602112293243e-07,4.7427602112293243e-07
20230526_000000,16,PHNU,2.2331827494781464e-05,2.2043835997465067e-05,2.8799149731639773e-07,2.8799149731639773e-07
20230526_000000,16,PIMA,7.280288264155388e-05,7.287836342584342e-05,-7.548078428953886e-08,7.548078428953886e-08
20230526_000000,16,POEC,0.1310717910528183,0.13168269395828247,-0.0006109029054641724,0.0006109029054641724
20230526_000000,16,PSFL,0.0018431165954098105,0.0018285643309354782,1.4552264474332333e-05,1.4552264474332333e-05
20230526_000000,16,SHOT,0.0006083602202124894,0.0006087813526391983,-4.211324267089367e-07,4.211324267089367e-07
20230526_000000,16,SITT,0.01540928054600954,0.015399773605167866,9.506940841674805e-06,9.506940841674805e-06
20230526_000000,16,SPRU,0.0006123188068158925,0.0006158429314382374,-3.5241246223449707e-06,3.5241246223449707e-06
20230526_000000,16,STOC,1.5173517567745876e-05,1.5088375221239403e-05,8.514234650647268e-08,8.514234650647268e-08
20230526_000000,16,STOC_IRREG,2.1610199837596156e-05,2.153171408281196e-05,7.848575478419662e-08,7.848575478419662e-08
20230526_000000,16,STVA,0.00010917746840277687,0.00010882906644837931,3.4840195439755917e-07,3.4840195439755917e-07
20230526_000000,16,STVA_IRREG,0.0011525517329573631,0.0011520525440573692,4.991888999938965e-07,4.991888999938965e-07
20230526_000000,16,TADO1,3.0051471185288392e-05,3.01166764984373e-05,-6.520531314890832e-08,6.520531314890832e-08
20230526_000000,16,TADO2,0.0007066530524753034,0.0007061973446980119,4.5570777729153633e-07,4.5570777729153633e-07
20230526_000000,16,TAMI,8.687273293617181e-06,8.687219633429777e-06,5.3660187404602766e-11,5.3660187404602766e-11
20230526_000000,16,TUMI,0.012383715249598026,0.01238700095564127,-3.285706043243408e-06,3.285706043243408e-06
20230526_000000,16,WHIS,2.005957139772363e-05,1.9857103325193748e-05,2.024680725298822e-07,2.024680725298822e-07
20230526_000000,16,YARD,0.0004910271381959319,0.000491282728035003,-2.555898390710354e-07,2.555898390710354e-07
20230526_000000,16,ZEMA,0.00028693961212411523,0.0002855421043932438,1.397507730871439e-06,1.397507730871439e-06
20230526_000000,17,AEAC,5.752856395702111e-07,5.745283147007285e-07,7.573248694825452e-10,7.573248694825452e-10
20230526_000000,17,BRCA,3.233008305514318e-11,3.320487981794962e-11,-8.747967628064401e-13,8.747967628064401e-13
20230526_000000,17,BRMA,1.3222485003335904e-15,1.331134934741472e-15,-8.886434407881678e-18,8.886434407881678e-18
20230526_000000,17,BUVI,0.17680691182613373,0.17418107390403748,0.0026258379220962524,0.0026258379220962524
20230526_000000,17,CAGU,4.1311983522973605e-07,4.078043218669336e-07,5.315513362802449e-09,5.315513362802449e-09
20230526_000000,17,CALU,0.370290607213974,0.37001457810401917,0.000276029109954834,0.000276029109954834
20230526_000000,17,CAUS,5.0625614811394826e-11,5.0584574723400166e-11,4.10400879946593e-14,4.10400879946593e-14
20230526_000000,17,CCOO,2.9388050153122958e-12,2.962096496902933e-12,-2.3291481590637098e-14,2.3291481590637098e-14
20230526_000000,17,CHFA,9.577848063269112e-12,9.669163039682793e-12,-9.131497641368114e-14,9.131497641368114e-14
20230526_000000,17,CHMI,3.288355401309673e-07,3.292694259471318e-07,-4.338858161645476e-10,4.338858161645476e-10
20230526_000000,17,CHMI_IRREG,5.6219295174742e-07,5.667820346388908e-07,-4.589082891470753e-09,4.589082891470753e-09
20230526_000000,17,COAU,1.2768029689080862e-10,1.2906684054847517e-10,-1.3865436576665502e-12,1.3865436576665502e-12
20230526_000000,17,COAU2,1.137264393769044e-09,1.1512141240288543e-09,-1.3949730259810167e-11,1.3949730259810167e-11
20230526_000000,17,COCO,2.7856763153977226e-06,2.785300921459566e-06,3.7539393815677613e-10,3.7539393815677613e-10
20230526_000000,17,CYST,1.3341140636669024e-08,1.3442412516440072e-08,-1.0127187977104768e-10,1.0127187977104768e-10
20230526_000000,17,DEFU,0.00023026774579193443,0.00022943131625652313,8.364295354112983e-07,8.364295354112983e-07
20230526_000000,17,DOG,1.710339688543172e-06,1.7332434936179197e-06,-2.2903805074747652e-08,2.2903805074747652e-08
20230526_000000,17,DRPU,6.488447076513312e-17,6.652025682240368e-17,-1.6357860572705646e-18,1.6357860572705646e-18
20230526_000000,17,DRUM,8.171983267857286e-07,8.2107982279922e-07,-3.8814960134914145e-09,3.8814960134914145e-09
20230526_000000,17,FLY,9.328107262263075e-05,9.346126898890361e-05,-1.8019636627286673e-07,1.8019636627286673e-07
20230526_000000,17,FROG,6.946059784240788e-06,6.970198228373192e-06,-2.4138444132404402e-08,2.4138444132404402e-08
20230526_000000,17,GLGN,4.099040662453035e-09,4.145293441837339e-09,-4.625277938430372e-11,4.625277938430372e-11
20230526_000000,17,HOSA,6.745144492015243e-05,6.813622894696891e-05,-6.847840268164873e-07,6.847840268164873e-07
20230526_000000,17,HYPI,1.6668791347207446e-10,1.6830953297741758e-10,-1.6216195053431193e-12,1.6216195053431193e-12
20230526_000000,17,INSP,3.084637864958495e-05,3.052999818464741e-05,3.163804649375379e-07,3.163804649375379e-07
20230526_000000,17,IXNA,1.522496262396089e-08,1.5228764027597208e-08,-3.801403636316536e-12,3.801403636316536e-12
20230526_000000,17,MEKE,0.00036132591776549816,0.00035823180223815143,3.0941155273467302e-06,3.0941155273467302e-06
20230526_000000,17,MYTO,2.90126254489135e-15,2.9279345536092037e-15,-2.667200871785385e-17,2.667200871785385e-17
20230526_000000,17,NUCO,2.720876466637586e-19,2.808959311153178e-19,-8.8082844515592e-21,8.8082844515592e-21
20230526_000000,17,OCPR,4.689900134913216e-10,4.727547797678255e-10,-3.764766276503906e-12,3.764766276503906e-12
20230526_000000,17,ORPI,2.302373935947344e-08,2.3299795870457274e-08,-2.760565109838353e-10,2.760565109838353e-10
20230526_000000,17,PAFA,2.702684014366241e-07,2.7412337999521696e-07,-3.8549785585928475e-09,3.8549785585928475e-09
20230526_000000,17,PECA,1.2526232828768968e-10,1.2674583604876943e-10,-1.4835077610797498e-12,1.4835077610797498e-12
20230526_000000,17,PHNU,1.4652789559477242e-07,1.4905079126492637e-07,-2.5228956701539573e-09,2.5228956701539573e-09
20230526_000000,17,PIMA,3.3973697420981936e-16,3.4777227285460847e-16,-8.035298644789115e-18,8.035298644789115e-18
20230526_000000,17,POEC,3.206874410466298e-08,3.2157121410136824e-08,-8.837730547384126e-11,8.837730547384126e-11
20230526_000000,17,PSFL,0.4517055153846741,0.45461300015449524,-0.002907484769821167,0.002907484769821167
20230526_000000,17,SHOT,5.661355544361868e-07,5.753968252975028e-07,-9.261270861316007e-09,9.261270861316007e-09
20230526_000000,17,SITT,7.73577610857501e-08,7.729511963816549e-08,6.264144758461043e-11,6.264144758461043e-11
20230526_000000,17,SPRU,2.903319806790705e-09,2.9312847704687783e-09,-2.7964963678073218e-11,2.7964963678073218e-11
20230526_000000,17,STOC,7.794440648467571e-08,7.74947110926405e-08,4.496953920352098e-10,4.496953920352098e-10
20230526_000000,17,STOC_IRREG,3.6539353764908356e-09,3.660532765792368e-09,-6.59738930153253e-12,6.59738930153253e-12
20230526_000000,17,STVA,0.00024127343203872442,0.00023859742213971913,2.676009899005294e-06,2.676009899005294e-06
20230526_000000,17,STVA_IRREG,0.00015666875697206706,0.0001570801978232339,-4.1144085116684437e-07,4.1144085116684437e-07
20230526_000000,17,TADO1,1.800984166487607e-12,1.832106948790324e-12,-3.1122782302717145e-14,3.1122782302717145e-14
20230526_000000,17,TADO2,7.476767649450267e-09,7.52281170690594e-09,-4.604405745567419e-11,4.604405745567419e-11
20230526_000000,17,TAMI,7.047998903247921e-12,7.213263406719017e-12,-1.6526450347109645e-13,1.6526450347109645e-13
20230526_000000,17,TUMI,1.394750910321818e-07,1.4061200204196211e-07,-1.136911009780306e-09,1.136911009780306e-09
20230526_000000,17,WHIS,6.1842633236608435e-09,6.182350631434019e-09,1.9126922268242197e-12,1.9126922268242197e-12
20230526_000000,17,YARD,3.784435165243849e-08,3.825036287707917e-08,-4.0601122464067885e-10,4.0601122464067885e-10
20230526_000000,17,ZEMA,2.810405703712604e-07,2.8403104579410865e-07,-2.990475422848249e-09,2.990475422848249e-09
20230526_000000,18,AEAC,4.30944019171875e-05,4.341476233093999e-05,-3.2036041375249624e-07,3.2036041375249624e-07
20230526_000000,18,BRCA,1.773410787109242e-07,1.776546127985057e-07,-3.135340875815018e-10,3.135340875815018e-10
20230526_000000,18,BRMA,6.223229931379137e-09,6.198526136813598e-09,2.4703794565539283e-11,2.4703794565539283e-11
20230526_000000,18,BUVI,0.0026552092749625444,0.0026755325961858034,-2.0323321223258972e-05,2.0323321223258972e-05
20230526_000000,18,CAGU,0.0004769721708726138,0.0004722473968286067,4.724774044007063e-06,4.724774044007063e-06
20230526_000000,18,CALU,0.624512255191803,0.6257638335227966,-0.0012515783309936523,0.0012515783309936523
20230526_000000,18,CAUS,1.8700599184739986e-06,1.854789161370718e-06,1.527075710328063e-08,1.527075710328063e-08
20230526_000000,18,CCOO,2.3365105050743296e-07,2.3033865659272124e-07,3.31239391471172e-09,3.31239391471172e-09
20230526_000000,18,CHFA,2.892613792937482e-07,2.872946822662925e-07,1.966697027455666e-09,1.966697027455666e-09
20230526_000000,18,CHMI,0.00012275748304091394,0.00012206024257466197,6.972404662519693e-07,6.972404662519693e-07
20230526_000000,18,CHMI_IRREG,0.00015233131125569344,0.0001524787221569568,-1.474109012633562e-07,1.474109012633562e-07
20230526_000000,18,COAU,1.7895864345973678e-07,1.7826421583322372e-07,6.944276265130611e-10,6.944276265130611e-10
20230526_000000,18,COAU2,1.2157760238551418e-06,1.205648118229874e-06,1.0127905625267886e-08,1.0127905625267886e-08
20230526_000000,18,COCO,0.36365532875061035,0.3623919188976288,0.0012634098529815674,0.0012634098529815674
20230526_000000,18,CYST,1.7943947341336752e-06,1.7891476318254718e-06,5.247102308203466e-09,5.247102308203466e-09
20230526_000000,18,DEFU,0.0004641832201741636,0.00046312922495417297,1.053995219990611e-06,1.053995219990611e-06
20230526_000000,18,DOG,5.3709285566583276e-05,5.377654451876879e-05,-6.725895218551159e-08,6.725895218551159e-08
20230526_000000,18,DRPU,5.1783986820819194e-11,5.182189399821624e-11,-3.790717739704519e-14,3.790717739704519e-14
20230526_000000,18,DRUM,3.372815626789816e-05,3.3532716770423576e-05,1.95439497474581e-07,1.95439497474581e-07
20230526_000000,18,FLY,7.801392348483205e-05,7.780071609886363e-05,2.1320738596841693e-07,2.1320738596841693e-07
20230526_000000,18,FROG,0.00045711029088124633,0.0004585985152516514,-1.488224370405078e-06,1.488224370405078e-06
20230526_000000,18,GLGN,8.580243957112543e-06,8.617048479209188e-06,-3.680452209664509e-08,3.680452209664509e-08
20230526_000000,18,HOSA,0.0006653576856479049,0.0006651628063991666,1.9487924873828888e-07,1.9487924873828888e-07
20230526_000000,18,HYPI,7.402383062071749e-08,7.422220704711435e-08,-1.9837642639686237e-10,1.9837642639686237e-10
20230526_000000,18,INSP,0.00040115127922035754,0.0004038498445879668,-2.6985653676092625e-06,2.6985653676092625e-06
20230526_000000,18,IXNA,0.0001102882088162005,0.00010978745558531955,5.007532308809459e-07,5.007532308809459e-07
20230526_000000,18,MEKE,6.431907240767032e-05,6.455838592955843e-05,-2.3931352188810706e-07,2.3931352188810706e-07
20230526_000000,18,MYTO,1.6761819665589428e-07,1.6485707021729468e-07,2.7611264385996037e-09,2.7611264385996037e-09
20230526_000000,18,NUCO,9.14653856126657e-12,9.029873203336702e-12,1.166653579298682e-13,1.166653579298682e-13
20230526_000000,18,OCPR,2.1026710328442277e-06,2.0817512904613977e-06,2.091974238283001e-08,2.091974238283001e-08
20230526_000000,18,ORPI,3.3510934827063465e-07,3.339803242852213e-07,1.1290239854133688e-09,1.1290239854133688e-09
20230526_000000,18,PAFA,6.53468378004618e-05,6.538182788062841e-05,-3.4990080166608095e-08,3.4990080166608095e-08
20230526_000000,18,PECA,5.093751269669156e-07,5.085865382170596e-07,7.885887498559896e-10,7.885887498559896e-10
20230526_000000,18,PHNU,2.099440962410881e-06,2.109146635120851e-06,-9.705672709969804e-09,9.705672709969804e-09
20230526_000000,18,PIMA,5.3540056832446226e-09,5.287217330618432e-09,6.678835262619032e-11,6.678835262619032e-11
20230526_000000,18,POEC,0.0001158128579845652,0.00011395791079849005,1.854947186075151e-06,1.854947186075151e-06
20230526_000000,18,PSFL,0.005156693980097771,0.005150927230715752,5.766749382019043e-06,5.766749382019043e-06
20230526_000000,18,SHOT,0.00012630286801140755,0.00012634543236345053,-4.256435204297304e-08,4.256435204297304e-08
20230526_000000,18,SITT,4.751867163577117e-05,4.709959102910943e-05,4.1908060666173697e-07,4.1908060666173697e-07
20230526_000000,18,SPRU,5.195313860895112e-06,5.166948994883569e-06,2.83648660115432e-08,2.83648660115432e-08
20230526_000000,18,STOC,4.9290028982795775e-05,4.966587948729284e-05,-3.7585050449706614e-07,3.7585050449706614e-07
20230526_000000,18,STOC_IRREG,3.1045487958181184e-06,3.113982074864907e-06,-9.433279046788812e-09,9.433279046788812e-09
20230526_000000,18,STVA,3.288658717792714e-06,3.313030902063474e-06,-2.4372184270760044e-08,2.4372184270760044e-08
20230526_000000,18,STVA_IRREG,0.000406441162340343,0.0004082289815414697,-1.7878192011266947e-06,1.7878192011266947e-06
20230526_000000,18,TADO1,9.837798131684394e-09,9.830777969455085e-09,7.02016222930979e-12,7.02016222930979e-12
20230526_000000,18,TADO2,4.4131015783932526e-06,4.406886546348687e-06,6.215032044565305e-09,6.215032044565305e-09
20230526_000000,18,TAMI,7.314883987419307e-07,7.343942343140952e-07,-2.9058355721645057e-09,2.9058355721645057e-09
20230526_000000,18,TUMI,2.671556649147533e-05,2.658924859133549e-05,1.2631790013983846e-07,1.2631790013983846e-07
20230526_000000,18,WHIS,9.573796887707431e-06,9.647885235608555e-06,-7.408834790112451e-08,7.408834790112451e-08
20230526_000000,18,YARD,1.3186350770411082e-05,1.3232940546004102e-05,-4.658977559302002e-08,4.658977559302002e-08
20230526_000000,18,ZEMA,8.277481811092002e-07,8.265958513220539e-07,1.1523297871463e-09,1.1523297871463e-09
20230526_000000,19,AEAC,3.742930402950151e-06,3.770641569644795e-06,-2.7711166694643907e-08,2.7711166694643907e-08
20230526_000000,19,BRCA,0.001122690155170858,0.0011272543342784047,-4.564179107546806e-06,4.564179107546806e-06
20230526_000000,19,BRMA,1.8944448232360855e-09,1.8449470839954074e-09,4.949773924067813e-11,4.949773924067813e-11
20230526_000000,19,BUVI,2.6327435989514925e-05,2.6224761313642375e-05,1.0267467587254941e-07,1.0267467587254941e-07
20230526_000000,19,CAGU,2.4151097022695467e-05,2.3685028281761333e-05,4.6606874093413353e-07,4.6606874093413353e-07
20230526_000000,19,CALU,0.0003088714729528874,0.0003055293345823884,3.342138370499015e-06,3.342138370499015e-06
20230526_000000,19,CAUS,1.5426224990733317e-06,1.5203796692730975e-06,2.2242829800234176e-08,2.2242829800234176e-08
20230526_000000,19,CCOO,5.030159172747517e-06,4.967687345924787e-06,6.247182682272978e-08,6.247182682272978e-08
20230526_000000,19,CHFA,5.937668902333826e-06,5.876286195416469e-06,6.13827069173567e-08,6.13827069173567e-08
20230526_000000,19,CHMI,0.0003193682641722262,0.0003184722736477852,8.959905244410038e-07,8.959905244410038e-07
20230526_000000,19,CHMI_IRREG,5.1179828005842865e-05,5.0961956731043756e-05,2.178712747991085e-07,2.178712747991085e-07
20230526_000000,19,COAU,3.164560621371493e-05,3.141951310681179e-05,2.2609310690313578e-07,2.2609310690313578e-07
20230526_000000,19,COAU2,0.00019613714539445937,0.00019590173906181008,2.3540633264929056e-07,2.3540633264929056e-07
20230526_000000,19,COCO,0.008149939589202404,0.008137603290379047,1.2336298823356628e-05,1.2336298823356628e-05
20230526_000000,19,CYST,0.0005212840042077005,0.0005181333981454372,3.1506060622632504e-06,3.1506060622632504e-06
20230526_000000,19,DEFU,0.0029387078247964382,0.002926517277956009,1.2190546840429306e-05,1.2190546840429306e-05
20230526_000000,19,DOG,0.011078622192144394,0.011068813502788544,9.80868935585022e-06,9.80868935585022e-06
20230526_000000,19,DRPU,1.6006902470167006e-08,1.570389862592947e-08,3.030038442375371e-10,3.030038442375371e-10
20230526_000000,19,DRUM,0.005477572791278362,0.005459875334054232,1.769745722413063e-05,1.769745722413063e-05
20230526_000000,19,FLY,0.008149721659719944,0.008121744729578495,2.7976930141448975e-05,2.7976930141448975e-05
20230526_000000,19,FROG,0.00524170184507966,0.0052526239305734634,-1.0922085493803024e-05,1.0922085493803024e-05
20230526_000000,19,GLGN,0.0001396593142999336,0.00013986411795485765,-2.0480365492403507e-07,2.0480365492403507e-07
20230526_000000,19,HOSA,0.1329060196876526,0.13285599648952484,5.002319812774658e-05,5.002319812774658e-05
20230526_000000,19,HYPI,4.5465574658010155e-05,4.525298936641775e-05,2.1258529159240425e-07,2.1258529159240425e-07
20230526_000000,19,INSP,9.033535206981469e-06,8.988527952169534e-06,4.500725481193513e-08,4.500725481193513e-08
20230526_000000,19,IXNA,0.00019756615802180022,0.0001959198561962694,1.646301825530827e-06,1.646301825530827e-06
20230526_000000,19,MEKE,0.00020212731033097953,0.0002018156083067879,3.1170202419161797e-07,3.1170202419161797e-07
20230526_000000,19,MYTO,4.417692167635323e-08,4.3206465960565765e-08,9.70455715787466e-10,9.70455715787466e-10
20230526_000000,19,NUCO,4.201522756375198e-07,4.153708914600429e-07,4.781384177476866e-09,4.781384177476866e-09
20230526_000000,19,OCPR,7.888399522926193e-06,7.829136848158669e-06,5.9262674767524004e-08,5.9262674767524004e-08
20230526_000000,19,ORPI,0.0004402408958412707,0.0004397369921207428,5.039037205278873e-07,5.039037205278873e-07
20230526_000000,19,PAFA,0.0002646678767632693,0.0002634529664646834,1.2149102985858917e-06,1.2149102985858917e-06
20230526_000000,19,PECA,9.313844202551991e-05,9.275416232412681e-05,3.8427970139309764e-07,3.8427970139309764e-07
20230526_000000,19,PHNU,5.906409114686539e-06,5.9153926486033015e-06,-8.983533916762099e-09,8.983533916762099e-09
20230526_000000,19,PIMA,2.317598841727886e-07,2.3038316498968925e-07,1.3767191830993397e-09,1.3767191830993397e-09
20230526_000000,19,POEC,1.4836167792964261e-05,1.4634008948632982e-05,2.021588443312794e-07,2.021588443312794e-07
20230526_000000,19,PSFL,5.4158321290742606e-05,5.407847129390575e-05,7.984999683685601e-08,7.984999683685601e-08
20230526_000000,19,SHOT,0.813292920589447,0.8134516477584839,-0.00015872716903686523,0.00015872716903686523
20230526_000000,19,SITT,0.00015666837862227112,0.00015452990191988647,2.1384767023846507e-06,2.1384767023846507e-06
20230526_000000,19,SPRU,0.000569075986277312,0.0005661195027641952,2.9564835131168365e-06,2.9564835131168365e-06
20230526_000000,19,STOC,4.5128581405151635e-05,4.506482946453616e-05,6.375194061547518e-08,6.375194061547518e-08
20230526_000000,19,STOC_IRREG,4.5216078433441e-05,4.516176340985112e-05,5.4315023589879274e-08,5.4315023589879274e-08
20230526_000000,19,STVA,3.287867730250582e-05,3.2791147532407194e-05,8.752977009862661e-08,8.752977009862661e-08
20230526_000000,19,STVA_IRREG,0.00020045205019414425,0.00020038490765728056,6.714253686368465e-08,6.714253686368465e-08
20230526_000000,19,TADO1,3.0376966606127098e-05,3.0065748433116823e-05,3.1121817301027477e-07,3.1121817301027477e-07
20230526_000000,19,TADO2,0.00022142656962387264,0.0002198066795244813,1.6198900993913412e-06,1.6198900993913412e-06
20230526_000000,19,TAMI,1.1285847904218826e-05,1.1291926966805477e-05,-6.079062586650252e-09,6.079062586650252e-09
20230526_000000,19,TUMI,0.0002801000664476305,0.0002786969707813114,1.4030956663191319e-06,1.4030956663191319e-06
20230526_000000,19,WHIS,1.929361587826861e-06,1.9346250610396964e-06,-5.263473212835379e-09,5.263473212835379e-09
20230526_000000,19,YARD,0.007073776796460152,0.0070515647530555725,2.2212043404579163e-05,2.2212043404579163e-05
20230526_000000,19,ZEMA,3.1711174415249843e-06,3.146870767523069e-06,2.424667400191538e-08,2.424667400191538e-08
20230526_000000,2,AEAC,1.2212240108055994e-06,1.2275511380721582e-06,-6.3271272665588185e-09,6.3271272665588185e-09
20230526_000000,2,BRCA,2.991777381389227e-10,2.9725738537322854e-10,1.9203527656941333e-12,1.9203527656941333e-12
20230526_000000,2,BRMA,4.806451401503085e-16,4.669557112941397e-16,1.3689428856168782e-17,1.3689428856168782e-17
20230526_000000,2,BUVI,0.0001154890560428612,0.00011756372987292707,-2.0746738300658762e-06,2.0746738300658762e-06
20230526_000000,2,CAGU,8.047927479992723e-08,7.93711407709452e-08,1.1081340289820218e-09,1.1081340289820218e-09
20230526_000000,2,CALU,0.9978528022766113,0.9978429079055786,9.894371032714844e-06,9.894371032714844e-06
20230526_000000,2,CAUS,5.594255527568981e-12,5.500468136521164e-12,9.378739104781708e-14,9.378739104781708e-14
20230526_000000,2,CCOO,3.329886366643109e-11,3.270808970889938e-11,5.907739575317095e-13,5.907739575317095e-13
20230526_000000,2,CHFA,2.387166853079492e-12,2.3405563511630367e-12,4.661050191645533e-14,4.661050191645533e-14
20230526_000000,2,CHMI,7.4876986388972e-08,7.46908170867755e-08,1.8616930219650385e-10,1.8616930219650385e-10
20230526_000000,2,CHMI_IRREG,5.4342837785270603e-08,5.450828766129234e-08,-1.6544987602173933e-10,1.6544987602173933e-10
20230526_000000,2,COAU,3.030034556594785e-11,2.9786510064022664e-11,5.138355019251861e-13,5.138355019251861e-13
20230526_000000,2,COAU2,1.1148181267017776e-09,1.106731040145803e-09,8.087086555974565e-12,8.087086555974565e-12
20230526_000000,2,COCO,4.846001320402138e-05,4.8419300583191216e-05,4.071262083016336e-08,4.071262083016336e-08
20230526_000000,2,CYST,2.438537816118469e-09,2.409773047773456e-09,2.876476834501318e-11,2.876476834501318e-11
20230526_000000,2,DEFU,3.9256992749869823e-05,3.914153785444796e-05,1.154548954218626e-07,1.154548954218626e-07
20230526_000000,2,DOG,2.4899085815377475e-07,2.4931580355769256e-07,-3.24945403917809e-10,3.24945403917809e-10
20230526_000000,2,DRPU,8.175456657175692e-16,8.020859909411981e-16,1.5459674776371066e-17,1.5459674776371066e-17
20230526_000000,2,DRUM,3.2039184816312627e-07,3.1857550197855744e-07,1.816346184568829e-09,1.816346184568829e-09
20230526_000000,2,FLY,2.4853950435499428e-06,2.481879164406564e-06,3.5158791433786973e-09,3.5158791433786973e-09
20230526_000000,2,FROG,4.192635060462635e-06,4.203467142360751e-06,-1.0832081898115575e-08,1.0832081898115575e-08
20230526_000000,2,GLGN,1.0748625989265292e-08,1.0713786302574135e-08,3.483968669115711e-11,3.483968669115711e-11
20230526_000000,2,HOSA,4.329406874603592e-05,4.3299212848069146e-05,-5.144102033227682e-09,5.144102033227682e-09
20230526_000000,2,HYPI,1.8007205448977714e-10,1.7752622982758481e-10,2.545824662192331e-12,2.545824662192331e-12
20230526_000000,2,INSP,2.1541713977057952e-06,2.1781963823741535e-06,-2.402498466835823e-08,2.402498466835823e-08
20230526_000000,2,IXNA,3.748476196108186e-09,3.704089701628277e-09,4.4386494479908833e-11,4.4386494479908833e-11
20230526_000000,2,MEKE,8.760880518821068e-06,8.830204933474306e-06,-6.932441465323791e-08,6.932441465323791e-08
20230526_000000,2,MYTO,2.1147773338276235e-14,2.040039212320051e-14,7.473812150757264e-16,7.473812150757264e-16
20230526_000000,2,NUCO,1.4145651389471789e-16,1.3686055282758545e-16,4.595961067132431e-18,4.595961067132431e-18
20230526_000000,2,OCPR,3.4648742208709393e-10,3.4303704321558826e-10,3.450378871505677e-12,3.450378871505677e-12
20230526_000000,2,ORPI,7.781932431782934e-09,7.68793828598291e-09,9.399414580002485e-11,9.399414580002485e-11
20230526_000000,2,PAFA,1.0431286945333795e-08,1.04184199045676e-08,1.2867040766195714e-11,1.2867040766195714e-11
20230526_000000,2,PECA,1.2803430537999816e-10,1.2701754925625863e-10,1.0167561237395262e-12,1.0167561237395262e-12
20230526_000000,2,PHNU,9.465121308949165e-08,9.397480482675746e-08,6.76408262734185e-10,6.76408262734185e-10
20230526_000000,2,PIMA,2.683729237443395e-15,2.6105773545361454e-15,7.315188290724951e-17,7.315188290724951e-17
20230526_000000,2,POEC,3.477941490359626e-08,3.4160290596219056e-08,6.191243073772057e-10,6.191243073772057e-10
20230526_000000,2,PSFL,0.0018698722124099731,0.0018776035867631435,-7.731374353170395e-06,7.731374353170395e-06
20230526_000000,2,SHOT,2.484328661012114e-06,2.4880409910110757e-06,-3.71232999896165e-09,3.71232999896165e-09
20230526_000000,2,SITT,2.0914777465463885e-08,2.0451880189398253e-08,4.6289727606563247e-10,4.6289727606563247e-10
20230526_000000,2,SPRU,2.63789523557989e-09,2.6192639168698406e-09,1.8631318710049527e-11,1.8631318710049527e-11
20230526_000000,2,STOC,5.185506246618843e-09,5.265296643131023e-09,-7.979039651218045e-11,7.979039651218045e-11
20230526_000000,2,STOC_IRREG,9.577505455382607e-10,9.644081089277279e-10,-6.657563389467214e-12,6.657563389467214e-12
20230526_000000,2,STVA,2.578404973974102e-06,2.61232526099775e-06,-3.392028702364769e-08,3.392028702364769e-08
20230526_000000,2,STVA_IRREG,5.948335456196219e-06,5.9985950429108925e-06,-5.025958671467379e-08,5.025958671467379e-08
20230526_000000,2,TADO1,1.0611558506901098e-11,1.0419872430167398e-11,1.916860767336992e-13,1.916860767336992e-13
20230526_000000,2,TADO2,2.234687102031785e-09,2.219741279674281e-09,1.4945822357503857e-11,1.4945822357503857e-11
20230526_000000,2,TAMI,9.178726528835668e-11,9.13134984292796e-11,4.737668590770738e-13,4.737668590770738e-13
20230526_000000,2,TUMI,2.9715348404124597e-08,2.9376650445556152e-08,3.3869795856844576e-10,3.3869795856844576e-10
20230526_000000,2,WHIS,5.0411150809281935e-09,5.081000065132457e-09,-3.9884984204263674e-11,3.9884984204263674e-11
20230526_000000,2,YARD,1.65144005137563e-08,1.6431979332764968e-08,8.242118099133222e-11,8.242118099133222e-11
20230526_000000,2,ZEMA,5.027950056302188e-09,5.03457942002683e-09,-6.629363724641735e-12,6.629363724641735e-12
20230526_000000,20,AEAC,0.0001251172216143459,0.00012516003334894776,-4.281173460185528e-08,4.281173460185528e-08
20230526_000000,20,BRCA,1.948365206771996e-05,1.9378059732844122e-05,1.0559233487583697e-07,1.0559233487583697e-07
20230526_000000,20,BRMA,2.2712044744910287e-10,2.2271939847939848e-10,4.401048969704391e-12,4.401048969704391e-12
20230526_000000,20,BUVI,0.007043545134365559,0.007050684653222561,-7.139518857002258e-06,7.139518857002258e-06
20230526_000000,20,CAGU,0.00011167088086949661,0.00011065007856814191,1.0208023013547063e-06,1.0208023013547063e-06
20230526_000000,20,CALU,0.038519784808158875,0.03812238201498985,0.0003974027931690216,0.0003974027931690216
20230526_000000,20,CAUS,8.128769195536734e-07,8.043134016588738e-07,8.563517894799588e-09,8.563517894799588e-09
20230526_000000,20,CCOO,6.074862994864816e-07,5.97418704728625e-07,1.0067594757856568e-08,1.0067594757856568e-08
20230526_000000,20,CHFA,4.63822857454943e-07,4.5949448690407735e-07,4.328370550865657e-09,4.328370550865657e-09
20230526_000000,20,CHMI,0.0006262367824092507,0.0006280335946939886,-1.7968122847378254e-06,1.7968122847378254e-06
20230526_000000,20,CHMI_IRREG,0.0004638615937437862,0.00046224016114138067,1.621432602405548e-06,1.621432602405548e-06
20230526_000000,20,COAU,5.56164025056205e-07,5.486897975970351e-07,7.474227459169924e-09,7.474227459169924e-09
20230526_000000,20,COAU2,2.211240462202113e-05,2.196165223722346e-05,1.5075238479766995e-07,1.5075238479766995e-07
20230526_000000,20,COCO,0.1623864620923996,0.16239239275455475,-5.930662155151367e-06,5.930662155151367e-06
20230526_000000,20,CYST,5.275572766549885e-05,5.238057201495394e-05,3.751556505449116e-07,3.751556505449116e-07
20230526_000000,20,DEFU,0.03322789445519447,0.033020518720149994,0.00020737573504447937,0.00020737573504447937
20230526_000000,20,DOG,0.017055682837963104,0.016983231529593468,7.245130836963654e-05,7.245130836963654e-05
20230526_000000,20,DRPU,9.39848268655119e-11,9.253423721711229e-11,1.450589648399614e-12,1.450589648399614e-12
20230526_000000,20,DRUM,0.014166637323796749,0.014128203503787518,3.843382000923157e-05,3.843382000923157e-05
20230526_000000,20,FLY,0.011991145089268684,0.011933400295674801,5.7744793593883514e-05,5.7744793593883514e-05
20230526_000000,20,FROG,0.003250549081712961,0.0032302066683769226,2.034241333603859e-05,2.034241333603859e-05
20230526_000000,20,GLGN,0.0005699069588445127,0.0005702549824491143,-3.4802360460162163e-07,3.4802360460162163e-07
20230526_000000,20,HOSA,0.08663275092840195,0.08675331622362137,-0.00012056529521942139,0.00012056529521942139
20230526_000000,20,HYPI,1.1953585271839984e-05,1.1894836461578961e-05,5.87488102610223e-08,5.87488102610223e-08
20230526_000000,20,INSP,0.38326701521873474,0.38367798924446106,-0.00041097402572631836,0.00041097402572631836
20230526_000000,20,IXNA,4.8744699597591534e-05,4.8554560635238886e-05,1.9013896235264838e-07,1.9013896235264838e-07
20230526_000000,20,MEKE,0.039505887776613235,0.03946613147854805,3.975629806518555e-05,3.975629806518555e-05
20230526_000000,20,MYTO,2.072212401671436e-09,2.0159101055128303e-09,5.6302296158605714e-11,5.6302296158605714e-11
20230526_000000,20,NUCO,6.450787681799852e-10,6.288146670030414e-10,1.6264101176943768e-11,1.6264101176943768e-11
20230526_000000,20,OCPR,2.413373840681743e-05,2.3920949388411827e-05,2.1278901840560138e-07,2.1278901840560138e-07
20230526_000000,20,ORPI,0.0001676870888331905,0.00016580245574004948,1.8846330931410193e-06,1.8846330931410193e-06
20230526_000000,20,PAFA,0.00010193205525865778,0.0001015060770441778,4.2597821447998285e-07,4.2597821447998285e-07
20230526_000000,20,PECA,7.66702760301996e-06,7.587933851027628e-06,7.909375199233182e-08,7.909375199233182e-08
20230526_000000,20,PHNU,1.1822527994809207e-05,1.1709664249792695e-05,1.1286374501651153e-07,1.1286374501651153e-07
20230526_000000,20,PIMA,1.6730857810287603e-09,1.652940340157727e-09,2.0145440871033315e-11,2.0145440871033315e-11
20230526_000000,20,POEC,0.00011343116784701124,0.00011209819058421999,1.3329772627912462e-06,1.3329772627912462e-06
20230526_000000,20,PSFL,0.018091658130288124,0.0180668868124485,2.4771317839622498e-05,2.4771317839622498e-05
20230526_000000,20,SHOT,0.022077756002545357,0.02197217009961605,0.00010558590292930603,0.00010558590292930603
20230526_000000,20,SITT,2.6575327865430154e-05,2.608125032566022e-05,4.940775397699326e-07,4.940775397699326e-07
20230526_000000,20,SPRU,0.00045656648580916226,0.0004553429316729307,1.2235541362315416e-06,1.2235541362315416e-06
20230526_000000,20,STOC,0.0021327869035303593,0.002145797712728381,-1.3010809198021889e-05,1.3010809198021889e-05
20230526_000000,20,STOC_IRREG,0.00016894040163606405,0.0001690558419795707,-1.1544034350663424e-07,1.1544034350663424e-07
20230526_000000,20,STVA,0.01078166626393795,0.010809693485498428,-2.802722156047821e-05,2.802722156047821e-05
20230526_000000,20,STVA_IRREG,0.1331501603126526,0.13351818919181824,-0.0003680288791656494,0.0003680288791656494
20230526_000000,20,TADO1,7.914082971183234e-07,7.839840350243321e-07,7.424262093991274e-09,7.424262093991274e-09
20230526_000000,20,TADO2,4.7548601287417114e-05,4.715602335636504e-05,3.9257793105207384e-07,3.9257793105207384e-07
20230526_000000,20,TAMI,8.45438933083642e-07,8.407200198234932e-07,4.718913260148838e-09,4.718913260148838e-09
20230526_000000,20,TUMI,0.0002653540577739477,0.00026327153318561614,2.08252458833158e-06,2.08252458833158e-06
20230526_000000,20,WHIS,0.0004983047838322818,0.0004991039750166237,-7.991911843419075e-07,7.991911843419075e-07
20230526_000000,20,YARD,0.011719437316060066,0.011745242401957512,-2.580508589744568e-05,2.580508589744568e-05
20230526_000000,20,ZEMA,0.0010533410822972655,0.0010464416118338704,6.899470463395119e-06,6.899470463395119e-06
20230526_000000,21,AEAC,4.695982624980388e-06,4.714996066468302e-06,-1.901344148791395e-08,1.901344148791395e-08
20230526_000000,21,BRCA,5.809399142298055e-11,5.873664749023177e-11,-6.426560672512238e-13,6.426560672512238e-13
20230526_000000,21,BRMA,1.6501745106543668e-14,1.654725957493143e-14,-4.5514468387762574e-17,4.5514468387762574e-17
20230526_000000,21,BUVI,0.13878145813941956,0.1386445164680481,0.00013694167137145996,0.00013694167137145996
20230526_000000,21,CAGU,8.270053513115272e-07,8.26912298634852e-07,9.305267667514272e-11,9.305267667514272e-11
20230526_000000,21,CALU,0.03139796480536461,0.031580302864313126,-0.00018233805894851685,0.00018233805894851685
20230526_000000,21,CAUS,1.9723690736217492e-10,1.9827420261187e-10,-1.0372952496950916e-12,1.0372952496950916e-12
20230526_000000,21,CCOO,6.507496624896802e-11,6.538040248083021e-11,-3.054362318621884e-13,3.054362318621884e-13
20230526_000000,21,CHFA,3.2428178198262714e-11,3.2639408537038506e-11,-2.112303387757919e-13,2.112303387757919e-13
20230526_000000,21,CHMI,3.315544518045499e-06,3.3322312447126023e-06,-1.6686726667103358e-08,1.6686726667103358e-08
20230526_000000,21,CHMI_IRREG,6.308447154879104e-06,6.332872089842567e-06,-2.4424934963462874e-08,2.4424934963462874e-08
20230526_000000,21,COAU,3.9359018821905067e-10,3.9470060553270514e-10,-1.110417313654466e-12,1.110417313654466e-12
20230526_000000,21,COAU2,6.372866234727326e-09,6.416115194696204e-09,-4.32489599688779e-11,4.32489599688779e-11
20230526_000000,21,COCO,2.842420371962362e-06,2.856388164218515e-06,-1.3967792256153189e-08,1.3967792256153189e-08
20230526_000000,21,CYST,2.6495431626472055e-08,2.6597613000944875e-08,-1.0218137447282061e-10,1.0218137447282061e-10
20230526_000000,21,DEFU,0.0004453930596355349,0.0004463919613044709,-9.989016689360142e-07,9.989016689360142e-07
20230526_000000,21,DOG,3.5863024550053524e-06,3.603245204431005e-06,-1.6942749425652437e-08,1.6942749425652437e-08
20230526_000000,21,DRPU,7.0945107969767884e-15,7.118543662789235e-15,-2.4032865812446264e-17,2.4032865812446264e-17
20230526_000000,21,DRUM,1.4423683296627132e-06,1.4547989621860324e-06,-1.2430632523319218e-08,1.2430632523319218e-08
20230526_000000,21,FLY,0.00011746978270821273,0.00011787367111537606,-4.0388840716332197e-07,4.0388840716332197e-07
20230526_000000,21,FROG,1.2658358173212036e-05,1.2757240256178193e-05,-9.88820829661563e-08,9.88820829661563e-08
20230526_000000,21,GLGN,1.160421980728188e-08,1.1686270617872196e-08,-8.205081059031727e-11,8.205081059031727e-11
20230526_000000,21,HOSA,8.823767711874098e-05,8.866907592164353e-05,-4.313988029025495e-07,4.313988029025495e-07
20230526_000000,21,HYPI,6.042746858447856e-10,6.065692392809297e-10,-2.2945534361440423e-12,2.2945534361440423e-12
20230526_000000,21,INSP,0.00019697473908308893,0.00019752253137994558,-5.477922968566418e-07,5.477922968566418e-07
20230526_000000,21,IXNA,4.248883911373014e-08,4.270422238050742e-08,-2.1538326677728037e-10,2.1538326677728037e-10
20230526_000000,21,MEKE,0.000549920427147299,0.0005525800515897572,-2.6596244424581528e-06,2.6596244424581528e-06
20230526_000000,21,MYTO,8.370820719525926e-14,8.391827136617833e-14,-2.1006417091906648e-16,2.1006417091906648e-16
20230526_000000,21,NUCO,6.293104487110035e-18,6.341990034131307e-18,-4.888554702127138e-20,4.888554702127138e-20
20230526_000000,21,OCPR,2.2428414681030517e-09,2.2474537786365545e-09,-4.61231053350275e-12,4.61231053350275e-12
20230526_000000,21,ORPI,2.917122365886371e-08,2.94275128709387e-08,-2.5628921207498934e-10,2.5628921207498934e-10
20230526_000000,21,PAFA,7.585351795569295e-07,7.643737376383797e-07,-5.838558081450174e-09,5.838558081450174e-09
20230526_000000,21,PECA,4.059942382284021e-10,4.095228600675682e-10,-3.528621839166135e-12,3.528621839166135e-12
20230526_000000,21,PHNU,7.626580895703228e-07,7.680521321162814e-07,-5.394042545958655e-09,5.394042545958655e-09
20230526_000000,21,PIMA,5.344177350815032e-15,5.400566451696119e-15,-5.638910088108691e-17,5.638910088108691e-17
20230526_000000,21,POEC,2.689922951049084e-08,2.7024297466482494e-08,-1.2506795599165343e-10,1.2506795599165343e-10
20230526_000000,21,PSFL,0.8263527750968933,0.8262882232666016,6.455183029174805e-05,6.455183029174805e-05
20230526_000000,21,SHOT,1.1412728326831711e-06,1.151971673607477e-06,-1.0698840924305841e-08,1.0698840924305841e-08
20230526_000000,21,SITT,4.292362234536995e-07,4.290103561288561e-07,2.2586732484342065e-10,2.2586732484342065e-10
20230526_000000,21,SPRU,1.007386707385649e-08,1.0157430452295557e-08,-8.356337843906658e-11,8.356337843906658e-11
20230526_000000,21,STOC,1.3211392513312603e-07,1.3276972765652317e-07,-6.558025233971421e-10,6.558025233971421e-10
20230526_000000,21,STOC_IRREG,4.1181493770636735e-09,4.152618249264606e-09,-3.446887220093231e-11,3.446887220093231e-11
20230526_000000,21,STVA,0.0012223076773807406,0.0012297802604734898,-7.472583092749119e-06,7.472583092749119e-06
20230526_000000,21,STVA_IRREG,0.0008070135372690856,0.0008134012459777296,-6.387708708643913e-06,6.387708708643913e-06
20230526_000000,21,TADO1,2.458569112184783e-11,2.4776064880271953e-11,-1.9037375842412274e-13,1.9037375842412274e-13
20230526_000000,21,TADO2,1.3553621336370725e-08,1.3646955565604912e-08,-9.333422923418766e-11,9.333422923418766e-11
20230526_000000,21,TAMI,9.076060736301628e-11,9.176709392377802e-11,-1.0064865607617435e-12,1.0064865607617435e-12
20230526_000000,21,TUMI,7.346564530053001e-07,7.369567356363405e-07,-2.300282631040318e-09,2.300282631040318e-09
20230526_000000,21,WHIS,1.1570846503161647e-08,1.167802654578054e-08,-1.0718004261889291e-10,1.0718004261889291e-10
20230526_000000,21,YARD,3.521198976841333e-08,3.546820082078739e-08,-2.562110523740557e-10,2.562110523740557e-10
20230526_000000,21,ZEMA,6.61336116536404e-07,6.638372269662796e-07,-2.5011104298755527e-09,2.5011104298755527e-09
20230526_000000,22,AEAC,1.0254869664549915e-07,1.0294421315393265e-07,-3.9551650843350217e-10,3.9551650843350217e-10
20230526_000000,22,BRCA,1.4893877242627696e-09,1.4922588720267527e-09,-2.8711477639831173e-12,2.8711477639831173e-12
20230526_000000,22,BRMA,2.4665046893801446e-08,2.490998163295899e-08,-2.4493473915754294e-10,2.4493473915754294e-10
20230526_000000,22,BUVI,0.013173400424420834,0.013218698091804981,-4.5297667384147644e-05,4.5297667384147644e-05
20230526_000000,22,CAGU,0.0352642796933651,0.03540949150919914,-0.0001452118158340454,0.0001452118158340454
20230526_000000,22,CALU,0.0008078016107901931,0.0008090471383184195,-1.2455275282263756e-06,1.2455275282263756e-06
20230526_000000,22,CAUS,0.00012688660353887826,0.00012737330689560622,-4.867033567279577e-07,4.867033567279577e-07
20230526_000000,22,CCOO,5.1692721172003075e-05,5.2093648264417425e-05,-4.009270924143493e-07,4.009270924143493e-07
20230526_000000,22,CHFA,3.01763435572866e-07,3.036915359189152e-07,-1.9281003460491775e-09,1.9281003460491775e-09
20230526_000000,22,CHMI,0.006274409592151642,0.006305389106273651,-3.097951412200928e-05,3.097951412200928e-05
20230526_000000,22,CHMI_IRREG,0.0008335847523994744,0.000838566105812788,-4.981353413313627e-06,4.981353413313627e-06
20230526_000000,22,COAU,1.5534014607965219e-07,1.559050559762909e-07,-5.649098966387101e-10,5.649098966387101e-10
20230526_000000,22,COAU2,0.00011665075726341456,0.00011750966950785369,-8.589122444391251e-07,8.589122444391251e-07
20230526_000000,22,COCO,2.8058273528586142e-05,2.815472544170916e-05,-9.645191312301904e-08,9.645191312301904e-08
20230526_000000,22,CYST,9.936030255630612e-05,9.924575715558603e-05,1.1454540072008967e-07,1.1454540072008967e-07
20230526_000000,22,DEFU,0.002766402903944254,0.0027766490820795298,-1.024617813527584e-05,1.024617813527584e-05
20230526_000000,22,DOG,1.3758791283180472e-05,1.3770822079095524e-05,-1.2030795915052295e-08,1.2030795915052295e-08
20230526_000000,22,DRPU,1.8507721397109655e-12,1.874342044419497e-12,-2.3569904708531375e-14,2.3569904708531375e-14
20230526_000000,22,DRUM,5.8725650887936354e-05,5.885609061806463e-05,-1.3043973012827337e-07,1.3043973012827337e-07
20230526_000000,22,FLY,0.001119748456403613,0.0011209264630451798,-1.1780066415667534e-06,1.1780066415667534e-06
20230526_000000,22,FROG,0.0001886734098661691,0.00018862025171983987,5.315814632922411e-08,5.315814632922411e-08
20230526_000000,22,GLGN,7.826898240637092e-08,7.846893623764117e-08,-1.999538312702498e-10,1.999538312702498e-10
20230526_000000,22,HOSA,0.0011105334851890802,0.0011118034599348903,-1.2699747458100319e-06,1.2699747458100319e-06
20230526_000000,22,HYPI,1.0429202745854127e-07,1.0468129829632744e-07,-3.892708377861709e-10,3.892708377861709e-10
20230526_000000,22,INSP,4.020087089884328e-06,4.0504760363546666e-06,-3.038894647033885e-08,3.038894647033885e-08
20230526_000000,22,IXNA,0.00034407645580358803,0.0003454670950304717,-1.3906392268836498e-06,1.3906392268836498e-06
20230526_000000,22,MEKE,1.358005465590395e-05,1.3653303540195338e-05,-7.32488842913881e-08,7.32488842913881e-08
20230526_000000,22,MYTO,0.0005027679144404829,0.0005060783005319536,-3.3103860914707184e-06,3.3103860914707184e-06
20230526_000000,22,NUCO,3.107467838603384e-09,3.120283142976632e-09,-1.2815304373248182e-11,1.2815304373248182e-11
20230526_000000,22,OCPR,0.00023775409499648958,0.00023924422566778958,-1.490130671299994e-06,1.490130671299994e-06
20230526_000000,22,ORPI,1.348064688500017e-05,1.3543304703489412e-05,-6.265781848924235e-08,6.265781848924235e-08
20230526_000000,22,PAFA,8.227609214372933e-05,8.265393989859149e-05,-3.778477548621595e-07,3.778477548621595e-07
20230526_000000,22,PECA,5.181376309337793e-06,5.214507382333977e-06,-3.313107299618423e-08,3.313107299618423e-08
20230526_000000,22,PHNU,1.825816070777364e-05,1.8320875824429095e-05,-6.271511665545404e-08,6.271511665545404e-08
20230526_000000,22,PIMA,2.497434934412013e-07,2.514830725885986e-07,-1.7395791473973077e-09,1.7395791473973077e-09
20230526_000000,22,POEC,0.03470078855752945,0.03485479578375816,-0.000154007226228714,0.000154007226228714
20230526_000000,22,PSFL,0.8837037086486816,0.883256733417511,0.0004469752311706543,0.0004469752311706543
20230526_000000,22,SHOT,0.00030494038946926594,0.0003045641351491213,3.762543201446533e-07,3.762543201446533e-07
20230526_000000,22,SITT,0.00770057737827301,0.0077392542734742165,-3.867689520120621e-05,3.867689520120621e-05
20230526_000000,22,SPRU,7.913543413451407e-06,7.957917659950908e-06,-4.437424649950117e-08,4.437424649950117e-08
20230526_000000,22,STOC,2.4591333414036853e-09,2.47262565977735e-09,-1.3492318373664602e-11,1.3492318373664602e-11
20230526_000000,22,STOC_IRREG,6.463351631680325e-09,6.510041838936331e-09,-4.6690207256006033e-11,4.6690207256006033e-11
20230526_000000,22,STVA,1.3076493132757605e-06,1.3198957731219707e-06,-1.22464598462102e-08,1.22464598462102e-08
20230526_000000,22,STVA_IRREG,9.17674187803641e-05,9.244556713383645e-05,-6.78148353472352e-07,6.78148353472352e-07
20230526_000000,22,TADO1,2.4644075224955486e-08,2.483341710046716e-08,-1.893418755116727e-10,1.893418755116727e-10
20230526_000000,22,TADO2,9.30077294469811e-06,9.319315722677857e-06,-1.854277797974646e-08,1.854277797974646e-08
20230526_000000,22,TAMI,9.908058373753192e-09,9.923921240329037e-09,-1.5862866575844237e-11,1.5862866575844237e-11
20230526_000000,22,TUMI,0.010205422528088093,0.010210256092250347,-4.8335641622543335e-06,4.8335641622543335e-06
20230526_000000,22,WHIS,3.218657784742618e-09,3.246531043998857e-09,-2.787325925623918e-11,2.787325925623918e-11
20230526_000000,22,YARD,4.844291083827557e-07,4.845263674724265e-07,-9.725908967084251e-11,9.725908967084251e-11
20230526_000000,22,ZEMA,1.733200770104304e-05,1.7423995814169757e-05,-9.198811312671751e-08,9.198811312671751e-08
20230526_000000,23,AEAC,7.186465609265724e-07,7.240738000291458e-07,-5.427239102573367e-09,5.427239102573367e-09
20230526_000000,23,BRCA,1.8621163633270044e-07,1.876873767514553e-07,-1.4757404187548673e-09,1.4757404187548673e-09
20230526_000000,23,BRMA,2.476107511029113e-05,2.5003024347824976e-05,-2.41949237533845e-07,2.41949237533845e-07
20230526_000000,23,BUVI,0.0003961356414947659,0.00039767593261785805,-1.5402911230921745e-06,1.5402911230921745e-06
20230526_000000,23,CAGU,0.6425954699516296,0.6414463520050049,0.0011491179466247559,0.0011491179466247559
20230526_000000,23,CALU,0.0034330449998378754,0.003422720590606332,1.0324409231543541e-05,1.0324409231543541e-05
20230526_000000,23,CAUS,0.0009225198882631958,0.0009286548593081534,-6.134971044957638e-06,6.134971044957638e-06
20230526_000000,23,CCOO,0.012194933369755745,0.012289417907595634,-9.448453783988953e-05,9.448453783988953e-05
20230526_000000,23,CHFA,5.0058832130162045e-05,5.015642454964109e-05,-9.759241947904229e-08,9.759241947904229e-08
20230526_000000,23,CHMI,0.011621830984950066,0.01173549797385931,-0.00011366698890924454,0.00011366698890924454
20230526_000000,23,CHMI_IRREG,0.0013681709533557296,0.001385944546200335,-1.7773592844605446e-05,1.7773592844605446e-05
20230526_000000,23,COAU,6.88159343553707e-05,6.891761586302891e-05,-1.0168150765821338e-07,1.0168150765821338e-07
20230526_000000,23,COAU2,0.002298318315297365,0.002322964835911989,-2.4646520614624023e-05,2.4646520614624023e-05
20230526_000000,23,COCO,0.0017266847426071763,0.0017329762922599912,-6.291549652814865e-06,6.291549652814865e-06
20230526_000000,23,CYST,0.0005222118343226612,0.0005235333810560405,-1.321546733379364e-06,1.321546733379364e-06
20230526_000000,23,DEFU,0.006681093014776707,0.006716915871948004,-3.582285717129707e-05,3.582285717129707e-05
20230526_000000,23,DOG,0.00018219451885670424,0.00018327990255784243,-1.0853837011381984e-06,1.0853837011381984e-06
20230526_000000,23,DRPU,1.5037411316143334e-09,1.4990406693726754e-09,4.700462241657988e-12,4.700462241657988e-12
20230526_000000,23,DRUM,0.0007423011702485383,0.0007472027791664004,-4.901608917862177e-06,4.901608917862177e-06
20230526_000000,23,FLY,0.003825664520263672,0.003846481442451477,-2.0816922187805176e-05,2.0816922187805176e-05
20230526_000000,23,FROG,0.0002494948566891253,0.00025018732412718236,-6.92467438057065e-07,6.92467438057065e-07
20230526_000000,23,GLGN,6.0118768487882335e-06,6.06208141107345e-06,-5.0204562285216525e-08,5.0204562285216525e-08
20230526_000000,23,HOSA,0.0048952833749353886,0.004930856637656689,-3.5573262721300125e-05,3.5573262721300125e-05
20230526_000000,23,HYPI,8.603969763498753e-05,8.561833237763494e-05,4.2136525735259056e-07,4.2136525735259056e-07
20230526_000000,23,INSP,0.0002614721015561372,0.0002623821492306888,-9.100476745516062e-07,9.100476745516062e-07
20230526_000000,23,IXNA,0.0019808050710707903,0.0019898517057299614,-9.046634659171104e-06,9.046634659171104e-06
20230526_000000,23,MEKE,0.00013878787285648286,0.0001386390795232728,1.4879333321005106e-07,1.4879333321005106e-07
20230526_000000,23,MYTO,0.014575992710888386,0.014692343771457672,-0.00011635106056928635,0.00011635106056928635
20230526_000000,23,NUCO,9.147136665887956e-07,9.194822041536099e-07,-4.7685375648143236e-09,4.7685375648143236e-09
20230526_000000,23,OCPR,0.004840330686420202,0.004885667469352484,-4.5336782932281494e-05,4.5336782932281494e-05
20230526_000000,23,ORPI,0.0004034636076539755,0.00040515215368941426,-1.688546035438776e-06,1.688546035438776e-06
20230526_000000,23,PAFA,0.00016307778423652053,0.00016513379523530602,-2.0560109987854958e-06,2.0560109987854958e-06
20230526_000000,23,PECA,3.084114723606035e-05,3.104171992163174e-05,-2.005726855713874e-07,2.005726855713874e-07
20230526_000000,23,PHNU,4.315573733038036e-06,4.36100617662305e-06,-4.543244358501397e-08,4.543244358501397e-08
20230526_000000,23,PIMA,9.698963367554825e-06,9.82495112111792e-06,-1.2598775356309488e-07,1.2598775356309488e-07
20230526_000000,23,POEC,0.2489498406648636,0.24929983913898468,-0.00034999847412109375,0.00034999847412109375
20230526_000000,23,PSFL,0.008692486211657524,0.008803701028227806,-0.00011121481657028198,0.00011121481657028198
20230526_000000,23,SHOT,0.003295743837952614,0.0033207477536052465,-2.5003915652632713e-05,2.5003915652632713e-05
20230526_000000,23,SITT,0.014073054306209087,0.014142923057079315,-6.986875087022781e-05,6.986875087022781e-05
20230526_000000,23,SPRU,0.00020874504116363823,0.00020951272745151073,-7.676862878724933e-07,7.676862878724933e-07
20230526_000000,23,STOC,2.0224003947078018e-06,2.028265043918509e-06,-5.8646492107072845e-09,5.8646492107072845e-09
20230526_000000,23,STOC_IRREG,2.6414054445922375e-06,2.6458203592483187e-06,-4.414914656081237e-09,4.414914656081237e-09
20230526_000000,23,STVA,1.341496954410104e-05,1.344950851489557e-05,-3.453897079452872e-08,3.453897079452872e-08
20230526_000000,23,STVA_IRREG,0.000313518539769575,0.00031606710399501026,-2.548564225435257e-06,2.548564225435257e-06
20230526_000000,23,TADO1,8.731451998755801e-06,8.75145269674249e-06,-2.0000697986688465e-08,2.0000697986688465e-08
20230526_000000,23,TADO2,8.419685036642477e-05,8.44942478579469e-05,-2.9739749152213335e-07,2.9739749152213335e-07
20230526_000000,23,TAMI,6.709007038807613e-07,6.750114494025183e-07,-4.110745521757053e-09,4.110745521757053e-09
20230526_000000,23,TUMI,0.0075949071906507015,0.0076528084464371204,-5.7901255786418915e-05,5.7901255786418915e-05
20230526_000000,23,WHIS,9.205392643707455e-07,9.244473062608449e-07,-3.908041890099412e-09,3.908041890099412e-09
20230526_000000,23,YARD,0.00035937881330028176,0.00036027864553034306,-8.998322300612926e-07,8.998322300612926e-07
20230526_000000,23,ZEMA,9.811452036956325e-05,9.852354560280219e-05,-4.0902523323893547e-07,4.0902523323893547e-07
20230526_000000,24,AEAC,0.0001029426057357341,0.00010327084601158276,-3.282402758486569e-07,3.282402758486569e-07
20230526_000000,24,BRCA,0.00047003148938529193,0.0004678411642089486,2.190325176343322e-06,2.190325176343322e-06
20230526_000000,24,BRMA,9.3304173276465e-09,9.239731646459859e-09,9.068568118664189e-11,9.068568118664189e-11
20230526_000000,24,BUVI,0.0011071563931182027,0.001106198295019567,9.580980986356735e-07,9.580980986356735e-07
20230526_000000,24,CAGU,0.004863489884883165,0.004833150189369917,3.0339695513248444e-05,3.0339695513248444e-05
20230526_000000,24,CALU,0.0006025288021191955,0.0006028508068993688,-3.220047801733017e-07,3.220047801733017e-07
20230526_000000,24,CAUS,4.599177555064671e-05,4.586929571814835e-05,1.224798324983567e-07,1.224798324983567e-07
20230526_000000,24,CCOO,0.00010031693818746135,0.00010025718802353367,5.97501639276743e-08,5.97501639276743e-08
20230526_000000,24,CHFA,4.9669251893647015e-05,4.942041778122075e-05,2.488341124262661e-07,2.488341124262661e-07
20230526_000000,24,CHMI,0.030984841287136078,0.03099649026989937,-1.1648982763290405e-05,1.1648982763290405e-05
20230526_000000,24,CHMI_IRREG,0.005621140357106924,0.00556517718359828,5.5963173508644104e-05,5.5963173508644104e-05
20230526_000000,24,COAU,3.580958946258761e-05,3.597103204810992e-05,-1.6144258552230895e-07,1.6144258552230895e-07
20230526_000000,24,COAU2,0.0030529797077178955,0.0030682021751999855,-1.5222467482089996e-05,1.5222467482089996e-05
20230526_000000,24,COCO,0.11311906576156616,0.11327411234378815,-0.00015504658222198486,0.00015504658222198486
20230526_000000,24,CYST,0.0013809395022690296,0.0013855569995939732,-4.6174973249435425e-06,4.6174973249435425e-06
20230526_000000,24,DEFU,0.17185857892036438,0.17207740247249603,-0.00021882355213165283,0.00021882355213165283
20230526_000000,24,DOG,0.013867365196347237,0.013798280619084835,6.908457726240158e-05,6.908457726240158e-05
20230526_000000,24,DRPU,6.936157870285342e-09,6.88311718732848e-09,5.304068295686193e-11,5.304068295686193e-11
20230526_000000,24,DRUM,0.04690266773104668,0.04692549258470535,-2.2824853658676147e-05,2.2824853658676147e-05
20230526_000000,24,FLY,0.0776820033788681,0.07782156765460968,-0.00013956427574157715,0.00013956427574157715
20230526_000000,24,FROG,0.01174502819776535,0.011758322827517986,-1.3294629752635956e-05,1.3294629752635956e-05
20230526_000000,24,GLGN,0.0016065305098891258,0.0015970811946317554,9.449315257370472e-06,9.449315257370472e-06
20230526_000000,24,HOSA,0.28751325607299805,0.2875107228755951,2.5331974029541016e-06,2.5331974029541016e-06
20230526_000000,24,HYPI,1.8343565898248926e-05,1.829366919992026e-05,4.989669832866639e-08,4.989669832866639e-08
20230526_000000,24,INSP,0.0011479012900963426,0.0011426599230617285,5.241367034614086e-06,5.241367034614086e-06
20230526_000000,24,IXNA,0.0055252122692763805,0.0055202944204211235,4.917848855257034e-06,4.917848855257034e-06
20230526_000000,24,MEKE,0.0034002792090177536,0.0034062520135194063,-5.972804501652718e-06,5.972804501652718e-06
20230526_000000,24,MYTO,3.1597162433172343e-06,3.136250825264142e-06,2.3465418053092435e-08,2.3465418053092435e-08
20230526_000000,24,NUCO,4.196884262341882e-08,4.1709796505529084e-08,2.590461178897385e-10,2.590461178897385e-10
20230526_000000,24,OCPR,0.0002984139428008348,0.0002963696897495538,2.0442530512809753e-06,2.0442530512809753e-06
20230526_000000,24,ORPI,0.0009419372072443366,0.0009369667968712747,4.970410373061895e-06,4.970410373061895e-06
20230526_000000,24,PAFA,0.001558612217195332,0.0015592057025060058,-5.934853106737137e-07,5.934853106737137e-07
20230526_000000,24,PECA,0.000106384715763852,0.00010564325202722102,7.414637366309762e-07,7.414637366309762e-07
20230526_000000,24,PHNU,0.00019637863442767411,0.00019269483163952827,3.68380278814584e-06,3.68380278814584e-06
20230526_000000,24,PIMA,3.0097189664957114e-06,3.0067806164879585e-06,2.938350007752888e-09,2.938350007752888e-09
20230526_000000,24,POEC,0.0016550173750147223,0.0016517963958904147,3.2209791243076324e-06,3.2209791243076324e-06
20230526_000000,24,PSFL,0.01936662383377552,0.019178660586476326,0.00018796324729919434,0.00018796324729919434
20230526_000000,24,SHOT,0.13147099316120148,0.13115431368350983,0.0003166794776916504,0.0003166794776916504
20230526_000000,24,SITT,0.0024213185533881187,0.0024135385174304247,7.780035957694054e-06,7.780035957694054e-06
20230526_000000,24,SPRU,0.002369459718465805,0.0023784234654158354,-8.963746950030327e-06,8.963746950030327e-06
20230526_000000,24,STOC,0.00033512472873553634,0.00033434684155508876,7.778871804475784e-07,7.778871804475784e-07
20230526_000000,24,STOC_IRREG,6.442615995183587e-05,6.426352774724364e-05,1.6263220459222794e-07,1.6263220459222794e-07
20230526_000000,24,STVA,6.267623393796384e-05,6.279929220909253e-05,-1.2305827112868428e-07,1.2305827112868428e-07
20230526_000000,24,STVA_IRREG,0.0038248091004788876,0.0038004089146852493,2.440018579363823e-05,2.440018579363823e-05
20230526_000000,24,TADO1,4.174135938228574e-06,4.168374744040193e-06,5.761194188380614e-09,5.761194188380614e-09
20230526_000000,24,TADO2,6.644769018748775e-05,6.622195360250771e-05,2.257365849800408e-07,2.257365849800408e-07
20230526_000000,24,TAMI,4.3255284253973514e-05,4.2952276999130845e-05,3.0300725484266877e-07,3.0300725484266877e-07
20230526_000000,24,TUMI,0.03743227943778038,0.037568580359220505,-0.0001363009214401245,0.0001363009214401245
20230526_000000,24,WHIS,1.457786675018724e-05,1.4544369150826242e-05,3.349759936099872e-08,3.349759936099872e-08
20230526_000000,24,YARD,0.014825616031885147,0.014826693572103977,-1.0775402188301086e-06,1.0775402188301086e-06
20230526_000000,24,ZEMA,0.00013125374971423298,0.0001305982586927712,6.554910214617848e-07,6.554910214617848e-07
20230526_000000,25,AEAC,1.1095744412159547e-05,1.1127493053209037e-05,-3.174864104948938e-08,3.174864104948938e-08
20230526_000000,25,BRCA,4.478644041228108e-05,4.4834217987954617e-05,-4.7777575673535466e-08,4.7777575673535466e-08
20230526_000000,25,BRMA,0.00014010346785653383,0.00013958175259176642,5.217152647674084e-07,5.217152647674084e-07
20230526_000000,25,BUVI,0.002801818074658513,0.0027947649359703064,7.053138688206673e-06,7.053138688206673e-06
20230526_000000,25,CAGU,0.02132762409746647,0.021277647465467453,4.997663199901581e-05,4.997663199901581e-05
20230526_000000,25,CALU,3.334402208565734e-05,3.3458189136581495e-05,-1.1416705092415214e-07,1.1416705092415214e-07
20230526_000000,25,CAUS,0.014545050449669361,0.014493610709905624,5.1439739763736725e-05,5.1439739763736725e-05
20230526_000000,25,CCOO,0.034059010446071625,0.03389398753643036,0.00016502290964126587,0.00016502290964126587
20230526_000000,25,CHFA,0.0024773282930254936,0.0024641568306833506,1.3171462342143059e-05,1.3171462342143059e-05
20230526_000000,25,CHMI,0.023484496399760246,0.023406976833939552,7.751956582069397e-05,7.751956582069397e-05
20230526_000000,25,CHMI_IRREG,0.0014123348519206047,0.0014052116312086582,7.1232207119464874e-06,7.1232207119464874e-06
20230526_000000,25,COAU,0.0012972481781616807,0.0012984748464077711,-1.2266682460904121e-06,1.2266682460904121e-06
20230526_000000,25,COAU2,0.10871068388223648,0.10914178937673569,-0.00043110549449920654,0.00043110549449920654
20230526_000000,25,COCO,0.03200901299715042,0.0320637971162796,-5.478411912918091e-05,5.478411912918091e-05
20230526_000000,25,CYST,0.015061041340231895,0.015037058852612972,2.3982487618923187e-05,2.3982487618923187e-05
20230526_000000,25,DEFU,0.04024858772754669,0.04030432179570198,-5.5734068155288696e-05,5.5734068155288696e-05
20230526_000000,25,DOG,0.0045524644665420055,0.004544877912849188,7.586553692817688e-06,7.586553692817688e-06
20230526_000000,25,DRPU,1.2316928632571944e-07,1.2198744059332967e-07,1.1818457323897746e-09,1.1818457323897746e-09
20230526_000000,25,DRUM,0.009674628265202045,0.009667213074862957,7.41519033908844e-06,7.41519033908844e-06
20230526_000000,25,FLY,0.051464635878801346,0.05162041261792183,-0.0001557767391204834,0.0001557767391204834
20230526_000000,25,FROG,0.005829219240695238,0.005795782431960106,3.343680873513222e-05,3.343680873513222e-05
20230526_000000,25,GLGN,0.0006422009319067001,0.0006427953485399485,-5.944166332483292e-07,5.944166332483292e-07
20230526_000000,25,HOSA,0.03516927734017372,0.035111065953969955,5.821138620376587e-05,5.821138620376587e-05
20230526_000000,25,HYPI,0.0005575729883275926,0.0005548078916035593,2.7650967240333557e-06,2.7650967240333557e-06
20230526_000000,25,INSP,0.008822204545140266,0.008793552406132221,2.8652139008045197e-05,2.8652139008045197e-05
20230526_000000,25,IXNA,0.016512583941221237,0.016482943668961525,2.964027225971222e-05,2.964027225971222e-05
20230526_000000,25,MEKE,0.001276639406569302,0.0012717494973912835,4.88990917801857e-06,4.88990917801857e-06
20230526_000000,25,MYTO,0.019512111321091652,0.019523289054632187,-1.1177733540534973e-05,1.1177733540534973e-05
20230526_000000,25,NUCO,1.1835037184937391e-05,1.179557693831157e-05,3.946024662582204e-08,3.946024662582204e-08
20230526_000000,25,OCPR,0.03416910395026207,0.03416728228330612,1.821666955947876e-06,1.821666955947876e-06
20230526_000000,25,ORPI,0.008439926430583,0.00845366157591343,-1.3735145330429077e-05,1.3735145330429077e-05
20230526_000000,25,PAFA,0.003399906912818551,0.0033919757697731256,7.931143045425415e-06,7.931143045425415e-06
20230526_000000,25,PECA,0.008666984736919403,0.008700218051671982,-3.3233314752578735e-05,3.3233314752578735e-05
20230526_000000,25,PHNU,6.51169175398536e-05,6.522133480757475e-05,-1.0441726772114635e-07,1.0441726772114635e-07
20230526_000000,25,PIMA,0.0006210976280272007,0.0006212013540789485,-1.0372605174779892e-07,1.0372605174779892e-07
20230526_000000,25,POEC,0.0320645309984684,0.032004330307245255,6.020069122314453e-05,6.020069122314453e-05
20230526_000000,25,PSFL,0.003750298172235489,0.003737894119694829,1.2404052540659904e-05,1.2404052540659904e-05
20230526_000000,25,SHOT,0.004362391773611307,0.004362532868981361,-1.41095370054245e-07,1.41095370054245e-07
20230526_000000,25,SITT,0.024471428245306015,0.02444414049386978,2.728775143623352e-05,2.728775143623352e-05
20230526_000000,25,SPRU,0.00572459539398551,0.005722232162952423,2.3632310330867767e-06,2.3632310330867767e-06
20230526_000000,25,STOC,4.3594114686129615e-05,4.3487649236340076e-05,1.0646544978953898e-07,1.0646544978953898e-07
20230526_000000,25,STOC_IRREG,3.610007115639746e-05,3.607735925470479e-05,2.2711901692673564e-08,2.2711901692673564e-08
20230526_000000,25,STVA,0.00014626464690081775,0.00014586819452233613,3.964523784816265e-07,3.964523784816265e-07
20230526_000000,25,STVA_IRREG,0.005152049474418163,0.005135366693139076,1.6682781279087067e-05,1.6682781279087067e-05
20230526_000000,25,TADO1,0.0003094069834332913,0.00030801387038081884,1.3931130524724722e-06,1.3931130524724722e-06
20230526_000000,25,TADO2,0.0016933653969317675,0.0016964530805125833,-3.087683580815792e-06,3.087683580815792e-06
20230526_000000,25,TAMI,0.0001099777509807609,0.0001103214526665397,-3.4370168577879667e-07,3.4370168577879667e-07
20230526_000000,25,TUMI,0.4074983596801758,0.40744397044181824,5.4389238357543945e-05,5.4389238357543945e-05
20230526_000000,25,WHIS,2.5264720534323715e-05,2.525368836359121e-05,1.103217073250562e-08,1.103217073250562e-08
20230526_000000,25,YARD,0.004749460145831108,0.004746928811073303,2.5313347578048706e-06,2.5313347578048706e-06
20230526_000000,25,ZEMA,0.002811767626553774,0.0028064418584108353,5.325768142938614e-06,5.325768142938614e-06
20230526_000000,26,AEAC,2.3760535441397224e-06,2.3756472273817053e-06,4.063167580170557e-10,4.063167580170557e-10
20230526_000000,26,BRCA,6.0433809068172195e-09,6.064532875882378e-09,-2.1151969065158482e-11,2.1151969065158482e-11
20230526_000000,26,BRMA,1.2606059859171515e-12,1.2650423243665276e-12,-4.436338449376187e-15,4.436338449376187e-15
20230526_000000,26,BUVI,0.008325657807290554,0.008269843645393848,5.581416189670563e-05,5.581416189670563e-05
20230526_000000,26,CAGU,8.175837251656048e-07,8.181613679880684e-07,-5.77642822463531e-10,5.77642822463531e-10
20230526_000000,26,CALU,0.00016142155800480396,0.00016058974142652005,8.31816578283906e-07,8.31816578283906e-07
20230526_000000,26,CAUS,2.969938073249523e-09,2.977599944387066e-09,-7.66187113754313e-12,7.66187113754313e-12
20230526_000000,26,CCOO,1.3358879280556124e-10,1.342257277547887e-10,-6.369349492274523e-13,6.369349492274523e-13
20230526_000000,26,CHFA,9.971506953476705e-10,9.994982619332404e-10,-2.3475665855698935e-12,2.3475665855698935e-12
20230526_000000,26,CHMI,1.1625151046246174e-06,1.1631279903667746e-06,-6.12885742157232e-10,6.12885742157232e-10
20230526_000000,26,CHMI_IRREG,5.470098130899714e-06,5.4798501878394745e-06,-9.752056939760223e-09,9.752056939760223e-09
20230526_000000,26,COAU,9.621915486590638e-10,9.634694153604073e-10,-1.2778667013435552e-12,1.2778667013435552e-12
20230526_000000,26,COAU2,1.6155908610926417e-08,1.618125189395414e-08,-2.5343283027723373e-11,2.5343283027723373e-11
20230526_000000,26,COCO,7.529093636549078e-06,7.525674391217763e-06,3.4192453313153237e-09,3.4192453313153237e-09
20230526_000000,26,CYST,9.973096126714154e-08,9.97499540744684e-08,-1.8992807326867478e-11,1.8992807326867478e-11
20230526_000000,26,DEFU,3.316930087748915e-05,3.311116961413063e-05,5.813126335851848e-08,5.813126335851848e-08
20230526_000000,26,DOG,1.8066783013637178e-05,1.807910120987799e-05,-1.231819624081254e-08,1.231819624081254e-08
20230526_000000,26,DRPU,4.8338022224248683e-14,4.8655839150453864e-14,-3.1781692620518054e-16,3.1781692620518054e-16
20230526_000000,26,DRUM,2.7602554837358184e-06,2.7624905669654254e-06,-2.235083229606971e-09,2.235083229606971e-09
20230526_000000,26,FLY,2.702708115975838e-05,2.6971996703650802e-05,5.508445610757917e-08,5.508445610757917e-08
20230526_000000,26,FROG,6.399298854375957e-06,6.389192549249856e-06,1.0106305126100779e-08,1.0106305126100779e-08
20230526_000000,26,GLGN,4.729295710603765e-08,4.749960424987876e-08,-2.0664714384110994e-10,2.0664714384110994e-10
20230526_000000,26,HOSA,0.00015496542619075626,0.00015477382112294436,1.9160506781190634e-07,1.9160506781190634e-07
20230526_000000,26,HYPI,2.6870833336190003e-10,2.6835941802083596e-10,3.4891534106407107e-13,3.4891534106407107e-13
20230526_000000,26,INSP,4.2566713091218844e-05,4.23678029619623e-05,1.989101292565465e-07,1.989101292565465e-07
20230526_000000,26,IXNA,2.1251481996387156e-07,2.1240391845367412e-07,1.1090151019743644e-10,1.1090151019743644e-10
20230526_000000,26,MEKE,2.569730713730678e-05,2.561389010224957e-05,8.341703505720943e-08,8.341703505720943e-08
20230526_000000,26,MYTO,3.0766541658094892e-12,3.093169383822092e-12,-1.6515218012602695e-14,1.6515218012602695e-14
20230526_000000,26,NUCO,2.582199844978995e-15,2.5929630926397555e-15,-1.0763247660760394e-17,1.0763247660760394e-17
20230526_000000,26,OCPR,1.9763092495850287e-08,1.9828444663971823e-08,-6.535216812153521e-11,6.535216812153521e-11
20230526_000000,26,ORPI,1.6959404547378654e-07,1.7008737529522477e-07,-4.933298214382376e-10,4.933298214382376e-10
20230526_000000,26,PAFA,3.814693172898842e-06,3.8112116271804553e-06,3.4815457183867693e-09,3.4815457183867693e-09
20230526_000000,26,PECA,5.863492802404835e-09,5.872466957157485e-09,-8.974154752650065e-12,8.974154752650065e-12
20230526_000000,26,PHNU,1.0272567124047782e-05,1.0290124009770807e-05,-1.7556885723024607e-08,1.7556885723024607e-08
20230526_000000,26,PIMA,3.129321237901883e-12,3.1432584399887498e-12,-1.3937202086866662e-14,1.3937202086866662e-14
20230526_000000,26,POEC,1.1879513373003192e-08,1.1858592330327156e-08,2.092104267603645e-11,2.092104267603645e-11
20230526_000000,26,PSFL,0.990734338760376,0.9907926321029663,-5.829334259033203e-05,5.829334259033203e-05
20230526_000000,26,SHOT,9.401898068972514e-07,9.4019037533144e-07,-5.684341886080801e-13,5.684341886080801e-13
20230526_000000,26,SITT,4.444841295025981e-07,4.4426235490391264e-07,2.2177459868544247e-10,2.2177459868544247e-10
20230526_000000,26,SPRU,5.595210694764319e-08,5.5900997608659964e-08,5.1109338983224006e-11,5.1109338983224006e-11
20230526_000000,26,STOC,3.4418093264321215e-07,3.4275367966074555e-07,1.427252982466598e-09,1.427252982466598e-09
20230526_000000,26,STOC_IRREG,4.1337074208058766e-08,4.119161545190764e-08,1.454587561511289e-10,1.454587561511289e-10
20230526_000000,26,STVA,1.8087592252413742e-05,1.7995311281993054e-05,9.228097042068839e-08,9.228097042068839e-08
20230526_000000,26,STVA_IRREG,0.0004115892224945128,0.00041056060581468046,1.0286166798323393e-06,1.0286166798323393e-06
20230526_000000,26,TADO1,1.413629491242574e-10,1.4172141238333325e-10,-3.584632590758474e-13,3.584632590758474e-13
20230526_000000,26,TADO2,4.102814443740499e-08,4.108678552938727e-08,-5.864109198228107e-11,5.864109198228107e-11
20230526_000000,26,TAMI,2.6801181274294095e-09,2.685208499997316e-09,-5.090372567906343e-12,5.090372567906343e-12
20230526_000000,26,TUMI,1.1299237030470977e-06,1.1307037084407057e-06,-7.800053936080076e-10,7.800053936080076e-10
20230526_000000,26,WHIS,3.345261845311143e-08,3.336995035851942e-08,8.266809459200886e-11,8.266809459200886e-11
20230526_000000,26,YARD,1.212866607147589e-07,1.2131508242418931e-07,-2.8421709430404007e-11,2.8421709430404007e-11
20230526_000000,26,ZEMA,3.1699498777015833e-06,3.1664287689636694e-06,3.5211087379138917e-09,3.5211087379138917e-09
20230526_000000,27,AEAC,2.8549998205562588e-06,2.83957479041419e-06,1.5425030142068863e-08,1.5425030142068863e-08
20230526_000000,27,BRCA,5.388650947679707e-08,5.378718270776517e-08,9.93267690319044e-11,9.93267690319044e-11
20230526_000000,27,BRMA,2.5267495402658824e-06,2.5394087970198598e-06,-1.2659256753977388e-08,1.2659256753977388e-08
20230526_000000,27,BUVI,0.01901158317923546,0.018881497904658318,0.0001300852745771408,0.0001300852745771408
20230526_000000,27,CAGU,0.10805095732212067,0.10773672163486481,0.0003142356872558594,0.0003142356872558594
20230526_000000,27,CALU,0.04207049310207367,0.04190506041049957,0.00016543269157409668,0.00016543269157409668
20230526_000000,27,CAUS,2.6586245439830236e-05,2.6674228138290346e-05,-8.798269846010953e-08,8.798269846010953e-08
20230526_000000,27,CCOO,0.0007681171991862357,0.0007690630154684186,-9.458162821829319e-07,9.458162821829319e-07
20230526_000000,27,CHFA,3.957557510148035e-06,3.969329100073082e-06,-1.177158992504701e-08,1.177158992504701e-08
20230526_000000,27,CHMI,0.020560743287205696,0.020627228543162346,-6.648525595664978e-05,6.648525595664978e-05
20230526_000000,27,CHMI_IRREG,0.0038531366735696793,0.003859378630295396,-6.241956725716591e-06,6.241956725716591e-06
20230526_000000,27,COAU,1.3234865946287755e-05,1.3226403098087758e-05,8.462848199997097e-09,8.462848199997097e-09
20230526_000000,27,COAU2,0.0010115716140717268,0.0010163382394239306,-4.766625352203846e-06,4.766625352203846e-06
20230526_000000,27,COCO,0.0007603124249726534,0.0007586142746731639,1.6981502994894981e-06,1.6981502994894981e-06
20230526_000000,27,CYST,8.997227996587753e-05,8.971295756055042e-05,2.593224053271115e-07,2.593224053271115e-07
20230526_000000,27,DEFU,0.0066176289692521095,0.006597844418138266,1.9784551113843918e-05,1.9784551113843918e-05
20230526_000000,27,DOG,6.380270497174934e-05,6.381471030181274e-05,-1.2005330063402653e-08,1.2005330063402653e-08
20230526_000000,27,DRPU,4.6234741035711124e-10,4.658040064775548e-10,-3.456596120443578e-12,3.456596120443578e-12
20230526_000000,27,DRUM,0.00039580557495355606,0.0003955713764298707,2.341985236853361e-07,2.341985236853361e-07
20230526_000000,27,FLY,0.0030343690887093544,0.0030305238906294107,3.845198079943657e-06,3.845198079943657e-06
20230526_000000,27,FROG,0.00012565696670208126,0.00012465952022466809,9.974464774131775e-07,9.974464774131775e-07
20230526_000000,27,GLGN,3.711620593094267e-06,3.7073164094181266e-06,4.304183676140383e-09,4.304183676140383e-09
20230526_000000,27,HOSA,0.004742178600281477,0.00474022701382637,1.9515864551067352e-06,1.9515864551067352e-06
20230526_000000,27,HYPI,3.5875243611371843e-06,3.5665088944369927e-06,2.101546670019161e-08,2.101546670019161e-08
20230526_000000,27,INSP,8.430153684457764e-05,8.421140228165314e-05,9.013456292450428e-08,9.013456292450428e-08
20230526_000000,27,IXNA,0.0005431728786788881,0.0005437094368971884,-5.365582183003426e-07,5.365582183003426e-07
20230526_000000,27,MEKE,7.51690604374744e-05,7.44985300116241e-05,6.70530425850302e-07,6.70530425850302e-07
20230526_000000,27,MYTO,0.00012212808360345662,0.00012344817514531314,-1.3200915418565273e-06,1.3200915418565273e-06
20230526_000000,27,NUCO,1.529181403725488e-08,1.5328993185903528e-08,-3.717914864864724e-11,3.717914864864724e-11
20230526_000000,27,OCPR,0.0014526178129017353,0.0014590799110010266,-6.462098099291325e-06,6.462098099291325e-06
20230526_000000,27,ORPI,0.00011656888091238216,0.00011630120570771396,2.6767520466819406e-07,2.6767520466819406e-07
20230526_000000,27,PAFA,0.00011894477938767523,0.00011897624062839895,-3.1461240723729134e-08,3.1461240723729134e-08
20230526_000000,27,PECA,1.985059498110786e-05,1.983754373213742e-05,1.305124897044152e-08,1.305124897044152e-08
20230526_000000,27,PHNU,0.0001689822383923456,0.00016847814549691975,5.040928954258561e-07,5.040928954258561e-07
20230526_000000,27,PIMA,9.04373280263826e-07,9.163657637145661e-07,-1.199248345074011e-08,1.199248345074011e-08
20230526_000000,27,POEC,0.324373722076416,0.3248344957828522,-0.0004607737064361572,0.0004607737064361572
20230526_000000,27,PSFL,0.45243245363235474,0.4525301158428192,-9.766221046447754e-05,9.766221046447754e-05
20230526_000000,27,SHOT,0.002223676536232233,0.0022143637761473656,9.312760084867477e-06,9.312760084867477e-06
20230526_000000,27,SITT,0.002657423261553049,0.0026490790769457817,8.34418460726738e-06,8.34418460726738e-06
20230526_000000,27,SPRU,4.558834189083427e-05,4.5653923734789714e-05,-6.558184395544231e-08,6.558184395544231e-08
20230526_000000,27,STOC,3.751813437702367e-08,3.745779508790292e-08,6.033928912074771e-11,6.033928912074771e-11
20230526_000000,27,STOC_IRREG,1.3819214927934809e-07,1.383260155307653e-07,-1.3386625141720288e-10,1.3386625141720288e-10
20230526_000000,27,STVA,2.08117285183107e-06,2.0858867628703592e-06,-4.713911039289087e-09,4.713911039289087e-09
20230526_000000,27,STVA_IRREG,0.00013275981473270804,0.0001330823579337448,-3.2254320103675127e-07,3.2254320103675127e-07
20230526_000000,27,TADO1,1.3616707974506426e-06,1.3646131264977157e-06,-2.9423290470731445e-09,2.9423290470731445e-09
20230526_000000,27,TADO2,3.1220377422869205e-05,3.127322270302102e-05,-5.284528015181422e-08,5.284528015181422e-08
20230526_000000,27,TAMI,1.6913449485400633e-07,1.698932408089604e-07,-7.587459549540654e-10,7.587459549540654e-10
20230526_000000,27,TUMI,0.004124975297600031,0.004136826377362013,-1.1851079761981964e-05,1.1851079761981964e-05
20230526_000000,27,WHIS,4.8561517473899585e-08,4.8610743874633044e-08,-4.922640073345974e-11,4.922640073345974e-11
20230526_000000,27,YARD,2.105035491695162e-05,2.0999050320824608e-05,5.130459612701088e-08,5.130459612701088e-08
20230526_000000,27,ZEMA,3.782493149628863e-05,3.793686119024642e-05,-1.1192969395779073e-07,1.1192969395779073e-07
20230526_000000,28,AEAC,4.18711021410445e-09,4.215816140629158e-09,-2.8705926524708048e-11,2.8705926524708048e-11
20230526_000000,28,BRCA,2.4350744572056594e-15,2.4679744874264373e-15,-3.2900030220777907e-17,3.2900030220777907e-17
20230526_000000,28,BRMA,1.4167108134028927e-19,1.4432599506446064e-19,-2.654913724171369e-21,2.654913724171369e-21
20230526_000000,28,BUVI,0.09670322388410568,0.0963476300239563,0.00035559386014938354,0.00035559386014938354
20230526_000000,28,CAGU,1.1003343125537413e-08,1.1038136626950745e-08,-3.4793501413332706e-11,3.4793501413332706e-11
20230526_000000,28,CALU,3.62672217306681e-05,3.645782999228686e-05,-1.906082616187632e-07,1.906082616187632e-07
20230526_000000,28,CAUS,1.3449560983967625e-14,1.362044056371376e-14,-1.708795797461353e-16,1.708795797461353e-16
20230526_000000,28,CCOO,2.8703464775912783e-15,2.9176073161580425e-15,-4.726083856676413e-17,4.726083856676413e-17
20230526_000000,28,CHFA,2.8275281150746262e-15,2.8681696029168348e-15,-4.0641487842208585e-17,4.0641487842208585e-17
20230526_000000,28,CHMI,2.5638005496375627e-08,2.585083080930417e-08,-2.12825312928544e-10,2.12825312928544e-10
20230526_000000,28,CHMI_IRREG,8.360103720406187e-08,8.420904862305179e-08,-6.080114189899177e-10,6.080114189899177e-10
20230526_000000,28,COAU,3.8874119716444597e-14,3.9443332633263065e-14,-5.692129168184679e-16,5.692129168184679e-16
20230526_000000,28,COAU2,1.474804544980557e-12,1.496250822893841e-12,-2.1446277913284018e-14,2.1446277913284018e-14
20230526_000000,28,COCO,2.4103552487275692e-09,2.4257327257970474e-09,-1.5377477069478118e-11,1.5377477069478118e-11
20230526_000000,28,CYST,1.2254114389875781e-11,1.2385590816843539e-11,-1.3147642696775819e-13,1.3147642696775819e-13
20230526_000000,28,DEFU,1.7674559785518795e-05,1.770516792021226e-05,-3.060813469346613e-08,3.060813469346613e-08
20230526_000000,28,DOG,4.885340132432248e-09,4.919555873783565e-09,-3.4215741351317774e-11,3.4215741351317774e-11
20230526_000000,28,DRPU,7.805448723976912e-22,7.992474139306117e-22,-1.8702541532920452e-23,1.8702541532920452e-23
20230526_000000,28,DRUM,8.674225226990018e-10,8.748433644178988e-10,-7.420841718897009e-12,7.420841718897009e-12
20230526_000000,28,FLY,6.874267342027451e-07,6.918413646417321e-07,-4.414630438986933e-09,4.414630438986933e-09
20230526_000000,28,FROG,2.5063119579726845e-08,2.519431063774391e-08,-1.311910580170661e-10,1.311910580170661e-10
20230526_000000,28,GLGN,7.719718961296529e-12,7.798124992963729e-12,-7.840603166719973e-14,7.840603166719973e-14
20230526_000000,28,HOSA,8.328254352818476e-07,8.377294875572261e-07,-4.90405227537849e-09,4.90405227537849e-09
20230526_000000,28,HYPI,4.552479880158729e-14,4.63348706191552e-14,-8.100718175679117e-16,8.100718175679117e-16
20230526_000000,28,INSP,4.2074003658854053e-07,4.215474689317489e-07,-8.074323432083474e-10,8.074323432083474e-10
20230526_000000,28,IXNA,7.652987965567348e-11,7.698978260473055e-11,-4.599029490570672e-13,4.599029490570672e-13
20230526_000000,28,MEKE,9.882918448056444e-07,9.916665248965728e-07,-3.3746800909284502e-09,3.3746800909284502e-09
20230526_000000,28,MYTO,1.4827717060186678e-17,1.510011425334529e-17,-2.7239719315861244e-19,2.7239719315861244e-19
20230526_000000,28,NUCO,2.298569297782369e-24,2.3644435221033023e-24,-6.58742243209332e-26,6.58742243209332e-26
20230526_000000,28,OCPR,3.1161347373992454e-12,3.1490454775046084e-12,-3.291074010536299e-14,3.291074010536299e-14
20230526_000000,28,ORPI,6.96703198604931e-12,7.067118158038399e-12,-1.0008617198908887e-13,1.0008617198908887e-13
20230526_000000,28,PAFA,2.7627851117983937e-09,2.77865619402462e-09,-1.5871082226226463e-11,1.5871082226226463e-11
20230526_000000,28,PECA,4.993611589770158e-14,5.056400786897404e-14,-6.278919712724568e-16,6.278919712724568e-16
20230526_000000,28,PHNU,5.540946590443241e-10,5.6142257509606e-10,-7.327916051735883e-12,7.327916051735883e-12
20230526_000000,28,PIMA,1.2458385309924225e-20,1.2784958477582148e-20,-3.2657316765792278e-22,3.2657316765792278e-22
20230526_000000,28,POEC,5.880637088395702e-10,5.948336267991294e-10,-6.7699179595592796e-12,6.7699179595592796e-12
20230526_000000,28,PSFL,0.9032394886016846,0.9035947918891907,-0.0003553032875061035,0.0003553032875061035
20230526_000000,28,SHOT,1.1693867207895892e-08,1.1788285014802113e-08,-9.441780690622181e-11,9.441780690622181e-11
20230526_000000,28,SITT,1.687101902625443e-09,1.693595930163383e-09,-6.494027537939928e-12,6.494027537939928e-12
20230526_000000,28,SPRU,1.081254118358299e-12,1.0955662375564112e-12,-1.431211919811215e-14,1.431211919811215e-14
20230526_000000,28,STOC,5.055605933890206e-11,5.056437213379894e-11,-8.31279489688086e-15,8.31279489688086e-15
20230526_000000,28,STOC_IRREG,4.75889076409497e-13,4.774812815099005e-13,-1.5922051004035875e-15,1.5922051004035875e-15
20230526_000000,28,STVA,2.890839212454921e-08,2.9068637275031506e-08,-1.602451504822966e-10,1.602451504822966e-10
20230526_000000,28,STVA_IRREG,2.9831292636117723e-07,3.0041942977732106e-07,-2.1065034161438234e-09,2.1065034161438234e-09
20230526_000000,28,TADO1,2.1517335454289622e-16,2.2000153498647433e-16,-4.828180443578118e-18,4.828180443578118e-18
20230526_000000,28,TADO2,7.152763082350633e-13,7.236431506102425e-13,-8.366842375179262e-15,8.366842375179262e-15
20230526_000000,28,TAMI,1.6345313897174441e-16,1.6735302424469102e-16,-3.899885272946608e-18,3.899885272946608e-18
20230526_000000,28,TUMI,1.795109394464589e-09,1.8125463352447468e-09,-1.7436940780157784e-11,1.7436940780157784e-11
20230526_000000,28,WHIS,2.7419692493098335e-13,2.763660611124208e-13,-2.1691361814374366e-15,2.1691361814374366e-15
20230526_000000,28,YARD,1.3603404513951034e-10,1.3708351120911288e-10,-1.0494660696025448e-12,1.0494660696025448e-12
20230526_000000,28,ZEMA,4.3215866996071384e-10,4.370320494384572e-10,-4.873379477743356e-12,4.873379477743356e-12
20230526_000000,29,AEAC,1.0209197171207052e-05,1.018487000692403e-05,2.4327164283022285e-08,2.4327164283022285e-08
20230526_000000,29,BRCA,2.5987127116877673e-08,2.6322693358338256e-08,-3.355662414605831e-10,3.355662414605831e-10
20230526_000000,29,BRMA,8.2726429873059e-12,8.201186257883464e-12,7.145672942243664e-14,7.145672942243664e-14
20230526_000000,29,BUVI,0.13269518315792084,0.1303703933954239,0.0023247897624969482,0.0023247897624969482
20230526_000000,29,CAGU,1.0755731636891142e-05,1.0658475730451755e-05,9.725590643938631e-08,9.725590643938631e-08
20230526_000000,29,CALU,0.11521733552217484,0.11485107243061066,0.00036626309156417847,0.00036626309156417847
20230526_000000,29,CAUS,2.598921078345029e-08,2.5873703179968288e-08,1.1550760348200129e-10,1.1550760348200129e-10
20230526_000000,29,CCOO,3.513167090574143e-09,3.4802447590465135e-09,3.292233152762947e-11,3.292233152762947e-11
20230526_000000,29,CHFA,4.108577478234565e-09,4.116356144834299e-09,-7.778666599733697e-12,7.778666599733697e-12
20230526_000000,29,CHMI,1.7305803339695558e-05,1.7190615835716017e-05,1.1518750397954136e-07,1.1518750397954136e-07
20230526_000000,29,CHMI_IRREG,4.1679333662614226e-05,4.154208363615908e-05,1.3725002645514905e-07,1.3725002645514905e-07
20230526_000000,29,COAU,5.235525080138359e-08,5.237698985638417e-08,-2.1739055000580265e-11,2.1739055000580265e-11
20230526_000000,29,COAU2,3.856752357478399e-07,3.8780794398007856e-07,-2.132708232238656e-09,2.132708232238656e-09
20230526_000000,29,COCO,4.256636748323217e-05,4.255359453964047e-05,1.2772943591699004e-08,1.2772943591699004e-08
20230526_000000,29,CYST,8.596231282353983e-07,8.587859952058352e-07,8.371330295631196e-10,8.371330295631196e-10
20230526_000000,29,DEFU,0.0006125194486230612,0.0006092952680774033,3.224180545657873e-06,3.224180545657873e-06
20230526_000000,29,DOG,6.311940524028614e-05,6.33326344541274e-05,-2.1322921384125948e-07,2.1322921384125948e-07
20230526_000000,29,DRPU,3.6706811093294156e-13,3.6462908972571817e-13,2.4390212072233908e-15,2.4390212072233908e-15
20230526_000000,29,DRUM,2.0378116460051388e-05,2.0472813048399985e-05,-9.469658834859729e-08,9.469658834859729e-08
20230526_000000,29,FLY,0.0009629651322029531,0.0009614820592105389,1.483072992414236e-06,1.483072992414236e-06
20230526_000000,29,FROG,8.108170732157305e-05,8.058943785727024e-05,4.92269464302808e-07,4.92269464302808e-07
20230526_000000,29,GLGN,3.2609196409794095e-07,3.2611384881420236e-07,-2.1884716261411086e-11,2.1884716261411086e-11
20230526_000000,29,HOSA,0.001459578750655055,0.0014673174591735005,-7.738708518445492e-06,7.738708518445492e-06
20230526_000000,29,HYPI,3.362329792366836e-08,3.353681066187164e-08,8.64872617967194e-11,8.64872617967194e-11
20230526_000000,29,INSP,0.0002035648940363899,0.0002013175399042666,2.2473541321232915e-06,2.2473541321232915e-06
20230526_000000,29,IXNA,8.777672064752551e-07,8.7567224227314e-07,2.0949642021150794e-09,2.0949642021150794e-09
20230526_000000,29,MEKE,0.0008359781932085752,0.0008261827169917524,9.795476216822863e-06,9.795476216822863e-06
20230526_000000,29,MYTO,7.511528204995344e-11,7.481611163928648e-11,2.9917041066696015e-13,2.9917041066696015e-13
20230526_000000,29,NUCO,3.756967203701403e-14,3.8243696810725744e-14,-6.74024773711715e-16,6.74024773711715e-16
20230526_000000,29,OCPR,2.532394773879787e-07,2.540237744597107e-07,-7.842970717319986e-10,7.842970717319986e-10
20230526_000000,29,ORPI,2.2438503037847113e-06,2.2469539544545114e-06,-3.1036506698001176e-09,3.1036506698001176e-09
20230526_000000,29,PAFA,3.007362647622358e-05,3.026204831257928e-05,-1.884218363557011e-07,1.884218363557011e-07
20230526_000000,29,PECA,5.960824012163357e-08,5.961980065194439e-08,-1.156053031081683e-11,1.156053031081683e-11
20230526_000000,29,PHNU,1.4770752386539243e-05,1.4800029020989314e-05,-2.927663445007056e-08,2.927663445007056e-08
20230526_000000,29,PIMA,1.6035546154813396e-11,1.628855730850809e-11,-2.530111536946933e-13,2.530111536946933e-13
20230526_000000,29,POEC,1.4919224895493244e-06,1.489469127591292e-06,2.453361958032474e-09,2.453361958032474e-09
20230526_000000,29,PSFL,0.7447597980499268,0.747464656829834,-0.0027048587799072266,0.0027048587799072266
20230526_000000,29,SHOT,2.7770774977398105e-05,2.7874721126863733e-05,-1.0394614946562797e-07,1.0394614946562797e-07
20230526_000000,29,SITT,7.956028639455326e-06,7.870948138588574e-06,8.508050086675212e-08,8.508050086675212e-08
20230526_000000,29,SPRU,5.530932298825064e-07,5.564359639720351e-07,-3.342734089528676e-09,3.342734089528676e-09
20230526_000000,29,STOC,8.004767551028635e-06,7.89405657997122e-06,1.1071097105741501e-07,1.1071097105741501e-07
20230526_000000,29,STOC_IRREG,4.1253275639974163e-07,4.1214829593627655e-07,3.84460463465075e-10,3.84460463465075e-10
20230526_000000,29,STVA,0.0011321738129481673,0.0011186505435034633,1.3523269444704056e-05,1.3523269444704056e-05
20230526_000000,29,STVA_IRREG,0.0017094580689445138,0.0017185249598696828,-9.066890925168991e-06,9.066890925168991e-06
20230526_000000,29,TADO1,9.315644922125443e-10,9.357451480340728e-10,-4.1806558215284895e-12,4.1806558215284895e-12
20230526_000000,29,TADO2,9.89527734418516e-07,9.81104903985397e-07,8.422830433119088e-09,8.422830433119088e-09
20230526_000000,29,TAMI,1.022160311947573e-08,1.0386089321912095e-08,-1.644862024363647e-10,1.644862024363647e-10
20230526_000000,29,TUMI,1.094626077247085e-05,1.0956949154206086e-05,-1.0688381735235453e-08,1.0688381735235453e-08
20230526_000000,29,WHIS,7.883502348704496e-07,7.878754217927053e-07,4.748130777443293e-10,4.748130777443293e-10
20230526_000000,29,YARD,6.466021659434773e-06,6.485440280812327e-06,-1.941862137755379e-08,1.941862137755379e-08
20230526_000000,29,ZEMA,9.056197995960247e-06,9.045213118952233e-06,1.0984877008013427e-08,1.0984877008013427e-08
20230526_000000,3,AEAC,0.0001435274607501924,0.00014350454148370773,2.291926648467779e-08,2.291926648467779e-08
20230526_000000,3,BRCA,2.4677958663232857e-06,2.486123094058712e-06,-1.8327227735426277e-08,1.8327227735426277e-08
20230526_000000,3,BRMA,7.212162117520293e-11,7.238970534118039e-11,-2.6808416597745577e-13,2.6808416597745577e-13
20230526_000000,3,BUVI,0.011156757362186909,0.011036251671612263,0.000120505690574646,0.000120505690574646
20230526_000000,3,CAGU,0.00033465182059444487,0.00033208855893462896,2.5632616598159075e-06,2.5632616598159075e-06
20230526_000000,3,CALU,0.6833089590072632,0.6831541657447815,0.00015479326248168945,0.00015479326248168945
20230526_000000,3,CAUS,1.3347967353638523e-07,1.3372462603911117e-07,-2.4495250272593694e-10,2.4495250272593694e-10
20230526_000000,3,CCOO,3.106113126705168e-07,3.096148191161774e-07,9.96493554339395e-10,9.96493554339395e-10
20230526_000000,3,CHFA,7.632755938402624e-08,7.623608411222449e-08,9.14752718017553e-11,9.14752718017553e-11
20230526_000000,3,CHMI,0.0024283123202621937,0.0024164000060409307,1.1912314221262932e-05,1.1912314221262932e-05
20230526_000000,3,CHMI_IRREG,0.012888770550489426,0.012884793803095818,3.976747393608093e-06,3.976747393608093e-06
20230526_000000,3,COAU,1.127580375737125e-07,1.1281100853466342e-07,-5.297096095091547e-11,5.297096095091547e-11
20230526_000000,3,COAU2,6.852159003756242e-06,6.8616172939073294e-06,-9.458290151087567e-09,9.458290151087567e-09
20230526_000000,3,COCO,0.05875740572810173,0.05847351625561714,0.0002838894724845886,0.0002838894724845886
20230526_000000,3,CYST,2.146124415958184e-06,2.1509406451514224e-06,-4.8162291932385415e-09,4.8162291932385415e-09
20230526_000000,3,DEFU,0.03543122857809067,0.03554743528366089,-0.00011620670557022095,0.00011620670557022095
20230526_000000,3,DOG,0.0010551230516284704,0.0010593350743874907,-4.2120227590203285e-06,4.2120227590203285e-06
20230526_000000,3,DRPU,2.3129229434482035e-11,2.3109708591206868e-11,1.952084327516701e-14,1.952084327516701e-14
20230526_000000,3,DRUM,0.0016542193479835987,0.001665738644078374,-1.15192960947752e-05,1.15192960947752e-05
20230526_000000,3,FLY,0.0032246671617031097,0.0032226520124822855,2.0151492208242416e-06,2.0151492208242416e-06
20230526_000000,3,FROG,0.003398947650566697,0.003389778546988964,9.16910357773304e-06,9.16910357773304e-06
20230526_000000,3,GLGN,7.461525092367083e-05,7.457587344106287e-05,3.93774826079607e-08,3.93774826079607e-08
20230526_000000,3,HOSA,0.0321350023150444,0.03218395262956619,-4.895031452178955e-05,4.895031452178955e-05
20230526_000000,3,HYPI,2.887357481995423e-07,2.8720452860397927e-07,1.531219595563016e-09,1.531219595563016e-09
20230526_000000,3,INSP,0.006421946454793215,0.006405275780707598,1.6670674085617065e-05,1.6670674085617065e-05
20230526_000000,3,IXNA,4.5854052586946636e-05,4.5886841689934954e-05,-3.278910298831761e-08,3.278910298831761e-08
20230526_000000,3,MEKE,0.001636332250200212,0.0016277632676064968,8.568982593715191e-06,8.568982593715191e-06
20230526_000000,3,MYTO,3.5917839813492947e-09,3.6040905815326596e-09,-1.2306600183364935e-11,1.2306600183364935e-11
20230526_000000,3,NUCO,4.253108282226137e-12,4.327303272655403e-12,-7.419499042926603e-14,7.419499042926603e-14
20230526_000000,3,OCPR,4.957133114658063e-06,4.960738806403242e-06,-3.605691745178774e-09,3.605691745178774e-09
20230526_000000,3,ORPI,8.116493518173229e-06,8.153457201842684e-06,-3.696368366945535e-08,3.696368366945535e-08
20230526_000000,3,PAFA,6.893389218021184e-05,6.933102122275159e-05,-3.9712904253974557e-07,3.9712904253974557e-07
20230526_000000,3,PECA,1.4275126432039542e-06,1.4313358178696944e-06,-3.8231746657402255e-09,3.8231746657402255e-09
20230526_000000,3,PHNU,3.889568688464351e-05,3.9185477362480015e-05,-2.897904778365046e-07,2.897904778365046e-07
20230526_000000,3,PIMA,1.926624831893875e-10,1.9411473817232405e-10,-1.4522549829365516e-12,1.4522549829365516e-12
20230526_000000,3,POEC,0.00011117788380943239,0.0001103430477087386,8.348361006937921e-07,8.348361006937921e-07
20230526_000000,3,PSFL,0.091301329433918,0.09172249585390091,-0.00042116641998291016,0.00042116641998291016
20230526_000000,3,SHOT,0.05118359252810478,0.05118366703391075,-7.450580596923828e-08,7.450580596923828e-08
20230526_000000,3,SITT,2.926724664575886e-05,2.9338099921005778e-05,-7.08532752469182e-08,7.08532752469182e-08
20230526_000000,3,SPRU,5.924871402385179e-06,5.933955435466487e-06,-9.084033081308007e-09,9.084033081308007e-09
20230526_000000,3,STOC,0.00014885645941831172,0.0001468923728680238,1.9640865502879024e-06,1.9640865502879024e-06
20230526_000000,3,STOC_IRREG,1.482841071265284e-05,1.4796746654610615e-05,3.1664058042224497e-08,3.1664058042224497e-08
20230526_000000,3,STVA,5.5170414270833135e-05,5.526106906472705e-05,-9.06547938939184e-08,9.06547938939184e-08
20230526_000000,3,STVA_IRREG,0.0026250984519720078,0.002638826845213771,-1.3728393241763115e-05,1.3728393241763115e-05
20230526_000000,3,TADO1,2.0911338438622806e-08,2.106848562277719e-08,-1.5714718415438256e-10,1.5714718415438256e-10
20230526_000000,3,TADO2,5.40034989171545e-06,5.3957187446940225e-06,4.631147021427751e-09,4.631147021427751e-09
20230526_000000,3,TAMI,9.518588939272377e-08,9.566680603256827e-08,-4.809166398445086e-10,4.809166398445086e-10
20230526_000000,3,TUMI,8.820554648991674e-05,8.841074304655194e-05,-2.0519655663520098e-07,2.0519655663520098e-07
20230526_000000,3,WHIS,1.0296624168404378e-05,1.0267614015901927e-05,2.9010152502451092e-08,2.9010152502451092e-08
20230526_000000,3,YARD,0.00018779248057398945,0.00018770199676509947,9.048380888998508e-08,9.048380888998508e-08
20230526_000000,3,ZEMA,1.9180909021088155e-06,1.925492597365519e-06,-7.401695256703533e-09,7.401695256703533e-09
20230526_000000,30,AEAC,0.00019823973707389086,0.00019755415269173682,6.855843821540475e-07,6.855843821540475e-07
20230526_000000,30,BRCA,1.886318023025524e-05,1.8933509636553936e-05,-7.0329406298697e-08,7.0329406298697e-08
20230526_000000,30,BRMA,3.356103115947917e-05,3.326951991766691e-05,2.9151124181225896e-07,2.9151124181225896e-07
20230526_000000,30,BUVI,0.05138293653726578,0.051222752779722214,0.00016018375754356384,0.00016018375754356384
20230526_000000,30,CAGU,0.1344974786043167,0.13423773646354675,0.0002597421407699585,0.0002597421407699585
20230526_000000,30,CALU,0.20641234517097473,0.20880725979804993,-0.0023949146270751953,0.0023949146270751953
20230526_000000,30,CAUS,0.0010274029336869717,0.0010090786963701248,1.8324237316846848e-05,1.8324237316846848e-05
20230526_000000,30,CCOO,0.0006049457588233054,0.0006014443933963776,3.501365426927805e-06,3.501365426927805e-06
20230526_000000,30,CHFA,5.7186989579349756e-05,5.7027653383556753e-05,1.5933619579300284e-07,1.5933619579300284e-07
20230526_000000,30,CHMI,0.014747293666005135,0.014693742617964745,5.3551048040390015e-05,5.3551048040390015e-05
20230526_000000,30,CHMI_IRREG,0.006108459550887346,0.006041171960532665,6.728759035468102e-05,6.728759035468102e-05
20230526_000000,30,COAU,0.00012954221165273339,0.00012974304263480008,-2.0083098206669092e-07,2.0083098206669092e-07
20230526_000000,30,COAU2,0.0012296673376113176,0.0012322715483605862,-2.604210749268532e-06,2.604210749268532e-06
20230526_000000,30,COCO,0.006583934184163809,0.006634240038692951,-5.030585452914238e-05,5.030585452914238e-05
20230526_000000,30,CYST,0.0008274764404632151,0.0008246140205301344,2.8624199330806732e-06,2.8624199330806732e-06
20230526_000000,30,DEFU,0.018813297152519226,0.018928714096546173,-0.00011541694402694702,0.00011541694402694702
20230526_000000,30,DOG,0.002005238551646471,0.002012292854487896,-7.054302841424942e-06,7.054302841424942e-06
20230526_000000,30,DRPU,3.626853706251154e-09,3.6366705202794947e-09,-9.816814028340559e-12,9.816814028340559e-12
20230526_000000,30,DRUM,0.0016411105170845985,0.0016472608549520373,-6.150337867438793e-06,6.150337867438793e-06
20230526_000000,30,FLY,0.014659554697573185,0.014817344024777412,-0.00015778932720422745,0.00015778932720422745
20230526_000000,30,FROG,0.001942422823049128,0.0019412809051573277,1.1419178918004036e-06,1.1419178918004036e-06
20230526_000000,30,GLGN,8.88119830051437e-05,8.889555465430021e-05,-8.357164915651083e-08,8.357164915651083e-08
20230526_000000,30,HOSA,0.04744883254170418,0.04775840789079666,-0.0003095753490924835,0.0003095753490924835
20230526_000000,30,HYPI,3.719940286828205e-05,3.717583604156971e-05,2.3566826712340117e-08,2.3566826712340117e-08
20230526_000000,30,INSP,0.0032540131360292435,0.003242874052375555,1.113908365368843e-05,1.113908365368843e-05
20230526_000000,30,IXNA,0.0031380807049572468,0.003128766780719161,9.313924238085747e-06,9.313924238085747e-06
20230526_000000,30,MEKE,0.004133584443479776,0.004135411698371172,-1.8272548913955688e-06,1.8272548913955688e-06
20230526_000000,30,MYTO,0.000163704389706254,0.00016356103878933936,1.4335091691464186e-07,1.4335091691464186e-07
20230526_000000,30,NUCO,1.1014678591436677e-07,1.0871519862121204e-07,1.4315872931547347e-09,1.4315872931547347e-09
20230526_000000,30,OCPR,0.0014649569056928158,0.0014672308461740613,-2.2739404812455177e-06,2.2739404812455177e-06
20230526_000000,30,ORPI,0.0007472120923921466,0.0007489730487577617,-1.7609563656151295e-06,1.7609563656151295e-06
20230526_000000,30,PAFA,0.0032229621428996325,0.003224155865609646,-1.1937227100133896e-06,1.1937227100133896e-06
20230526_000000,30,PECA,9.972693806048483e-05,9.940830204868689e-05,3.1863601179793477e-07,3.1863601179793477e-07
20230526_000000,30,PHNU,0.0006725796847604215,0.0006645526736974716,8.027011062949896e-06,8.027011062949896e-06
20230526_000000,30,PIMA,1.8633461877470836e-05,1.8491369701223448e-05,1.4209217624738812e-07,1.4209217624738812e-07
20230526_000000,30,POEC,0.023590052500367165,0.023612629622220993,-2.257712185382843e-05,2.257712185382843e-05
20230526_000000,30,PSFL,0.40248438715934753,0.3999782204627991,0.002506166696548462,0.002506166696548462
20230526_000000,30,SHOT,0.0025725853629410267,0.0025768906343728304,-4.305271431803703e-06,4.305271431803703e-06
20230526_000000,30,SITT,0.017433680593967438,0.01748439110815525,-5.0710514187812805e-05,5.0710514187812805e-05
20230526_000000,30,SPRU,0.00028791168006137013,0.00028819829458370805,-2.866145223379135e-07,2.866145223379135e-07
20230526_000000,30,STOC,0.0003116751031484455,0.0003098888846579939,1.7862184904515743e-06,1.7862184904515743e-06
20230526_000000,30,STOC_IRREG,6.707147258566692e-05,6.670884613413364e-05,3.6262645153328776e-07,3.6262645153328776e-07
20230526_000000,30,STVA,0.005440761800855398,0.005426075775176287,1.468602567911148e-05,1.468602567911148e-05
20230526_000000,30,STVA_IRREG,0.012037037871778011,0.012047098949551582,-1.0061077773571014e-05,1.0061077773571014e-05
20230526_000000,30,TADO1,4.593655830831267e-06,4.58061185781844e-06,1.3043973012827337e-08,1.3043973012827337e-08
20230526_000000,30,TADO2,0.0005059294635429978,0.0005033462657593191,2.58319778367877e-06,2.58319778367877e-06
20230526_000000,30,TAMI,3.951113740185974e-06,3.9523738450952806e-06,-1.260104909306392e-09,1.260104909306392e-09
20230526_000000,30,TUMI,0.0056867836974561214,0.0056666056625545025,2.0178034901618958e-05,2.0178034901618958e-05
20230526_000000,30,WHIS,0.00016768948989920318,0.0001677429536357522,-5.3463736549019814e-08,5.3463736549019814e-08
20230526_000000,30,YARD,0.0007707370677962899,0.0007741214358247817,-3.3843680284917355e-06,3.3843680284917355e-06
20230526_000000,30,ZEMA,0.0012238351628184319,0.0012238193303346634,1.5832483768463135e-08,1.5832483768463135e-08
20230526_000000,31,AEAC,9.284094267059118e-05,9.262268577003852e-05,2.1825690055266023e-07,2.1825690055266023e-07
20230526_000000,31,BRCA,0.00024821379338391125,0.00024750985903665423,7.039343472570181e-07,7.039343472570181e-07
20230526_000000,31,BRMA,1.0737404299021591e-09,1.0661612703799506e-09,7.579159522208556e-12,7.579159522208556e-12
20230526_000000,31,BUVI,0.0038274526596069336,0.0038258873391896486,1.5653204172849655e-06,1.5653204172849655e-06
20230526_000000,31,CAGU,7.883953367127106e-05,7.87529643275775e-05,8.65693436935544e-08,8.65693436935544e-08
20230526_000000,31,CALU,0.0016890064580366015,0.0016851213295012712,3.8851285353302956e-06,3.8851285353302956e-06
20230526_000000,31,CAUS,1.2892010090581607e-06,1.2850645134676597e-06,4.136495590500999e-09,4.136495590500999e-09
20230526_000000,31,CCOO,1.03365464383387e-05,1.0323504284315277e-05,1.3042154023423791e-08,1.3042154023423791e-08
20230526_000000,31,CHFA,2.568845729911118e-06,2.558157575549558e-06,1.068815436156001e-08,1.068815436156001e-08
20230526_000000,31,CHMI,0.006877008359879255,0.006878234911710024,-1.2265518307685852e-06,1.2265518307685852e-06
20230526_000000,31,CHMI_IRREG,0.011407848447561264,0.011418999172747135,-1.1150725185871124e-05,1.1150725185871124e-05
20230526_000000,31,COAU,8.079320650722366e-06,8.056824299274012e-06,2.249635144835338e-08,2.249635144835338e-08
20230526_000000,31,COAU2,0.00026799485203810036,0.0002673457202035934,6.491318345069885e-07,6.491318345069885e-07
20230526_000000,31,COCO,0.004454117268323898,0.004430778324604034,2.333894371986389e-05,2.333894371986389e-05
20230526_000000,31,CYST,0.00031049340032041073,0.00031026281067170203,2.3058964870870113e-07,2.3058964870870113e-07
20230526_000000,31,DEFU,0.04393738508224487,0.043971214443445206,-3.382936120033264e-05,3.382936120033264e-05
20230526_000000,31,DOG,0.06443774700164795,0.06424370408058167,0.00019404292106628418,0.00019404292106628418
20230526_000000,31,DRPU,9.336709183571656e-09,9.253755983706924e-09,8.29531998647326e-11,8.29531998647326e-11
20230526_000000,31,DRUM,0.0030406671576201916,0.0030430054757744074,-2.3383181542158127e-06,2.3383181542158127e-06
20230526_000000,31,FLY,0.02012818492949009,0.02011841908097267,9.765848517417908e-06,9.765848517417908e-06
20230526_000000,31,FROG,0.0075631942600011826,0.007556418422609568,6.775837391614914e-06,6.775837391614914e-06
20230526_000000,31,GLGN,0.000189992570085451,0.00018964394985232502,3.4862023312598467e-07,3.4862023312598467e-07
20230526_000000,31,HOSA,0.3472476899623871,0.3469226658344269,0.0003250241279602051,0.0003250241279602051
20230526_000000,31,HYPI,3.673784885904752e-05,3.680567169794813e-05,-6.78228389006108e-08,6.78228389006108e-08
20230526_000000,31,INSP,0.005578957498073578,0.0055702971294522285,8.660368621349335e-06,8.660368621349335e-06
20230526_000000,31,IXNA,0.00021029879280831665,0.00021045432367827743,-1.555308699607849e-07,1.555308699607849e-07
20230526_000000,31,MEKE,0.011064623482525349,0.011057800613343716,6.822869181632996e-06,6.822869181632996e-06
20230526_000000,31,MYTO,5.750117715308534e-09,5.718945317312318e-09,3.1172397996215295e-11,3.1172397996215295e-11
20230526_000000,31,NUCO,5.6470078391157585e-08,5.623276422284107e-08,2.3731416831651586e-10,2.3731416831651586e-10
20230526_000000,31,OCPR,3.808302790275775e-05,3.787946479860693e-05,2.035631041508168e-07,2.035631041508168e-07
20230526_000000,31,ORPI,0.0012857360998168588,0.0012815044028684497,4.2316969484090805e-06,4.2316969484090805e-06
20230526_000000,31,PAFA,0.0004374701529741287,0.0004381879698485136,-7.178168743848801e-07,7.178168743848801e-07
20230526_000000,31,PECA,6.21238214080222e-05,6.202022632351145e-05,1.0359508451074362e-07,1.0359508451074362e-07
20230526_000000,31,PHNU,0.00015393875946756452,0.00015331858594436198,6.201735232025385e-07,6.201735232025385e-07
20230526_000000,31,PIMA,7.164662463310378e-08,7.140175739550614e-08,2.4486723759764573e-10,2.4486723759764573e-10
20230526_000000,31,POEC,4.0431448724120855e-05,4.0516835724702105e-05,-8.53870005812496e-08,8.53870005812496e-08
20230526_000000,31,PSFL,0.011888752691447735,0.011869425885379314,1.932680606842041e-05,1.932680606842041e-05
20230526_000000,31,SHOT,0.19199024140834808,0.19235560297966003,-0.0003653615713119507,0.0003653615713119507
20230526_000000,31,SITT,8.411045564571396e-05,8.380204235436395e-05,3.0841329135000706e-07,3.0841329135000706e-07
20230526_000000,31,SPRU,0.0002912362397182733,0.0002912995987571776,-6.335903890430927e-08,6.335903890430927e-08
20230526_000000,31,STOC,0.002090637106448412,0.0020891823805868626,1.4547258615493774e-06,1.4547258615493774e-06
20230526_000000,31,STOC_IRREG,0.002415655180811882,0.0024114155676215887,4.239613190293312e-06,4.239613190293312e-06
20230526_000000,31,STVA,0.15847241878509521,0.15865130722522736,-0.0001788884401321411,0.0001788884401321411
20230526_000000,31,STVA_IRREG,0.08831045776605606,0.08834277093410492,-3.231316804885864e-05,3.231316804885864e-05
20230526_000000,31,TADO1,1.205437547469046e-05,1.204272575705545e-05,1.1649717635009438e-08,1.1649717635009438e-08
20230526_000000,31,TADO2,3.168256807839498e-05,3.175281381118111e-05,-7.024573278613389e-08,7.024573278613389e-08
20230526_000000,31,TAMI,2.160191797884181e-06,2.1523405848711263e-06,7.851213013054803e-09,7.851213013054803e-09
20230526_000000,31,TUMI,0.0016955637838691473,0.0016919489717110991,3.614812158048153e-06,3.614812158048153e-06
20230526_000000,31,WHIS,0.00017088174354285002,0.00017024006228893995,6.416812539100647e-07,6.416812539100647e-07
20230526_000000,31,YARD,0.007395811378955841,0.0073873805813491344,8.43079760670662e-06,8.43079760670662e-06
20230526_000000,31,ZEMA,0.0004188829625491053,0.0004179735842626542,9.093782864511013e-07,9.093782864511013e-07
20230526_000000,32,AEAC,0.00015321506361942738,0.00015338709636125714,-1.7203274182975292e-07,1.7203274182975292e-07
20230526_000000,32,BRCA,2.1488658319412934e-07,2.132284748768143e-07,1.6581083173150546e-09,1.6581083173150546e-09
20230526_000000,32,BRMA,8.623522035344777e-12,8.382316542265844e-12,2.4120549307893313e-13,2.4120549307893313e-13
20230526_000000,32,BUVI,0.20870831608772278,0.20999398827552795,-0.0012856721878051758,0.0012856721878051758
20230526_000000,32,CAGU,3.8532467442564666e-05,3.8010744901839644e-05,5.217225407250226e-07,5.217225407250226e-07
20230526_000000,32,CALU,0.45467302203178406,0.45227137207984924,0.0024016499519348145,0.0024016499519348145
20230526_000000,32,CAUS,1.5076114578960187e-08,1.47859351429247e-08,2.90179436035487e-10,2.90179436035487e-10
20230526_000000,32,CCOO,1.0780329517956488e-07,1.0454011345473191e-07,3.2631817248329753e-09,3.2631817248329753e-09
20230526_000000,32,CHFA,2.0347117768437784e-08,2.0005559875357903e-08,3.4155789307988016e-10,3.4155789307988016e-10
20230526_000000,32,CHMI,0.00038762917392887175,0.00038416963070631027,3.4595432225614786e-06,3.4595432225614786e-06
20230526_000000,32,CHMI_IRREG,0.0007529171416535974,0.0007548393914476037,-1.9222497940063477e-06,1.9222497940063477e-06
20230526_000000,32,COAU,1.5429949939971266e-07,1.519840395758365e-07,2.3154598238761537e-09,2.3154598238761537e-09
20230526_000000,32,COAU2,6.483912784460699e-06,6.3725474319653586e-06,1.1136535249534063e-07,1.1136535249534063e-07
20230526_000000,32,COCO,0.0003699697263073176,0.00036596314748749137,4.006578819826245e-06,4.006578819826245e-06
20230526_000000,32,CYST,3.8719354051863775e-06,3.8094485717010684e-06,6.248683348530903e-08,6.248683348530903e-08
20230526_000000,32,DEFU,0.015275565907359123,0.015202515758574009,7.305014878511429e-05,7.305014878511429e-05
20230526_000000,32,DOG,0.00020042962569277734,0.00020025414414703846,1.7548154573887587e-07,1.7548154573887587e-07
20230526_000000,32,DRPU,7.904605247265051e-13,7.762047298312535e-13,1.4255794895251528e-14,1.4255794895251528e-14
20230526_000000,32,DRUM,0.0002583107561804354,0.0002560991561040282,2.211600076407194e-06,2.211600076407194e-06
20230526_000000,32,FLY,0.0063816155306994915,0.0063471863977611065,3.442913293838501e-05,3.442913293838501e-05
20230526_000000,32,FROG,0.0004776138812303543,0.0004751885135192424,2.425367711111903e-06,2.425367711111903e-06
20230526_000000,32,GLGN,3.204080940122367e-06,3.1909978588373633e-06,1.3083081285003573e-08,1.3083081285003573e-08
20230526_000000,32,HOSA,0.008764602243900299,0.008750158362090588,1.4443881809711456e-05,1.4443881809711456e-05
20230526_000000,32,HYPI,8.540138196622138e-07,8.422081236858503e-07,1.1805695976363495e-08,1.1805695976363495e-08
20230526_000000,32,INSP,0.0019151364685967565,0.0019088450353592634,6.291433237493038e-06,6.291433237493038e-06
20230526_000000,32,IXNA,5.999454060656717e-06,5.929317921982147e-06,7.013613867457025e-08,7.013613867457025e-08
20230526_000000,32,MEKE,0.008481918834149837,0.008459223434329033,2.2695399820804596e-05,2.2695399820804596e-05
20230526_000000,32,MYTO,1.167361901588393e-10,1.1287584755770297e-10,3.860342601136324e-12,3.860342601136324e-12
20230526_000000,32,NUCO,1.667694167440878e-13,1.6209115213244862e-13,4.678264611639171e-15,4.678264611639171e-15
20230526_000000,32,OCPR,9.374320484312193e-07,9.256430644200009e-07,1.1788984011218417e-08,1.1788984011218417e-08
20230526_000000,32,ORPI,1.0953092896670569e-05,1.0842363735719118e-05,1.1072916095145047e-07,1.1072916095145047e-07
20230526_000000,32,PAFA,4.903576700598933e-05,4.879610787611455e-05,2.396591298747808e-07,2.396591298747808e-07
20230526_000000,32,PECA,3.249809878980159e-07,3.210507486528513e-07,3.930239245164557e-09,3.930239245164557e-09
20230526_000000,32,PHNU,7.985974662005901e-06,7.982514034665655e-06,3.460627340245992e-09,3.460627340245992e-09
20230526_000000,32,PIMA,1.4861225097750896e-11,1.4502721072673364e-11,3.5850402507753287e-13,3.5850402507753287e-13
20230526_000000,32,POEC,9.505006164545193e-05,9.292579488828778e-05,2.1242667571641505e-06,2.1242667571641505e-06
20230526_000000,32,PSFL,0.28087934851646423,0.28218787908554077,-0.001308530569076538,0.001308530569076538
20230526_000000,32,SHOT,0.0027925404720008373,0.0027670685667544603,2.547190524637699e-05,2.547190524637699e-05
20230526_000000,32,SITT,1.5477611668757163e-05,1.5204204828478396e-05,2.7340684027876705e-07,2.7340684027876705e-07
20230526_000000,32,SPRU,2.479215709172422e-06,2.4447897430945886e-06,3.4425966077833436e-08,3.4425966077833436e-08
20230526_000000,32,STOC,9.69629854807863e-06,9.72977068158798e-06,-3.347213350934908e-08,3.347213350934908e-08
20230526_000000,32,STOC_IRREG,2.308323701072368e-06,2.314839321115869e-06,-6.515620043501258e-09,6.515620043501258e-09
20230526_000000,32,STVA,0.0040349229238927364,0.004032962955534458,1.9599683582782745e-06,1.9599683582782745e-06
20230526_000000,32,STVA_IRREG,0.005063050892204046,0.005063899327069521,-8.484348654747009e-07,8.484348654747009e-07
20230526_000000,32,TADO1,2.3390285264213162e-08,2.3073782884353022e-08,3.1650237986013963e-10,3.1650237986013963e-10
20230526_000000,32,TADO2,1.3556740441345028e-06,1.3333989272723556e-06,2.2275116862147115e-08,2.2275116862147115e-08
20230526_000000,32,TAMI,7.783733657618086e-09,7.674895385889613e-09,1.0883827172847305e-10,1.0883827172847305e-10
20230526_000000,32,TUMI,2.707113526412286e-05,2.666352884261869e-05,4.076064215041697e-07,4.076064215041697e-07
20230526_000000,32,WHIS,9.128165174843161e-07,9.108213134823018e-07,1.9952040020143613e-09,1.9952040020143613e-09
20230526_000000,32,YARD,0.0001318585273111239,0.00013104936806485057,8.091592462733388e-07,8.091592462733388e-07
20230526_000000,32,ZEMA,1.5038530364108738e-05,1.4880082744639367e-05,1.584476194693707e-07,1.584476194693707e-07
20230526_000000,33,AEAC,6.585947994608432e-05,6.586602103197947e-05,-6.5410858951509e-09,6.5410858951509e-09
20230526_000000,33,BRCA,7.632805250068486e-07,7.712887963862158e-07,-8.008271379367216e-09,8.008271379367216e-09
20230526_000000,33,BRMA,3.4261823933512403e-10,3.461116115932583e-10,-3.4933722581342863e-12,3.4933722581342863e-12
20230526_000000,33,BUVI,0.05710569769144058,0.05693072825670242,0.00017496943473815918,0.00017496943473815918
20230526_000000,33,CAGU,0.0019212046172469854,0.0019229480531066656,-1.7434358596801758e-06,1.7434358596801758e-06
20230526_000000,33,CALU,0.00026386661920696497,0.00026506822905503213,-1.2016098480671644e-06,1.2016098480671644e-06
20230526_000000,33,CAUS,5.699627763533499e-06,5.76144884689711e-06,-6.182108336361125e-08,6.182108336361125e-08
20230526_000000,33,CCOO,9.502827197138686e-06,9.52910977503052e-06,-2.628257789183408e-08,2.628257789183408e-08
20230526_000000,33,CHFA,2.646299662956153e-06,2.6779432573675876e-06,-3.1643594411434606e-08,3.1643594411434606e-08
20230526_000000,33,CHMI,0.013774408027529716,0.0137431425973773,3.126543015241623e-05,3.126543015241623e-05
20230526_000000,33,CHMI_IRREG,0.03334435448050499,0.0333474762737751,-3.121793270111084e-06,3.121793270111084e-06
20230526_000000,33,COAU,4.63011565443594e-06,4.653169980883831e-06,-2.305432644789107e-08,2.305432644789107e-08
20230526_000000,33,COAU2,0.0004433227295521647,0.00044531008461490273,-1.987355062738061e-06,1.987355062738061e-06
20230526_000000,33,COCO,0.0017400538781657815,0.0017458120128139853,-5.75813464820385e-06,5.75813464820385e-06
20230526_000000,33,CYST,0.00025441619800403714,0.00025503619690425694,-6.199989002197981e-07,6.199989002197981e-07
20230526_000000,33,DEFU,0.2628197968006134,0.2621764540672302,0.0006433427333831787,0.0006433427333831787
20230526_000000,33,DOG,0.0024171071127057076,0.002420216565951705,-3.109453245997429e-06,3.109453245997429e-06
20230526_000000,33,DRPU,6.238660976709554e-11,6.2692170899048e-11,-3.055611319524587e-13,3.055611319524587e-13
20230526_000000,33,DRUM,0.006615881808102131,0.006641776766628027,-2.5894958525896072e-05,2.5894958525896072e-05
20230526_000000,33,FLY,0.12731102108955383,0.1273348480463028,-2.3826956748962402e-05,2.3826956748962402e-05
20230526_000000,33,FROG,0.009123354218900204,0.009058601222932339,6.475299596786499e-05,6.475299596786499e-05
20230526_000000,33,GLGN,3.9434504287783056e-05,3.9578360883751884e-05,-1.438565959688276e-07,1.438565959688276e-07
20230526_000000,33,HOSA,0.06214509904384613,0.062358830124139786,-0.0002137310802936554,0.0002137310802936554
20230526_000000,33,HYPI,5.611755113932304e-06,5.634397439280292e-06,-2.2642325347987935e-08,2.2642325347987935e-08
20230526_000000,33,INSP,0.004785191733390093,0.00478123314678669,3.9585866034030914e-06,3.9585866034030914e-06
20230526_000000,33,IXNA,0.0016852784901857376,0.0016961089568212628,-1.0830466635525227e-05,1.0830466635525227e-05
20230526_000000,33,MEKE,0.017389964312314987,0.017326069995760918,6.389431655406952e-05,6.389431655406952e-05
20230526_000000,33,MYTO,1.463852328242865e-08,1.4740497711329681e-08,-1.0197442890103048e-10,1.0197442890103048e-10
20230526_000000,33,NUCO,1.8964017856060167e-11,1.921849485109206e-11,-2.544769950318937e-13,2.544769950318937e-13
20230526_000000,33,OCPR,2.270683580718469e-05,2.278675492561888e-05,-7.991911843419075e-08,7.991911843419075e-08
20230526_000000,33,ORPI,0.00025865441421046853,0.00025953559088520706,-8.811766747385263e-07,8.811766747385263e-07
20230526_000000,33,PAFA,0.0024939437862485647,0.0025198692455887794,-2.592545934021473e-05,2.592545934021473e-05
20230526_000000,33,PECA,4.8150934162549675e-05,4.839299799641594e-05,-2.420638338662684e-07,2.420638338662684e-07
20230526_000000,33,PHNU,9.546973160468042e-06,9.569434951117728e-06,-2.246179064968601e-08,2.246179064968601e-08
20230526_000000,33,PIMA,2.0959110003104797e-09,2.1222095192285906e-09,-2.6298518918110858e-11,2.6298518918110858e-11
20230526_000000,33,POEC,0.00031720392871648073,0.0003183568187523633,-1.1528900358825922e-06,1.1528900358825922e-06
20230526_000000,33,PSFL,0.06419709324836731,0.06422092020511627,-2.3826956748962402e-05,2.3826956748962402e-05
20230526_000000,33,SHOT,0.2814929485321045,0.2821296751499176,-0.0006367266178131104,0.0006367266178131104
20230526_000000,33,SITT,0.0005261931801214814,0.0005268279346637428,-6.347545422613621e-07,6.347545422613621e-07
20230526_000000,33,SPRU,0.00012153125135228038,0.0001225491869263351,-1.017935574054718e-06,1.017935574054718e-06
20230526_000000,33,STOC,5.5578908359166235e-05,5.567493644775823e-05,-9.602808859199286e-08,9.602808859199286e-08
20230526_000000,33,STOC_IRREG,1.7420132280676626e-05,1.7516824300400913e-05,-9.669201972428709e-08,9.669201972428709e-08
20230526_000000,33,STVA,0.005717383697628975,0.005714773666113615,2.6100315153598785e-06,2.6100315153598785e-06
20230526_000000,33,STVA_IRREG,0.03507295623421669,0.03504962474107742,2.3331493139266968e-05,2.3331493139266968e-05
20230526_000000,33,TADO1,8.501832553520217e-07,8.581729957768403e-07,-7.989740424818592e-09,7.989740424818592e-09
20230526_000000,33,TADO2,1.4810267202847172e-05,1.4821007425780408e-05,-1.074022293323651e-08,1.074022293323651e-08
20230526_000000,33,TAMI,3.5432867662166245e-07,3.562825270364556e-07,-1.9538504147931235e-09,1.9538504147931235e-09
20230526_000000,33,TUMI,0.0053278664126992226,0.005343642085790634,-1.577567309141159e-05,1.577567309141159e-05
20230526_000000,33,WHIS,1.4610267271564226e-06,1.4661636669188738e-06,-5.13693976245122e-09,5.13693976245122e-09
20230526_000000,33,YARD,0.0009735540952533484,0.0009829666232690215,-9.41252801567316e-06,9.41252801567316e-06
20230526_000000,33,ZEMA,5.564254752243869e-05,5.56610211788211e-05,-1.847365638241172e-08,1.847365638241172e-08
20230526_000000,34,AEAC,9.565144864609465e-06,9.462514753977302e-06,1.0263011063216254e-07,1.0263011063216254e-07
20230526_000000,34,BRCA,4.043550916321692e-07,4.03979470320337e-07,3.7562131183221936e-10,3.7562131183221936e-10
20230526_000000,34,BRMA,2.4246039842523714e-08,2.3790901693132582e-08,4.5513814939113217e-10,4.5513814939113217e-10
20230526_000000,34,BUVI,0.007455138023942709,0.0074371653608977795,1.7972663044929504e-05,1.7972663044929504e-05
20230526_000000,34,CAGU,0.0009402888244949281,0.0009319758391939104,8.312985301017761e-06,8.312985301017761e-06
20230526_000000,34,CALU,0.00022754207020625472,0.00022730427735950798,2.3779284674674273e-07,2.3779284674674273e-07
20230526_000000,34,CAUS,6.964772637729766e-06,6.940865205251612e-06,2.3907432478154078e-08,2.3907432478154078e-08
20230526_000000,34,CCOO,5.3411663429869805e-06,5.287402018439025e-06,5.3764324547955766e-08,5.3764324547955766e-08
20230526_000000,34,CHFA,8.044675610108243e-07,8.018185440050729e-07,2.649017005751375e-09,2.649017005751375e-09
20230526_000000,34,CHMI,0.00018315490160603076,0.00018179156177211553,1.3633398339152336e-06,1.3633398339152336e-06
20230526_000000,34,CHMI_IRREG,2.5017207008204423e-05,2.4881477656890638e-05,1.3572935131378472e-07,1.3572935131378472e-07
20230526_000000,34,COAU,1.835110424508457e-06,1.8309422102902317e-06,4.16821421822533e-09,4.16821421822533e-09
20230526_000000,34,COAU2,0.00016985730326268822,0.00016938098997343332,4.763132892549038e-07,4.763132892549038e-07
20230526_000000,34,COCO,0.0010660620173439384,0.0010650716722011566,9.903451427817345e-07,9.903451427817345e-07
20230526_000000,34,CYST,5.381130540627055e-05,5.374865577323362e-05,6.264963303692639e-08,6.264963303692639e-08
20230526_000000,34,DEFU,0.0006718569784425199,0.0006698477664031088,2.009212039411068e-06,2.009212039411068e-06
20230526_000000,34,DOG,0.00020979058172088116,0.00020955373474862427,2.3684697225689888e-07,2.3684697225689888e-07
20230526_000000,34,DRPU,1.4277868817802464e-11,1.4189601750536074e-11,8.826706726638989e-14,8.826706726638989e-14
20230526_000000,34,DRUM,8.647640788694844e-05,8.660793537274003e-05,-1.315274857915938e-07,1.315274857915938e-07
20230526_000000,34,FLY,0.0015788150485605001,0.0015741430688649416,4.671979695558548e-06,4.671979695558548e-06
20230526_000000,34,FROG,0.00018196353630628437,0.0001808365632314235,1.1269730748608708e-06,1.1269730748608708e-06
20230526_000000,34,GLGN,2.236915634057368e-06,2.2268638986133737e-06,1.0051735443994403e-08,1.0051735443994403e-08
20230526_000000,34,HOSA,0.0022800120059400797,0.002276642946526408,3.3690594136714935e-06,3.3690594136714935e-06
20230526_000000,34,HYPI,2.1812613226757094e-07,2.162185523957305e-07,1.9075798718404258e-09,1.9075798718404258e-09
20230526_000000,34,INSP,1.609108403499704e-05,1.600300493009854e-05,8.807910489849746e-08,8.807910489849746e-08
20230526_000000,34,IXNA,5.659272937919013e-05,5.639018854708411e-05,2.0254083210602403e-07,2.0254083210602403e-07
20230526_000000,34,MEKE,5.856160350958817e-05,5.815185795654543e-05,4.0974555304273963e-07,4.0974555304273963e-07
20230526_000000,34,MYTO,2.1293473764671944e-05,2.0991365090594627e-05,3.021086740773171e-07,3.021086740773171e-07
20230526_000000,34,NUCO,1.0452554100037759e-10,1.0394019672732568e-10,5.853442730519021e-13,5.853442730519021e-13
20230526_000000,34,OCPR,2.8662627300946042e-05,2.8295688025536947e-05,3.66939275409095e-07,3.66939275409095e-07
20230526_000000,34,ORPI,0.00018443973385728896,0.000184263291885145,1.7644197214394808e-07,1.7644197214394808e-07
20230526_000000,34,PAFA,9.127277007792145e-05,9.164656512439251e-05,-3.737950464710593e-07,3.737950464710593e-07
20230526_000000,34,PECA,1.486237579229055e-05,1.4729730537510477e-05,1.3264525478007272e-07,1.3264525478007272e-07
20230526_000000,34,PHNU,0.00019259838154539466,0.00019105467072222382,1.5437108231708407e-06,1.5437108231708407e-06
20230526_000000,34,PIMA,1.9369296921922796e-07,1.9265863215878198e-07,1.0343370604459778e-09,1.0343370604459778e-09
20230526_000000,34,POEC,0.0001259059936273843,0.0001250301575055346,8.758361218497157e-07,8.758361218497157e-07
20230526_000000,34,PSFL,0.9804737567901611,0.9805200695991516,-4.6312808990478516e-05,4.6312808990478516e-05
20230526_000000,34,SHOT,4.06678591389209e-05,4.0564496885053813e-05,1.0336225386708975e-07,1.0336225386708975e-07
20230526_000000,34,SITT,0.0004419005417730659,0.00044009278644807637,1.8077553249895573e-06,1.8077553249895573e-06
20230526_000000,34,SPRU,3.0378289011423476e-05,3.0413171771215275e-05,-3.488275979179889e-08,3.488275979179889e-08
20230526_000000,34,STOC,8.112256182357669e-07,8.05571119144588e-07,5.654499091178877e-09,5.654499091178877e-09
20230526_000000,34,STOC_IRREG,3.5577173207457236e-07,3.529241894284496e-07,2.847542646122747e-09,2.847542646122747e-09
20230526_000000,34,STVA,2.971558387798723e-05,2.9637683837790973e-05,7.790004019625485e-08,7.790004019625485e-08
20230526_000000,34,STVA_IRREG,0.0003637797781266272,0.000362594350008294,1.1854281183332205e-06,1.1854281183332205e-06
20230526_000000,34,TADO1,5.275658310210929e-08,5.289025395427416e-08,-1.3367085216486885e-10,1.3367085216486885e-10
20230526_000000,34,TADO2,0.00018430029740557075,0.0001837463496485725,5.53947756998241e-07,5.53947756998241e-07
20230526_000000,34,TAMI,2.318821543667582e-06,2.3107761535356985e-06,8.045390131883323e-09,8.045390131883323e-09
20230526_000000,34,TUMI,0.0023999232798814774,0.002402315381914377,-2.3921020328998566e-06,2.3921020328998566e-06
20230526_000000,34,WHIS,1.4076998411383101e-07,1.3936733012087643e-07,1.4026539929545834e-09,1.4026539929545834e-09
20230526_000000,34,YARD,3.1759072953718714e-06,3.1764720915816724e-06,-5.647962098009884e-10,5.647962098009884e-10
20230526_000000,34,ZEMA,8.094343502307311e-05,8.082591375568882e-05,1.175212673842907e-07,1.175212673842907e-07
20230526_000000,35,AEAC,0.0013455385342240334,0.0013390745734795928,6.4639607444405556e-06,6.4639607444405556e-06
20230526_000000,35,BRCA,1.7821656001615338e-05,1.78164555109106e-05,5.200490704737604e-09,5.200490704737604e-09
20230526_000000,35,BRMA,6.524823348286191e-09,6.503912075572771e-09,2.091127271341975e-11,2.091127271341975e-11
20230526_000000,35,BUVI,0.18255293369293213,0.18263943493366241,-8.650124073028564e-05,8.650124073028564e-05
20230526_000000,35,CAGU,0.0001023749791784212,0.00010178785305470228,5.871261237189174e-07,5.871261237189174e-07
20230526_000000,35,CALU,0.0018501878948882222,0.0018421848071739078,8.00308771431446e-06,8.00308771431446e-06
20230526_000000,35,CAUS,9.306700121669564e-07,9.278252832700673e-07,2.844728896889137e-09,2.844728896889137e-09
20230526_000000,35,CCOO,9.288593787459831e-07,9.22744334275194e-07,6.115044470789144e-09,6.115044470789144e-09
20230526_000000,35,CHFA,1.3987515785629512e-06,1.398596850776812e-06,1.5472778613911942e-10,1.5472778613911942e-10
20230526_000000,35,CHMI,0.002459499752148986,0.002449001418426633,1.0498333722352982e-05,1.0498333722352982e-05
20230526_000000,35,CHMI_IRREG,0.008663303218781948,0.008695730939507484,-3.2427720725536346e-05,3.2427720725536346e-05
20230526_000000,35,COAU,1.0265703167533502e-06,1.023541813083284e-06,3.0285036700661294e-09,3.0285036700661294e-09
20230526_000000,35,COAU2,6.176589522510767e-05,6.159766053315252e-05,1.6823469195514917e-07,1.6823469195514917e-07
20230526_000000,35,COCO,0.0019033928401768208,0.0018988449592143297,4.5478809624910355e-06,4.5478809624910355e-06
20230526_000000,35,CYST,3.529808600433171e-05,3.5157288948539644e-05,1.4079705579206347e-07,1.4079705579206347e-07
20230526_000000,35,DEFU,0.017626512795686722,0.01762511394917965,1.3988465070724487e-06,1.3988465070724487e-06
20230526_000000,35,DOG,0.00620297621935606,0.006220108363777399,-1.7132144421339035e-05,1.7132144421339035e-05
20230526_000000,35,DRPU,2.7651667622308196e-09,2.771519014288515e-09,-6.352252057695296e-12,6.352252057695296e-12
20230526_000000,35,DRUM,0.0027067428454756737,0.0027098669670522213,-3.1241215765476227e-06,3.1241215765476227e-06
20230526_000000,35,FLY,0.0068125491961836815,0.0067920139990746975,2.0535197108983994e-05,2.0535197108983994e-05
20230526_000000,35,FROG,0.0021805614233016968,0.002175724832341075,4.836590960621834e-06,4.836590960621834e-06
20230526_000000,35,GLGN,0.00011945880396524444,0.00011938319948967546,7.560447556897998e-08,7.560447556897998e-08
20230526_000000,35,HOSA,0.036991339176893234,0.037030547857284546,-3.9208680391311646e-05,3.9208680391311646e-05
20230526_000000,35,HYPI,2.1730422758992063e-06,2.1605053461826174e-06,1.253692971658893e-08,1.253692971658893e-08
20230526_000000,35,INSP,0.013729500584304333,0.0137843769043684,-5.487632006406784e-05,5.487632006406784e-05
20230526_000000,35,IXNA,8.282597264042124e-05,8.266231452580541e-05,1.636581146158278e-07,1.636581146158278e-07
20230526_000000,35,MEKE,0.019174426794052124,0.019166771322488785,7.655471563339233e-06,7.655471563339233e-06
20230526_000000,35,MYTO,3.7772956318349316e-08,3.734350073614223e-08,4.2945558220708335e-10,4.2945558220708335e-10
20230526_000000,35,NUCO,5.246441614481512e-10,5.210809006506167e-10,3.56326079753444e-12,3.56326079753444e-12
20230526_000000,35,OCPR,6.190825661178678e-05,6.169690459500998e-05,2.1135201677680016e-07,2.1135201677680016e-07
20230526_000000,35,ORPI,9.850903006736189e-05,9.831813804339617e-05,1.9089202396571636e-07,1.9089202396571636e-07
20230526_000000,35,PAFA,0.0009549844544380903,0.0009553265990689397,-3.421446308493614e-07,3.421446308493614e-07
20230526_000000,35,PECA,1.8997849110746756e-05,1.8950058802147396e-05,4.779030859936029e-08,4.779030859936029e-08
20230526_000000,35,PHNU,0.0006045523332431912,0.0006029704236425459,1.5819096006453037e-06,1.5819096006453037e-06
20230526_000000,35,PIMA,2.2649027542342992e-08,2.249374020379946e-08,1.552873385435305e-10,1.552873385435305e-10
20230526_000000,35,POEC,1.6832927940413356e-05,1.6733740267227404e-05,9.918767318595201e-08,9.918767318595201e-08
20230526_000000,35,PSFL,0.5780476331710815,0.5773182511329651,0.0007293820381164551,0.0007293820381164551
20230526_000000,35,SHOT,0.005638916045427322,0.005642587784677744,-3.671739250421524e-06,3.671739250421524e-06
20230526_000000,35,SITT,6.653463788097724e-05,6.613590085180476e-05,3.987370291724801e-07,3.987370291724801e-07
20230526_000000,35,SPRU,7.650921907043085e-05,7.65476725064218e-05,-3.8453435990959406e-08,3.8453435990959406e-08
20230526_000000,35,STOC,0.000611889932770282,0.0006142498459666967,-2.359913196414709e-06,2.359913196414709e-06
20230526_000000,35,STOC_IRREG,0.0001790292008081451,0.0001802862825570628,-1.2570817489176989e-06,1.2570817489176989e-06
20230526_000000,35,STVA,0.01380158495157957,0.013883515261113644,-8.193030953407288e-05,8.193030953407288e-05
20230526_000000,35,STVA_IRREG,0.09381381422281265,0.09428877383470535,-0.0004749596118927002,0.0004749596118927002
20230526_000000,35,TADO1,1.3369555063036387e-06,1.33605328755948e-06,9.022187441587448e-10,9.022187441587448e-10
20230526_000000,35,TADO2,1.3879413018003106e-05,1.3856083569407929e-05,2.3329448595177382e-08,2.3329448595177382e-08
20230526_000000,35,TAMI,1.7070429976229207e-06,1.7020265659084544e-06,5.016431714466307e-09,5.016431714466307e-09
20230526_000000,35,TUMI,0.00034136988688260317,0.0003404376329854131,9.32253897190094e-07,9.32253897190094e-07
20230526_000000,35,WHIS,7.34829663997516e-05,7.366623322013766e-05,-1.8326682038605213e-07,1.8326682038605213e-07
20230526_000000,35,YARD,0.0004583560221362859,0.00045839473023079336,-3.8708094507455826e-08,3.8708094507455826e-08
20230526_000000,35,ZEMA,0.0004925209796056151,0.0004925837274640799,-6.274785846471786e-08,6.274785846471786e-08
20230526_000000,36,AEAC,0.00013936954201199114,0.00013913422299083322,2.3531902115792036e-07,2.3531902115792036e-07
20230526_000000,36,BRCA,2.058271775240428e-06,2.100310894093127e-06,-4.2039118852699175e-08,4.2039118852699175e-08
20230526_000000,36,BRMA,1.1196103766319965e-10,1.1194854071527871e-10,1.2496947920936918e-14,1.2496947920936918e-14
20230526_000000,36,BUVI,0.006626916583627462,0.006532533094286919,9.438348934054375e-05,9.438348934054375e-05
20230526_000000,36,CAGU,2.142858829756733e-05,2.1075351469335146e-05,3.5323682823218405e-07,3.5323682823218405e-07
20230526_000000,36,CALU,0.00041049651918001473,0.0004148728621657938,-4.376342985779047e-06,4.376342985779047e-06
20230526_000000,36,CAUS,9.815677231017617e-07,9.783649375094683e-07,3.2027855922933668e-09,3.2027855922933668e-09
20230526_000000,36,CCOO,1.5564759792141558e-07,1.557730655576961e-07,-1.254676362805185e-10,1.254676362805185e-10
20230526_000000,36,CHFA,3.2128906468642526e-07,3.222369002742198e-07,-9.478355877945432e-10,9.478355877945432e-10
20230526_000000,36,CHMI,0.00016471183334942907,0.00016440219769719988,3.0963565222918987e-07,3.0963565222918987e-07
20230526_000000,36,CHMI_IRREG,3.2953175832517445e-05,3.312296394142322e-05,-1.6978810890577734e-07,1.6978810890577734e-07
20230526_000000,36,COAU,1.0963177601297502e-06,1.105644514609594e-06,-9.326754479843657e-09,9.326754479843657e-09
20230526_000000,36,COAU2,1.2208686712256167e-05,1.2323992450546939e-05,-1.1530573829077184e-07,1.1530573829077184e-07
20230526_000000,36,COCO,0.001977210398763418,0.0019746043253690004,2.6060733944177628e-06,2.6060733944177628e-06
20230526_000000,36,CYST,3.5510929592419416e-05,3.562621714081615e-05,-1.1528754839673638e-07,1.1528754839673638e-07
20230526_000000,36,DEFU,0.006809978745877743,0.006816754583269358,-6.775837391614914e-06,6.775837391614914e-06
20230526_000000,36,DOG,0.0004544557596091181,0.00045933015644550323,-4.874396836385131e-06,4.874396836385131e-06
20230526_000000,36,DRPU,4.5340696475104636e-11,4.631063935112145e-11,-9.69942876016816e-13,9.69942876016816e-13
20230526_000000,36,DRUM,0.0015404419973492622,0.001557377283461392,-1.6935286112129688e-05,1.6935286112129688e-05
20230526_000000,36,FLY,0.003728660987690091,0.0037354198284447193,-6.7588407546281815e-06,6.7588407546281815e-06
20230526_000000,36,FROG,0.0011889953166246414,0.0011962481075897813,-7.252790965139866e-06,7.252790965139866e-06
20230526_000000,36,GLGN,3.2683481549611315e-05,3.276736970292404e-05,-8.388815331272781e-08,8.388815331272781e-08
20230526_000000,36,HOSA,0.0029713278636336327,0.003010808490216732,-3.9480626583099365e-05,3.9480626583099365e-05
20230526_000000,36,HYPI,7.3712217272259295e-06,7.412204467982519e-06,-4.098274075658992e-08,4.098274075658992e-08
20230526_000000,36,INSP,0.003030648920685053,0.0030332969035953283,-2.6479829102754593e-06,2.6479829102754593e-06
20230526_000000,36,IXNA,5.329367922968231e-05,5.324555968400091e-05,4.811954568140209e-08,4.811954568140209e-08
20230526_000000,36,MEKE,0.02510417252779007,0.025045866146683693,5.830638110637665e-05,5.830638110637665e-05
20230526_000000,36,MYTO,1.2841097629667786e-10,1.2868593690651409e-10,-2.7496060983622783e-13,2.7496060983622783e-13
20230526_000000,36,NUCO,5.8705861352703614e-12,6.0210638558322316e-12,-1.5047772056187014e-13,1.5047772056187014e-13
20230526_000000,36,OCPR,3.431165964684624e-07,3.450252847869706e-07,-1.9086883185082115e-09,1.9086883185082115e-09
20230526_000000,36,ORPI,7.269003981491551e-05,7.313330570468679e-05,-4.4326588977128267e-07,4.4326588977128267e-07
20230526_000000,36,PAFA,0.00014109499170444906,0.00014232056855689734,-1.2255768524482846e-06,1.2255768524482846e-06
20230526_000000,36,PECA,6.488926828751573e-06,6.551473688887199e-06,-6.254686013562605e-08,6.254686013562605e-08
20230526_000000,36,PHNU,9.344736326966085e-07,9.396503628522623e-07,-5.176730155653786e-09,5.176730155653786e-09
20230526_000000,36,PIMA,9.639948839179624e-10,9.785845467291665e-10,-1.4589662811204107e-11,1.4589662811204107e-11
20230526_000000,36,POEC,1.8563431467555347e-06,1.8601087958813878e-06,-3.765649125853088e-09,3.765649125853088e-09
20230526_000000,36,PSFL,0.00023154355585575104,0.00023205261095426977,-5.090550985187292e-07,5.090550985187292e-07
20230526_000000,36,SHOT,0.00025533654843457043,0.00026029738364741206,-4.96083521284163e-06,4.96083521284163e-06
20230526_000000,36,SITT,9.39352685236372e-06,9.370200132252648e-06,2.3326720111072063e-08,2.3326720111072063e-08
20230526_000000,36,SPRU,0.00012507919745985419,0.00012621354835573584,-1.1343508958816528e-06,1.1343508958816528e-06
20230526_000000,36,STOC,0.00119334168266505,0.001188200549222529,5.141133442521095e-06,5.141133442521095e-06
20230526_000000,36,STOC_IRREG,6.634549208683893e-05,6.687144923489541e-05,-5.259571480564773e-07,5.259571480564773e-07
20230526_000000,36,STVA,0.8961124420166016,0.8957081437110901,0.0004042983055114746,0.0004042983055114746
20230526_000000,36,STVA_IRREG,0.04681284725666046,0.04727812111377716,-0.0004652738571166992,0.0004652738571166992
20230526_000000,36,TADO1,6.528145490847237e-07,6.614079097744252e-07,-8.593360689701512e-09,8.593360689701512e-09
20230526_000000,36,TADO2,1.433333909517387e-05,1.4461123100772966e-05,-1.2778400559909642e-07,1.2778400559909642e-07
20230526_000000,36,TAMI,2.7490850129652245e-07,2.791553583847417e-07,-4.246857088219258e-09,4.246857088219258e-09
20230526_000000,36,TUMI,6.130871770437807e-05,6.140373443486169e-05,-9.501673048362136e-08,9.501673048362136e-08
20230526_000000,36,WHIS,0.00024181997287087142,0.0002413987385807559,4.2123429011553526e-07,4.2123429011553526e-07
20230526_000000,36,YARD,0.00025715422816574574,0.0002590586373116821,-1.90440914593637e-06,1.90440914593637e-06
20230526_000000,36,ZEMA,4.727036866825074e-05,4.7446414100704715e-05,-1.7604543245397508e-07,1.7604543245397508e-07
20230526_000000,37,AEAC,2.5164081307593733e-05,2.5174920665449463e-05,-1.0839357855729759e-08,1.0839357855729759e-08
20230526_000000,37,BRCA,1.9779117792495526e-06,1.9797641925833886e-06,-1.8524133338360116e-09,1.8524133338360116e-09
20230526_000000,37,BRMA,4.412162979861023e-06,4.442078079591738e-06,-2.9915099730715156e-08,2.9915099730715156e-08
20230526_000000,37,BUVI,0.015613782219588757,0.015633363276720047,-1.9581057131290436e-05,1.9581057131290436e-05
20230526_000000,37,CAGU,0.1127106249332428,0.11272424459457397,-1.3619661331176758e-05,1.3619661331176758e-05
20230526_000000,37,CALU,0.4065813720226288,0.4063912630081177,0.0001901090145111084,0.0001901090145111084
20230526_000000,37,CAUS,0.0003432671946939081,0.0003456513222772628,-2.3841275833547115e-06,2.3841275833547115e-06
20230526_000000,37,CCOO,0.00023922651598695666,0.00023990013869479299,-6.736227078363299e-07,6.736227078363299e-07
20230526_000000,37,CHFA,7.738492968201172e-06,7.748355528747197e-06,-9.862560546025634e-09,9.862560546025634e-09
20230526_000000,37,CHMI,0.0033601082395762205,0.003364702221006155,-4.593981429934502e-06,4.593981429934502e-06
20230526_000000,37,CHMI_IRREG,0.00032786003430373967,0.000329183298163116,-1.3232638593763113e-06,1.3232638593763113e-06
20230526_000000,37,COAU,2.2427142539527267e-05,2.2405456547858194e-05,2.16859916690737e-08,2.16859916690737e-08
20230526_000000,37,COAU2,0.002109227469190955,0.002119716489687562,-1.0489020496606827e-05,1.0489020496606827e-05
20230526_000000,37,COCO,0.014409126713871956,0.014429569244384766,-2.0442530512809753e-05,2.0442530512809753e-05
20230526_000000,37,CYST,0.00015313882613554597,0.000153318076627329,-1.7925049178302288e-07,1.7925049178302288e-07
20230526_000000,37,DEFU,0.003883108962327242,0.0038926848210394382,-9.57585871219635e-06,9.57585871219635e-06
20230526_000000,37,DOG,0.0003972550912294537,0.00039775381446816027,-4.987232387065887e-07,4.987232387065887e-07
20230526_000000,37,DRPU,2.5008283638383588e-11,2.48935334151712e-11,1.147502232123898e-13,1.147502232123898e-13
20230526_000000,37,DRUM,0.0004471676074899733,0.0004468757542781532,2.918532118201256e-07,2.918532118201256e-07
20230526_000000,37,FLY,0.0016548791900277138,0.0016565317055210471,-1.6525154933333397e-06,1.6525154933333397e-06
20230526_000000,37,FROG,0.0010166025022044778,0.0010178914526477456,-1.2889504432678223e-06,1.2889504432678223e-06
20230526_000000,37,GLGN,2.7861431590281427e-05,2.7931760996580124e-05,-7.0329406298697e-08,7.0329406298697e-08
20230526_000000,37,HOSA,0.00866314209997654,0.008641165681183338,2.1976418793201447e-05,2.1976418793201447e-05
20230526_000000,37,HYPI,1.2917485037178267e-05,1.2864690688729752e-05,5.279434844851494e-08,5.279434844851494e-08
20230526_000000,37,INSP,0.0005073972861282527,0.0005067094461992383,6.878399290144444e-07,6.878399290144444e-07
20230526_000000,37,IXNA,0.0004935745964758098,0.000495134387165308,-1.5597906894981861e-06,1.5597906894981861e-06
20230526_000000,37,MEKE,0.00025641624233685434,0.00025627482682466507,1.4141551218926907e-07,1.4141551218926907e-07
20230526_000000,37,MYTO,0.0010227796155959368,0.001025987439788878,-3.207824192941189e-06,3.207824192941189e-06
20230526_000000,37,NUCO,6.8586278878512985e-09,6.809925956474672e-09,4.870193137662682e-11,4.870193137662682e-11
20230526_000000,37,OCPR,0.004436574410647154,0.004448736552149057,-1.2162141501903534e-05,1.2162141501903534e-05
20230526_000000,37,ORPI,0.00014855724293738604,0.00014889503654558212,-3.3779360819607973e-07,3.3779360819607973e-07
20230526_000000,37,PAFA,0.00012305132986512035,0.00012321463145781308,-1.633015926927328e-07,1.633015926927328e-07
20230526_000000,37,PECA,7.69009639043361e-05,7.708302291575819e-05,-1.8205901142209768e-07,1.8205901142209768e-07
20230526_000000,37,PHNU,0.00013986253179609776,0.00014025757263880223,-3.950408427044749e-07,3.950408427044749e-07
20230526_000000,37,PIMA,2.624891976665822e-06,2.6268992314726347e-06,-2.0072548068128526e-09,2.0072548068128526e-09
20230526_000000,37,POEC,0.05001175031065941,0.0499567948281765,5.4955482482910156e-05,5.4955482482910156e-05
20230526_000000,37,PSFL,0.3559577465057373,0.3560751676559448,-0.00011742115020751953,0.00011742115020751953
20230526_000000,37,SHOT,0.0004895696183666587,0.0004895232268609107,4.6391505748033524e-08,4.6391505748033524e-08
20230526_000000,37,SITT,0.0014527024468407035,0.0014467182336375117,5.984213203191757e-06,5.984213203191757e-06
20230526_000000,37,SPRU,0.00015076879935804754,0.0001514135510660708,-6.447517080232501e-07,6.447517080232501e-07
20230526_000000,37,STOC,6.273508461163146e-06,6.28506268185447e-06,-1.155422069132328e-08,1.155422069132328e-08
20230526_000000,37,STOC_IRREG,1.1216720849915873e-05,1.1260649444011506e-05,-4.3928594095632434e-08,4.3928594095632434e-08
20230526_000000,37,STVA,0.00011273672862444073,0.00011327887477818877,-5.421461537480354e-07,5.421461537480354e-07
20230526_000000,37,STVA_IRREG,0.0014310207916423678,0.0014341898495331407,-3.1690578907728195e-06,3.1690578907728195e-06
20230526_000000,37,TADO1,1.4740346898634016e-07,1.4753645416476502e-07,-1.3298517842486035e-10,1.3298517842486035e-10
20230526_000000,37,TADO2,0.0023627409245818853,0.0023719784803688526,-9.237555786967278e-06,9.237555786967278e-06
20230526_000000,37,TAMI,6.257924269448267e-06,6.32000273981248e-06,-6.207847036421299e-08,6.207847036421299e-08
20230526_000000,37,TUMI,0.008566603064537048,0.008605379611253738,-3.8776546716690063e-05,3.8776546716690063e-05
20230526_000000,37,WHIS,1.1915385584870819e-05,1.1976660971413366e-05,-6.12753865425475e-08,6.12753865425475e-08
20230526_000000,37,YARD,4.827217708225362e-05,4.822789196623489e-05,4.428511601872742e-08,4.428511601872742e-08
20230526_000000,37,ZEMA,0.00016005021461751312,0.00016008388774935156,-3.3673131838440895e-08,3.3673131838440895e-08
20230526_000000,38,AEAC,4.752391191686911e-07,4.7092868271647603e-07,4.310436452215072e-09,4.310436452215072e-09
20230526_000000,38,BRCA,7.295005571839042e-11,7.241204164065707e-11,5.380140777333509e-13,5.380140777333509e-13
20230526_000000,38,BRMA,1.2271335824996289e-15,1.208659370403539e-15,1.8474212096089918e-17,1.8474212096089918e-17
20230526_000000,38,BUVI,0.07075115293264389,0.0711788684129715,-0.0004277154803276062,0.0004277154803276062
20230526_000000,38,CAGU,1.7569014687524032e-07,1.7394643236912088e-07,1.7437145061194315e-09,1.7437145061194315e-09
20230526_000000,38,CALU,0.0008072650525718927,0.0007958230562508106,1.1441996321082115e-05,1.1441996321082115e-05
20230526_000000,38,CAUS,1.3677661434008392e-11,1.35586437910451e-11,1.1901764296329276e-13,1.1901764296329276e-13
20230526_000000,38,CCOO,2.001426585226951e-12,1.9754924692610976e-12,2.5934115965853266e-14,2.5934115965853266e-14
20230526_000000,38,CHFA,7.928836406878581e-12,7.910633086083418e-12,1.8203320795162625e-14,1.8203320795162625e-14
20230526_000000,38,CHMI,3.640644763436285e-07,3.621142923293519e-07,1.9501840142766014e-09,1.9501840142766014e-09
20230526_000000,38,CHMI_IRREG,2.390722784184618e-06,2.3847862848924706e-06,5.936499292147346e-09,5.936499292147346e-09
20230526_000000,38,COAU,3.6431763855704347e-11,3.5956120025826266e-11,4.756438298780807e-13,4.756438298780807e-13
20230526_000000,38,COAU2,5.102460121086949e-10,5.069506481270025e-10,3.2953639816923896e-12,3.2953639816923896e-12
20230526_000000,38,COCO,4.10550637752749e-06,4.0954400901682675e-06,1.006628735922277e-08,1.006628735922277e-08
20230526_000000,38,CYST,2.6766104888054087e-09,2.6606379321947315e-09,1.5972556610677202e-11,1.5972556610677202e-11
20230526_000000,38,DEFU,1.2879055248049553e-05,1.2860595234087668e-05,1.8460013961885124e-08,1.8460013961885124e-08
20230526_000000,38,DOG,1.4561746866093017e-06,1.4555261032001e-06,6.485834092018194e-10,6.485834092018194e-10
20230526_000000,38,DRPU,2.9870180133559473e-16,2.9661307102722483e-16,2.0887303083699012e-18,2.0887303083699012e-18
20230526_000000,38,DRUM,1.0424387397733881e-07,1.0408452055798989e-07,1.5935341934891767e-10,1.5935341934891767e-10
20230526_000000,38,FLY,8.274168976640794e-06,8.278943823825102e-06,-4.774847184307873e-09,4.774847184307873e-09
20230526_000000,38,FROG,2.7162614060216583e-06,2.6793647975864587e-06,3.6896608435199596e-08,3.6896608435199596e-08
20230526_000000,38,GLGN,2.0214985241295835e-09,2.0062336236748024e-09,1.5264900454781127e-11,1.5264900454781127e-11
20230526_000000,38,HOSA,3.488016591290943e-05,3.477855716482736e-05,1.0160874808207154e-07,1.0160874808207154e-07
20230526_000000,38,HYPI,1.7126040169346268e-11,1.678364738855187e-11,3.423927807943983e-13,3.423927807943983e-13
20230526_000000,38,INSP,7.0316386882041115e-06,7.03669593349332e-06,-5.0572452892083675e-09,5.0572452892083675e-09
20230526_000000,38,IXNA,1.3344640059642643e-08,1.3301413304134257e-08,4.3226755508385395e-11,4.3226755508385395e-11
20230526_000000,38,MEKE,4.966408141626744e-06,4.95104723086115e-06,1.536091076559387e-08,1.536091076559387e-08
20230526_000000,38,MYTO,5.894461198844734e-15,5.762716658844116e-15,1.3174454000061848e-16,1.3174454000061848e-16
20230526_000000,38,NUCO,1.0238138518660706e-18,9.971923880195469e-19,2.6621463846523797e-20,2.6621463846523797e-20
20230526_000000,38,OCPR,5.660515389749321e-10,5.60496038470859e-10,5.555500504073052e-12,5.555500504073052e-12
20230526_000000,38,ORPI,1.910641200808527e-09,1.8949515290245245e-09,1.5689671784002712e-11,1.5689671784002712e-11
20230526_000000,38,PAFA,2.0310272930146311e-07,2.040783613210806e-07,-9.756320196174784e-10,9.756320196174784e-10
20230526_000000,38,PECA,5.271400330131293e-11,5.231015967610553e-11,4.038436252074007e-13,4.038436252074007e-13
20230526_000000,38,PHNU,5.161118110663665e-07,5.106298317514302e-07,5.481979314936325e-09,5.481979314936325e-09
20230526_000000,38,PIMA,2.036675051563441e-15,2.0168860325749756e-15,1.9789018988465405e-17,1.9789018988465405e-17
20230526_000000,38,POEC,5.0370188020565365e-09,4.975222012149061e-09,6.179678990747561e-11,6.179678990747561e-11
20230526_000000,38,PSFL,0.9283478856086731,0.9279317855834961,0.00041610002517700195,0.00041610002517700195
20230526_000000,38,SHOT,3.2318772014150454e-07,3.2130230920301983e-07,1.8854109384847106e-09,1.8854109384847106e-09
20230526_000000,38,SITT,2.6975685685215467e-08,2.6795998309125935e-08,1.7968737608953234e-10,1.7968737608953234e-10
20230526_000000,38,SPRU,1.6752611520232108e-09,1.6726652285470323e-09,2.595923476178541e-12,2.595923476178541e-12
20230526_000000,38,STOC,6.357016246738567e-08,6.390971662995071e-08,-3.395541625650367e-10,3.395541625650367e-10
20230526_000000,38,STOC_IRREG,3.2467577515404855e-09,3.2609948075190687e-09,-1.4237055978583157e-11,1.4237055978583157e-11
20230526_000000,38,STVA,8.812835972094035e-07,8.876112360667321e-07,-6.327638857328566e-09,6.327638857328566e-09
20230526_000000,38,STVA_IRREG,1.1624676517385524e-05,1.1697025911416858e-05,-7.234939403133467e-08,7.234939403133467e-08
20230526_000000,38,TADO1,4.0927474625508664e-13,4.072174997378497e-13,2.0572465172369325e-15,2.0572465172369325e-15
20230526_000000,38,TADO2,1.5197176850278993e-09,1.504001700958213e-09,1.571598406968633e-11,1.571598406968633e-11
20230526_000000,38,TAMI,7.389417203129689e-12,7.334625094779224e-12,5.479210835046544e-14,5.479210835046544e-14
20230526_000000,38,TUMI,7.577273919423533e-08,7.503550847332008e-08,7.372307209152495e-10,7.372307209152495e-10
20230526_000000,38,WHIS,7.983961824997721e-10,7.983245176035325e-10,7.166489623955385e-14,7.166489623955385e-14
20230526_000000,38,YARD,7.827049230968441e-09,7.81550202333392e-09,1.1547207634521328e-11,1.1547207634521328e-11
20230526_000000,38,ZEMA,3.0482976143275664e-08,3.046699248443474e-08,1.5983658840923454e-11,1.5983658840923454e-11
20230526_000000,39,AEAC,1.489953820044132e-11,1.4816739848932947e-11,8.2798351508373e-14,8.2798351508373e-14
20230526_000000,39,BRCA,1.5132241534746544e-18,1.514934762981414e-18,-1.7106095067596612e-21,1.7106095067596612e-21
20230526_000000,39,BRMA,6.962124262325154e-24,6.878577581575007e-24,8.354668075014692e-26,8.354668075014692e-26
20230526_000000,39,BUVI,0.008373741991817951,0.008410847745835781,-3.7105754017829895e-05,3.7105754017829895e-05
20230526_000000,39,CAGU,3.69764427410324e-11,3.650952110079153e-11,4.669216402408694e-13,4.669216402408694e-13
20230526_000000,39,CALU,1.8059849171692122e-09,1.807143767962316e-09,-1.1588507931037384e-12,1.1588507931037384e-12
20230526_000000,39,CAUS,1.7426816152140573e-17,1.7236352853016563e-17,1.9046329912400994e-19,1.9046329912400994e-19
20230526_000000,39,CCOO,8.805031305306394e-20,8.717373424830501e-20,8.765788047589288e-22,8.765788047589288e-22
20230526_000000,39,CHFA,8.125236441828357e-19,8.073644153047659e-19,5.159228878069803e-21,5.159228878069803e-21
20230526_000000,39,CHMI,2.3016238220874286e-11,2.2941393576503266e-11,7.484464437101934e-14,7.484464437101934e-14
20230526_000000,39,CHMI_IRREG,1.491279599807882e-10,1.4913716095410479e-10,-9.200973316580985e-15,9.200973316580985e-15
20230526_000000,39,COAU,2.400405966120441e-18,2.36864388495963e-18,3.1762081160811157e-20,3.1762081160811157e-20
20230526_000000,39,COAU2,1.7599117211990878e-16,1.7564722380376433e-16,3.4394831614444933e-19,3.4394831614444933e-19
20230526_000000,39,COCO,8.969265434533025e-12,8.940475096363976e-12,2.879033816904908e-14,2.879033816904908e-14
20230526_000000,39,CYST,4.0652312923274495e-14,4.0356447702930356e-14,2.958652203441381e-16,2.958652203441381e-16
20230526_000000,39,DEFU,1.550568562436183e-08,1.551403805422069e-08,-8.352429858859978e-12,8.352429858859978e-12
20230526_000000,39,DOG,2.7190302093194063e-11,2.7197528951194982e-11,-7.226858000919378e-15,7.226858000919378e-15
20230526_000000,39,DRPU,9.683800708996526e-27,9.574128243127406e-27,1.0967246586912002e-28,1.0967246586912002e-28
20230526_000000,39,DRUM,3.880058167121669e-12,3.881223033935788e-12,-1.164866814118426e-15,1.164866814118426e-15
20230526_000000,39,FLY,3.402329085133715e-09,3.4079106203677156e-09,-5.581535234000512e-12,5.581535234000512e-12
20230526_000000,39,FROG,6.290792192720218e-11,6.25410417898209e-11,3.668801373812869e-13,3.668801373812869e-13
20230526_000000,39,GLGN,4.862037303391938e-15,4.843584267119529e-15,1.845303627240856e-17,1.845303627240856e-17
20230526_000000,39,HOSA,1.3644437801829667e-09,1.3633858486628014e-09,1.0579315201653117e-12,1.0579315201653117e-12
20230526_000000,39,HYPI,2.341117071932667e-19,2.322058313631562e-19,1.9058758301104603e-21,1.9058758301104603e-21
20230526_000000,39,INSP,9.736612627264662e-10,9.791484290033736e-10,-5.487166276907374e-12,5.487166276907374e-12
20230526_000000,39,IXNA,2.121837997188028e-13,2.107910742656094e-13,1.3927254531934108e-15,1.3927254531934108e-15
20230526_000000,39,MEKE,1.917637826309715e-09,1.9167651910123595e-09,8.72635297355373e-13,8.72635297355373e-13
20230526_000000,39,MYTO,5.942539686127816e-24,5.857670874500519e-24,8.486881162729733e-26,8.486881162729733e-26
20230526_000000,39,NUCO,4.6601918705016e-31,4.594320458465701e-31,6.587141203589869e-33,6.587141203589869e-33
20230526_000000,39,OCPR,5.442770609446893e-16,5.419424793233788e-16,2.334581621310462e-18,2.334581621310462e-18
20230526_000000,39,ORPI,4.588154705611417e-15,4.564207813643117e-15,2.3946891968299952e-17,2.3946891968299952e-17
20230526_000000,39,PAFA,1.8358329179762878e-12,1.8384727334258555e-12,-2.639815449567706e-15,2.639815449567706e-15
20230526_000000,39,PECA,1.0131678719463907e-17,1.010921662993003e-17,2.2462089533877467e-20,2.2462089533877467e-20
20230526_000000,39,PHNU,1.0400171002178382e-10,1.0351927648422077e-10,4.82433537563054e-13,4.82433537563054e-13
20230526_000000,39,PIMA,1.8341487390779394e-24,1.8191684677030187e-24,1.498027137492071e-26,1.498027137492071e-26
20230526_000000,39,POEC,2.653161035986849e-16,2.644563916270014e-16,8.597119716835131e-19,8.597119716835131e-19
20230526_000000,39,PSFL,0.9916262626647949,0.9915891289710999,3.713369369506836e-05,3.713369369506836e-05
20230526_000000,39,SHOT,4.053060106501763e-14,4.085599724203484e-14,-3.25396177017212e-16,3.25396177017212e-16
20230526_000000,39,SITT,1.3631800766314428e-12,1.3469500037902038e-12,1.6230072841239007e-14,1.6230072841239007e-14
20230526_000000,39,SPRU,2.676470588601899e-16,2.669273455528198e-16,7.197133073701383e-19,7.197133073701383e-19
20230526_000000,39,STOC,6.87117260333471e-14,6.903454045394108e-14,-3.228144205939809e-16,3.228144205939809e-16
20230526_000000,39,STOC_IRREG,4.3006941167468506e-16,4.3165246331354414e-16,-1.583051638859084e-18,1.583051638859084e-18
20230526_000000,39,STVA,1.9174832555091115e-10,1.9239138060456185e-10,-6.430550536506985e-13,6.430550536506985e-13
20230526_000000,39,STVA_IRREG,8.504861703784172e-09,8.540044227345334e-09,-3.518252356116136e-11,3.518252356116136e-11
20230526_000000,39,TADO1,1.803554880807358e-20,1.7944082342488248e-20,9.146646558533137e-23,9.146646558533137e-23
20230526_000000,39,TADO2,1.1346001034515433e-15,1.1287082481495608e-15,5.891855301982506e-18,5.891855301982506e-18
20230526_000000,39,TAMI,4.2286041600381905e-19,4.2120248756232136e-19,1.6579284414976903e-21,1.6579284414976903e-21
20230526_000000,39,TUMI,9.548134852210843e-12,9.47323990085902e-12,7.489495135182267e-14,7.489495135182267e-14
20230526_000000,39,WHIS,1.211124500977845e-16,1.2101971322494995e-16,9.273687283454504e-20,9.273687283454504e-20
20230526_000000,39,YARD,4.3508413789000613e-16,4.3666737481732243e-16,-1.5832369273162958e-18,1.5832369273162958e-18
20230526_000000,39,ZEMA,6.726747631136121e-12,6.726174738708179e-12,5.728924279413405e-16,5.728924279413405e-16
20230526_000000,4,AEAC,1.9818126020254567e-06,1.994991407627822e-06,-1.3178805602365173e-08,1.3178805602365173e-08
20230526_000000,4,BRCA,4.315497062634677e-05,4.32114684372209e-05,-5.64978108741343e-08,5.64978108741343e-08
20230526_000000,4,BRMA,6.017795840307372e-06,6.108924480940914e-06,-9.112864063354209e-08,9.112864063354209e-08
20230526_000000,4,BUVI,1.1233810255362187e-06,1.1356630693626357e-06,-1.2282043826417066e-08,1.2282043826417066e-08
20230526_000000,4,CAGU,0.00039695625309832394,0.0004011740966234356,-4.217843525111675e-06,4.217843525111675e-06
20230526_000000,4,CALU,0.3592737019062042,0.35774824023246765,0.0015254616737365723,0.0015254616737365723
20230526_000000,4,CAUS,0.00041922455420717597,0.0004206578596495092,-1.4333054423332214e-06,1.4333054423332214e-06
20230526_000000,4,CCOO,0.00017023370310198516,0.0001715117396088317,-1.2780365068465471e-06,1.2780365068465471e-06
20230526_000000,4,CHFA,5.9807476645801216e-05,6.031253724358976e-05,-5.050605977885425e-07,5.050605977885425e-07
20230526_000000,4,CHMI,0.00041054090252146125,0.0004130556189920753,-2.5147164706140757e-06,2.5147164706140757e-06
20230526_000000,4,CHMI_IRREG,3.081425575146568e-06,3.106887788817403e-06,-2.54622136708349e-08,2.54622136708349e-08
20230526_000000,4,COAU,9.354896610602736e-05,9.473376121604815e-05,-1.1847951100207865e-06,1.1847951100207865e-06
20230526_000000,4,COAU2,0.0012803321005776525,0.0012852338841184974,-4.901783540844917e-06,4.901783540844917e-06
20230526_000000,4,COCO,0.6141719222068787,0.6155551075935364,-0.0013831853866577148,0.0013831853866577148
20230526_000000,4,CYST,0.0017321223858743906,0.0017457647481933236,-1.364236231893301e-05,1.364236231893301e-05
20230526_000000,4,DEFU,0.00043985547381453216,0.00044129995512776077,-1.4444813132286072e-06,1.4444813132286072e-06
20230526_000000,4,DOG,0.00039901569834910333,0.000402019388275221,-3.0036899261176586e-06,3.0036899261176586e-06
20230526_000000,4,DRPU,3.040992524461217e-08,3.073146359611201e-08,-3.2153835149983934e-10,3.2153835149983934e-10
20230526_000000,4,DRUM,0.0013393295230343938,0.0013445052318274975,-5.175708793103695e-06,5.175708793103695e-06
20230526_000000,4,FLY,0.0004812331753782928,0.00048269660328514874,-1.4634279068559408e-06,1.4634279068559408e-06
20230526_000000,4,FROG,0.001321289106272161,0.0013226688606664538,-1.3797543942928314e-06,1.3797543942928314e-06
20230526_000000,4,GLGN,6.15886237937957e-05,6.182635843288153e-05,-2.3773463908582926e-07,2.3773463908582926e-07
20230526_000000,4,HOSA,0.0004983077524229884,0.0004996648640371859,-1.3571116141974926e-06,1.3571116141974926e-06
20230526_000000,4,HYPI,5.114607120049186e-06,5.156686711416114e-06,-4.207959136692807e-08,4.207959136692807e-08
20230526_000000,4,INSP,5.121881940794992e-07,5.146951593815174e-07,-2.506965302018216e-09,2.506965302018216e-09
20230526_000000,4,IXNA,0.0009181663044728339,0.0009250463335774839,-6.880029104650021e-06,6.880029104650021e-06
20230526_000000,4,MEKE,1.09384372990462e-05,1.101835096051218e-05,-7.991366146598011e-08,7.991366146598011e-08
20230526_000000,4,MYTO,6.43819585093297e-05,6.524382479256019e-05,-8.618662832304835e-07,8.618662832304835e-07
20230526_000000,4,NUCO,9.576271622790955e-06,9.62160174822202e-06,-4.5330125431064516e-08,4.5330125431064516e-08
20230526_000000,4,OCPR,0.0001273085072170943,0.00012779957614839077,-4.910689312964678e-07,4.910689312964678e-07
20230526_000000,4,ORPI,0.0002246073418064043,0.0002259464090457186,-1.3390672393143177e-06,1.3390672393143177e-06
20230526_000000,4,PAFA,5.271280315355398e-05,5.3018575272290036e-05,-3.057721187360585e-07,3.057721187360585e-07
20230526_000000,4,PECA,0.0004067051922902465,0.000407524494221434,-8.193019311875105e-07,8.193019311875105e-07
20230526_000000,4,PHNU,9.459781153964286e-07,9.462414709560107e-07,-2.6335555958212353e-10,2.6335555958212353e-10
20230526_000000,4,PIMA,0.0003975093422923237,0.00039909096085466444,-1.5816185623407364e-06,1.5816185623407364e-06
20230526_000000,4,POEC,0.0012035828549414873,0.001207765657454729,-4.182802513241768e-06,4.182802513241768e-06
20230526_000000,4,PSFL,3.648463916761102e-06,3.6716194244945655e-06,-2.315550773346331e-08,2.315550773346331e-08
20230526_000000,4,SHOT,0.003321722149848938,0.003334167879074812,-1.2445729225873947e-05,1.2445729225873947e-05
20230526_000000,4,SITT,0.0002990374050568789,0.0003011584631167352,-2.1210580598562956e-06,2.1210580598562956e-06
20230526_000000,4,SPRU,0.0018814359791576862,0.0018929911311715841,-1.1555152013897896e-05,1.1555152013897896e-05
20230526_000000,4,STOC,9.939121525803785e-08,1.0057890875714293e-07,-1.1876934991050803e-09,1.1876934991050803e-09
20230526_000000,4,STOC_IRREG,6.736867817380698e-06,6.793662123527611e-06,-5.679430614691228e-08,5.679430614691228e-08
20230526_000000,4,STVA,3.993449354311451e-06,4.022820576210506e-06,-2.9371221899054945e-08,2.9371221899054945e-08
20230526_000000,4,STVA_IRREG,1.0268784535583109e-05,1.0320985893486068e-05,-5.220135790295899e-08,5.220135790295899e-08
20230526_000000,4,TADO1,5.6638244132045656e-05,5.6950269936351106e-05,-3.1202580430544913e-07,3.1202580430544913e-07
20230526_000000,4,TADO2,0.0004755933186970651,0.00047700139111839235,-1.4080724213272333e-06,1.4080724213272333e-06
20230526_000000,4,TAMI,6.0983526054769754e-05,6.143344944575801e-05,-4.499233909882605e-07,4.499233909882605e-07
20230526_000000,4,TUMI,0.007843553088605404,0.007896732538938522,-5.317945033311844e-05,5.317945033311844e-05
20230526_000000,4,WHIS,3.7329530755414453e-07,3.7410353570521693e-07,-8.082281510723988e-10,8.082281510723988e-10
20230526_000000,4,YARD,9.1090123532922e-06,9.143806892097928e-06,-3.4794538805726916e-08,3.4794538805726916e-08
20230526_000000,4,ZEMA,3.904371226326475e-07,3.933773484732228e-07,-2.9402258405752946e-09,2.9402258405752946e-09
20230526_000000,40,AEAC,1.2596885312632367e-08,1.2473730492956747e-08,1.2315481967561936e-10,1.2315481967561936e-10
20230526_000000,40,BRCA,2.3233238249931176e-13,2.323793555584347e-13,-4.697305912293448e-17,4.697305912293448e-17
20230526_000000,40,BRMA,1.039234731871713e-17,1.0467246868822581e-17,-7.489955010545155e-20,7.489955010545155e-20
20230526_000000,40,BUVI,0.004937080666422844,0.004866724368184805,7.035629823803902e-05,7.035629823803902e-05
20230526_000000,40,CAGU,2.300110679698264e-08,2.2899550700117288e-08,1.0155609686535172e-10,1.0155609686535172e-10
20230526_000000,40,CALU,2.9073238039245552e-08,2.8796911522022128e-08,2.7632651722342416e-10,2.7632651722342416e-10
20230526_000000,40,CAUS,5.464689031148273e-13,5.491081764633088e-13,-2.6392733484814634e-15,2.6392733484814634e-15
20230526_000000,40,CCOO,1.1386597841369674e-14,1.1302709392339502e-14,8.38884490301714e-17,8.38884490301714e-17
20230526_000000,40,CHFA,6.795556955693782e-14,6.831047636183737e-14,-3.5490680489955184e-16,3.5490680489955184e-16
20230526_000000,40,CHMI,6.483071413043717e-09,6.468559021755027e-09,1.4512391288690196e-11,1.4512391288690196e-11
20230526_000000,40,CHMI_IRREG,2.5629505628899096e-08,2.5747985077373414e-08,-1.184794484743179e-10,1.184794484743179e-10
20230526_000000,40,COAU,2.914610555942304e-14,2.9150499966353396e-14,-4.39440693035531e-18,4.39440693035531e-18
20230526_000000,40,COAU2,1.637324715912658e-12,1.6391935551973713e-12,-1.868839284713264e-15,1.868839284713264e-15
20230526_000000,40,COCO,6.0196954088098664e-09,5.992728979720141e-09,2.6966429089725352e-11,2.6966429089725352e-11
20230526_000000,40,CYST,8.675878071517928e-11,8.670718310010983e-11,5.159761506945415e-14,5.159761506945415e-14
20230526_000000,40,DEFU,8.818171295388311e-07,8.759441811889701e-07,5.8729483498609625e-09,5.8729483498609625e-09
20230526_000000,40,DOG,1.8174734606191123e-08,1.8177161109633744e-08,-2.426503442620742e-12,2.426503442620742e-12
20230526_000000,40,DRPU,2.8699296308817254e-20,2.874394467484951e-20,-4.464836603225678e-23,4.464836603225678e-23
20230526_000000,40,DRUM,2.002994436978156e-09,2.0004751188906766e-09,2.5193180874794052e-12,2.5193180874794052e-12
20230526_000000,40,FLY,2.0835737757352035e-07,2.0661946109612472e-07,1.737916477395629e-09,1.737916477395629e-09
20230526_000000,40,FROG,2.086213157781458e-08,2.054962955355677e-08,3.1250202425781026e-10,3.1250202425781026e-10
20230526_000000,40,GLGN,7.271816482301574e-11,7.250641753664411e-11,2.1174728637163298e-13,2.1174728637163298e-13
20230526_000000,40,HOSA,2.8983942002014373e-07,2.895717443607282e-07,2.6767565941554494e-10,2.6767565941554494e-10
20230526_000000,40,HYPI,1.0566091424924536e-14,1.0484806755174225e-14,8.128466975031168e-17,8.128466975031168e-17
20230526_000000,40,INSP,2.151173532638495e-07,2.137635561894058e-07,1.3537970744437189e-09,1.3537970744437189e-09
20230526_000000,40,IXNA,3.369317047585696e-10,3.383711089099961e-10,-1.4394041514265155e-12,1.4394041514265155e-12
20230526_000000,40,MEKE,2.002179257942771e-07,1.9771462689277541e-07,2.5032989015016938e-09,2.5032989015016938e-09
20230526_000000,40,MYTO,7.665058392874668e-18,7.69839211719933e-18,-3.333372432466191e-20,3.333372432466191e-20
20230526_000000,40,NUCO,1.0208241291149296e-22,1.0422435959578526e-22,-2.1419466842923e-24,2.1419466842923e-24
20230526_000000,40,OCPR,8.756787829578005e-12,8.761566992754322e-12,-4.7791631763161035e-15,4.7791631763161035e-15
20230526_000000,40,ORPI,3.999260991816023e-11,3.981209112380313e-11,1.805187943570985e-13,1.805187943570985e-13
20230526_000000,40,PAFA,9.550535917668412e-10,9.617442398024423e-10,-6.690648035601043e-12,6.690648035601043e-12
20230526_000000,40,PECA,3.871462070197118e-13,3.879726672307432e-13,-8.264602110313879e-16,8.264602110313879e-16
20230526_000000,40,PHNU,1.1058644844297305e-07,1.1055862358944069e-07,2.7824853532365523e-11,2.7824853532365523e-11
20230526_000000,40,PIMA,9.795049297379327e-18,9.980337754591205e-18,-1.852884572118782e-19,1.852884572118782e-19
20230526_000000,40,POEC,2.2752390249625165e-12,2.2750397486032137e-12,1.9927635930283571e-16,1.9927635930283571e-16
20230526_000000,40,PSFL,0.9950600266456604,0.9951304197311401,-7.039308547973633e-05,7.039308547973633e-05
20230526_000000,40,SHOT,1.143751274246263e-10,1.1473499927916464e-10,-3.598718545383406e-13,3.598718545383406e-13
20230526_000000,40,SITT,8.515771976469466e-10,8.455161015774593e-10,6.061096069487348e-12,6.061096069487348e-12
20230526_000000,40,SPRU,2.8618238421401765e-12,2.8698373972374513e-12,-8.01355509727486e-15,8.01355509727486e-15
20230526_000000,40,STOC,7.642944055419321e-10,7.621647202249449e-10,2.1296853169872065e-12,2.1296853169872065e-12
20230526_000000,40,STOC_IRREG,3.266697242571004e-12,3.2932608463182023e-12,-2.656360374719835e-14,2.656360374719835e-14
20230526_000000,40,STVA,2.6084952864380284e-08,2.5989704610651643e-08,9.524825372864143e-11,9.524825372864143e-11
20230526_000000,40,STVA_IRREG,7.720307166891871e-07,7.764758720441023e-07,-4.445155354915187e-09,4.445155354915187e-09
20230526_000000,40,TADO1,3.6522260740592515e-15,3.681032817562423e-15,-2.88067435031715e-17,2.88067435031715e-17
20230526_000000,40,TADO2,7.1612455548875076e-12,7.105490241327006e-12,5.575531356050156e-14,5.575531356050156e-14
20230526_000000,40,TAMI,1.0084509318103799e-13,1.0121566670732995e-13,-3.705735262919674e-16,3.705735262919674e-16
20230526_000000,40,TUMI,4.778248019476905e-09,4.786293583691759e-09,-8.045564214853584e-12,8.045564214853584e-12
20230526_000000,40,WHIS,4.057885971686659e-12,4.059922970728325e-12,-2.0369990416657657e-15,2.0369990416657657e-15
20230526_000000,40,YARD,6.976687456916597e-12,6.947448259048139e-12,2.923919786845808e-14,2.923919786845808e-14
20230526_000000,40,ZEMA,5.5336322191124054e-09,5.526691992940869e-09,6.9402261715367786e-12,6.9402261715367786e-12
20230526_000000,41,AEAC,8.167949872017743e-09,8.176066046416963e-09,-8.116174399219744e-12,8.116174399219744e-12
20230526_000000,41,BRCA,2.4387662503062672e-14,2.491285342354644e-14,-5.251909204837674e-16,5.251909204837674e-16
20230526_000000,41,BRMA,8.091714016926457e-18,8.219903850815024e-18,-1.281898338885678e-19,1.281898338885678e-19
20230526_000000,41,BUVI,0.31011176109313965,0.30651193857192993,0.003599822521209717,0.003599822521209717
20230526_000000,41,CAGU,3.899402045703937e-08,3.9148638109054446e-08,-1.546176520150766e-10,1.546176520150766e-10
20230526_000000,41,CALU,3.685848355416965e-07,3.7379001582849014e-07,-5.20518028679362e-09,5.20518028679362e-09
20230526_000000,41,CAUS,7.447903513542464e-13,7.521979458573191e-13,-7.407594503072712e-15,7.407594503072712e-15
20230526_000000,41,CCOO,1.1477937639236841e-14,1.1634358366573345e-14,-1.564207273365044e-16,1.564207273365044e-16
20230526_000000,41,CHFA,8.177453939689494e-14,8.286651394370445e-14,-1.0919745468095099e-15,1.0919745468095099e-15
20230526_000000,41,CHMI,1.2331106802321301e-08,1.2370417579177229e-08,-3.931077685592754e-11,3.931077685592754e-11
20230526_000000,41,CHMI_IRREG,3.9745064128737795e-08,4.001179476631478e-08,-2.66730637576984e-10,2.66730637576984e-10
20230526_000000,41,COAU,5.493056774415542e-14,5.562608682593666e-14,-6.955190817812401e-16,6.955190817812401e-16
20230526_000000,41,COAU2,2.332564263268777e-12,2.363098865892921e-12,-3.053460262414376e-14,3.053460262414376e-14
20230526_000000,41,COCO,1.4407425474871616e-08,1.4498554357089688e-08,-9.112888221807225e-11,9.112888221807225e-11
20230526_000000,41,CYST,2.7357049958709467e-10,2.754768357871029e-10,-1.9063362000082407e-12,1.9063362000082407e-12
20230526_000000,41,DEFU,7.154562354116933e-06,7.143493348849006e-06,1.1069005267927423e-08,1.1069005267927423e-08
20230526_000000,41,DOG,2.306048862976695e-08,2.329264425782185e-08,-2.3215562805489753e-10,2.3215562805489753e-10
20230526_000000,41,DRPU,7.010187670324985e-21,7.086772962820031e-21,-7.658529249504634e-23,7.658529249504634e-23
20230526_000000,41,DRUM,6.9747940756315074e-09,7.067270768601475e-09,-9.247669296996719e-11,9.247669296996719e-11
20230526_000000,41,FLY,2.625668685141136e-06,2.6313775833841646e-06,-5.7088982430286705e-09,5.7088982430286705e-09
20230526_000000,41,FROG,7.16538437472991e-08,7.20162134371094e-08,-3.623696898102935e-10,3.623696898102935e-10
20230526_000000,41,GLGN,8.555452353509185e-12,8.617255346787811e-12,-6.180299327862571e-14,6.180299327862571e-14
20230526_000000,41,HOSA,3.4068636978190625e-07,3.4374383517388196e-07,-3.057465391975711e-09,3.057465391975711e-09
20230526_000000,41,HYPI,1.5510081283545696e-14,1.5557984384844716e-14,-4.79031012990197e-17,4.79031012990197e-17
20230526_000000,41,INSP,3.878077677654801e-06,3.8689631765009835e-06,9.1145011538174e-09,9.1145011538174e-09
20230526_000000,41,IXNA,1.1084182460763259e-09,1.1186249704309148e-09,-1.0206724354588914e-11,1.0206724354588914e-11
20230526_000000,41,MEKE,3.367469389559119e-06,3.361765948284301e-06,5.703441274818033e-09,5.703441274818033e-09
20230526_000000,41,MYTO,1.5672814404807605e-17,1.5995006216480684e-17,-3.221918116730796e-19,3.221918116730796e-19
20230526_000000,41,NUCO,4.643193478502899e-24,4.7742812561366426e-24,-1.310877776337438e-25,1.310877776337438e-25
20230526_000000,41,OCPR,1.5749448186580528e-12,1.5925640797428975e-12,-1.7619261084844684e-14,1.7619261084844684e-14
20230526_000000,41,ORPI,4.6639934969672225e-11,4.7202117214872885e-11,-5.621822452006597e-13,5.621822452006597e-13
20230526_000000,41,PAFA,3.041181884100297e-08,3.081515842495719e-08,-4.0333958395422087e-10,4.0333958395422087e-10
20230526_000000,41,PECA,7.638062274675783e-13,7.736721419765447e-13,-9.865914508966345e-15,9.865914508966345e-15
20230526_000000,41,PHNU,5.154046078814645e-09,5.223030008494334e-09,-6.898392967968903e-11,6.898392967968903e-11
20230526_000000,41,PIMA,6.060872806352737e-19,6.188609138470472e-19,-1.277363321177356e-20,1.277363321177356e-20
20230526_000000,41,POEC,4.817304541382406e-12,4.881847096710468e-12,-6.454255532806208e-14,6.454255532806208e-14
20230526_000000,41,PSFL,0.6898574829101562,0.6934573650360107,-0.003599882125854492,0.003599882125854492
20230526_000000,41,SHOT,4.4769027374158554e-10,4.542113629657507e-10,-6.521089224165166e-12,6.521089224165166e-12
20230526_000000,41,SITT,1.162450757874467e-08,1.1690695522759142e-08,-6.618794401447303e-11,6.618794401447303e-11
20230526_000000,41,SPRU,1.1028329291451477e-11,1.1174273312208882e-11,-1.4594402075740476e-13,1.4594402075740476e-13
20230526_000000,41,STOC,3.1963585112038118e-09,3.1847455783662326e-09,1.1612932837579137e-11,1.1612932837579137e-11
20230526_000000,41,STOC_IRREG,1.756322171031499e-11,1.7674075744600337e-11,-1.108540342853459e-13,1.108540342853459e-13
20230526_000000,41,STVA,3.2061543606687337e-06,3.2029895464802394e-06,3.164814188494347e-09,3.164814188494347e-09
20230526_000000,41,STVA_IRREG,9.420050446351524e-06,9.511582902632654e-06,-9.153245628112927e-08,9.153245628112927e-08
20230526_000000,41,TADO1,1.6796222886920203e-15,1.7063026618602283e-15,-2.6680373168207986e-17,2.6680373168207986e-17
20230526_000000,41,TADO2,4.2995582788529774e-11,4.336337192101247e-11,-3.6778913248269873e-13,3.6778913248269873e-13
20230526_000000,41,TAMI,9.715815188515199e-15,9.921600996017684e-15,-2.0578580750248501e-16,2.0578580750248501e-16
20230526_000000,41,TUMI,7.709738625294449e-09,7.774206167709963e-09,-6.446754241551389e-11,6.446754241551389e-11
20230526_000000,41,WHIS,4.73277840529196e-12,4.757720259429554e-12,-2.4941854137594532e-14,2.4941854137594532e-14
20230526_000000,41,YARD,2.0277973744597944e-11,2.0457559257724967e-11,-1.7958551312702298e-13,1.7958551312702298e-13
20230526_000000,41,ZEMA,2.357652917339692e-08,2.3714209262948316e-08,-1.376800895513952e-10,1.376800895513952e-10
20230526_000000,42,AEAC,7.811240720911883e-08,7.711271621246851e-08,9.996909966503154e-10,9.996909966503154e-10
20230526_000000,42,BRCA,1.7338540603262231e-09,1.7000387764198877e-09,3.381528390633548e-11,3.381528390633548e-11
20230526_000000,42,BRMA,1.7170050270465254e-08,1.63362159355529e-08,8.338343349123534e-10,8.338343349123534e-10
20230526_000000,42,BUVI,0.008273436687886715,0.008194704540073872,7.873214781284332e-05,7.873214781284332e-05
20230526_000000,42,CAGU,0.01807183399796486,0.017361728474497795,0.0007101055234670639,0.0007101055234670639
20230526_000000,42,CALU,0.0005496350931935012,0.0005474795470945537,2.155546098947525e-06,2.155546098947525e-06
20230526_000000,42,CAUS,6.396652224793797e-06,6.1560003814520314e-06,2.406518433417659e-07,2.406518433417659e-07
20230526_000000,42,CCOO,9.596086783858482e-06,9.356954251416028e-06,2.3913253244245425e-07,2.3913253244245425e-07
20230526_000000,42,CHFA,1.3322978702490218e-06,1.2882429700766806e-06,4.405490017234115e-08,4.405490017234115e-08
20230526_000000,42,CHMI,0.0006547414814122021,0.0006469010259024799,7.840455509722233e-06,7.840455509722233e-06
20230526_000000,42,CHMI_IRREG,5.8291225286666304e-05,5.762846558354795e-05,6.627597031183541e-07,6.627597031183541e-07
20230526_000000,42,COAU,0.00012690213043242693,0.00012287050776649266,4.031622665934265e-06,4.031622665934265e-06
20230526_000000,42,COAU2,0.0001218082761624828,0.0001194292344735004,2.3790416889823973e-06,2.3790416889823973e-06
20230526_000000,42,COCO,1.72832533280598e-05,1.70716957654804e-05,2.1155756257940084e-07,2.1155756257940084e-07
20230526_000000,42,CYST,0.00010903670772677287,0.0001066812255885452,2.3554821382276714e-06,2.3554821382276714e-06
20230526_000000,42,DEFU,0.0005384061951190233,0.0005324806552380323,5.925539880990982e-06,5.925539880990982e-06
20230526_000000,42,DOG,1.6813346519484185e-05,1.6726306057535112e-05,8.704046194907278e-08,8.704046194907278e-08
20230526_000000,42,DRPU,1.696092745417932e-11,1.6318689455285806e-11,6.422379988935134e-13,6.422379988935134e-13
20230526_000000,42,DRUM,2.7666383175528608e-05,2.733802466536872e-05,3.2835851015988737e-07,3.2835851015988737e-07
20230526_000000,42,FLY,0.000226622010814026,0.0002244382194476202,2.183791366405785e-06,2.183791366405785e-06
20230526_000000,42,FROG,1.251810317626223e-05,1.2370063814159948e-05,1.480393621022813e-07,1.480393621022813e-07
20230526_000000,42,GLGN,9.841973280799721e-08,9.622419838706264e-08,2.195534420934564e-09,2.195534420934564e-09
20230526_000000,42,HOSA,0.00020482830586843193,0.00020393144222907722,8.968636393547058e-07,8.968636393547058e-07
20230526_000000,42,HYPI,8.910148608265445e-06,8.693663403391838e-06,2.1648520487360656e-07,2.1648520487360656e-07
20230526_000000,42,INSP,2.042812866420718e-06,2.0270736058591865e-06,1.573926056153141e-08,1.573926056153141e-08
20230526_000000,42,IXNA,2.6996483939001337e-05,2.6300303943571635e-05,6.961799954297021e-07,6.961799954297021e-07
20230526_000000,42,MEKE,1.081705886463169e-05,1.0717360055423342e-05,9.96988092083484e-08,9.96988092083484e-08
20230526_000000,42,MYTO,1.7413384512110497e-06,1.6974493064481067e-06,4.388914476294303e-08,4.388914476294303e-08
20230526_000000,42,NUCO,2.563846183967211e-11,2.479207117378479e-11,8.463906658873199e-13,8.463906658873199e-13
20230526_000000,42,OCPR,2.3781636627973057e-05,2.3130629415391013e-05,6.510072125820443e-07,6.510072125820443e-07
20230526_000000,42,ORPI,2.9210948468971765e-06,2.8589779503818136e-06,6.21168965153629e-08,6.21168965153629e-08
20230526_000000,42,PAFA,3.3693060686346143e-05,3.329365426907316e-05,3.99406417272985e-07,3.99406417272985e-07
20230526_000000,42,PECA,1.3654040742494544e-07,1.3370443241456087e-07,2.8359750103845727e-09,2.8359750103845727e-09
20230526_000000,42,PHNU,1.1395759429433383e-06,1.119630269386107e-06,1.9945673557231203e-08,1.9945673557231203e-08
20230526_000000,42,PIMA,3.2092994928234475e-08,3.1072140416199545e-08,1.02085451203493e-09,1.02085451203493e-09
20230526_000000,42,POEC,0.007581221405416727,0.007412376347929239,0.0001688450574874878,0.0001688450574874878
20230526_000000,42,PSFL,0.9564015865325928,0.9574818015098572,-0.0010802149772644043,0.0010802149772644043
20230526_000000,42,SHOT,2.8819122235290706e-05,2.8642545657930896e-05,1.7657657735981047e-07,1.7657657735981047e-07
20230526_000000,42,SITT,0.00046198186464607716,0.00045207509538158774,9.906769264489412e-06,9.906769264489412e-06
20230526_000000,42,SPRU,5.7017932704184204e-06,5.61021397516015e-06,9.157929525827058e-08,9.157929525827058e-08
20230526_000000,42,STOC,2.7437387917217393e-09,2.7044375627838235e-09,3.9301228937915766e-11,3.9301228937915766e-11
20230526_000000,42,STOC_IRREG,1.632939228279895e-09,1.600392929290706e-09,3.2546298989188926e-11,3.2546298989188926e-11
20230526_000000,42,STVA,9.098116038330772e-07,9.046797231349046e-07,5.131880698172608e-09,5.131880698172608e-09
20230526_000000,42,STVA_IRREG,2.657333061506506e-05,2.654421768966131e-05,2.9112925403751433e-08,2.9112925403751433e-08
20230526_000000,42,TADO1,1.0059335409096093e-07,9.756870866794998e-08,3.024645423010952e-09,3.024645423010952e-09
20230526_000000,42,TADO2,1.0061974535346963e-05,9.806246453081258e-06,2.5572808226570487e-07,2.5572808226570487e-07
20230526_000000,42,TAMI,2.3462368048399185e-08,2.2838820612491872e-08,6.235474359073123e-10,6.235474359073123e-10
20230526_000000,42,TUMI,0.006310928612947464,0.006231260020285845,7.966859266161919e-05,7.966859266161919e-05
20230526_000000,42,WHIS,4.533857317357004e-11,4.4539972404722405e-11,7.986007688476349e-13,7.986007688476349e-13
20230526_000000,42,YARD,6.714527103213186e-07,6.613111622755241e-07,1.014154804579448e-08,1.014154804579448e-08
20230526_000000,42,ZEMA,3.1929201213642955e-05,3.152777935611084e-05,4.014218575321138e-07,4.014218575321138e-07
20230526_000000,43,AEAC,8.226243721765059e-07,8.084945193331805e-07,1.4129852843325352e-08,1.4129852843325352e-08
20230526_000000,43,BRCA,1.5038683613965986e-06,1.4811398614256177e-06,2.272849997098092e-08,2.272849997098092e-08
20230526_000000,43,BRMA,4.548822744254721e-06,4.528283170657232e-06,2.0539573597488925e-08,2.0539573597488925e-08
20230526_000000,43,BUVI,2.6593479560688138e-05,2.610426236060448e-05,4.892172000836581e-07,4.892172000836581e-07
20230526_000000,43,CAGU,0.0363345630466938,0.03614134341478348,0.0001932196319103241,0.0001932196319103241
20230526_000000,43,CALU,3.7279646676324774e-06,3.6105752769799437e-06,1.1738939065253362e-07,1.1738939065253362e-07
20230526_000000,43,CAUS,0.001526120351627469,0.0015361952828243375,-1.007493119686842e-05,1.007493119686842e-05
20230526_000000,43,CCOO,0.007587173022329807,0.007580045610666275,7.127411663532257e-06,7.127411663532257e-06
20230526_000000,43,CHFA,0.00011309469118714333,0.0001124347691074945,6.599220796488225e-07,6.599220796488225e-07
20230526_000000,43,CHMI,0.008001639507710934,0.007988300174474716,1.3339333236217499e-05,1.3339333236217499e-05
20230526_000000,43,CHMI_IRREG,9.591075649950653e-05,9.50531248236075e-05,8.576316758990288e-07,8.576316758990288e-07
20230526_000000,43,COAU,0.00020373727602418512,0.0002022843691520393,1.4529068721458316e-06,1.4529068721458316e-06
20230526_000000,43,COAU2,0.013601968064904213,0.013579980470240116,2.1987594664096832e-05,2.1987594664096832e-05
20230526_000000,43,COCO,0.0006858784472569823,0.0006824670126661658,3.411434590816498e-06,3.411434590816498e-06
20230526_000000,43,CYST,0.0010098802158609033,0.0010124864056706429,-2.6061898097395897e-06,2.6061898097395897e-06
20230526_000000,43,DEFU,0.019937315955758095,0.019813286140561104,0.00012402981519699097,0.00012402981519699097
20230526_000000,43,DOG,0.00012352506746537983,0.00012235212489031255,1.1729425750672817e-06,1.1729425750672817e-06
20230526_000000,43,DRPU,2.2262113930082705e-08,2.1639960934294322e-08,6.221529957883831e-10,6.221529957883831e-10
20230526_000000,43,DRUM,0.002063221763819456,0.002054085722193122,9.13604162633419e-06,9.13604162633419e-06
20230526_000000,43,FLY,0.0055108387023210526,0.005471523851156235,3.931485116481781e-05,3.931485116481781e-05
20230526_000000,43,FROG,0.00031624679104425013,0.00031248386949300766,3.7629215512424707e-06,3.7629215512424707e-06
20230526_000000,43,GLGN,2.805637450364884e-05,2.7788713850895874e-05,2.676606527529657e-07,2.676606527529657e-07
20230526_000000,43,HOSA,0.0024212729185819626,0.0023988084867596626,2.2464431822299957e-05,2.2464431822299957e-05
20230526_000000,43,HYPI,0.00022657637600786984,0.00022489130788017064,1.6850681276991963e-06,1.6850681276991963e-06
20230526_000000,43,INSP,9.97930965240812e-06,9.86646773526445e-06,1.1284191714366898e-07,1.1284191714366898e-07
20230526_000000,43,IXNA,0.010235686786472797,0.010211833752691746,2.3853033781051636e-05,2.3853033781051636e-05
20230526_000000,43,MEKE,2.2174297555466183e-05,2.182707430620212e-05,3.4722324926406145e-07,3.4722324926406145e-07
20230526_000000,43,MYTO,0.719423770904541,0.7193335890769958,9.018182754516602e-05,9.018182754516602e-05
20230526_000000,43,NUCO,5.631625299429288e-06,5.632680313283345e-06,-1.0550138540565968e-09,1.0550138540565968e-09
20230526_000000,43,OCPR,0.0035870077554136515,0.0035599451512098312,2.706260420382023e-05,2.706260420382023e-05
20230526_000000,43,ORPI,0.00023133953800424933,0.0002284191141370684,2.9204238671809435e-06,2.9204238671809435e-06
20230526_000000,43,PAFA,0.0006867345073260367,0.0006863492308184505,3.8527650758624077e-07,3.8527650758624077e-07
20230526_000000,43,PECA,0.00026285898638889194,0.00026005724794231355,2.8017384465783834e-06,2.8017384465783834e-06
20230526_000000,43,PHNU,8.614331363787642e-07,8.41549933738861e-07,1.9883202639903175e-08,1.9883202639903175e-08
20230526_000000,43,PIMA,0.00010395774734206498,0.00010426420340081677,-3.064560587517917e-07,3.064560587517917e-07
20230526_000000,43,POEC,0.024732230231165886,0.024579955264925957,0.0001522749662399292,0.0001522749662399292
20230526_000000,43,PSFL,0.00026102468837052584,0.0002582141605671495,2.810527803376317e-06,2.810527803376317e-06
20230526_000000,43,SHOT,0.006141259800642729,0.006113730370998383,2.7529429644346237e-05,2.7529429644346237e-05
20230526_000000,43,SITT,0.03894913196563721,0.03869065269827843,0.0002584792673587799,0.0002584792673587799
20230526_000000,43,SPRU,0.000864814268425107,0.0008622281020507216,2.586166374385357e-06,2.586166374385357e-06
20230526_000000,43,STOC,1.1609319017225062e-06,1.1430811355239712e-06,1.7850766198534984e-08,1.7850766198534984e-08
20230526_000000,43,STOC_IRREG,1.5748476016597124e-06,1.548557406749751e-06,2.629019490996143e-08,2.629019490996143e-08
20230526_000000,43,STVA,4.752246240968816e-06,4.6801201278867666e-06,7.212611308204941e-08,7.212611308204941e-08
20230526_000000,43,STVA_IRREG,6.977622251724824e-05,6.897479033796117e-05,8.01432179287076e-07,8.01432179287076e-07
20230526_000000,43,TADO1,9.582947677699849e-05,9.496180427959189e-05,8.676724974066019e-07,8.676724974066019e-07
20230526_000000,43,TADO2,0.00010678435501176864,0.00010526972619118169,1.5146288205869496e-06,1.5146288205869496e-06
20230526_000000,43,TAMI,5.748918283643434e-06,5.671955932484707e-06,7.696235115872696e-08,7.696235115872696e-08
20230526_000000,43,TUMI,0.0940975695848465,0.0951261818408966,-0.0010286122560501099,0.0010286122560501099
20230526_000000,43,WHIS,8.253937266999856e-07,8.093276164800045e-07,1.6066110219981056e-08,1.6066110219981056e-08
20230526_000000,43,YARD,0.00024802546249702573,0.0002460226824041456,2.00278009288013e-06,2.00278009288013e-06
20230526_000000,43,ZEMA,2.5228364393115044e-05,2.4990638848976232e-05,2.3772554413881153e-07,2.3772554413881153e-07
20230526_000000,44,AEAC,4.377928632948169e-07,4.3476367750372447e-07,3.029185791092459e-09,3.029185791092459e-09
20230526_000000,44,BRCA,3.381123506174255e-11,3.386129571181229e-11,-5.00606500697387e-14,5.00606500697387e-14
20230526_000000,44,BRMA,5.412817512728731e-15,5.45054690129828e-15,-3.77293885695483e-17,3.77293885695483e-17
20230526_000000,44,BUVI,0.3477458357810974,0.3464275896549225,0.0013182461261749268,0.0013182461261749268
20230526_000000,44,CAGU,1.2225997352288687e-06,1.2307012866585865e-06,-8.101551429717802e-09,8.101551429717802e-09
20230526_000000,44,CALU,9.448753553442657e-05,9.442389273317531e-05,6.364280125126243e-08,6.364280125126243e-08
20230526_000000,44,CAUS,9.036971171383357e-11,9.120465493950292e-11,-8.34943225669349e-13,8.34943225669349e-13
20230526_000000,44,CCOO,1.631642911059661e-11,1.643614584712072e-11,-1.197167365241114e-13,1.197167365241114e-13
20230526_000000,44,CHFA,8.690550883094783e-12,8.765876913230386e-12,-7.53260301356029e-14,7.53260301356029e-14
20230526_000000,44,CHMI,1.0218847137366538e-06,1.0277365163346985e-06,-5.851802598044742e-09,5.851802598044742e-09
20230526_000000,44,CHMI_IRREG,2.9186510346335126e-06,2.9269115202623652e-06,-8.26048562885262e-09,8.26048562885262e-09
20230526_000000,44,COAU,7.116277705998542e-11,7.157070075480831e-11,-4.0792369482289814e-13,4.0792369482289814e-13
20230526_000000,44,COAU2,2.017119360431252e-09,2.026295797818989e-09,-9.176437387736769e-12,9.176437387736769e-12
20230526_000000,44,COCO,1.0488831776456209e-06,1.0526866844884353e-06,-3.803506842814386e-09,3.803506842814386e-09
20230526_000000,44,CYST,2.1361064028724286e-08,2.1500440539057308e-08,-1.3937651033302245e-10,1.3937651033302245e-10
20230526_000000,44,DEFU,0.00021226026001386344,0.00021247159747872502,-2.113374648615718e-07,2.113374648615718e-07
20230526_000000,44,DOG,6.395682135007519e-07,6.412779498532473e-07,-1.7097363524953835e-09,1.7097363524953835e-09
20230526_000000,44,DRPU,1.405520018210585e-16,1.408530426244686e-16,-3.010408034100987e-19,3.010408034100987e-19
20230526_000000,44,DRUM,7.280564204847906e-07,7.313838636946457e-07,-3.3274432098551188e-09,3.3274432098551188e-09
20230526_000000,44,FLY,6.840024434495717e-05,6.873370875837281e-05,-3.334644134156406e-07,3.334644134156406e-07
20230526_000000,44,FROG,3.990943696408067e-06,3.995549832325196e-06,-4.606135917128995e-09,4.606135917128995e-09
20230526_000000,44,GLGN,2.60507881932881e-09,2.6076427683818793e-09,-2.5639490530693365e-12,2.5639490530693365e-12
20230526_000000,44,HOSA,1.4127633221505675e-05,1.413819245499326e-05,-1.0559233487583697e-08,1.0559233487583697e-08
20230526_000000,44,HYPI,1.857369466562453e-11,1.8621005778984845e-11,-4.731111336031546e-14,4.731111336031546e-14
20230526_000000,44,INSP,2.3107033484848216e-05,2.3032260287436657e-05,7.477319741155952e-08,7.477319741155952e-08
20230526_000000,44,IXNA,1.8412000812872975e-08,1.8562488435236446e-08,-1.5048762236347102e-10,1.5048762236347102e-10
20230526_000000,44,MEKE,9.857679106062278e-05,9.818175749387592e-05,3.9503356674686074e-07,3.9503356674686074e-07
20230526_000000,44,MYTO,9.932005948741756e-15,1.0040072953251301e-14,-1.080670045095454e-16,1.080670045095454e-16
20230526_000000,44,NUCO,6.12271076099567e-20,6.18116528843932e-20,-5.845452744364966e-22,5.845452744364966e-22
20230526_000000,44,OCPR,1.4327926622925702e-09,1.432693741421076e-09,9.892087149410145e-14,9.892087149410145e-14
20230526_000000,44,ORPI,1.3219669803277156e-08,1.3291491463007787e-08,-7.182165973063093e-11,7.182165973063093e-11
20230526_000000,44,PAFA,2.5503473466415016e-07,2.565377315022488e-07,-1.5029968380986247e-09,1.5029968380986247e-09
20230526_000000,44,PECA,1.9182715138565953e-10,1.9245742499673923e-10,-6.302736110797014e-13,6.302736110797014e-13
20230526_000000,44,PHNU,4.0901690567807236e-07,4.0946710555544996e-07,-4.501998773775995e-10,4.501998773775995e-10
20230526_000000,44,PIMA,1.2649764734841092e-15,1.2774237285231296e-15,-1.244725503902035e-17,1.244725503902035e-17
20230526_000000,44,POEC,1.3946909183104594e-09,1.406653460378493e-09,-1.19625420680336e-11,1.19625420680336e-11
20230526_000000,44,PSFL,0.6515144109725952,0.6528326869010925,-0.0013182759284973145,0.0013182759284973145
20230526_000000,44,SHOT,3.0350815194424285e-08,3.0366784642410494e-08,-1.5969447986208252e-11,1.5969447986208252e-11
20230526_000000,44,SITT,4.019420885015279e-07,4.03654382807872e-07,-1.7122943063441198e-09,1.7122943063441198e-09
20230526_000000,44,SPRU,1.3004015642081868e-09,1.3079628491396988e-09,-7.561284931512091e-12,7.561284931512091e-12
20230526_000000,44,STOC,5.07056618914703e-08,5.035692751675924e-08,3.4873437471105717e-10,3.4873437471105717e-10
20230526_000000,44,STOC_IRREG,8.881290147755294e-10,8.832413134207684e-10,4.8877013547610204e-12,4.8877013547610204e-12
20230526_000000,44,STVA,0.00011626046034507453,0.00011633381654974073,-7.33562046661973e-08,7.33562046661973e-08
20230526_000000,44,STVA_IRREG,9.77175441221334e-05,9.761057299328968e-05,1.0697112884372473e-07,1.0697112884372473e-07
20230526_000000,44,TADO1,1.1595724380697447e-12,1.1619275420288178e-12,-2.3551039590730127e-15,2.3551039590730127e-15
20230526_000000,44,TADO2,1.3795581566000692e-08,1.3844233315296606e-08,-4.865174929591376e-11,4.865174929591376e-11
20230526_000000,44,TAMI,1.453906266213334e-11,1.4517829646787384e-11,2.123301534595612e-14,2.123301534595612e-14
20230526_000000,44,TUMI,3.25654156085875e-07,3.277608300322754e-07,-2.106673946400406e-09,2.106673946400406e-09
20230526_000000,44,WHIS,6.659839901779208e-10,6.639467864388848e-10,2.037203739035931e-12,2.037203739035931e-12
20230526_000000,44,YARD,5.651790591088002e-09,5.646421996630124e-09,5.368594457877407e-12,5.368594457877407e-12
20230526_000000,44,ZEMA,1.246865622306359e-06,1.2542257081804564e-06,-7.360085874097422e-09,7.360085874097422e-09
20230526_000000,45,AEAC,1.3934875475740682e-10,1.3986860281089974e-10,-5.198480534929217e-13,5.198480534929217e-13
20230526_000000,45,BRCA,1.466094070656039e-15,1.4592343743327e-15,6.859696323338951e-18,6.859696323338951e-18
20230526_000000,45,BRMA,9.323807319991828e-20,9.187928687213215e-20,1.3587863277861305e-21,1.3587863277861305e-21
20230526_000000,45,BUVI,0.0004545516858343035,0.0004637339152395725,-9.182229405269027e-06,9.182229405269027e-06
20230526_000000,45,CAGU,7.69692420909962e-10,7.666246526483178e-10,3.0677682616442326e-12,3.0677682616442326e-12
20230526_000000,45,CALU,2.4487137317841245e-10,2.480401994908732e-10,-3.1688263124607374e-12,3.1688263124607374e-12
20230526_000000,45,CAUS,1.7946153122046747e-14,1.7794618927782953e-14,1.5153419426379433e-16,1.5153419426379433e-16
20230526_000000,45,CCOO,1.8027752940992997e-16,1.7908392763835065e-16,1.1936017715793177e-18,1.1936017715793177e-18
20230526_000000,45,CHFA,1.8570390569668275e-15,1.8385966086062596e-15,1.844244836056788e-17,1.844244836056788e-17
20230526_000000,45,CHMI,2.809853183460831e-10,2.8095809012640416e-10,2.7228219678931964e-14,2.7228219678931964e-14
20230526_000000,45,CHMI_IRREG,2.2079551520448604e-09,2.2066717342283937e-09,1.283417816466681e-12,1.283417816466681e-12
20230526_000000,45,COAU,6.729907053017951e-16,6.679103605028414e-16,5.080344798953683e-18,5.080344798953683e-18
20230526_000000,45,COAU2,3.624427892686376e-14,3.6055295711935956e-14,1.8898321492780146e-16,1.8898321492780146e-16
20230526_000000,45,COCO,1.452489933884138e-10,1.4569075112991214e-10,-4.417577414983498e-13,4.417577414983498e-13
20230526_000000,45,CYST,5.1081196564273235e-12,5.085722641628987e-12,2.2397014798336556e-14,2.2397014798336556e-14
20230526_000000,45,DEFU,5.0672088747205635e-08,5.084394416599025e-08,-1.7185541878461663e-10,1.7185541878461663e-10
20230526_000000,45,DOG,8.712313093184321e-10,8.718534227902808e-10,-6.221134718487065e-13,6.221134718487065e-13
20230526_000000,45,DRPU,9.847249074589298e-23,9.73432963134979e-23,1.1291944323950816e-24,1.1291944323950816e-24
20230526_000000,45,DRUM,9.509958098785631e-11,9.47742162527021e-11,3.2536473515420994e-13,3.2536473515420994e-13
20230526_000000,45,FLY,1.0732043698169491e-08,1.0773682390663453e-08,-4.163869249396157e-11,4.163869249396157e-11
20230526_000000,45,FROG,6.222848347725574e-10,6.275031050329005e-10,-5.218270260343161e-12,5.218270260343161e-12
20230526_000000,45,GLGN,3.9703451030354e-13,3.976553244675052e-13,-6.208141639651998e-16,6.208141639651998e-16
20230526_000000,45,HOSA,8.579930543817227e-09,8.583304733633668e-09,-3.3741898164407758e-12,3.3741898164407758e-12
20230526_000000,45,HYPI,4.1822324562574984e-17,4.16884602696843e-17,1.3386429289068157e-19,1.3386429289068157e-19
20230526_000000,45,INSP,4.11445766346219e-09,4.1608561041073244e-09,-4.639844064513454e-11,4.639844064513454e-11
20230526_000000,45,IXNA,2.059872238058258e-11,2.0443185339003023e-11,1.555370415795565e-13,1.555370415795565e-13
20230526_000000,45,MEKE,2.5713511320191174e-09,2.602833726328413e-09,-3.1482594309295564e-11,3.1482594309295564e-11
20230526_000000,45,MYTO,3.2344767863808823e-19,3.1610280593710605e-19,7.344872700982182e-21,7.344872700982182e-21
20230526_000000,45,NUCO,1.401663217317216e-25,1.3608497727523768e-25,4.081344456483922e-27,4.081344456483922e-27
20230526_000000,45,OCPR,1.0936070164680942e-13,1.0835147205455128e-13,1.0092295922581318e-15,1.0092295922581318e-15
20230526_000000,45,ORPI,7.704623614449013e-13,7.695270744408067e-13,9.352870040946204e-16,9.352870040946204e-16
20230526_000000,45,PAFA,1.9658372152342451e-10,1.9630352898758474e-10,2.801925358397739e-13,2.801925358397739e-13
20230526_000000,45,PECA,3.824858164973256e-15,3.808574380078766e-15,1.6283784894490297e-17,1.6283784894490297e-17
20230526_000000,45,PHNU,2.2777260078044037e-09,2.2709942815168915e-09,6.731726287512174e-12,6.731726287512174e-12
20230526_000000,45,PIMA,6.868809578942601e-20,6.715598281156734e-20,1.5321129778586677e-21,1.5321129778586677e-21
20230526_000000,45,POEC,1.752050381945841e-14,1.7406096773338667e-14,1.1440704611974384e-16,1.1440704611974384e-16
20230526_000000,45,PSFL,0.9995452761650085,0.9995361566543579,9.119510650634766e-06,9.119510650634766e-06
20230526_000000,45,SHOT,3.2412503670614656e-12,3.248790342649799e-12,-7.539975588333192e-15,7.539975588333192e-15
20230526_000000,45,SITT,1.6296275440197405e-10,1.6209450448556595e-10,8.682499164081037e-13,8.682499164081037e-13
20230526_000000,45,SPRU,1.0477672196659502e-13,1.042622206019056e-13,5.145013646894181e-16,5.145013646894181e-16
20230526_000000,45,STOC,7.465996679396902e-13,7.635473199887888e-13,-1.6947652049098538e-14,1.6947652049098538e-14
20230526_000000,45,STOC_IRREG,9.608651121127427e-15,9.721529272777377e-15,-1.1287815164994983e-16,1.1287815164994983e-16
20230526_000000,45,STVA,3.31638438932913e-10,3.372506718335444e-10,-5.6122329006313976e-12,5.6122329006313976e-12
20230526_000000,45,STVA_IRREG,6.494285997860061e-08,6.511007910603439e-08,-1.6721912743378198e-10,1.6721912743378198e-10
20230526_000000,45,TADO1,2.0972385227144992e-17,2.0751514768703533e-17,2.2087045844145924e-19,2.2087045844145924e-19
20230526_000000,45,TADO2,1.1118186991725121e-13,1.1112593186141453e-13,5.5938055836674e-17,5.5938055836674e-17
20230526_000000,45,TAMI,8.963523935202476e-16,8.920971117514788e-16,4.255281768768791e-18,4.255281768768791e-18
20230526_000000,45,TUMI,5.684054893428936e-10,5.632868060878593e-10,5.118683255034284e-12,5.118683255034284e-12
20230526_000000,45,WHIS,5.840360357470655e-15,5.8967202357150614e-15,-5.635987824440664e-17,5.635987824440664e-17
20230526_000000,45,YARD,4.140687358961115e-14,4.1557059307422914e-14,-1.5018571781176548e-16,1.5018571781176548e-16
20230526_000000,45,ZEMA,2.1247904824495123e-10,2.1304484565387583e-10,-5.657974089245954e-13,5.657974089245954e-13
20230526_000000,46,AEAC,1.0759630640677642e-05,1.0712390576372854e-05,4.7240064304787666e-08,4.7240064304787666e-08
20230526_000000,46,BRCA,6.738141156148458e-09,6.766365689969689e-09,-2.822453382123058e-11,2.822453382123058e-11
20230526_000000,46,BRMA,2.679607837702269e-13,2.6370157685078055e-13,4.259206919446368e-15,4.259206919446368e-15
20230526_000000,46,BUVI,0.02902868576347828,0.028800902888178825,0.00022778287529945374,0.00022778287529945374
20230526_000000,46,CAGU,5.599393716693157e-06,5.506693469214952e-06,9.270024747820571e-08,9.270024747820571e-08
20230526_000000,46,CALU,0.9460620284080505,0.94631028175354,-0.00024825334548950195,0.00024825334548950195
20230526_000000,46,CAUS,5.689732684999171e-09,5.610113262832783e-09,7.961942216638818e-11,7.961942216638818e-11
20230526_000000,46,CCOO,6.373389371816529e-09,6.272168562304614e-09,1.0122080951191492e-10,1.0122080951191492e-10
20230526_000000,46,CHFA,1.5481813608886341e-09,1.5410680509475583e-09,7.1133099410758405e-12,7.1133099410758405e-12
20230526_000000,46,CHMI,4.446212915354408e-05,4.419655670062639e-05,2.6557245291769505e-07,2.6557245291769505e-07
20230526_000000,46,CHMI_IRREG,6.102050974732265e-05,6.092306284699589e-05,9.744690032675862e-08,9.744690032675862e-08
20230526_000000,46,COAU,4.55712658720131e-08,4.524039454167905e-08,3.3087133033404825e-10,3.3087133033404825e-10
20230526_000000,46,COAU2,2.4890309191505366e-07,2.473618962994806e-07,1.5411956155730877e-09,1.5411956155730877e-09
20230526_000000,46,COCO,0.00027218906325288117,0.0002714135334827006,7.75529770180583e-07,7.75529770180583e-07
20230526_000000,46,CYST,4.549998209313344e-07,4.5229455736262025e-07,2.7052635687141446e-09,2.7052635687141446e-09
20230526_000000,46,DEFU,0.004578564316034317,0.004561177920550108,1.738639548420906e-05,1.738639548420906e-05
20230526_000000,46,DOG,4.423846985446289e-05,4.433379945112392e-05,-9.532959666103125e-08,9.532959666103125e-08
20230526_000000,46,DRPU,2.769882576341559e-13,2.7515137520847666e-13,1.8368824256792537e-15,1.8368824256792537e-15
20230526_000000,46,DRUM,6.41376682324335e-05,6.425644824048504e-05,-1.1878000805154443e-07,1.1878000805154443e-07
20230526_000000,46,FLY,0.0010545842815190554,0.001050450373440981,4.133908078074455e-06,4.133908078074455e-06
20230526_000000,46,FROG,0.00018482266750652343,0.00018487624765839428,-5.358015187084675e-08,5.358015187084675e-08
20230526_000000,46,GLGN,1.1956433354498586e-06,1.1897435570062953e-06,5.899778443563264e-09,5.899778443563264e-09
20230526_000000,46,HOSA,0.0025650837924331427,0.002574788173660636,-9.704381227493286e-06,9.704381227493286e-06
20230526_000000,46,HYPI,3.338259944030142e-07,3.3202292115674936e-07,1.8030732462648302e-09,1.8030732462648302e-09
20230526_000000,46,INSP,0.005431509576737881,0.005425968207418919,5.541369318962097e-06,5.541369318962097e-06
20230526_000000,46,IXNA,1.6920262169151101e-06,1.683872937974229e-06,8.153278940881137e-09,8.153278940881137e-09
20230526_000000,46,MEKE,0.004115973133593798,0.00409824401140213,1.7729122191667557e-05,1.7729122191667557e-05
20230526_000000,46,MYTO,4.811760365153184e-12,4.7025699306812996e-12,1.0919043447188415e-13,1.0919043447188415e-13
20230526_000000,46,NUCO,2.492816904978222e-15,2.4820261287466757e-15,1.0790776231546159e-17,1.0790776231546159e-17
20230526_000000,46,OCPR,2.1583939968650157e-08,2.133022292127862e-08,2.5371704737153777e-10,2.5371704737153777e-10
20230526_000000,46,ORPI,1.8536226207288564e-06,1.843259269662667e-06,1.0363351066189352e-08,1.0363351066189352e-08
20230526_000000,46,PAFA,5.941000836173771e-06,5.948241323494585e-06,-7.240487320814282e-09,7.240487320814282e-09
20230526_000000,46,PECA,2.2763945395354312e-08,2.2596900350890792e-08,1.6704504446352075e-10,1.6704504446352075e-10
20230526_000000,46,PHNU,1.786664540759375e-07,1.7792088158330444e-07,7.455724926330731e-10,7.455724926330731e-10
20230526_000000,46,PIMA,1.17150064063605e-13,1.1687410750565314e-13,2.75956557951873e-16,2.75956557951873e-16
20230526_000000,46,POEC,5.804540705867112e-06,5.7310921874886844e-06,7.344851837842725e-08,7.344851837842725e-08
20230526_000000,46,PSFL,0.0038013996090739965,0.0038059218786656857,-4.52226959168911e-06,4.52226959168911e-06
20230526_000000,46,SHOT,0.00029994468786753714,0.00030077312840148807,-8.284405339509249e-07,8.284405339509249e-07
20230526_000000,46,SITT,2.1951184407953406e-06,2.1643513719027396e-06,3.0767068892600946e-08,3.0767068892600946e-08
20230526_000000,46,SPRU,4.285429611172731e-07,4.283521946035762e-07,1.907665136968717e-10,1.907665136968717e-10
20230526_000000,46,STOC,1.0676143574528396e-05,1.06293609860586e-05,4.678258846979588e-08,4.678258846979588e-08
20230526_000000,46,STOC_IRREG,7.231169547594618e-07,7.236213264150138e-07,-5.043716555519495e-10,5.043716555519495e-10
20230526_000000,46,STVA,0.0009012752561829984,0.0009019774151965976,-7.021590135991573e-07,7.021590135991573e-07
20230526_000000,46,STVA_IRREG,0.0014176900731399655,0.0014274466084316373,-9.756535291671753e-06,9.756535291671753e-06
20230526_000000,46,TADO1,1.261984627909385e-09,1.2542973326645779e-09,7.687295244807046e-12,7.687295244807046e-12
20230526_000000,46,TADO2,7.39633989610411e-08,7.338886121033283e-08,5.745377507082594e-10,5.745377507082594e-10
20230526_000000,46,TAMI,1.9028786879538018e-10,1.8950715996446377e-10,7.807088309164101e-13,7.807088309164101e-13
20230526_000000,46,TUMI,3.0611006422986975e-06,3.0407020403799834e-06,2.039860191871412e-08,2.039860191871412e-08
20230526_000000,46,WHIS,1.1245855375818792e-06,1.1219023008379736e-06,2.6832367439055815e-09,2.6832367439055815e-09
20230526_000000,46,YARD,1.9524130038917065e-05,1.955739935510792e-05,-3.3269316190853715e-08,3.3269316190853715e-08
20230526_000000,46,ZEMA,3.921565792097681e-07,3.9130895856942516e-07,8.476206403429387e-10,8.476206403429387e-10
20230526_000000,47,AEAC,1.7852479459179449e-06,1.7884085536934435e-06,-3.1606077754986472e-09,3.1606077754986472e-09
20230526_000000,47,BRCA,8.833332287849771e-08,8.807884910311259e-08,2.544737753851223e-10,2.544737753851223e-10
20230526_000000,47,BRMA,1.538998191108476e-07,1.5191109525858337e-07,1.9887238522642292e-09,1.9887238522642292e-09
20230526_000000,47,BUVI,0.0006648243870586157,0.0006646440015174448,1.803855411708355e-07,1.803855411708355e-07
20230526_000000,47,CAGU,0.010904637165367603,0.010830383747816086,7.425341755151749e-05,7.425341755151749e-05
20230526_000000,47,CALU,0.8527984023094177,0.8531700968742371,-0.00037169456481933594,0.00037169456481933594
20230526_000000,47,CAUS,1.3007756024308037e-05,1.2899526154797059e-05,1.0822986951097846e-07,1.0822986951097846e-07
20230526_000000,47,CCOO,1.0864646355912555e-05,1.0720857062551659e-05,1.437892933608964e-07,1.437892933608964e-07
20230526_000000,47,CHFA,7.719040127085464e-07,7.660634082640172e-07,5.840604444529163e-09,5.840604444529163e-09
20230526_000000,47,CHMI,0.0005686224321834743,0.0005649320082738996,3.690423909574747e-06,3.690423909574747e-06
20230526_000000,47,CHMI_IRREG,7.119541260180995e-05,7.114117033779621e-05,5.424226401373744e-08,5.424226401373744e-08
20230526_000000,47,COAU,1.4093155868977192e-06,1.3950286756880814e-06,1.4286911209637765e-08,1.4286911209637765e-08
20230526_000000,47,COAU2,5.591091758105904e-05,5.549035995500162e-05,4.205576260574162e-07,4.205576260574162e-07
20230526_000000,47,COCO,0.10662266612052917,0.10649943351745605,0.00012323260307312012,0.00012323260307312012
20230526_000000,47,CYST,5.769471499661449e-06,5.724173206544947e-06,4.5298293116502464e-08,4.5298293116502464e-08
20230526_000000,47,DEFU,0.0009258224745281041,0.0009218511404469609,3.971334081143141e-06,3.971334081143141e-06
20230526_000000,47,DOG,7.239799742819741e-05,7.237113459268585e-05,2.686283551156521e-08,2.686283551156521e-08
20230526_000000,47,DRPU,4.717991275438038e-11,4.677664852681396e-11,4.0326422756642444e-13,4.0326422756642444e-13
20230526_000000,47,DRUM,0.00012182578939246014,0.00012122150656068698,6.042828317731619e-07,6.042828317731619e-07
20230526_000000,47,FLY,9.534369746688753e-05,9.476317063672468e-05,5.80526830162853e-07,5.80526830162853e-07
20230526_000000,47,FROG,0.0007119530928321183,0.0007083415985107422,3.6114943213760853e-06,3.6114943213760853e-06
20230526_000000,47,GLGN,1.1655290563794551e-06,1.1630606877588434e-06,2.4683686206117272e-09,2.4683686206117272e-09
20230526_000000,47,HOSA,0.0004230259801261127,0.0004230733320582658,-4.7351932153105736e-08,4.7351932153105736e-08
20230526_000000,47,HYPI,2.912634933238678e-08,2.8829624909576523e-08,2.9672442281025724e-10,2.9672442281025724e-10
20230526_000000,47,INSP,2.8962416763533838e-05,2.9026703487033956e-05,-6.428672350011766e-08,6.428672350011766e-08
20230526_000000,47,IXNA,0.0002315772871952504,0.00023007967683952302,1.4976103557273746e-06,1.4976103557273746e-06
20230526_000000,47,MEKE,4.548998913378455e-05,4.536339838523418e-05,1.2659074855037034e-07,1.2659074855037034e-07
20230526_000000,47,MYTO,6.790112820453942e-05,6.690261943731457e-05,9.985087672248483e-07,9.985087672248483e-07
20230526_000000,47,NUCO,2.955215239186515e-11,2.916502109262531e-11,3.8713129923984013e-13,3.8713129923984013e-13
20230526_000000,47,OCPR,6.423607555916533e-05,6.397521065082401e-05,2.6086490834131837e-07,2.6086490834131837e-07
20230526_000000,47,ORPI,3.5868345094058895e-06,3.556586761988001e-06,3.0247747417888604e-08,3.0247747417888604e-08
20230526_000000,47,PAFA,6.971214133955073e-06,6.957551249797689e-06,1.3662884157383814e-08,1.3662884157383814e-08
20230526_000000,47,PECA,1.195195977743424e-06,1.188567921417416e-06,6.628056326007936e-09,6.628056326007936e-09
20230526_000000,47,PHNU,9.96661810859223e-07,9.94564288703259e-07,2.0975221559638157e-09,2.0975221559638157e-09
20230526_000000,47,PIMA,5.2996533383975475e-08,5.248385193112881e-08,5.126814528466639e-10,5.126814528466639e-10
20230526_000000,47,POEC,0.022716229781508446,0.022559963166713715,0.00015626661479473114,0.00015626661479473114
20230526_000000,47,PSFL,0.0015258454950526357,0.0015327415894716978,-6.896094419062138e-06,6.896094419062138e-06
20230526_000000,47,SHOT,0.00010119486250914633,0.00010111006122315302,8.480128599330783e-08,8.480128599330783e-08
20230526_000000,47,SITT,0.000360728008672595,0.00035699232830666006,3.735680365934968e-06,3.735680365934968e-06
20230526_000000,47,SPRU,2.764232522167731e-05,2.7493515517562628e-05,1.4880970411468297e-07,1.4880970411468297e-07
20230526_000000,47,STOC,1.6459182461403543e-06,1.6528941841897904e-06,-6.975938049436081e-09,6.975938049436081e-09
20230526_000000,47,STOC_IRREG,4.3266309148748405e-06,4.329684998083394e-06,-3.054083208553493e-09,3.054083208553493e-09
20230526_000000,47,STVA,7.1411204771720804e-06,7.131108759494964e-06,1.0011717677116394e-08,1.0011717677116394e-08
20230526_000000,47,STVA_IRREG,0.00013798022700939327,0.00013857640442438424,-5.961774149909616e-07,5.961774149909616e-07
20230526_000000,47,TADO1,2.3100670265563394e-09,2.2877724159542367e-09,2.2294610602102694e-11,2.2294610602102694e-11
20230526_000000,47,TADO2,8.27622861834243e-05,8.201474702218547e-05,7.475391612388194e-07,7.475391612388194e-07
20230526_000000,47,TAMI,1.3192854453336622e-07,1.3170225088288134e-07,2.262936504848767e-10,2.262936504848767e-10
20230526_000000,47,TUMI,0.0005051850457675755,0.0005007684230804443,4.4166226871311665e-06,4.4166226871311665e-06
20230526_000000,47,WHIS,6.881548983983521e-07,6.91922252826771e-07,-3.767354428418912e-09,3.767354428418912e-09
20230526_000000,47,YARD,5.295247774483869e-06,5.30480019733659e-06,-9.552422852721065e-09,9.552422852721065e-09
20230526_000000,47,ZEMA,5.386415296015912e-07,5.371589395508636e-07,1.4825900507275946e-09,1.4825900507275946e-09
20230526_000000,48,AEAC,0.0003463955654297024,0.00035200617276132107,-5.610607331618667e-06,5.610607331618667e-06
20230526_000000,48,BRCA,4.62284660898149e-05,4.636290032067336e-05,-1.3443423085846007e-07,1.3443423085846007e-07
20230526_000000,48,BRMA,2.2034150060079583e-09,2.1884121181869887e-09,1.500288782096959e-11,1.500288782096959e-11
20230526_000000,48,BUVI,0.012921756133437157,0.012844867072999477,7.688906043767929e-05,7.688906043767929e-05
20230526_000000,48,CAGU,7.08722582203336e-05,7.030770211713389e-05,5.645561031997204e-07,5.645561031997204e-07
20230526_000000,48,CALU,0.5993527770042419,0.5996339321136475,-0.0002811551094055176,0.0002811551094055176
20230526_000000,48,CAUS,2.445240852466668e-06,2.42979581344116e-06,1.5445039025507867e-08,1.5445039025507867e-08
20230526_000000,48,CCOO,2.8713311621686444e-06,2.8468343771237414e-06,2.4496785044902936e-08,2.4496785044902936e-08
20230526_000000,48,CHFA,2.1251044017844833e-06,2.114438075295766e-06,1.0666326488717459e-08,1.0666326488717459e-08
20230526_000000,48,CHMI,0.0011694743297994137,0.0011618968565016985,7.577473297715187e-06,7.577473297715187e-06
20230526_000000,48,CHMI_IRREG,0.0022069294936954975,0.0021913088858127594,1.5620607882738113e-05,1.5620607882738113e-05
20230526_000000,48,COAU,1.1902619007742032e-05,1.1866428394569084e-05,3.619061317294836e-08,3.619061317294836e-08
20230526_000000,48,COAU2,0.00011906291911145672,0.00011844951222883537,6.134068826213479e-07,6.134068826213479e-07
20230526_000000,48,COCO,0.011223607696592808,0.01125392410904169,-3.0316412448883057e-05,3.0316412448883057e-05
20230526_000000,48,CYST,7.656200614292175e-05,7.671269122511148e-05,-1.5068508218973875e-07,1.5068508218973875e-07
20230526_000000,48,DEFU,0.011928660795092583,0.011892801150679588,3.5859644412994385e-05,3.5859644412994385e-05
20230526_000000,48,DOG,0.006782597862184048,0.006769206374883652,1.3391487300395966e-05,1.3391487300395966e-05
20230526_000000,48,DRPU,4.431030209417486e-09,4.434648204210134e-09,-3.61799479264846e-12,3.61799479264846e-12
20230526_000000,48,DRUM,0.006731066852807999,0.006712807808071375,1.8259044736623764e-05,1.8259044736623764e-05
20230526_000000,48,FLY,0.017209572717547417,0.017157362774014473,5.2209943532943726e-05,5.2209943532943726e-05
20230526_000000,48,FROG,0.004741138778626919,0.004777056165039539,-3.5917386412620544e-05,3.5917386412620544e-05
20230526_000000,48,GLGN,0.00016180005331989378,0.00016256904928013682,-7.689959602430463e-07,7.689959602430463e-07
20230526_000000,48,HOSA,0.11411362141370773,0.11378592997789383,0.0003276914358139038,0.0003276914358139038
20230526_000000,48,HYPI,2.0133624275331385e-05,2.0092420527362265e-05,4.120374796912074e-08,4.120374796912074e-08
20230526_000000,48,INSP,0.021445423364639282,0.02143782004714012,7.603317499160767e-06,7.603317499160767e-06
20230526_000000,48,IXNA,0.0001437432219972834,0.00014302913041319698,7.140915840864182e-07,7.140915840864182e-07
20230526_000000,48,MEKE,0.027092229574918747,0.02718920074403286,-9.697116911411285e-05,9.697116911411285e-05
20230526_000000,48,MYTO,2.8287566067319858e-08,2.794653930493496e-08,3.410267623848995e-10,3.410267623848995e-10
20230526_000000,48,NUCO,1.312030373235018e-09,1.3028679246573915e-09,9.162448577626492e-12,9.162448577626492e-12
20230526_000000,48,OCPR,1.7594538803678006e-05,1.746222551446408e-05,1.323132892139256e-07,1.323132892139256e-07
20230526_000000,48,ORPI,0.00023720256285741925,0.0002372841991018504,-8.163624443113804e-08,8.163624443113804e-08
20230526_000000,48,PAFA,0.0005760354688391089,0.0005718393949791789,4.1960738599300385e-06,4.1960738599300385e-06
20230526_000000,48,PECA,1.5362893464043736e-05,1.534010880277492e-05,2.2784661268815398e-08,2.2784661268815398e-08
20230526_000000,48,PHNU,1.8908147467300296e-05,1.8952065147459507e-05,-4.391768015921116e-08,4.391768015921116e-08
20230526_000000,48,PIMA,1.3053415237607169e-08,1.2995703180251894e-08,5.771205735527474e-11,5.771205735527474e-11
20230526_000000,48,POEC,0.00039667359669692814,0.0003907062055077404,5.967391189187765e-06,5.967391189187765e-06
20230526_000000,48,PSFL,0.006288108881562948,0.0062518659979105,3.6242883652448654e-05,3.6242883652448654e-05
20230526_000000,48,SHOT,0.03366481885313988,0.03346986696124077,0.0001949518918991089,0.0001949518918991089
20230526_000000,48,SITT,0.00010662314161891118,0.0001059079440892674,7.15197529643774e-07,7.15197529643774e-07
20230526_000000,48,SPRU,0.00040995600284077227,0.00040807307232171297,1.8829305190593004e-06,1.8829305190593004e-06
20230526_000000,48,STOC,0.0009701506933197379,0.000971064087934792,-9.133946150541306e-07,9.133946150541306e-07
20230526_000000,48,STOC_IRREG,0.0004957133787684143,0.0004972540191374719,-1.5406403690576553e-06,1.5406403690576553e-06
20230526_000000,48,STVA,0.04989083111286163,0.05023830011487007,-0.0003474690020084381,0.0003474690020084381
20230526_000000,48,STVA_IRREG,0.0599374994635582,0.05996774882078171,-3.0249357223510742e-05,3.0249357223510742e-05
20230526_000000,48,TADO1,1.5488309372813092e-06,1.5389217651318177e-06,9.909172149491496e-09,9.909172149491496e-09
20230526_000000,48,TADO2,2.897321064665448e-05,2.8914852009620517e-05,5.8358637033961713e-08,5.8358637033961713e-08
20230526_000000,48,TAMI,1.3481447922458756e-06,1.3557566944655264e-06,-7.611902219650801e-09,7.611902219650801e-09
20230526_000000,48,TUMI,0.00034007200156338513,0.00033829346648417413,1.7785350792109966e-06,1.7785350792109966e-06
20230526_000000,48,WHIS,0.00039103280869312584,0.00039398993249051273,-2.9571237973868847e-06,2.9571237973868847e-06
20230526_000000,48,YARD,0.008191476576030254,0.008160645142197609,3.0831433832645416e-05,3.0831433832645416e-05
20230526_000000,48,ZEMA,9.691782906884328e-05,9.661816147854552e-05,2.996675902977586e-07,2.996675902977586e-07
20230526_000000,49,AEAC,4.6764558646827936e-05,4.652464485843666e-05,2.399137883912772e-07,2.399137883912772e-07
20230526_000000,49,BRCA,1.0718861631175969e-05,1.0577706234471407e-05,1.41155396704562e-07,1.41155396704562e-07
20230526_000000,49,BRMA,8.690035610925406e-05,8.532142237527296e-05,1.5789337339811027e-06,1.5789337339811027e-06
20230526_000000,49,BUVI,0.006658371537923813,0.006642222870141268,1.614866778254509e-05,1.614866778254509e-05
20230526_000000,49,CAGU,0.39432892203330994,0.39600735902786255,-0.0016784369945526123,0.0016784369945526123
20230526_000000,49,CALU,0.00048303883522748947,0.00048462828272022307,-1.5894474927335978e-06,1.5894474927335978e-06
20230526_000000,49,CAUS,0.0029844436794519424,0.002961412537842989,2.3031141608953476e-05,2.3031141608953476e-05
20230526_000000,49,CCOO,0.004534638952463865,0.004505227319896221,2.941163256764412e-05,2.941163256764412e-05
20230526_000000,49,CHFA,0.00015128846280276775,0.00014979703701101243,1.4914257917553186e-06,1.4914257917553186e-06
20230526_000000,49,CHMI,0.03090386837720871,0.030776318162679672,0.00012755021452903748,0.00012755021452903748
20230526_000000,49,CHMI_IRREG,0.002980424789711833,0.0029595494270324707,2.0875362679362297e-05,2.0875362679362297e-05
20230526_000000,49,COAU,7.07202052581124e-05,7.019660552032292e-05,5.235997377894819e-07,5.235997377894819e-07
20230526_000000,49,COAU2,0.012724833562970161,0.012671940959990025,5.289260298013687e-05,5.289260298013687e-05
20230526_000000,49,COCO,0.0042457119561731815,0.004238008987158537,7.702969014644623e-06,7.702969014644623e-06
20230526_000000,49,CYST,0.0011322477366775274,0.0011212258832529187,1.1021853424608707e-05,1.1021853424608707e-05
20230526_000000,49,DEFU,0.017865601927042007,0.017821617424488068,4.398450255393982e-05,4.398450255393982e-05
20230526_000000,49,DOG,0.0006481984746642411,0.0006441809237003326,4.017550963908434e-06,4.017550963908434e-06
20230526_000000,49,DRPU,1.501387458802128e-08,1.4805960013575259e-08,2.0791457444602202e-10,2.0791457444602202e-10
20230526_000000,49,DRUM,0.0012681055814027786,0.0012630096171051264,5.0959642976522446e-06,5.0959642976522446e-06
20230526_000000,49,FLY,0.0043274820782244205,0.004316517151892185,1.0964926332235336e-05,1.0964926332235336e-05
20230526_000000,49,FROG,0.0010859598405659199,0.0010866858065128326,-7.259659469127655e-07,7.259659469127655e-07
20230526_000000,49,GLGN,6.721194222336635e-05,6.682944513158873e-05,3.824970917776227e-07,3.824970917776227e-07
20230526_000000,49,HOSA,0.010263226926326752,0.010222251527011395,4.097539931535721e-05,4.097539931535721e-05
20230526_000000,49,HYPI,0.00011688949598465115,0.0001159487510449253,9.40744939725846e-07,9.40744939725846e-07
20230526_000000,49,INSP,0.0012442554580047727,0.0012389705516397953,5.28490636497736e-06,5.28490636497736e-06
20230526_000000,49,IXNA,0.005948160775005817,0.0059253256767988205,2.2835098206996918e-05,2.2835098206996918e-05
20230526_000000,49,MEKE,0.00018875418754760176,0.00018815870862454176,5.954789230599999e-07,5.954789230599999e-07
20230526_000000,49,MYTO,0.0194923747330904,0.019405363127589226,8.701160550117493e-05,8.701160550117493e-05
20230526_000000,49,NUCO,6.445675808208762e-06,6.36332970316289e-06,8.234610504587181e-08,8.234610504587181e-08
20230526_000000,49,OCPR,0.019028810784220695,0.019024785608053207,4.025176167488098e-06,4.025176167488098e-06
20230526_000000,49,ORPI,0.0036254320293664932,0.0036023156717419624,2.3116357624530792e-05,2.3116357624530792e-05
20230526_000000,49,PAFA,0.0002582292363513261,0.00025597537751309574,2.2538588382303715e-06,2.2538588382303715e-06
20230526_000000,49,PECA,0.0011197995627298951,0.0011144436430186033,5.35591971129179e-06,5.35591971129179e-06
20230526_000000,49,PHNU,0.0025533901061862707,0.002531347330659628,2.20427755266428e-05,2.20427755266428e-05
20230526_000000,49,PIMA,0.000256384169915691,0.00025325242313556373,3.131746780127287e-06,3.131746780127287e-06
20230526_000000,49,POEC,0.10444602370262146,0.1048177033662796,-0.0003716796636581421,0.0003716796636581421
20230526_000000,49,PSFL,0.2739928662776947,0.2728976309299469,0.0010952353477478027,0.0010952353477478027
20230526_000000,49,SHOT,0.0016233135247603059,0.0016156528145074844,7.660710252821445e-06,7.660710252821445e-06
20230526_000000,49,SITT,0.0058843763545155525,0.005869030021131039,1.5346333384513855e-05,1.5346333384513855e-05
20230526_000000,49,SPRU,0.0005306495004333556,0.0005263741477392614,4.275352694094181e-06,4.275352694094181e-06
20230526_000000,49,STOC,1.2698529644694645e-05,1.2599056390172336e-05,9.947325452230871e-08,9.947325452230871e-08
20230526_000000,49,STOC_IRREG,1.766274363035336e-05,1.7453567124903202e-05,2.091765054501593e-07,2.091765054501593e-07
20230526_000000,49,STVA,0.00033750306465663016,0.00033597403671592474,1.5290279407054186e-06,1.5290279407054186e-06
20230526_000000,49,STVA_IRREG,0.0014428276335820556,0.001439825282432139,3.002351149916649e-06,3.002351149916649e-06
20230526_000000,49,TADO1,5.754936864832416e-05,5.702928683604114e-05,5.200818122830242e-07,5.200818122830242e-07
20230526_000000,49,TADO2,0.0013353051617741585,0.0013290793867781758,6.225774995982647e-06,6.225774995982647e-06
20230526_000000,49,TAMI,3.8173071516212076e-05,3.787776586250402e-05,2.953056537080556e-07,2.953056537080556e-07
20230526_000000,49,TUMI,0.05746189504861832,0.05713273957371712,0.00032915547490119934,0.00032915547490119934
20230526_000000,49,WHIS,9.572508133715019e-06,9.533913726045284e-06,3.859440766973421e-08,3.859440766973421e-08
20230526_000000,49,YARD,0.0002415126218693331,0.00023993838112801313,1.5742407413199544e-06,1.5742407413199544e-06
20230526_000000,49,ZEMA,0.0018605347722768784,0.0018479033606126904,1.2631411664187908e-05,1.2631411664187908e-05
20230526_000000,5,AEAC,4.066908331878949e-06,4.098987574252533e-06,-3.207924237358384e-08,3.207924237358384e-08
20230526_000000,5,BRCA,0.00013192626647651196,0.0001318375434493646,8.87230271473527e-08,8.87230271473527e-08
20230526_000000,5,BRMA,0.0006735388305969536,0.0006656084442511201,7.93038634583354e-06,7.93038634583354e-06
20230526_000000,5,BUVI,9.122992196353152e-05,9.101863543037325e-05,2.112865331582725e-07,2.112865331582725e-07
20230526_000000,5,CAGU,0.1878880262374878,0.18951784074306488,-0.0016298145055770874,0.0016298145055770874
20230526_000000,5,CALU,9.202202022606798e-08,9.21378173757148e-08,-1.1579714964682353e-10,1.1579714964682353e-10
20230526_000000,5,CAUS,0.009555591270327568,0.009614850394427776,-5.925912410020828e-05,5.925912410020828e-05
20230526_000000,5,CCOO,0.11857811361551285,0.11801557242870331,0.0005625411868095398,0.0005625411868095398
20230526_000000,5,CHFA,0.0015007765032351017,0.0014914575731381774,9.318930096924305e-06,9.318930096924305e-06
20230526_000000,5,CHMI,0.1923888921737671,0.1919669657945633,0.0004219263792037964,0.0004219263792037964
20230526_000000,5,CHMI_IRREG,0.00251481169834733,0.0025060330517590046,8.7786465883255e-06,8.7786465883255e-06
20230526_000000,5,COAU,0.0007400488248094916,0.0007372315740212798,2.8172507882118225e-06,2.8172507882118225e-06
20230526_000000,5,COAU2,0.02434547059237957,0.024232640862464905,0.00011282972991466522,0.00011282972991466522
20230526_000000,5,COCO,0.02213168330490589,0.02205699123442173,7.469207048416138e-05,7.469207048416138e-05
20230526_000000,5,CYST,0.025919990614056587,0.02588653564453125,3.345496952533722e-05,3.345496952533722e-05
20230526_000000,5,DEFU,0.03279838711023331,0.03266879543662071,0.0001295916736125946,0.0001295916736125946
20230526_000000,5,DOG,0.0034706206060945988,0.0034503659699112177,2.025463618338108e-05,2.025463618338108e-05
20230526_000000,5,DRPU,1.4996052755122946e-07,1.4691714511627652e-07,3.043382434952946e-09,3.043382434952946e-09
20230526_000000,5,DRUM,0.006562165450304747,0.006538945250213146,2.3220200091600418e-05,2.3220200091600418e-05
20230526_000000,5,FLY,0.015439903363585472,0.01540408469736576,3.5818666219711304e-05,3.5818666219711304e-05
20230526_000000,5,FROG,0.0007154197082854807,0.0007159136002883315,-4.93892002850771e-07,4.93892002850771e-07
20230526_000000,5,GLGN,0.0027918126434087753,0.0027916920371353626,1.2060627341270447e-07,1.2060627341270447e-07
20230526_000000,5,HOSA,0.014331793412566185,0.014326631091535091,5.162321031093597e-06,5.162321031093597e-06
20230526_000000,5,HYPI,0.00027172997943125665,0.0002721149940043688,-3.8501457311213017e-07,3.8501457311213017e-07
20230526_000000,5,INSP,0.0001877419272204861,0.00018752302275970578,2.1890446078032255e-07,2.1890446078032255e-07
20230526_000000,5,IXNA,0.026355339214205742,0.026391800493001938,-3.6461278796195984e-05,3.6461278796195984e-05
20230526_000000,5,MEKE,0.00043069454841315746,0.0004302169836591929,4.775647539645433e-07,4.775647539645433e-07
20230526_000000,5,MYTO,0.01165732927620411,0.011617721058428288,3.9608217775821686e-05,3.9608217775821686e-05
20230526_000000,5,NUCO,4.672600334743038e-05,4.650455230148509e-05,2.2145104594528675e-07,2.2145104594528675e-07
20230526_000000,5,OCPR,0.009109772741794586,0.00909944623708725,1.0326504707336426e-05,1.0326504707336426e-05
20230526_000000,5,ORPI,0.0025674463249742985,0.002564633497968316,2.812827005982399e-06,2.812827005982399e-06
20230526_000000,5,PAFA,0.002834617393091321,0.0028299044352024794,4.712957888841629e-06,4.712957888841629e-06
20230526_000000,5,PECA,0.0022585438564419746,0.0022575396578758955,1.0041985660791397e-06,1.0041985660791397e-06
20230526_000000,5,PHNU,1.4425650078919716e-05,1.4486539839708712e-05,-6.088976078899577e-08,6.088976078899577e-08
20230526_000000,5,PIMA,0.003032776527106762,0.003021448850631714,1.1327676475048065e-05,1.1327676475048065e-05
20230526_000000,5,POEC,0.04131617397069931,0.041319604963064194,-3.430992364883423e-06,3.430992364883423e-06
20230526_000000,5,PSFL,0.00022574519971385598,0.00022621278185397387,-4.675821401178837e-07,4.675821401178837e-07
20230526_000000,5,SHOT,0.021769186481833458,0.021637508645653725,0.00013167783617973328,0.00013167783617973328
20230526_000000,5,SITT,0.007061635609716177,0.00706076854839921,8.670613169670105e-07,8.670613169670105e-07
20230526_000000,5,SPRU,0.005983313079923391,0.0059631820768117905,2.0131003111600876e-05,2.0131003111600876e-05
20230526_000000,5,STOC,0.0007193809724412858,0.0007207768503576517,-1.3958779163658619e-06,1.3958779163658619e-06
20230526_000000,5,STOC_IRREG,0.0001337086723651737,0.00013387181388679892,-1.6314152162522078e-07,1.6314152162522078e-07
20230526_000000,5,STVA,3.495413329801522e-05,3.5123637644574046e-05,-1.6950434655882418e-07,1.6950434655882418e-07
20230526_000000,5,STVA_IRREG,0.0008083297871053219,0.0008088191971182823,-4.89410012960434e-07,4.89410012960434e-07
20230526_000000,5,TADO1,0.00021911463409196585,0.00021672357979696244,2.391054295003414e-06,2.391054295003414e-06
20230526_000000,5,TADO2,0.0002238997840322554,0.0002222325565526262,1.6672274796292186e-06,1.6672274796292186e-06
20230526_000000,5,TAMI,2.3698064978816546e-05,2.371254777244758e-05,-1.448279363103211e-08,1.448279363103211e-08
20230526_000000,5,TUMI,0.19744135439395905,0.19738876819610596,5.258619785308838e-05,5.258619785308838e-05
20230526_000000,5,WHIS,1.351346872979775e-05,1.3597842553281225e-05,-8.437382348347455e-08,8.437382348347455e-08
20230526_000000,5,YARD,0.002429986372590065,0.0024260792415589094,3.907131031155586e-06,3.907131031155586e-06
20230526_000000,5,ZEMA,0.0002543430309742689,0.0002543218433856964,2.1187588572502136e-08,2.1187588572502136e-08
20230526_000000,50,AEAC,6.75419214530848e-05,6.825241871410981e-05,-7.104972610250115e-07,7.104972610250115e-07
20230526_000000,50,BRCA,1.1731542144843843e-05,1.184694792755181e-05,-1.1540578270796686e-07,1.1540578270796686e-07
20230526_000000,50,BRMA,1.5745392374810763e-05,1.5773299310239963e-05,-2.790693542920053e-08,2.790693542920053e-08
20230526_000000,50,BUVI,0.0034615446347743273,0.003492940915748477,-3.1396280974149704e-05,3.1396280974149704e-05
20230526_000000,50,CAGU,0.15145333111286163,0.1506815105676651,0.0007718205451965332,0.0007718205451965332
20230526_000000,50,CALU,8.924728899728507e-05,8.969959890237078e-05,-4.5230990508571267e-07,4.5230990508571267e-07
20230526_000000,50,CAUS,0.0018217103788629174,0.0018252382287755609,-3.5278499126434326e-06,3.5278499126434326e-06
20230526_000000,50,CCOO,0.004065395798534155,0.004082345869392157,-1.695007085800171e-05,1.695007085800171e-05
20230526_000000,50,CHFA,0.00013920389756094664,0.0001391278055962175,7.609196472913027e-08,7.609196472913027e-08
20230526_000000,50,CHMI,0.014102503657341003,0.014106158167123795,-3.6545097827911377e-06,3.6545097827911377e-06
20230526_000000,50,CHMI_IRREG,0.0003976384468842298,0.00039960333378985524,-1.9648869056254625e-06,1.9648869056254625e-06
20230526_000000,50,COAU,0.00017071174806915224,0.00017191660299431533,-1.2048549251630902e-06,1.2048549251630902e-06
20230526_000000,50,COAU2,0.04744315892457962,0.04780478775501251,-0.00036162883043289185,0.00036162883043289185
20230526_000000,50,COCO,0.011289740912616253,0.011315650306642056,-2.5909394025802612e-05,2.5909394025802612e-05
20230526_000000,50,CYST,0.004888656083494425,0.004900623112916946,-1.1967029422521591e-05,1.1967029422521591e-05
20230526_000000,50,DEFU,0.053727369755506516,0.05377800017595291,-5.0630420446395874e-05,5.0630420446395874e-05
20230526_000000,50,DOG,0.00228014774620533,0.002290106378495693,-9.958632290363312e-06,9.958632290363312e-06
20230526_000000,50,DRPU,2.265124199318791e-10,2.2700888391291585e-10,-4.964639810367544e-13,4.964639810367544e-13
20230526_000000,50,DRUM,0.006944325286895037,0.006930212024599314,1.4113262295722961e-05,1.4113262295722961e-05
20230526_000000,50,FLY,0.019125355407595634,0.01908448524773121,4.087015986442566e-05,4.087015986442566e-05
20230526_000000,50,FROG,0.0018905125325545669,0.0019207063596695662,-3.0193827114999294e-05,3.0193827114999294e-05
20230526_000000,50,GLGN,0.0003726653812918812,0.00037422735476866364,-1.5619734767824411e-06,1.5619734767824411e-06
20230526_000000,50,HOSA,0.03918682783842087,0.03927809000015259,-9.126216173171997e-05,9.126216173171997e-05
20230526_000000,50,HYPI,0.00014710210962221026,0.00014828152779955417,-1.179418177343905e-06,1.179418177343905e-06
20230526_000000,50,INSP,0.0001540827506687492,0.00015579168393742293,-1.708933268673718e-06,1.708933268673718e-06
20230526_000000,50,IXNA,0.006484939716756344,0.006475470494478941,9.469222277402878e-06,9.469222277402878e-06
20230526_000000,50,MEKE,0.001278473762795329,0.0012825558660551906,-4.082103259861469e-06,4.082103259861469e-06
20230526_000000,50,MYTO,0.012794489040970802,0.012815233319997787,-2.074427902698517e-05,2.074427902698517e-05
20230526_000000,50,NUCO,2.7688408863468794e-06,2.788643541862257e-06,-1.980265551537741e-08,1.980265551537741e-08
20230526_000000,50,OCPR,0.034701816737651825,0.03490333631634712,-0.00020151957869529724,0.00020151957869529724
20230526_000000,50,ORPI,0.012138523161411285,0.012169421650469303,-3.089848905801773e-05,3.089848905801773e-05
20230526_000000,50,PAFA,0.0007033748552203178,0.000702399353031069,9.755021892488003e-07,9.755021892488003e-07
20230526_000000,50,PECA,0.0028488230891525745,0.002875657519325614,-2.6834430173039436e-05,2.6834430173039436e-05
20230526_000000,50,PHNU,0.0009438496781513095,0.0009497021092101932,-5.852431058883667e-06,5.852431058883667e-06
20230526_000000,50,PIMA,0.0001912342122523114,0.00019218689703848213,-9.526847861707211e-07,9.526847861707211e-07
20230526_000000,50,POEC,0.015498912893235683,0.01548184547573328,1.706741750240326e-05,1.706741750240326e-05
20230526_000000,50,PSFL,0.20296655595302582,0.20330552756786346,-0.0003389716148376465,0.0003389716148376465
20230526_000000,50,SHOT,0.0012177475728094578,0.001228121342137456,-1.0373769327998161e-05,1.0373769327998161e-05
20230526_000000,50,SITT,0.03264832869172096,0.03243545442819595,0.00021287426352500916,0.00021287426352500916
20230526_000000,50,SPRU,0.001226233784109354,0.0012264265678822994,-1.9278377294540405e-07,1.9278377294540405e-07
20230526_000000,50,STOC,1.2141133083787281e-05,1.2310210877330974e-05,-1.6907779354369268e-07,1.6907779354369268e-07
20230526_000000,50,STOC_IRREG,7.235393695737002e-06,7.323487352550728e-06,-8.809365681372583e-08,8.809365681372583e-08
20230526_000000,50,STVA,0.0001337407884420827,0.00013502359797712415,-1.2828095350414515e-06,1.2828095350414515e-06
20230526_000000,50,STVA_IRREG,0.001850872882641852,0.0018616480519995093,-1.0775169357657433e-05,1.0775169357657433e-05
20230526_000000,50,TADO1,7.074273071339121e-06,7.091082807164639e-06,-1.6809735825518146e-08,1.6809735825518146e-08
20230526_000000,50,TADO2,0.00041865144157782197,0.00042511156061664224,-6.460119038820267e-06,6.460119038820267e-06
20230526_000000,50,TAMI,3.681342059280723e-05,3.7498524761758745e-05,-6.851041689515114e-07,6.851041689515114e-07
20230526_000000,50,TUMI,0.3071158230304718,0.30687156319618225,0.0002442598342895508,0.0002442598342895508
20230526_000000,50,WHIS,2.1387853848864324e-05,2.166643571399618e-05,-2.78581865131855e-07,2.78581865131855e-07
20230526_000000,50,YARD,0.0008375796023756266,0.0008384896791540086,-9.100767783820629e-07,9.100767783820629e-07
20230526_000000,50,ZEMA,0.0006663027452304959,0.0006707585416734219,-4.45579644292593e-06,4.45579644292593e-06
20230526_000000,6,AEAC,6.615519669139758e-05,6.635417230427265e-05,-1.9897561287507415e-07,1.9897561287507415e-07
20230526_000000,6,BRCA,0.00012958025035914034,0.0001294059620704502,1.7428828869014978e-07,1.7428828869014978e-07
20230526_000000,6,BRMA,1.3221992389844672e-07,1.2960299500264227e-07,2.616928895804449e-09,2.616928895804449e-09
20230526_000000,6,BUVI,0.024744627997279167,0.024835526943206787,-9.089894592761993e-05,9.089894592761993e-05
20230526_000000,6,CAGU,0.00017579353880137205,0.000173013104358688,2.7804344426840544e-06,2.7804344426840544e-06
20230526_000000,6,CALU,0.24953828752040863,0.24857096374034882,0.0009673237800598145,0.0009673237800598145
20230526_000000,6,CAUS,9.037166819325648e-06,8.880011591827497e-06,1.5715522749815136e-07,1.5715522749815136e-07
20230526_000000,6,CCOO,7.333474059123546e-05,7.191346230683848e-05,1.4212782843969762e-06,1.4212782843969762e-06
20230526_000000,6,CHFA,1.5377574527519755e-05,1.5165628610702697e-05,2.1194591681705788e-07,2.1194591681705788e-07
20230526_000000,6,CHMI,0.0046796356327831745,0.004643112886697054,3.6522746086120605e-05,3.6522746086120605e-05
20230526_000000,6,CHMI_IRREG,0.003746697911992669,0.003750859759747982,-4.16184775531292e-06,4.16184775531292e-06
20230526_000000,6,COAU,4.8391957534477115e-05,4.7727116907481104e-05,6.648406269960105e-07,6.648406269960105e-07
20230526_000000,6,COAU2,0.0015959915472194552,0.0015759627567604184,2.0028790459036827e-05,2.0028790459036827e-05
20230526_000000,6,COCO,0.0073773483745753765,0.007327123545110226,5.022482946515083e-05,5.022482946515083e-05
20230526_000000,6,CYST,0.0005824100808240473,0.0005772925214841962,5.117559339851141e-06,5.117559339851141e-06
20230526_000000,6,DEFU,0.007819293066859245,0.007809947244822979,9.345822036266327e-06,9.345822036266327e-06
20230526_000000,6,DOG,0.041623055934906006,0.0417526513338089,-0.00012959539890289307,0.00012959539890289307
20230526_000000,6,DRPU,7.831157944337974e-08,7.740144525314463e-08,9.101341902351123e-10,9.101341902351123e-10
20230526_000000,6,DRUM,0.0034235247876495123,0.003405592404305935,1.7932383343577385e-05,1.7932383343577385e-05
20230526_000000,6,FLY,0.026738805696368217,0.026599755510687828,0.0001390501856803894,0.0001390501856803894
20230526_000000,6,FROG,0.002673008479177952,0.002675567055121064,-2.5585759431123734e-06,2.5585759431123734e-06
20230526_000000,6,GLGN,0.00013650373148266226,0.0001363085611956194,1.9517028704285622e-07,1.9517028704285622e-07
20230526_000000,6,HOSA,0.17620594799518585,0.17615406215190887,5.188584327697754e-05,5.188584327697754e-05
20230526_000000,6,HYPI,3.716352875926532e-05,3.673596802400425e-05,4.2756073526106775e-07,4.2756073526106775e-07
20230526_000000,6,INSP,0.0045229289680719376,0.0045282901264727116,-5.361158400774002e-06,5.361158400774002e-06
20230526_000000,6,IXNA,0.00017035016207955778,0.00016794611292425543,2.4040491553023458e-06,2.4040491553023458e-06
20230526_000000,6,MEKE,0.002259264700114727,0.0022681723348796368,-8.907634764909744e-06,8.907634764909744e-06
20230526_000000,6,MYTO,1.568095171933237e-06,1.5306360410249908e-06,3.745913090824615e-08,3.745913090824615e-08
20230526_000000,6,NUCO,7.139526019273035e-07,7.023879788903287e-07,1.1564623036974808e-08,1.1564623036974808e-08
20230526_000000,6,OCPR,0.00024445558665320277,0.00024226945242844522,2.186134224757552e-06,2.186134224757552e-06
20230526_000000,6,ORPI,0.0008270416874438524,0.0008237000438384712,3.3416436053812504e-06,3.3416436053812504e-06
20230526_000000,6,PAFA,0.0020370318088680506,0.0020289074163883924,8.124392479658127e-06,8.124392479658127e-06
20230526_000000,6,PECA,4.760192314279266e-05,4.7285124310292304e-05,3.1679883250035346e-07,3.1679883250035346e-07
20230526_000000,6,PHNU,0.0005255768774077296,0.0005272228154353797,-1.6459380276501179e-06,1.6459380276501179e-06
20230526_000000,6,PIMA,1.7741551801009336e-06,1.7421496067981934e-06,3.200557330274023e-08,3.200557330274023e-08
20230526_000000,6,POEC,0.0026479193475097418,0.002586941933259368,6.097741425037384e-05,6.097741425037384e-05
20230526_000000,6,PSFL,0.29145193099975586,0.29279395937919617,-0.0013420283794403076,0.0013420283794403076
20230526_000000,6,SHOT,0.0940249040722847,0.09380006045103073,0.00022484362125396729,0.00022484362125396729
20230526_000000,6,SITT,0.0006908807554282248,0.0006819504196755588,8.930335752665997e-06,8.930335752665997e-06
20230526_000000,6,SPRU,0.0013256482779979706,0.0013118302449584007,1.3818033039569855e-05,1.3818033039569855e-05
20230526_000000,6,STOC,0.00021022101282142103,0.0002113228547386825,-1.1018419172614813e-06,1.1018419172614813e-06
20230526_000000,6,STOC_IRREG,0.00015147226804401726,0.00015200952475424856,-5.372567102313042e-07,5.372567102313042e-07
20230526_000000,6,STVA,0.00660356180742383,0.006628882605582476,-2.532079815864563e-05,2.532079815864563e-05
20230526_000000,6,STVA_IRREG,0.023111604154109955,0.023220451548695564,-0.00010884739458560944,0.00010884739458560944
20230526_000000,6,TADO1,2.7443364160717465e-05,2.715508708206471e-05,2.882770786527544e-07,2.882770786527544e-07
20230526_000000,6,TADO2,0.0002210071252193302,0.00021899311104789376,2.014014171436429e-06,2.014014171436429e-06
20230526_000000,6,TAMI,1.6184036212507635e-05,1.612563391972799e-05,5.8402292779646814e-08,5.8402292779646814e-08
20230526_000000,6,TUMI,0.002805146621540189,0.002772627165541053,3.251945599913597e-05,3.251945599913597e-05
20230526_000000,6,WHIS,0.00010196139919571579,0.00010249230399494991,-5.30904799234122e-07,5.30904799234122e-07
20230526_000000,6,YARD,0.012042379938066006,0.011991290375590324,5.1089562475681305e-05,5.1089562475681305e-05
20230526_000000,6,ZEMA,0.002489220118150115,0.002481994219124317,7.225899025797844e-06,7.225899025797844e-06
20230526_000000,7,AEAC,3.5871735235559754e-06,3.6126225495536346e-06,-2.544902599765919e-08,2.544902599765919e-08
20230526_000000,7,BRCA,2.1954818407721177e-08,2.2082632611386543e-08,-1.2781420366536622e-10,1.2781420366536622e-10
20230526_000000,7,BRMA,4.2492246700442937e-13,4.245663065907679e-13,3.561604136614882e-16,3.561604136614882e-16
20230526_000000,7,BUVI,0.006391213741153479,0.006368198897689581,2.3014843463897705e-05,2.3014843463897705e-05
20230526_000000,7,CAGU,1.016538476505957e-06,1.0092710454046028e-06,7.267431101354305e-09,7.267431101354305e-09
20230526_000000,7,CALU,0.9828137159347534,0.9828368425369263,-2.3126602172851562e-05,2.3126602172851562e-05
20230526_000000,7,CAUS,2.691211475891464e-09,2.6843438583057377e-09,6.867617585726293e-12,6.867617585726293e-12
20230526_000000,7,CCOO,2.4796056319331683e-09,2.465294635101145e-09,1.4310996832023193e-11,1.4310996832023193e-11
20230526_000000,7,CHFA,4.767346517553506e-09,4.7803614400265815e-09,-1.3014922473075785e-11,1.3014922473075785e-11
20230526_000000,7,CHMI,2.1825568182975985e-05,2.1744557670899667e-05,8.101051207631826e-08,8.101051207631826e-08
20230526_000000,7,CHMI_IRREG,4.4746957428287715e-05,4.4497613998828456e-05,2.493434294592589e-07,2.493434294592589e-07
20230526_000000,7,COAU,2.8316918587734108e-08,2.8267994167663346e-08,4.89244200707617e-11,4.89244200707617e-11
20230526_000000,7,COAU2,3.89996699823314e-07,3.8959097992119496e-07,4.057199021190172e-10,4.057199021190172e-10
20230526_000000,7,COCO,0.00026481662644073367,0.0002651733811944723,-3.5675475373864174e-07,3.5675475373864174e-07
20230526_000000,7,CYST,4.051233872814919e-07,4.052272402077506e-07,-1.0385292625869624e-10,1.0385292625869624e-10
20230526_000000,7,DEFU,0.0013618242228403687,0.0013577090576291084,4.115165211260319e-06,4.115165211260319e-06
20230526_000000,7,DOG,0.00011465833085821941,0.0001144283523899503,2.2997846826910973e-07,2.2997846826910973e-07
20230526_000000,7,DRPU,3.177683376848206e-12,3.1725802540627512e-12,5.103122785454772e-15,5.103122785454772e-15
20230526_000000,7,DRUM,4.361183528089896e-05,4.374757918412797e-05,-1.3574390322901309e-07,1.3574390322901309e-07
20230526_000000,7,FLY,0.00035987660521641374,0.00035961196408607066,2.6464113034307957e-07,2.6464113034307957e-07
20230526_000000,7,FROG,0.0002737841277848929,0.00027533466345630586,-1.5505356714129448e-06,1.5505356714129448e-06
20230526_000000,7,GLGN,4.317956268096168e-07,4.3378119585213426e-07,-1.9855690425174544e-09,1.9855690425174544e-09
20230526_000000,7,HOSA,0.0017423785757273436,0.0017413771711289883,1.0014045983552933e-06,1.0014045983552933e-06
20230526_000000,7,HYPI,1.1644564779089706e-07,1.1681455447387634e-07,-3.689066829792864e-10,3.689066829792864e-10
20230526_000000,7,INSP,0.0010879785986617208,0.0010851358529180288,2.8427457436919212e-06,2.8427457436919212e-06
20230526_000000,7,IXNA,1.1291311921013403e-06,1.1285892469459213e-06,5.419451554189436e-10,5.419451554189436e-10
20230526_000000,7,MEKE,0.0007722955197095871,0.0007748042698949575,-2.5087501853704453e-06,2.5087501853704453e-06
20230526_000000,7,MYTO,2.4450966425171305e-12,2.4229210218024155e-12,2.2175620714715016e-14,2.2175620714715016e-14
20230526_000000,7,NUCO,2.688548439867128e-13,2.669984730269831e-13,1.8563709597296807e-15,1.8563709597296807e-15
20230526_000000,7,OCPR,2.2521550846477112e-08,2.2342296901456393e-08,1.7925394502071867e-10,1.7925394502071867e-10
20230526_000000,7,ORPI,4.26955608645585e-07,4.2737957528515835e-07,-4.239666395733366e-10,4.239666395733366e-10
20230526_000000,7,PAFA,5.257504199107643e-06,5.268188488116721e-06,-1.0684289009077474e-08,1.0684289009077474e-08
20230526_000000,7,PECA,5.0704432652537434e-08,5.075855469272028e-08,-5.412204018284683e-11,5.412204018284683e-11
20230526_000000,7,PHNU,1.4933961267615814e-07,1.489176071345355e-07,4.220055416226387e-10,4.220055416226387e-10
20230526_000000,7,PIMA,1.1230954317584252e-12,1.1199879999118645e-12,3.1074318465607043e-15,3.1074318465607043e-15
20230526_000000,7,POEC,4.828713372262428e-06,4.795107543031918e-06,3.36058292305097e-08,3.36058292305097e-08
20230526_000000,7,PSFL,0.0010847421362996101,0.0010778040159493685,6.938120350241661e-06,6.938120350241661e-06
20230526_000000,7,SHOT,0.0015190803678706288,0.001521692844107747,-2.612476237118244e-06,2.612476237118244e-06
20230526_000000,7,SITT,3.6946900650036696e-07,3.6740036080118443e-07,2.0686456991825253e-09,2.0686456991825253e-09
20230526_000000,7,SPRU,9.285021747018618e-07,9.321332754552714e-07,-3.631100753409555e-09,3.631100753409555e-09
20230526_000000,7,STOC,5.288799002300948e-06,5.283186510496307e-06,5.61249180464074e-09,5.61249180464074e-09
20230526_000000,7,STOC_IRREG,8.531562230018608e-07,8.530282116225862e-07,1.2801137927453965e-10,1.2801137927453965e-10
20230526_000000,7,STVA,0.0009206130052916706,0.0009267728892154992,-6.159883923828602e-06,6.159883923828602e-06
20230526_000000,7,STVA_IRREG,0.0011416663182899356,0.001143885892815888,-2.219574525952339e-06,2.219574525952339e-06
20230526_000000,7,TADO1,7.1797408018881015e-09,7.208093233401769e-09,-2.8352431513667398e-11,2.8352431513667398e-11
20230526_000000,7,TADO2,3.9418310393557476e-07,3.9492690007136844e-07,-7.437961357936729e-10,7.437961357936729e-10
20230526_000000,7,TAMI,1.367379542926983e-09,1.379469649620546e-09,-1.209010669356303e-11,1.209010669356303e-11
20230526_000000,7,TUMI,2.4534008389309747e-06,2.446792223054217e-06,6.60861587675754e-09,6.60861587675754e-09
20230526_000000,7,WHIS,7.595636475343781e-07,7.631925313944521e-07,-3.6288838600739837e-09,3.6288838600739837e-09
20230526_000000,7,YARD,1.1548747352208011e-05,1.1575825737963896e-05,-2.7078385755885392e-08,2.7078385755885392e-08
20230526_000000,7,ZEMA,6.106863565946696e-07,6.091017894505057e-07,1.5845671441638842e-09,1.5845671441638842e-09
20230526_000000,8,AEAC,3.7664105168033757e-10,3.786864710697557e-10,-2.045419389418157e-12,2.045419389418157e-12
20230526_000000,8,BRCA,1.9899849014448894e-15,1.997093837212958e-15,-7.108935768068529e-18,7.108935768068529e-18
20230526_000000,8,BRMA,1.997240162154596e-15,1.9982595663066167e-15,-1.0194041520205505e-18,1.0194041520205505e-18
20230526_000000,8,BUVI,0.0004586520662996918,0.00045958979171700776,-9.377254173159599e-07,9.377254173159599e-07
20230526_000000,8,CAGU,1.5794826140336227e-06,1.5679490843467647e-06,1.1533529686857946e-08,1.1533529686857946e-08
20230526_000000,8,CALU,2.778407726111709e-09,2.8037987487294913e-09,-2.5391022617782255e-11,2.5391022617782255e-11
20230526_000000,8,CAUS,2.0418482876705113e-11,2.0325829561129716e-11,9.265331557539724e-14,9.265331557539724e-14
20230526_000000,8,CCOO,1.1259838547661438e-12,1.1191592357712166e-12,6.824618994927256e-15,6.824618994927256e-15
20230526_000000,8,CHFA,2.231835999648088e-13,2.2307489514448997e-13,1.0870482031882789e-16,1.0870482031882789e-16
20230526_000000,8,CHMI,2.1901261959555995e-07,2.1831634455793392e-07,6.962750376260374e-10,6.962750376260374e-10
20230526_000000,8,CHMI_IRREG,7.874640317595549e-08,7.879576457980875e-08,-4.936140385325416e-11,4.936140385325416e-11
20230526_000000,8,COAU,3.2751752698789716e-13,3.272181787680739e-13,2.9934821982324777e-16,2.9934821982324777e-16
20230526_000000,8,COAU2,3.269974568897993e-10,3.251618141408841e-10,1.835642748915234e-12,1.835642748915234e-12
20230526_000000,8,COCO,7.098848175957073e-10,7.092115783535746e-10,6.732392421326949e-13,6.732392421326949e-13
20230526_000000,8,CYST,2.0273820122707065e-10,2.0235672859580944e-10,3.814726312612038e-13,3.814726312612038e-13
20230526_000000,8,DEFU,5.552572474698536e-06,5.512390544026857e-06,4.0181930671678856e-08,4.0181930671678856e-08
20230526_000000,8,DOG,4.3149755990512517e-10,4.3256925819079584e-10,-1.0716982856706636e-12,1.0716982856706636e-12
20230526_000000,8,DRPU,3.865119026897369e-20,3.913064160035047e-20,-4.794513313767809e-22,4.794513313767809e-22
20230526_000000,8,DRUM,1.6723910034599498e-09,1.665742432876982e-09,6.64857058296775e-12,6.64857058296775e-12
20230526_000000,8,FLY,9.575812498496816e-08,9.560675806596919e-08,1.5136691899897414e-10,1.5136691899897414e-10
20230526_000000,8,FROG,1.520553460920837e-08,1.5229813854489294e-08,-2.4279245280922623e-11,2.4279245280922623e-11
20230526_000000,8,GLGN,1.812334310402619e-11,1.8117486677571293e-11,5.856426454897701e-15,5.856426454897701e-15
20230526_000000,8,HOSA,1.0524597371386335e-07,1.0550979112622372e-07,-2.638174123603676e-10,2.638174123603676e-10
20230526_000000,8,HYPI,3.0276714973022714e-14,3.026063828768383e-14,1.607668533888662e-17,1.607668533888662e-17
20230526_000000,8,INSP,1.2811598004702773e-08,1.2890907896689896e-08,-7.930989198712268e-11,7.930989198712268e-11
20230526_000000,8,IXNA,1.9420176577966686e-09,1.9405759221768903e-09,1.4417356197782283e-12,1.4417356197782283e-12
20230526_000000,8,MEKE,6.813253072834868e-09,6.820163989118555e-09,-6.9109162836866744e-12,6.9109162836866744e-12
20230526_000000,8,MYTO,5.253921429859698e-12,5.2094626355747575e-12,4.4458794284940595e-14,4.4458794284940595e-14
20230526_000000,8,NUCO,6.464314705112476e-21,6.409919501901445e-21,5.439520321103103e-23,5.439520321103103e-23
20230526_000000,8,OCPR,3.5885590055073635e-09,3.5579004187269447e-09,3.065858678041877e-11,3.065858678041877e-11
20230526_000000,8,ORPI,2.364770879115241e-11,2.354354905476086e-11,1.041597363915514e-13,1.041597363915514e-13
20230526_000000,8,PAFA,8.945877927324375e-10,9.002560918958125e-10,-5.668299163374968e-12,5.668299163374968e-12
20230526_000000,8,PECA,1.2049345896048003e-12,1.203126357221529e-12,1.8082323832713243e-15,1.8082323832713243e-15
20230526_000000,8,PHNU,1.1753265027891757e-08,1.1736544180962483e-08,1.6720846929274558e-11,1.6720846929274558e-11
20230526_000000,8,PIMA,8.030855427585174e-16,7.999631146171421e-16,3.122428141375368e-18,3.122428141375368e-18
20230526_000000,8,POEC,1.4124155178762976e-09,1.3968913803452665e-09,1.55241375310311e-11,1.55241375310311e-11
20230526_000000,8,PSFL,0.9995324611663818,0.999531626701355,8.344650268554688e-07,8.344650268554688e-07
20230526_000000,8,SHOT,8.84917486509984e-11,8.835372017346188e-11,1.3802847753652259e-13,1.3802847753652259e-13
20230526_000000,8,SITT,9.381697196886307e-09,9.316496019096121e-09,6.520117779018619e-11,6.520117779018619e-11
20230526_000000,8,SPRU,2.660852007480008e-12,2.6522510316456804e-12,8.600975834327507e-15,8.600975834327507e-15
20230526_000000,8,STOC,5.259992270846732e-14,5.304550269630455e-14,-4.455799878372302e-16,4.455799878372302e-16
20230526_000000,8,STOC_IRREG,4.057192949658006e-15,4.084691450774143e-15,-2.7498501116137233e-17,2.7498501116137233e-17
20230526_000000,8,STVA,4.4515569008751754e-10,4.501904959930414e-10,-5.034805905523854e-12,5.034805905523854e-12
20230526_000000,8,STVA_IRREG,8.345293167622003e-08,8.397611139798755e-08,-5.231797217675194e-10,5.231797217675194e-10
20230526_000000,8,TADO1,1.458989687690062e-15,1.4601355115094602e-15,-1.1458238193982548e-18,1.1458238193982548e-18
20230526_000000,8,TADO2,1.7090502624217407e-11,1.7051353384811563e-11,3.914923940584458e-14,3.914923940584458e-14
20230526_000000,8,TAMI,2.036874019602751e-14,2.0447468520343008e-14,-7.87283243154982e-17,7.87283243154982e-17
20230526_000000,8,TUMI,1.1473690619823174e-06,1.1382762750145048e-06,9.092786967812572e-09,9.092786967812572e-09
20230526_000000,8,WHIS,1.2400489502969493e-14,1.2444027843491311e-14,-4.353834052181829e-17,4.353834052181829e-17
20230526_000000,8,YARD,8.969492358047726e-13,8.972873984623708e-13,-3.3816265759822883e-16,3.3816265759822883e-16
20230526_000000,8,ZEMA,1.5258720953426064e-09,1.530277682348924e-09,-4.405587006317546e-12,4.405587006317546e-12
20230526_000000,9,AEAC,6.426698382711038e-05,6.394054071279243e-05,3.264431143179536e-07,3.264431143179536e-07
20230526_000000,9,BRCA,4.562464539503708e-07,4.55390193110361e-07,8.562608400097815e-10,8.562608400097815e-10
20230526_000000,9,BRMA,7.404850170533717e-12,7.43553569410027e-12,-3.068552356655374e-14,3.068552356655374e-14
20230526_000000,9,BUVI,0.00900211837142706,0.009019926190376282,-1.7807818949222565e-05,1.7807818949222565e-05
20230526_000000,9,CAGU,9.545361763230176e-07,9.553897371006315e-07,-8.535607776138932e-10,8.535607776138932e-10
20230526_000000,9,CALU,0.9699724912643433,0.9699487090110779,2.378225326538086e-05,2.378225326538086e-05
20230526_000000,9,CAUS,3.6033270589541644e-08,3.626093558750654e-08,-2.276649979648937e-10,2.276649979648937e-10
20230526_000000,9,CCOO,5.559255278342334e-09,5.585604867519578e-09,-2.6349589177243615e-11,2.6349589177243615e-11
20230526_000000,9,CHFA,9.105009191046065e-09,9.164948799877948e-09,-5.993960883188265e-11,5.993960883188265e-11
20230526_000000,9,CHMI,1.4715445786350756e-06,1.4751096841791878e-06,-3.565105544112157e-09,3.565105544112157e-09
20230526_000000,9,CHMI_IRREG,7.173477115429705e-06,7.1758463491278235e-06,-2.369233698118478e-09,2.369233698118478e-09
20230526_000000,9,COAU,2.1433983476981666e-07,2.154093863282469e-07,-1.0695515584302484e-09,1.0695515584302484e-09
20230526_000000,9,COAU2,8.208074859794579e-07,8.247293976637593e-07,-3.921911684301449e-09,3.921911684301449e-09
20230526_000000,9,COCO,0.00034687842708081007,0.00034723893622867763,-3.605091478675604e-07,3.605091478675604e-07
20230526_000000,9,CYST,1.1916840776393656e-06,1.193927573694964e-06,-2.2434960555983707e-09,2.2434960555983707e-09
20230526_000000,9,DEFU,0.00010565613047219813,0.00010603095142869279,-3.748209564946592e-07,3.748209564946592e-07
20230526_000000,9,DOG,6.202478107297793e-05,6.204349483596161e-05,-1.871376298367977e-08,1.871376298367977e-08
20230526_000000,9,DRPU,3.1899175141625324e-12,3.2216033226534213e-12,-3.168580849088887e-14,3.168580849088887e-14
20230526_000000,9,DRUM,2.5729932531248778e-05,2.5840032321866602e-05,-1.100997906178236e-07,1.100997906178236e-07
20230526_000000,9,FLY,9.80508848442696e-05,9.811871859710664e-05,-6.783375283703208e-08,6.783375283703208e-08
20230526_000000,9,FROG,0.0036027587484568357,0.0036215789150446653,-1.882016658782959e-05,1.882016658782959e-05
20230526_000000,9,GLGN,1.5265044339685119e-06,1.5241105302266078e-06,2.3939037419040687e-09,2.3939037419040687e-09
20230526_000000,9,HOSA,0.0008150684298016131,0.0008154432871378958,-3.748573362827301e-07,3.748573362827301e-07
20230526_000000,9,HYPI,3.116375637546298e-07,3.1147214940574486e-07,1.6541434888495132e-10,1.6541434888495132e-10
20230526_000000,9,INSP,0.0001231368660228327,0.00012404410517774522,-9.072391549125314e-07,9.072391549125314e-07
20230526_000000,9,IXNA,1.5882856132520828e-06,1.5992645785445347e-06,-1.0978965292451903e-08,1.0978965292451903e-08
20230526_000000,9,MEKE,0.0003833078080788255,0.0003838809789158404,-5.731708370149136e-07,5.731708370149136e-07
20230526_000000,9,MYTO,2.1842371661362492e-11,2.190709245952771e-11,-6.47207981652187e-14,6.47207981652187e-14
20230526_000000,9,NUCO,1.607798529729143e-12,1.612513074455979e-12,-4.7145447268359675e-15,4.7145447268359675e-15
20230526_000000,9,OCPR,1.34087343894862e-07,1.33640057242701e-07,4.4728665216098307e-10,4.4728665216098307e-10
20230526_000000,9,ORPI,3.450860958764679e-06,3.4505787880334537e-06,2.82170731225051e-10,2.82170731225051e-10
20230526_000000,9,PAFA,1.3762696653429884e-05,1.379832701786654e-05,-3.5630364436656237e-08,3.5630364436656237e-08
20230526_000000,9,PECA,3.9895030568004586e-07,3.9933181028573017e-07,-3.81504605684313e-10,3.81504605684313e-10
20230526_000000,9,PHNU,1.0721751095843501e-05,1.0657296115823556e-05,6.445498001994565e-08,6.445498001994565e-08
20230526_000000,9,PIMA,3.0679726120697026e-11,3.079722588061884e-11,-1.1749975992181305e-13,1.1749975992181305e-13
20230526_000000,9,POEC,1.5252893490469432e-06,1.5278388900696882e-06,-2.549541022744961e-09,2.549541022744961e-09
20230526_000000,9,PSFL,0.013744628056883812,0.013722268864512444,2.2359192371368408e-05,2.2359192371368408e-05
20230526_000000,9,SHOT,0.00013300385035108775,0.00013322175072971731,-2.1790037862956524e-07,2.1790037862956524e-07
20230526_000000,9,SITT,9.121853281612857e-07,9.138782957052172e-07,-1.6929675439314451e-09,1.6929675439314451e-09
20230526_000000,9,SPRU,1.3747918501394452e-06,1.3801518434775062e-06,-5.359993338061031e-09,5.359993338061031e-09
20230526_000000,9,STOC,1.1686782954711816e-06,1.1724484920705436e-06,-3.770196599361952e-09,3.770196599361952e-09
20230526_000000,9,STOC_IRREG,2.2394381176127354e-06,2.241692982352106e-06,-2.2548647393705323e-09,2.2548647393705323e-09
20230526_000000,9,STVA,0.00028083837241865695,0.0002830017183441669,-2.1633459255099297e-06,2.1633459255099297e-06
20230526_000000,9,STVA_IRREG,0.0011705657234415412,0.0011750030098482966,-4.437286406755447e-06,4.437286406755447e-06
20230526_000000,9,TADO1,6.017859544016346e-09,6.03754424233216e-09,-1.9684698315813876e-11,1.9684698315813876e-11
20230526_000000,9,TADO2,6.928500170033658e-06,6.970254617044702e-06,-4.175444701104425e-08,4.175444701104425e-08
20230526_000000,9,TAMI,2.862410326542886e-07,2.866790111966111e-07,-4.3797854232252575e-10,4.3797854232252575e-10
20230526_000000,9,TUMI,4.846860065299552e-06,4.861175057158107e-06,-1.4314991858555004e-08,1.4314991858555004e-08
20230526_000000,9,WHIS,2.8732256396324374e-06,2.8732704322464997e-06,-4.4792614062316716e-11,4.4792614062316716e-11
20230526_000000,9,YARD,2.3857705855334643e-06,2.389608198427595e-06,-3.837612894130871e-09,3.837612894130871e-09
20230526_000000,9,ZEMA,7.964807764437865e-07,7.989542609720957e-07,-2.4734845283092e-09,2.4734845283092e-09
