audio_file,segment_idx,class_code,sox_prob,tf_prob,diff,abs_diff
20230522_000000,1,AEAC,6.945227726262715e-10,6.893153270404184e-10,5.2074455858530655e-12,5.2074455858530655e-12
20230522_000000,1,BRCA,4.873732371997973e-14,4.8770910270404255e-14,-3.358655042452752e-17,3.358655042452752e-17
20230522_000000,1,BRMA,3.2036585840763965e-13,3.283512784585385e-13,-7.985420050898862e-15,7.985420050898862e-15
20230522_000000,1,BUVI,1.2383240573399235e-05,1.234871433553053e-05,3.45262378687039e-08,3.45262378687039e-08
20230522_000000,1,CAGU,0.00016853248234838247,0.00017375833704136312,-5.225854692980647e-06,5.225854692980647e-06
20230522_000000,1,CALU,5.974772648187354e-06,5.953359959676163e-06,2.1412688511190936e-08,2.1412688511190936e-08
20230522_000000,1,CAUS,3.2798064264483173e-09,3.326758202248925e-09,-4.695177580060772e-11,4.695177580060772e-11
20230522_000000,1,CCOO,9.309673032475985e-10,9.502840736530516e-10,-1.93167704054531e-11,1.93167704054531e-11
20230522_000000,1,CHFA,1.5256488780646116e-11,1.558401151180444e-11,-3.275227311583251e-13,3.275227311583251e-13
20230522_000000,1,CHMI,5.625358880934073e-07,5.681263814949489e-07,-5.5904934015416075e-09,5.5904934015416075e-09
20230522_000000,1,CHMI_IRREG,9.06530672750705e-09,9.073474416254612e-09,-8.167688747562352e-12,8.167688747562352e-12
20230522_000000,1,COAU,2.1267803490543358e-11,2.1556631479846544e-11,-2.8882798930318643e-13,2.8882798930318643e-13
20230522_000000,1,COAU2,1.59384452302902e-08,1.618820988369407e-08,-2.497646534038722e-10,2.497646534038722e-10
20230522_000000,1,COCO,4.156930444310092e-08,4.1734320888053844e-08,-1.6501644495292567e-10,1.6501644495292567e-10
20230522_000000,1,CYST,2.4159940714696404e-09,2.4509261287164463e-09,-3.4932057246805925e-11,3.4932057246805925e-11
20230522_000000,1,DEFU,2.5190895485138753e-06,2.543008577049477e-06,-2.3919028535601683e-08,2.3919028535601683e-08
20230522_000000,1,DOG,1.4265176817573888e-09,1.4279201154820953e-09,-1.4024337247064977e-12,1.4024337247064977e-12
20230522_000000,1,DRPU,7.436994254838565e-19,7.517503743858351e-19,-8.050948901978618e-21,8.050948901978618e-21
20230522_000000,1,DRUM,1.031754059965806e-08,1.0376354886432182e-08,-5.881428677412259e-11,5.881428677412259e-11
20230522_000000,1,FLY,1.6678094993949344e-07,1.6757084608798323e-07,-7.898961484897882e-10,7.898961484897882e-10
20230522_000000,1,FROG,6.260127349833056e-08,6.249715056583227e-08,1.0412293249828508e-10,1.0412293249828508e-10
20230522_000000,1,GLGN,4.4867661669334424e-11,4.49050900630521e-11,-3.742839371767559e-14,3.742839371767559e-14
20230522_000000,1,HOSA,1.707727733446518e-06,1.7102514675571001e-06,-2.5237341105821542e-09,2.5237341105821542e-09
20230522_000000,1,HYPI,1.0020168288854547e-12,1.0125493108900652e-12,-1.0532482004610433e-14,1.0532482004610433e-14
20230522_000000,1,INSP,7.2883894475239686e-09,7.236764520968109e-09,5.162492655585993e-11,5.162492655585993e-11
20230522_000000,1,IXNA,1.5594100943872036e-07,1.586262641239955e-07,-2.6852546852751402e-09,2.6852546852751402e-09
20230522_000000,1,MEKE,4.311734080886254e-09,4.292583621889889e-09,1.915045899636425e-11,1.915045899636425e-11
20230522_000000,1,MYTO,5.223272037113702e-09,5.356858512328699e-09,-1.3358647521499734e-10,1.3358647521499734e-10
20230522_000000,1,NUCO,2.5168349874187605e-17,2.56889062141958e-17,-5.205563400081961e-19,5.205563400081961e-19
20230522_000000,1,OCPR,2.951879451984496e-08,3.003311022098387e-08,-5.143157011389121e-10,5.143157011389121e-10
20230522_000000,1,ORPI,8.74231076419818e-10,8.828812680938825e-10,-8.650191674064445e-12,8.650191674064445e-12
20230522_000000,1,PAFA,1.1970969771013529e-09,1.2002914218101068e-09,-3.194444708753963e-12,3.194444708753963e-12
20230522_000000,1,PECA,9.277532214690964e-11,9.344968548985477e-11,-6.743633429451279e-13,6.743633429451279e-13
20230522_000000,1,PHNU,8.639133852739178e-08,8.661938721843399e-08,-2.2804869104220415e-10,2.2804869104220415e-10
20230522_000000,1,PIMA,3.686811598201112e-13,3.776309777034359e-13,-8.949817883324718e-15,8.949817883324718e-15
20230522_000000,1,POEC,3.0763442282477627e-06,3.1419012884725817e-06,-6.5557060224819e-08,6.5557060224819e-08
20230522_000000,1,PSFL,0.9997970461845398,0.99979168176651,5.364418029785156e-06,5.364418029785156e-06
20230522_000000,1,SHOT,1.5741608017094677e-09,1.5715782009095847e-09,2.582600799883039e-12,2.582600799883039e-12
20230522_000000,1,SITT,7.783722253407177e-07,7.912335036053264e-07,-1.28612782646087e-08,1.28612782646087e-08
20230522_000000,1,SPRU,1.1512715086814396e-10,1.1634660596060442e-10,-1.2194550924604641e-12,1.2194550924604641e-12
20230522_000000,1,STOC,3.6507250130921043e-13,3.6171930793520157e-13,3.353193374008856e-15,3.353193374008856e-15
20230522_000000,1,STOC_IRREG,1.49439312378645e-13,1.4883772925071426e-13,6.015831279307382e-16,6.015831279307382e-16
20230522_000000,1,STVA,1.2676311389459016e-10,1.256122289516881e-10,1.1508849429020529e-12,1.1508849429020529e-12
20230522_000000,1,STVA_IRREG,4.9346784436465896e-08,4.9162292015125786e-08,1.8449242134011001e-10,1.8449242134011001e-10
20230522_000000,1,TADO1,7.046086262195439e-14,7.152367890658762e-14,-1.0628162846332279e-15,1.0628162846332279e-15
20230522_000000,1,TADO2,1.3899658091176548e-09,1.4002696779868984e-09,-1.0303868869243615e-11,1.0303868869243615e-11
20230522_000000,1,TAMI,6.913853170531503e-13,6.948664733885668e-13,-3.4811563354164576e-15,3.4811563354164576e-15
20230522_000000,1,TUMI,6.765314992662752e-06,6.854759249108611e-06,-8.944425644585863e-08,8.944425644585863e-08
20230522_000000,1,WHIS,1.3445492007095605e-13,1.3403733960422326e-13,4.1758046673279203e-16,4.1758046673279203e-16
20230522_000000,1,YARD,1.8934492862499042e-11,1.8962111394960068e-11,-2.7618532461026746e-14,2.7618532461026746e-14
20230522_000000,1,ZEMA,1.7886603309591464e-09,1.8011154789832062e-09,-1.2455148024059781e-11,1.2455148024059781e-11
20230522_000000,10,AEAC,1.476070963235543e-07,1.4649559432200476e-07,1.1115020015495247e-09,1.1115020015495247e-09
20230522_000000,10,BRCA,8.126070129288454e-12,8.159431463816702e-12,-3.3361334528247966e-14,3.3361334528247966e-14
20230522_000000,10,BRMA,1.3326675138045866e-14,1.3182073061422401e-14,1.4460207662346514e-16,1.4460207662346514e-16
20230522_000000,10,BUVI,0.015489752404391766,0.015393849462270737,9.59029421210289e-05,9.59029421210289e-05
20230522_000000,10,CAGU,8.296120768136461e-07,8.228295769185934e-07,6.7824998950527515e-09,6.7824998950527515e-09
20230522_000000,10,CALU,2.4403185307164676e-05,2.4590102839283645e-05,-1.8691753211896867e-07,1.8691753211896867e-07
20230522_000000,10,CAUS,2.3946761240623005e-10,2.3741836274737693e-10,2.049249658853114e-12,2.049249658853114e-12
20230522_000000,10,CCOO,2.323327077599635e-12,2.3058670858139285e-12,1.7459991785706563e-14,1.7459991785706563e-14
20230522_000000,10,CHFA,2.0006083595314195e-11,1.9942538939665688e-11,6.354465564850642e-14,6.354465564850642e-14
20230522_000000,10,CHMI,1.9706968146238069e-07,1.958918431910206e-07,1.1778382713600877e-09,1.1778382713600877e-09
20230522_000000,10,CHMI_IRREG,3.9410045360455115e-07,3.9346207358903484e-07,6.383800155163044e-10,6.383800155163044e-10
20230522_000000,10,COAU,8.066108544979578e-12,8.030357628863172e-12,3.575091611640602e-14,3.575091611640602e-14
20230522_000000,10,COAU2,2.772299612097129e-10,2.770032259125088e-10,2.267352972040726e-13,2.267352972040726e-13
20230522_000000,10,COCO,4.6665010700053244e-07,4.661839909658738e-07,4.661160346586257e-10,4.661160346586257e-10
20230522_000000,10,CYST,5.223696586398319e-09,5.182749340804094e-09,4.0947245594225024e-11,4.0947245594225024e-11
20230522_000000,10,DEFU,3.6486071621766314e-05,3.629201455623843e-05,1.9405706552788615e-07,1.9405706552788615e-07
20230522_000000,10,DOG,5.921601200498117e-07,5.928947643951687e-07,-7.346443453570828e-10,7.346443453570828e-10
20230522_000000,10,DRPU,4.229686319074563e-18,4.1978998360856815e-18,3.178648298888147e-20,3.178648298888147e-20
20230522_000000,10,DRUM,2.2249334108437324e-07,2.229092075367589e-07,-4.1586645238567144e-10,4.1586645238567144e-10
20230522_000000,10,FLY,1.0836760338861495e-05,1.0781128366943449e-05,5.5631971918046474e-08,5.5631971918046474e-08
20230522_000000,10,FROG,6.911640753060055e-07,6.876047677906172e-07,3.5593075153883547e-09,3.5593075153883547e-09
20230522_000000,10,GLGN,1.0190499555307042e-09,1.0105953851535787e-09,8.454570377125492e-12,8.454570377125492e-12
20230522_000000,10,HOSA,1.2353893907857127e-05,1.2381744454614818e-05,-2.785054675769061e-08,2.785054675769061e-08
20230522_000000,10,HYPI,2.1190033235030103e-12,2.109309688719252e-12,9.693634783758398e-15,9.693634783758398e-15
20230522_000000,10,INSP,2.472239066264592e-05,2.457106893416494e-05,1.513217284809798e-07,1.513217284809798e-07
20230522_000000,10,IXNA,3.353423849716819e-08,3.3357284934254494e-08,1.7695356291369535e-10,1.7695356291369535e-10
20230522_000000,10,MEKE,2.9329798053367995e-05,2.916963057941757e-05,1.601674739504233e-07,1.601674739504233e-07
20230522_000000,10,MYTO,2.8436122543034487e-14,2.8120384235681868e-14,3.157383073526185e-16,3.157383073526185e-16
20230522_000000,10,NUCO,1.5023638148691102e-19,1.4974004726998506e-19,4.963342169259589e-22,4.963342169259589e-22
20230522_000000,10,OCPR,3.574794071870002e-10,3.5732267145149876e-10,1.5673573550145647e-13,1.5673573550145647e-13
20230522_000000,10,ORPI,4.715401402677344e-09,4.706596445913647e-09,8.804956763697191e-12,8.804956763697191e-12
20230522_000000,10,PAFA,3.768869589748647e-07,3.7730487179032934e-07,-4.179128154646605e-10,4.179128154646605e-10
20230522_000000,10,PECA,6.181484490941358e-11,6.159792814708354e-11,2.1691676233004387e-13,2.1691676233004387e-13
20230522_000000,10,PHNU,1.3135435494859848e-07,1.3125267628311121e-07,1.0167866548727034e-10,1.0167866548727034e-10
20230522_000000,10,PIMA,3.4771140824339233e-15,3.470945353237307e-15,6.168729196616256e-18,6.168729196616256e-18
20230522_000000,10,POEC,1.0953243867461993e-09,1.0964573693428292e-09,-1.1329825966299722e-12,1.1329825966299722e-12
20230522_000000,10,PSFL,0.9842132329940796,0.9843090772628784,-9.584426879882812e-05,9.584426879882812e-05
20230522_000000,10,SHOT,1.3152851252584696e-08,1.3159854539424032e-08,-7.0032868393354875e-12,7.0032868393354875e-12
20230522_000000,10,SITT,1.3626424788526492e-07,1.3534807408177585e-07,9.161738034890732e-10,9.161738034890732e-10
20230522_000000,10,SPRU,1.0470913025528716e-09,1.0487363200084587e-09,-1.6450174555870944e-12,1.6450174555870944e-12
20230522_000000,10,STOC,4.5806331172570935e-08,4.536256881237932e-08,4.4376236019161297e-10,4.4376236019161297e-10
20230522_000000,10,STOC_IRREG,1.1733422011772632e-09,1.1720584502938891e-09,1.2837508833740685e-12,1.2837508833740685e-12
20230522_000000,10,STVA,1.3537066479329951e-05,1.3417281479632948e-05,1.1978499969700351e-07,1.1978499969700351e-07
20230522_000000,10,STVA_IRREG,0.00014068397285882384,0.00014109688345342875,-4.129105946049094e-07,4.129105946049094e-07
20230522_000000,10,TADO1,4.285665247162618e-13,4.2649206648953664e-13,2.07445822672514e-15,2.07445822672514e-15
20230522_000000,10,TADO2,8.033152476549787e-10,7.978731009217199e-10,5.4421467332588236e-12,5.4421467332588236e-12
20230522_000000,10,TAMI,5.04555251745753e-12,5.044581505991852e-12,9.710114656780178e-16,9.710114656780178e-16
20230522_000000,10,TUMI,1.6643302558350115e-07,1.6532882796127524e-07,1.1041976222259109e-09,1.1041976222259109e-09
20230522_000000,10,WHIS,1.062611443281014e-09,1.0605260003515582e-09,2.085442929455894e-12,2.085442929455894e-12
20230522_000000,10,YARD,2.314979097306491e-09,2.3227018086657836e-09,-7.722711359292589e-12,7.722711359292589e-12
20230522_000000,10,ZEMA,2.518056021472148e-07,2.5120502300524095e-07,6.005791419738671e-10,6.005791419738671e-10
20230522_000000,11,AEAC,4.2749368489580775e-09,4.267712405692237e-09,7.224443265840819e-12,7.224443265840819e-12
20230522_000000,11,BRCA,9.143765388949787e-14,9.104386488418756e-14,3.9378900531031324e-16,3.9378900531031324e-16
20230522_000000,11,BRMA,1.0854555165496448e-17,1.0782152046479681e-17,7.240311901676651e-20,7.240311901676651e-20
20230522_000000,11,BUVI,0.0002905449946410954,0.00029209282365627587,-1.5478290151804686e-06,1.5478290151804686e-06
20230522_000000,11,CAGU,1.8490277753357987e-08,1.8482351649140583e-08,7.926104217403918e-12,7.926104217403918e-12
20230522_000000,11,CALU,6.003739372317796e-07,5.961014721833635e-07,4.272465048416052e-09,4.272465048416052e-09
20230522_000000,11,CAUS,4.0252794587108953e-13,4.0047880376509193e-13,2.0491421059976034e-15,2.0491421059976034e-15
20230522_000000,11,CCOO,3.721786198456964e-14,3.7123583829408446e-14,9.427815516119264e-17,9.427815516119264e-17
20230522_000000,11,CHFA,3.017462717408784e-14,3.007867866995466e-14,9.594850413317813e-17,9.594850413317813e-17
20230522_000000,11,CHMI,1.2680325234271095e-08,1.2713580410661507e-08,-3.325517639041209e-11,3.325517639041209e-11
20230522_000000,11,CHMI_IRREG,1.811559968700749e-08,1.8112048749685528e-08,3.5509373219611007e-12,3.5509373219611007e-12
20230522_000000,11,COAU,1.2933348782131343e-13,1.2856813595522876e-13,7.653518660846736e-16,7.653518660846736e-16
20230522_000000,11,COAU2,9.948046726659943e-12,9.932919070587687e-12,1.5127656072255746e-14,1.5127656072255746e-14
20230522_000000,11,COCO,3.3396465592971936e-09,3.3266469579018576e-09,1.2999601395335958e-11,1.2999601395335958e-11
20230522_000000,11,CYST,5.2406749079247916e-11,5.2319280852142214e-11,8.746822710570257e-14,8.746822710570257e-14
20230522_000000,11,DEFU,1.2174587027402595e-06,1.2176402606201009e-06,-1.815578798414208e-10,1.815578798414208e-10
20230522_000000,11,DOG,5.124438651193941e-09,5.118032664341854e-09,6.405986852087153e-12,6.405986852087153e-12
20230522_000000,11,DRPU,9.632007707645697e-21,9.559114031751596e-21,7.289367589410167e-23,7.289367589410167e-23
20230522_000000,11,DRUM,1.5281416132495451e-09,1.5205798842288232e-09,7.561729020721941e-12,7.561729020721941e-12
20230522_000000,11,FLY,2.055782601928513e-07,2.0532479538815096e-07,2.5346480470034294e-10,2.5346480470034294e-10
20230522_000000,11,FROG,1.394210702443388e-08,1.3970435475130216e-08,-2.8328450696335494e-11,2.8328450696335494e-11
20230522_000000,11,GLGN,2.5150789437211607e-11,2.5126872804648315e-11,2.391663256329224e-14,2.391663256329224e-14
20230522_000000,11,HOSA,6.554531637448235e-07,6.542612140947313e-07,1.1919496500922833e-09,1.1919496500922833e-09
20230522_000000,11,HYPI,3.9445538307057715e-14,3.927918442434876e-14,1.6635388270895557e-16,1.6635388270895557e-16
20230522_000000,11,INSP,5.425687277238467e-08,5.425462035191231e-08,2.2524204723595176e-12,2.2524204723595176e-12
20230522_000000,11,IXNA,1.5283449505965052e-10,1.5200803116233175e-10,8.264638973187743e-13,8.264638973187743e-13
20230522_000000,11,MEKE,4.336879655397752e-08,4.3368896029960524e-08,-9.947598300641403e-14,9.947598300641403e-14
20230522_000000,11,MYTO,8.205055958819698e-17,8.135789177813487e-17,6.926678100621045e-19,6.926678100621045e-19
20230522_000000,11,NUCO,1.0319527476770634e-21,1.0234361801007484e-21,8.51656757631501e-24,8.51656757631501e-24
20230522_000000,11,OCPR,4.1535431344330576e-11,4.150139260028496e-11,3.403874404561691e-14,3.403874404561691e-14
20230522_000000,11,ORPI,2.4597711020812874e-11,2.454677780483472e-11,5.093321597815503e-14,5.093321597815503e-14
20230522_000000,11,PAFA,4.062206682142744e-10,4.04195121816997e-10,2.025546397277367e-12,2.025546397277367e-12
20230522_000000,11,PECA,4.2871275648427576e-13,4.27069214411005e-13,1.6435420732707762e-15,1.6435420732707762e-15
20230522_000000,11,PHNU,1.272378913341754e-08,1.2738824217706224e-08,-1.503508428868372e-11,1.503508428868372e-11
20230522_000000,11,PIMA,1.5266261751182692e-17,1.5242323144255407e-17,2.393860692728462e-20,2.393860692728462e-20
20230522_000000,11,POEC,4.947152756895612e-11,4.925038848968555e-11,2.2113907927057141e-13,2.2113907927057141e-13
20230522_000000,11,PSFL,0.9997063279151917,0.9997047781944275,1.5497207641601562e-06,1.5497207641601562e-06
20230522_000000,11,SHOT,2.7080732101225635e-10,2.7048838169285716e-10,3.1893931939919185e-13,3.1893931939919185e-13
20230522_000000,11,SITT,5.384588330770157e-10,5.356472487783037e-10,2.8115842987119777e-12,2.8115842987119777e-12
20230522_000000,11,SPRU,1.5350832584248852e-12,1.5281601938726963e-12,6.92306455218894e-15,6.92306455218894e-15
20230522_000000,11,STOC,1.2455983293413464e-11,1.2514092193049997e-11,-5.81088996365331e-14,5.81088996365331e-14
20230522_000000,11,STOC_IRREG,2.71730988404828e-13,2.704560208600937e-13,1.274967544734329e-15,1.274967544734329e-15
20230522_000000,11,STVA,5.132753333469964e-09,5.132470892732499e-09,2.824407374646398e-13,2.824407374646398e-13
20230522_000000,11,STVA_IRREG,1.7829871978847223e-07,1.7786470607461524e-07,4.340137138569844e-10,4.340137138569844e-10
20230522_000000,11,TADO1,1.3443643188281633e-15,1.3389268967023828e-15,5.437422125780574e-18,5.437422125780574e-18
20230522_000000,11,TADO2,2.95319389602422e-12,2.948242127862044e-12,4.951768162175796e-15,4.951768162175796e-15
20230522_000000,11,TAMI,1.770045766316848e-14,1.767424876971454e-14,2.620889345394256e-17,2.620889345394256e-17
20230522_000000,11,TUMI,6.8236989392289615e-09,6.8087504523361986e-09,1.4948486892762958e-11,1.4948486892762958e-11
20230522_000000,11,WHIS,2.990392222040894e-13,2.988437676574446e-13,1.954545466448243e-16,1.954545466448243e-16
20230522_000000,11,YARD,7.148436790421764e-12,7.127337348783458e-12,2.1099441638305905e-14,2.1099441638305905e-14
20230522_000000,11,ZEMA,1.3420728972590723e-09,1.346016187397936e-09,-3.943290138863631e-12,3.943290138863631e-12
20230522_000000,12,AEAC,0.0012059889268130064,0.0012038020649924874,2.1868618205189705e-06,2.1868618205189705e-06
20230522_000000,12,BRCA,5.903264650441997e-07,5.968907430542458e-07,-6.5642780100461096e-09,6.5642780100461096e-09
20230522_000000,12,BRMA,7.174907369622563e-13,7.043843590001653e-13,1.310637796209102e-14,1.310637796209102e-14
20230522_000000,12,BUVI,0.26783812046051025,0.26673653721809387,0.0011015832424163818,0.0011015832424163818
20230522_000000,12,CAGU,1.0669739822333213e-05,1.0560987902863417e-05,1.0875191946979612e-07,1.0875191946979612e-07
20230522_000000,12,CALU,0.392461895942688,0.3928373157978058,-0.00037541985511779785,0.00037541985511779785
20230522_000000,12,CAUS,7.712529281889147e-09,7.664432644105545e-09,4.809663778360118e-11,4.809663778360118e-11
20230522_000000,12,CCOO,2.891040074004536e-09,2.866732851103393e-09,2.4307222901143177e-11,2.4307222901143177e-11
20230522_000000,12,CHFA,1.237149604982335e-09,1.2365226620403291e-09,6.269429420058259e-13,6.269429420058259e-13
20230522_000000,12,CHMI,0.0005583622260019183,0.0005571250221692026,1.2372038327157497e-06,1.2372038327157497e-06
20230522_000000,12,CHMI_IRREG,0.0020726609509438276,0.00206887349486351,3.7874560803174973e-06,3.7874560803174973e-06
20230522_000000,12,COAU,1.34596271905707e-08,1.3499150242068936e-08,-3.952305149823587e-11,3.952305149823587e-11
20230522_000000,12,COAU2,7.65885431519564e-07,7.696442025917349e-07,-3.75877107217093e-09,3.75877107217093e-09
20230522_000000,12,COCO,0.006375964265316725,0.006396574433892965,-2.061016857624054e-05,2.061016857624054e-05
20230522_000000,12,CYST,5.663962383550825e-07,5.673571763509244e-07,-9.609379958419595e-10,9.609379958419595e-10
20230522_000000,12,DEFU,0.05041271075606346,0.05044546350836754,-3.275275230407715e-05,3.275275230407715e-05
20230522_000000,12,DOG,0.0011592971859499812,0.0011690427782014012,-9.745592251420021e-06,9.745592251420021e-06
20230522_000000,12,DRPU,6.00522832416156e-13,5.95434021099378e-13,5.088811316777964e-15,5.088811316777964e-15
20230522_000000,12,DRUM,0.0001276088150916621,0.0001284042082261294,-7.953931344673038e-07,7.953931344673038e-07
20230522_000000,12,FLY,0.0016457398887723684,0.0016567567363381386,-1.101684756577015e-05,1.101684756577015e-05
20230522_000000,12,FROG,0.0018789652967825532,0.0018883496522903442,-9.384355507791042e-06,9.384355507791042e-06
20230522_000000,12,GLGN,6.46257249172777e-05,6.465379556175321e-05,-2.8070644475519657e-08,2.8070644475519657e-08
20230522_000000,12,HOSA,0.028728295117616653,0.02901747077703476,-0.0002891756594181061,0.0002891756594181061
20230522_000000,12,HYPI,7.91828256296867e-07,7.914140951470472e-07,4.141611498198472e-10,4.141611498198472e-10
20230522_000000,12,INSP,0.03853609040379524,0.038466036319732666,7.00540840625763e-05,7.00540840625763e-05
20230522_000000,12,IXNA,4.950640231982106e-06,4.9587183639232535e-06,-8.078131941147149e-09,8.078131941147149e-09
20230522_000000,12,MEKE,0.02094995230436325,0.02086867392063141,8.127838373184204e-05,8.127838373184204e-05
20230522_000000,12,MYTO,2.0435979297683815e-12,2.0131366192110978e-12,3.046131055728374e-14,3.046131055728374e-14
20230522_000000,12,NUCO,2.0779120035675693e-15,2.07269978632664e-15,5.212217240929337e-18,5.212217240929337e-18
20230522_000000,12,OCPR,6.04875765475299e-07,6.019349143571162e-07,2.9408511181827635e-09,2.9408511181827635e-09
20230522_000000,12,ORPI,2.5500387437205063e-06,2.5589883989596274e-06,-8.949655239121057e-09,8.949655239121057e-09
20230522_000000,12,PAFA,6.0858183132950217e-05,6.116974691394717e-05,-3.115637809969485e-07,3.115637809969485e-07
20230522_000000,12,PECA,3.7272988606673607e-07,3.7413002473840606e-07,-1.4001386716699926e-09,1.4001386716699926e-09
20230522_000000,12,PHNU,5.430736564449035e-06,5.406642230809666e-06,2.4094333639368415e-08,2.4094333639368415e-08
20230522_000000,12,PIMA,7.394986858109964e-13,7.410126657246552e-13,-1.5139799136587584e-15,1.5139799136587584e-15
20230522_000000,12,POEC,1.022542505779711e-06,1.0221773436569492e-06,3.651621227618307e-10,3.651621227618307e-10
20230522_000000,12,PSFL,0.16188272833824158,0.1621743142604828,-0.00029158592224121094,0.00029158592224121094
20230522_000000,12,SHOT,0.000868199800606817,0.0008752452558837831,-7.045455276966095e-06,7.045455276966095e-06
20230522_000000,12,SITT,9.344798286292644e-07,9.300393912781146e-07,4.44043735114974e-09,4.44043735114974e-09
20230522_000000,12,SPRU,1.895537820928439e-06,1.907363412101404e-06,-1.1825591172964778e-08,1.1825591172964778e-08
20230522_000000,12,STOC,0.0004612838674802333,0.0004647116002161056,-3.4277327358722687e-06,3.4277327358722687e-06
20230522_000000,12,STOC_IRREG,0.00010024693619925529,0.00010085850226460025,-6.115660653449595e-07,6.115660653449595e-07
20230522_000000,12,STVA,0.0031179466750472784,0.0031415564008057117,-2.3609725758433342e-05,2.3609725758433342e-05
20230522_000000,12,STVA_IRREG,0.01934811659157276,0.019532177597284317,-0.00018406100571155548,0.00018406100571155548
20230522_000000,12,TADO1,5.605049757662073e-10,5.623331800208575e-10,-1.8282042546502453e-12,1.8282042546502453e-12
20230522_000000,12,TADO2,9.061241712515766e-08,9.065438177913165e-08,-4.196465397399152e-11,4.196465397399152e-11
20230522_000000,12,TAMI,3.1799805011445414e-09,3.1942799516571085e-09,-1.4299450512567091e-11,1.4299450512567091e-11
20230522_000000,12,TUMI,1.9309865820105188e-05,1.9291817807243206e-05,1.8048012861981988e-08,1.8048012861981988e-08
20230522_000000,12,WHIS,3.442625165916979e-05,3.442859815550037e-05,-2.346496330574155e-09,2.346496330574155e-09
20230522_000000,12,YARD,5.8373447245685384e-05,5.9002337366109714e-05,-6.288901204243302e-07,6.288901204243302e-07
20230522_000000,12,ZEMA,9.26133054690581e-07,9.290979505749419e-07,-2.9648958843608852e-09,2.9648958843608852e-09
20230522_000000,13,AEAC,5.813324266412678e-10,5.796431667981494e-10,1.689259843118407e-12,1.689259843118407e-12
20230522_000000,13,BRCA,5.21043301234806e-18,5.149870156619378e-18,6.056285572868247e-20,6.056285572868247e-20
20230522_000000,13,BRMA,7.692489395930036e-22,7.426158342294898e-22,2.6633105363513844e-23,2.6633105363513844e-23
20230522_000000,13,BUVI,0.008840705268085003,0.008980059064924717,-0.00013935379683971405,0.00013935379683971405
20230522_000000,13,CAGU,1.6954799786361718e-09,1.6653344259154323e-09,3.014555272073949e-11,3.014555272073949e-11
20230522_000000,13,CALU,3.5768655948231753e-07,3.621786106577929e-07,-4.492051175475353e-09,4.492051175475353e-09
20230522_000000,13,CAUS,5.076647301615571e-17,4.974263186732943e-17,1.0238411488262849e-18,1.0238411488262849e-18
20230522_000000,13,CCOO,1.7655874044285082e-17,1.7098640515916284e-17,5.572335283687973e-19,5.572335283687973e-19
20230522_000000,13,CHFA,2.33552708875061e-18,2.2952880606723554e-18,4.0239028078254584e-20,4.0239028078254584e-20
20230522_000000,13,CHMI,9.366705189250979e-10,9.274216394850043e-10,9.24887944009356e-12,9.24887944009356e-12
20230522_000000,13,CHMI_IRREG,2.422870126750354e-09,2.4056128200555804e-09,1.7257306694773433e-11,1.7257306694773433e-11
20230522_000000,13,COAU,6.628701835944333e-17,6.524492960630413e-17,1.0420887531392047e-18,1.0420887531392047e-18
20230522_000000,13,COAU2,1.0929393173364325e-14,1.0756794116735264e-14,1.7259905662906153e-16,1.7259905662906153e-16
20230522_000000,13,COCO,5.8175474854094134e-11,5.834197014387144e-11,-1.66495289777302e-13,1.66495289777302e-13
20230522_000000,13,CYST,1.084182250270585e-13,1.0681032610020819e-13,1.6078989268503152e-15,1.6078989268503152e-15
20230522_000000,13,DEFU,7.488588948945107e-07,7.475949246327218e-07,1.263970261788927e-09,1.263970261788927e-09
20230522_000000,13,DOG,3.685191735103288e-11,3.6721077567580807e-11,1.308397834520747e-13,1.308397834520747e-13
20230522_000000,13,DRPU,3.1342116761390566e-25,3.0465455637418455e-25,8.766611239721104e-27,8.766611239721104e-27
20230522_000000,13,DRUM,7.260296530642307e-12,7.24863615311766e-12,1.1660377524647103e-14,1.1660377524647103e-14
20230522_000000,13,FLY,3.763749134577665e-08,3.7549817477611214e-08,8.767386816543876e-11,8.767386816543876e-11
20230522_000000,13,FROG,1.2614862487936307e-09,1.250975434352597e-09,1.0510814441033745e-11,1.0510814441033745e-11
20230522_000000,13,GLGN,1.63050210269175e-13,1.6211378485279926e-13,9.364254163757302e-16,9.364254163757302e-16
20230522_000000,13,HOSA,4.193034897070902e-08,4.193373115413124e-08,-3.382183422218077e-12,3.382183422218077e-12
20230522_000000,13,HYPI,2.584367137593223e-16,2.56095276465095e-16,2.3414372942273014e-18,2.3414372942273014e-18
20230522_000000,13,INSP,1.0986150655867277e-08,1.1200850913439808e-08,-2.1470025757253097e-10,2.1470025757253097e-10
20230522_000000,13,IXNA,1.1891463291488491e-12,1.173816577791642e-12,1.5329751357207044e-14,1.5329751357207044e-14
20230522_000000,13,MEKE,7.400868184959108e-08,7.448993954994876e-08,-4.812577003576735e-10,4.812577003576735e-10
20230522_000000,13,MYTO,1.021032069315449e-19,9.817152054485232e-20,3.931686386692574e-21,3.931686386692574e-21
20230522_000000,13,NUCO,7.227944062618597e-29,6.920543374929412e-29,3.0740068768918482e-30,3.0740068768918482e-30
20230522_000000,13,OCPR,5.4715695814227736e-14,5.368118059442817e-14,1.0345152197995672e-15,1.0345152197995672e-15
20230522_000000,13,ORPI,8.987535244026415e-14,8.848774984233573e-14,1.3876025979284168e-15,1.3876025979284168e-15
20230522_000000,13,PAFA,9.983546107872332e-12,1.003488785122908e-11,-5.134174335674757e-14,5.134174335674757e-14
20230522_000000,13,PECA,1.7882686637374877e-16,1.7647069864717312e-16,2.3561677265756457e-18,2.3561677265756457e-18
20230522_000000,13,PHNU,2.5247522822402502e-11,2.4818116312053107e-11,4.294065103493949e-13,4.294065103493949e-13
20230522_000000,13,PIMA,5.535552934488907e-24,5.345918267052376e-24,1.8963466743653164e-25,1.8963466743653164e-25
20230522_000000,13,POEC,4.9395279533293035e-12,4.842615024258645e-12,9.691292907065829e-14,9.691292907065829e-14
20230522_000000,13,PSFL,0.9911579489707947,0.9910186529159546,0.0001392960548400879,0.0001392960548400879
20230522_000000,13,SHOT,7.512156868783038e-11,7.463418078001993e-11,4.873879078104437e-13,4.873879078104437e-13
20230522_000000,13,SITT,3.4238369084338416e-11,3.361870504203779e-11,6.196640423006272e-13,6.196640423006272e-13
20230522_000000,13,SPRU,1.8283320515931952e-15,1.8126384369047044e-15,1.5693614688490863e-17,1.5693614688490863e-17
20230522_000000,13,STOC,1.4737019384761935e-13,1.498515531496783e-13,-2.4813593020589497e-15,2.4813593020589497e-15
20230522_000000,13,STOC_IRREG,2.0185055595701258e-15,2.034361169309779e-15,-1.5855609739653248e-17,1.5855609739653248e-17
20230522_000000,13,STVA,8.865373019029121e-11,8.99254351538481e-11,-1.2717049635568856e-12,1.2717049635568856e-12
20230522_000000,13,STVA_IRREG,1.2239256719226432e-08,1.2367697088677687e-08,-1.284403694512548e-10,1.284403694512548e-10
20230522_000000,13,TADO1,1.7805468520691955e-19,1.751793278495028e-19,2.875357357416751e-21,2.875357357416751e-21
20230522_000000,13,TADO2,2.402188403028511e-15,2.3648658020318817e-15,3.732260099662942e-17,3.732260099662942e-17
20230522_000000,13,TAMI,1.5100766278463136e-18,1.484319981330214e-18,2.5756646516099607e-20,2.5756646516099607e-20
20230522_000000,13,TUMI,1.2395638682161092e-10,1.216428763273214e-10,2.313510494289517e-12,2.313510494289517e-12
20230522_000000,13,WHIS,4.491130151997871e-16,4.5379234283777505e-16,-4.6793276379879754e-18,4.6793276379879754e-18
20230522_000000,13,YARD,6.726196748012281e-13,6.754638623603093e-13,-2.8441875590812238e-15,2.8441875590812238e-15
20230522_000000,13,ZEMA,4.804926855700442e-12,4.798134112249386e-12,6.792743451056182e-15,6.792743451056182e-15
20230522_000000,14,AEAC,2.3635953638745377e-08,2.362241069420179e-08,1.354294454358751e-11,1.354294454358751e-11
20230522_000000,14,BRCA,2.8608287613862693e-12,2.8603128979926007e-12,5.15863393668603e-16,5.15863393668603e-16
20230522_000000,14,BRMA,5.388490091208877e-16,5.281360011018114e-16,1.0713008019076374e-17,1.0713008019076374e-17
20230522_000000,14,BUVI,0.007675353903323412,0.007657090201973915,1.826370134949684e-05,1.826370134949684e-05
20230522_000000,14,CAGU,5.524185553440475e-07,5.431486442830646e-07,9.26991106098285e-09,9.26991106098285e-09
20230522_000000,14,CALU,0.001176609774120152,0.0011780186323449016,-1.4088582247495651e-06,1.4088582247495651e-06
20230522_000000,14,CAUS,3.637305734383034e-11,3.599640030493845e-11,3.7665703889189217e-13,3.7665703889189217e-13
20230522_000000,14,CCOO,1.4483360691319724e-11,1.4260597910875639e-11,2.227627804440857e-13,2.227627804440857e-13
20230522_000000,14,CHFA,1.7269919218645957e-12,1.71544733713197e-12,1.1544584732625651e-14,1.1544584732625651e-14
20230522_000000,14,CHMI,1.804070166144811e-06,1.784009668881481e-06,2.0060497263330035e-08,2.0060497263330035e-08
20230522_000000,14,CHMI_IRREG,3.821118298219517e-06,3.7986528695910238e-06,2.24654286284931e-08,2.24654286284931e-08
20230522_000000,14,COAU,2.0129837033366904e-11,2.0028556937945474e-11,1.012800954214299e-13,1.012800954214299e-13
20230522_000000,14,COAU2,1.5340679837549942e-09,1.5220498195134269e-09,1.201816424156732e-11,1.201816424156732e-11
20230522_000000,14,COCO,1.808668770308941e-07,1.805137941346402e-07,3.53082896253909e-10,3.53082896253909e-10
20230522_000000,14,CYST,2.146575361905434e-09,2.1342849709782286e-09,1.2290390927205408e-11,1.2290390927205408e-11
20230522_000000,14,DEFU,0.00010155427298741415,0.00010074466263176873,8.096103556454182e-07,8.096103556454182e-07
20230522_000000,14,DOG,2.6134901531804644e-07,2.6081892201546e-07,5.300933025864651e-10,5.300933025864651e-10
20230522_000000,14,DRPU,5.624361635495108e-17,5.596747037925638e-17,2.7614597569470276e-19,2.7614597569470276e-19
20230522_000000,14,DRUM,1.0934346761359848e-07,1.0893430868463838e-07,4.091589289600961e-10,4.091589289600961e-10
20230522_000000,14,FLY,8.85624649527017e-06,8.821122719382402e-06,3.5123775887768716e-08,3.5123775887768716e-08
20230522_000000,14,FROG,1.250868535862537e-06,1.245178168574057e-06,5.690367288480047e-09,5.690367288480047e-09
20230522_000000,14,GLGN,4.632512429214586e-10,4.6207709880619063e-10,1.17414411526795e-12,1.17414411526795e-12
20230522_000000,14,HOSA,3.09109891531989e-05,3.086523793172091e-05,4.575122147798538e-08,4.575122147798538e-08
20230522_000000,14,HYPI,1.0480317134964334e-11,1.0406981700017415e-11,7.333543494691952e-14,7.333543494691952e-14
20230522_000000,14,INSP,1.1157442713738419e-05,1.1155091669934336e-05,2.3510438040830195e-09,2.3510438040830195e-09
20230522_000000,14,IXNA,7.1502110898791216e-09,7.096522924854298e-09,5.368816502482332e-11,5.368816502482332e-11
20230522_000000,14,MEKE,6.760828910046257e-06,6.735838724125642e-06,2.499018592061475e-08,2.499018592061475e-08
20230522_000000,14,MYTO,3.673227900232584e-13,3.597241048872851e-13,7.598685135973282e-15,7.598685135973282e-15
20230522_000000,14,NUCO,6.497741526030141e-19,6.394435456316277e-19,1.0330606971386478e-20,1.0330606971386478e-20
20230522_000000,14,OCPR,2.547473787473109e-09,2.5132151915130407e-09,3.4258595960068305e-11,3.4258595960068305e-11
20230522_000000,14,ORPI,1.6727723650689086e-09,1.6605129493640902e-09,1.2259415704818366e-11,1.2259415704818366e-11
20230522_000000,14,PAFA,4.5912099011502505e-08,4.6033058254124626e-08,-1.2095924262212066e-10,1.2095924262212066e-10
20230522_000000,14,PECA,4.505347137029325e-11,4.473872661225897e-11,3.1474475803427993e-13,3.1474475803427993e-13
20230522_000000,14,PHNU,8.760725478396125e-08,8.716199317859719e-08,4.452616053640668e-10,4.452616053640668e-10
20230522_000000,14,PIMA,9.299046391104114e-16,9.20775423884023e-16,9.129215226388442e-18,9.129215226388442e-18
20230522_000000,14,POEC,1.4055090957754146e-07,1.3869090764728753e-07,1.8600019302539295e-09,1.8600019302539295e-09
20230522_000000,14,PSFL,0.990970253944397,0.9909881949424744,-1.7940998077392578e-05,1.7940998077392578e-05
20230522_000000,14,SHOT,2.865964461307158e-07,2.8569127152877627e-07,9.051746019395068e-10,9.051746019395068e-10
20230522_000000,14,SITT,2.2642646513304499e-07,2.235945970596731e-07,2.8318680733718793e-09,2.8318680733718793e-09
20230522_000000,14,SPRU,2.5283902749251297e-10,2.5178584217577793e-10,1.0531853167350391e-12,1.0531853167350391e-12
20230522_000000,14,STOC,1.5093110095065754e-09,1.5075257708829781e-09,1.7852386235972517e-12,1.7852386235972517e-12
20230522_000000,14,STOC_IRREG,8.010124508128769e-11,8.018783553831454e-11,-8.65904570268583e-14,8.65904570268583e-14
20230522_000000,14,STVA,3.8588427742070053e-07,3.8640976640635927e-07,-5.254889856587397e-10,5.254889856587397e-10
20230522_000000,14,STVA_IRREG,8.629635885881726e-06,8.669219823786989e-06,-3.9583937905263156e-08,3.9583937905263156e-08
20230522_000000,14,TADO1,3.736392434599417e-13,3.7201044653621673e-13,1.6287969237249733e-15,1.6287969237249733e-15
20230522_000000,14,TADO2,7.748962582709851e-10,7.699423876239564e-10,4.95387064702868e-12,4.95387064702868e-12
20230522_000000,14,TAMI,1.2201907236344955e-12,1.225900023854587e-12,-5.709300220091418e-15,5.709300220091418e-15
20230522_000000,14,TUMI,4.673628382079187e-07,4.635184041035245e-07,3.844434104394168e-09,3.844434104394168e-09
20230522_000000,14,WHIS,3.455147279396442e-11,3.451816957267262e-11,3.330322129180274e-14,3.330322129180274e-14
20230522_000000,14,YARD,5.349665599396758e-09,5.33733901519895e-09,1.2326584197808188e-11,1.2326584197808188e-11
20230522_000000,14,ZEMA,9.669628298070165e-08,9.63769082318322e-08,3.1937474886944983e-10,3.1937474886944983e-10
20230522_000000,15,AEAC,9.175466608724037e-09,9.192326899665204e-09,-1.6860290941167477e-11,1.6860290941167477e-11
20230522_000000,15,BRCA,5.597793414783073e-15,5.530693582283955e-15,6.709983249911754e-17,6.709983249911754e-17
20230522_000000,15,BRMA,7.734098014575035e-20,7.4578881908768e-20,2.762098236982342e-21,2.762098236982342e-21
20230522_000000,15,BUVI,0.01553403027355671,0.01576227694749832,-0.00022824667394161224,0.00022824667394161224
20230522_000000,15,CAGU,1.9367604409126216e-08,1.9068481904582768e-08,2.991225045434476e-10,2.991225045434476e-10
20230522_000000,15,CALU,0.03174285590648651,0.0318462960422039,-0.00010344013571739197,0.00010344013571739197
20230522_000000,15,CAUS,1.875098349973705e-14,1.836098750796454e-14,3.899959917725085e-16,3.899959917725085e-16
20230522_000000,15,CCOO,3.7441854765273355e-15,3.644147920841287e-15,1.0003755568604826e-16,1.0003755568604826e-16
20230522_000000,15,CHFA,2.6659963909343894e-15,2.6218793151513596e-15,4.411707578302979e-17,4.411707578302979e-17
20230522_000000,15,CHMI,2.8986894662352825e-08,2.867802351147475e-08,3.0887115087807615e-10,3.0887115087807615e-10
20230522_000000,15,CHMI_IRREG,3.67075045915044e-08,3.634519174511297e-08,3.623128463914327e-10,3.623128463914327e-10
20230522_000000,15,COAU,3.018679056721041e-14,2.970486947780418e-14,4.819210894062287e-16,4.819210894062287e-16
20230522_000000,15,COAU2,2.1550805844733345e-12,2.115076776915137e-12,4.000380755819766e-14,4.000380755819766e-14
20230522_000000,15,COCO,2.145757704852258e-08,2.138540011742407e-08,7.217693109851098e-11,7.217693109851098e-11
20230522_000000,15,CYST,1.1166626651126776e-11,1.1042774333835936e-11,1.2385231729084012e-13,1.2385231729084012e-13
20230522_000000,15,DEFU,2.0126171875745058e-05,2.009270610869862e-05,3.346576704643667e-08,3.346576704643667e-08
20230522_000000,15,DOG,8.136847640116684e-09,8.107713611593681e-09,2.913402852300351e-11,2.913402852300351e-11
20230522_000000,15,DRPU,8.357669734935268e-21,8.133127357131201e-21,2.245423778040675e-22,2.245423778040675e-22
20230522_000000,15,DRUM,2.0387271870703216e-09,2.018793354707782e-09,1.993383236253976e-11,1.993383236253976e-11
20230522_000000,15,FLY,6.691471412523242e-07,6.674053452115913e-07,1.7417960407328792e-09,1.7417960407328792e-09
20230522_000000,15,FROG,1.3294001632857544e-07,1.3328288162028912e-07,-3.4286529171367874e-10,3.4286529171367874e-10
20230522_000000,15,GLGN,6.3177844032702435e-12,6.308686646000483e-12,9.097757269760365e-15,9.097757269760365e-15
20230522_000000,15,HOSA,4.304954927647486e-06,4.2852520891756285e-06,1.970283847185783e-08,1.970283847185783e-08
20230522_000000,15,HYPI,4.0728288390511416e-14,4.035330012849836e-14,3.749882620130568e-16,3.749882620130568e-16
20230522_000000,15,INSP,9.546719184072572e-07,9.652816288507893e-07,-1.0609710443532094e-08,1.0609710443532094e-08
20230522_000000,15,IXNA,1.1085482531925095e-10,1.0952456303003899e-10,1.3302622892119587e-12,1.3302622892119587e-12
20230522_000000,15,MEKE,3.245233074267162e-06,3.2502816793567035e-06,-5.048605089541525e-09,5.048605089541525e-09
20230522_000000,15,MYTO,1.40859329197124e-17,1.3463764886077578e-17,6.221680336348225e-19,6.221680336348225e-19
20230522_000000,15,NUCO,2.238552957328381e-24,2.1410325917183752e-24,9.752036561000562e-26,9.752036561000562e-26
20230522_000000,15,OCPR,1.6635645768911522e-12,1.6277129383929223e-12,3.585163849822992e-14,3.585163849822992e-14
20230522_000000,15,ORPI,1.1530413776550397e-11,1.1358982331122203e-11,1.71431445428194e-13,1.71431445428194e-13
20230522_000000,15,PAFA,1.082716472033951e-09,1.080726508284613e-09,1.9899637493381306e-12,1.9899637493381306e-12
20230522_000000,15,PECA,6.038592748666e-14,5.926478790141063e-14,1.12113958524937e-15,1.12113958524937e-15
20230522_000000,15,PHNU,1.028813034764653e-09,1.0141802953000933e-09,1.4632739464559563e-11,1.4632739464559563e-11
20230522_000000,15,PIMA,1.7740224326759408e-20,1.709159678865706e-20,6.486275381023479e-22,6.486275381023479e-22
20230522_000000,15,POEC,2.1434780617113347e-09,2.092983786283753e-09,5.049427542758167e-11,5.049427542758167e-11
20230522_000000,15,PSFL,0.9526922702789307,0.9523606896400452,0.00033158063888549805,0.00033158063888549805
20230522_000000,15,SHOT,1.7545428221410475e-08,1.7395230145211826e-08,1.5019807619864878e-10,1.5019807619864878e-10
20230522_000000,15,SITT,6.077730541065307e-10,5.978991746147244e-10,9.873879491806292e-12,9.873879491806292e-12
20230522_000000,15,SPRU,1.8973841595104624e-12,1.8717360560777108e-12,2.564810343275159e-14,2.564810343275159e-14
20230522_000000,15,STOC,2.463077485026499e-11,2.491686024175266e-11,-2.860853914876671e-13,2.860853914876671e-13
20230522_000000,15,STOC_IRREG,9.807835966990641e-13,9.780160622335776e-13,2.7675344654864986e-15,2.7675344654864986e-15
20230522_000000,15,STVA,2.904827489658146e-08,2.925441755508018e-08,-2.0614265849872027e-10,2.0614265849872027e-10
20230522_000000,15,STVA_IRREG,1.1961371910729213e-06,1.198072254737781e-06,-1.9350636648596264e-09,1.9350636648596264e-09
20230522_000000,15,TADO1,1.265814506706299e-16,1.2439847471198815e-16,2.182975958641743e-18,2.182975958641743e-18
20230522_000000,15,TADO2,2.2136979749287633e-12,2.1738663386755563e-12,3.983163625320696e-14,3.983163625320696e-14
20230522_000000,15,TAMI,1.84774562322779e-15,1.820173218487005e-15,2.757240474078517e-17,2.757240474078517e-17
20230522_000000,15,TUMI,2.8440756416614477e-09,2.7951132519632438e-09,4.896238969820388e-11,4.896238969820388e-11
20230522_000000,15,WHIS,4.864240520791041e-13,4.88448474375569e-13,-2.024422296464934e-15,2.024422296464934e-15
20230522_000000,15,YARD,6.439188765527959e-11,6.426825738259367e-11,1.236302726859151e-13,1.236302726859151e-13
20230522_000000,15,ZEMA,1.6336536290406656e-10,1.6297059535208547e-10,3.9476755198109004e-13,3.9476755198109004e-13
20230522_000000,16,AEAC,1.8587519079460435e-08,1.8701991066905066e-08,-1.1447198744463094e-10,1.1447198744463094e-10
20230522_000000,16,BRCA,8.009016193299967e-12,8.21879717061158e-12,-2.0978097731161327e-13,2.0978097731161327e-13
20230522_000000,16,BRMA,6.595526599425036e-17,6.623006862863028e-17,-2.7480263437991664e-19,2.7480263437991664e-19
20230522_000000,16,BUVI,0.00017675851995591074,0.00017575095989741385,1.0075600584968925e-06,1.0075600584968925e-06
20230522_000000,16,CAGU,1.940775362641034e-08,1.913804759112736e-08,2.6970603528297943e-10,2.6970603528297943e-10
20230522_000000,16,CALU,0.8487392663955688,0.8470895290374756,0.0016497373580932617,0.0016497373580932617
20230522_000000,16,CAUS,1.6457831191613037e-12,1.6521517227224836e-12,-6.368603561179853e-15,6.368603561179853e-15
20230522_000000,16,CCOO,2.927964674100808e-13,2.931400781835958e-13,-3.436107735149685e-16,3.436107735149685e-16
20230522_000000,16,CHFA,2.6032322998637003e-13,2.6278108920634036e-13,-2.4578592199703264e-15,2.4578592199703264e-15
20230522_000000,16,CHMI,2.303238311185396e-08,2.3025174655799674e-08,7.208456054286216e-12,7.208456054286216e-12
20230522_000000,16,CHMI_IRREG,7.188951656189602e-08,7.256163314650621e-08,-6.72116584610194e-10,6.72116584610194e-10
20230522_000000,16,COAU,9.059113702247767e-12,9.1468794344296e-12,-8.776573218183259e-14,8.776573218183259e-14
20230522_000000,16,COAU2,4.8127207080694845e-11,4.8556870330118684e-11,-4.296632494238395e-13,4.296632494238395e-13
20230522_000000,16,COCO,2.6161806090385653e-06,2.6241791601933073e-06,-7.998551154742017e-09,7.998551154742017e-09
20230522_000000,16,CYST,2.0778059828252537e-10,2.0907851838725122e-10,-1.297920104725847e-12,1.297920104725847e-12
20230522_000000,16,DEFU,2.8218278202984948e-06,2.8128292797191534e-06,8.998540579341352e-09,8.998540579341352e-09
20230522_000000,16,DOG,7.533281376481682e-08,7.635991750021276e-08,-1.02710373539594e-09,1.02710373539594e-09
20230522_000000,16,DRPU,7.06156396156823e-18,7.188434442379776e-18,-1.2687048081154573e-19,1.2687048081154573e-19
20230522_000000,16,DRUM,2.8317671763034014e-08,2.853312430772803e-08,-2.1545254469401698e-10,2.1545254469401698e-10
20230522_000000,16,FLY,7.77250704686594e-07,7.801281753927469e-07,-2.8774707061529625e-09,2.8774707061529625e-09
20230522_000000,16,FROG,1.3257413229439408e-06,1.324611275776988e-06,1.1300471669528633e-09,1.1300471669528633e-09
20230522_000000,16,GLGN,4.196050451543698e-10,4.2449527226651185e-10,-4.890227112142043e-12,4.890227112142043e-12
20230522_000000,16,HOSA,1.6731608411646448e-05,1.691986108198762e-05,-1.8825267034117132e-07,1.8825267034117132e-07
20230522_000000,16,HYPI,2.2992567051682844e-12,2.3125167145782166e-12,-1.3260009409932216e-14,1.3260009409932216e-14
20230522_000000,16,INSP,3.058620734464057e-07,3.0514763693645364e-07,7.144365099520655e-10,7.144365099520655e-10
20230522_000000,16,IXNA,5.558937754557292e-10,5.558831173146928e-10,1.0658141036401503e-14,1.0658141036401503e-14
20230522_000000,16,MEKE,1.1916803259737208e-06,1.1833675443995162e-06,8.312781574204564e-09,8.312781574204564e-09
20230522_000000,16,MYTO,2.9366028770331674e-15,2.9395274700417997e-15,-2.9245930086322855e-18,2.9245930086322855e-18
20230522_000000,16,NUCO,3.225749513930565e-19,3.306796153360628e-19,-8.10466394300628e-21,8.10466394300628e-21
20230522_000000,16,OCPR,5.840378181076744e-11,5.864543572986491e-11,-2.4165391909747314e-13,2.4165391909747314e-13
20230522_000000,16,ORPI,3.320273500584392e-10,3.3396002629970667e-10,-1.9326762412674725e-12,1.9326762412674725e-12
20230522_000000,16,PAFA,6.294817556096177e-09,6.4044787251305024e-09,-1.0966116903432521e-10,1.0966116903432521e-10
20230522_000000,16,PECA,4.43315089498908e-12,4.455792505797529e-12,-2.2641610808449286e-14,2.2641610808449286e-14
20230522_000000,16,PHNU,4.812975973322864e-08,4.9022048642655136e-08,-8.922889094264974e-10,8.922889094264974e-10
20230522_000000,16,PIMA,7.254304488918598e-17,7.397437836881304e-17,-1.4313334796270578e-18,1.4313334796270578e-18
20230522_000000,16,POEC,1.90605664585064e-08,1.8922262867704376e-08,1.383035908020247e-10,1.383035908020247e-10
20230522_000000,16,PSFL,0.1510566771030426,0.1527073234319687,-0.0016506463289260864,0.0016506463289260864
20230522_000000,16,SHOT,1.4341512155624514e-07,1.4489901900560653e-07,-1.4838974493613932e-09,1.4838974493613932e-09
20230522_000000,16,SITT,4.044188539609195e-09,4.026861954997685e-09,1.7326584611510043e-11,1.7326584611510043e-11
20230522_000000,16,SPRU,4.423001201403487e-11,4.46463387093754e-11,-4.163266953405298e-13,4.163266953405298e-13
20230522_000000,16,STOC,1.0700239999605898e-10,1.070383087720117e-10,-3.590877595271991e-14,3.590877595271991e-14
20230522_000000,16,STOC_IRREG,2.3342279498184126e-11,2.3590235667669823e-11,-2.479561694856969e-13,2.479561694856969e-13
20230522_000000,16,STVA,1.3462038594980186e-08,1.3455873748569047e-08,6.164846411138569e-12,6.164846411138569e-12
20230522_000000,16,STVA_IRREG,9.683840289653745e-07,9.77375179900264e-07,-8.991150934889447e-09,8.991150934889447e-09
20230522_000000,16,TADO1,2.857170880096738e-14,2.9052769304899195e-14,-4.810605039318183e-16,4.810605039318183e-16
20230522_000000,16,TADO2,1.9178700294553153e-10,1.926562659404496e-10,-8.692629949180741e-13,8.692629949180741e-13
20230522_000000,16,TAMI,6.036497799018214e-13,6.170014043953287e-13,-1.3351624493507241e-14,1.3351624493507241e-14
20230522_000000,16,TUMI,1.3020457600987356e-08,1.3068450321895853e-08,-4.799272090849627e-11,4.799272090849627e-11
20230522_000000,16,WHIS,2.2550572520430023e-11,2.2655028894535967e-11,-1.0445637410594344e-13,1.0445637410594344e-13
20230522_000000,16,YARD,9.765120934090987e-10,9.894389751963217e-10,-1.292688178722301e-11,1.292688178722301e-11
20230522_000000,16,ZEMA,3.5046210378197884e-10,3.5336980563904774e-10,-2.9077018570689006e-12,2.9077018570689006e-12
20230522_000000,17,AEAC,9.671256157028907e-11,9.663393002456999e-11,7.863154571907671e-14,7.863154571907671e-14
20230522_000000,17,BRCA,6.011433060728764e-16,6.053055200965656e-16,-4.162214023689225e-18,4.162214023689225e-18
20230522_000000,17,BRMA,1.2798662695445392e-20,1.2909222977572634e-20,-1.1056028212724144e-22,1.1056028212724144e-22
20230522_000000,17,BUVI,0.00022784696193411946,0.00022491520212497562,2.9317598091438413e-06,2.9317598091438413e-06
20230522_000000,17,CAGU,4.5509082613470753e-10,4.5388204306107127e-10,1.2087830736362548e-12,1.2087830736362548e-12
20230522_000000,17,CALU,1.383489376394209e-07,1.3702288015338127e-07,1.3260574860396446e-09,1.3260574860396446e-09
20230522_000000,17,CAUS,3.0386250309146325e-15,3.0520515619197972e-15,-1.3426531005164728e-17,1.3426531005164728e-17
20230522_000000,17,CCOO,1.865346875227506e-17,1.8826953342145806e-17,-1.734845898707465e-19,1.734845898707465e-19
20230522_000000,17,CHFA,1.9784544272223738e-16,1.998844098449561e-16,-2.038967122718711e-18,2.038967122718711e-18
20230522_000000,17,CHMI,2.2370243157876502e-10,2.2442106506481707e-10,-7.18633486052056e-13,7.18633486052056e-13
20230522_000000,17,CHMI_IRREG,1.4333656483955792e-09,1.4353725985571941e-09,-2.0069501616148955e-12,2.0069501616148955e-12
20230522_000000,17,COAU,2.9860185144781873e-16,3.007633736500933e-16,-2.1615222022745677e-18,2.1615222022745677e-18
20230522_000000,17,COAU2,1.6460994351451264e-14,1.6625215405199033e-14,-1.6422105374776924e-16,1.6422105374776924e-16
20230522_000000,17,COCO,1.0284557233619651e-10,1.0249085607982877e-10,3.547162563677375e-13,3.547162563677375e-13
20230522_000000,17,CYST,5.840531508947977e-13,5.892433893248117e-13,-5.1902384300139826e-15,5.1902384300139826e-15
20230522_000000,17,DEFU,7.047018613093314e-08,7.049285244420389e-08,-2.2666313270747196e-11,2.2666313270747196e-11
20230522_000000,17,DOG,3.7279701547987543e-10,3.739925036327918e-10,-1.1954881529163686e-12,1.1954881529163686e-12
20230522_000000,17,DRPU,2.0157224707975154e-23,2.052406080612103e-23,-3.668360981458749e-25,3.668360981458749e-25
20230522_000000,17,DRUM,5.494835142449972e-11,5.499590713387015e-11,-4.755570937042819e-14,4.755570937042819e-14
20230522_000000,17,FLY,7.009814950720283e-09,7.023513770576528e-09,-1.3698819856244882e-11,1.3698819856244882e-11
20230522_000000,17,FROG,6.493051651901283e-10,6.45183850789266e-10,4.121314400862275e-12,4.121314400862275e-12
20230522_000000,17,GLGN,1.2061079674059727e-13,1.2146791276805569e-13,-8.571160274584155e-16,8.571160274584155e-16
20230522_000000,17,HOSA,4.168727230080549e-08,4.177168833052747e-08,-8.44160297219787e-11,8.44160297219787e-11
20230522_000000,17,HYPI,3.667333369894675e-17,3.6840020518543536e-17,-1.6668681959678571e-19,1.6668681959678571e-19
20230522_000000,17,INSP,8.558385111712141e-09,8.4704225855603e-09,8.79625261518413e-11,8.79625261518413e-11
20230522_000000,17,IXNA,6.657846149393798e-12,6.677961135459487e-12,-2.0114986065689067e-14,2.0114986065689067e-14
20230522_000000,17,MEKE,5.011026704693222e-09,4.95455099169817e-09,5.647571299505216e-11,5.647571299505216e-11
20230522_000000,17,MYTO,1.0101433351504394e-19,1.0241260479238241e-19,-1.3982712773384664e-21,1.3982712773384664e-21
20230522_000000,17,NUCO,5.854322283217372e-26,5.974111427972765e-26,-1.1978914475539285e-27,1.1978914475539285e-27
20230522_000000,17,OCPR,5.343768911527866e-14,5.383786136087948e-14,-4.0017224560082165e-16,4.0017224560082165e-16
20230522_000000,17,ORPI,1.7573252965655262e-13,1.7647740365410447e-13,-7.448739975518537e-16,7.448739975518537e-16
20230522_000000,17,PAFA,7.807605950649332e-11,7.823086622948949e-11,-1.5480672299617027e-13,1.5480672299617027e-13
20230522_000000,17,PECA,1.1484848792811726e-15,1.1587728355794049e-15,-1.0287956298232325e-17,1.0287956298232325e-17
20230522_000000,17,PHNU,6.449345502090864e-10,6.466647217706623e-10,-1.730171561575844e-12,1.730171561575844e-12
20230522_000000,17,PIMA,7.295741080653374e-21,7.45756071136476e-21,-1.6181963071138688e-22,1.6181963071138688e-22
20230522_000000,17,POEC,1.5294255933332584e-13,1.5309505236888593e-13,-1.524930355600862e-16,1.524930355600862e-16
20230522_000000,17,PSFL,0.9997718930244446,0.9997748732566833,-2.9802322387695312e-06,2.9802322387695312e-06
20230522_000000,17,SHOT,5.562032605321843e-12,5.569554366313678e-12,-7.521760991835436e-15,7.521760991835436e-15
20230522_000000,17,SITT,2.098336608635787e-11,2.1087666335350974e-11,-1.0430024899310553e-13,1.0430024899310553e-13
20230522_000000,17,SPRU,2.2851559782887526e-14,2.29204235614993e-14,-6.886377861177462e-17,6.886377861177462e-17
20230522_000000,17,STOC,4.045980401840704e-13,4.00312866622593e-13,4.2851735614773956e-15,4.2851735614773956e-15
20230522_000000,17,STOC_IRREG,1.23223922181997e-14,1.2230545047597127e-14,9.18471706025728e-17,9.18471706025728e-17
20230522_000000,17,STVA,4.74121186755383e-10,4.701065092760359e-10,4.0146774793470286e-12,4.0146774793470286e-12
20230522_000000,17,STVA_IRREG,5.005106729072395e-08,4.9867686868765304e-08,1.8338042195864546e-10,1.8338042195864546e-10
20230522_000000,17,TADO1,2.600259626353306e-18,2.6367662087125683e-18,-3.6506582359262185e-20,3.6506582359262185e-20
20230522_000000,17,TADO2,2.987514004086124e-14,3.00113835963612e-14,-1.362435554999597e-16,1.362435554999597e-16
20230522_000000,17,TAMI,5.863803953049608e-17,5.921975264191277e-17,-5.817131114166916e-19,5.817131114166916e-19
20230522_000000,17,TUMI,1.7517960693158585e-10,1.765739637837882e-10,-1.3943568522023497e-12,1.3943568522023497e-12
20230522_000000,17,WHIS,4.424682005472547e-15,4.3897766247491445e-15,3.490538072340246e-17,3.490538072340246e-17
20230522_000000,17,YARD,1.025122844141961e-13,1.0261333205667175e-13,-1.0104764247564901e-16,1.0104764247564901e-16
20230522_000000,17,ZEMA,3.6957766708090034e-11,3.695907468959092e-11,-1.3079815008865125e-15,1.3079815008865125e-15
20230522_000000,18,AEAC,3.756556177236803e-10,3.7865008351012364e-10,-2.9944657864433566e-12,2.9944657864433566e-12
20230522_000000,18,BRCA,5.505150350847436e-17,5.587245048793119e-17,-8.209469794568281e-19,8.209469794568281e-19
20230522_000000,18,BRMA,8.61013511296797e-21,8.511198980269085e-21,9.893613269888396e-23,9.893613269888396e-23
20230522_000000,18,BUVI,0.0002357618504902348,0.00023454174515791237,1.2201053323224187e-06,1.2201053323224187e-06
20230522_000000,18,CAGU,2.5117556923248685e-09,2.47154452459597e-09,4.0211167728898545e-11,4.0211167728898545e-11
20230522_000000,18,CALU,1.1357173881898497e-11,1.1367461659472777e-11,-1.0287777574280454e-14,1.0287777574280454e-14
20230522_000000,18,CAUS,2.09560398073687e-15,2.0789261137636695e-15,1.667786697320036e-17,1.667786697320036e-17
20230522_000000,18,CCOO,5.680335293185347e-17,5.625205359719912e-17,5.512993346543419e-19,5.512993346543419e-19
20230522_000000,18,CHFA,1.3612388562638043e-16,1.3570359846586469e-16,4.2028716051574315e-19,4.2028716051574315e-19
20230522_000000,18,CHMI,9.447745918933492e-10,9.391559752103262e-10,5.618616683022992e-12,5.618616683022992e-12
20230522_000000,18,CHMI_IRREG,1.3982960345160222e-09,1.3941539034334482e-09,4.1421310825739965e-12,4.1421310825739965e-12
20230522_000000,18,COAU,2.008352341067511e-17,2.0067237878775166e-17,1.628553189994401e-20,1.628553189994401e-20
20230522_000000,18,COAU2,7.670549952317179e-15,7.651797489897916e-15,1.8752462419262955e-17,1.8752462419262955e-17
20230522_000000,18,COCO,4.082471513622288e-11,4.0776208798387614e-11,4.850633783526348e-14,4.850633783526348e-14
20230522_000000,18,CYST,2.8347384660974695e-13,2.838193818421181e-13,-3.4553523237113026e-16,3.4553523237113026e-16
20230522_000000,18,DEFU,1.5137335651616013e-07,1.5043251266888547e-07,9.408438472746639e-10,9.408438472746639e-10
20230522_000000,18,DOG,7.152221870310171e-11,7.183977718261403e-11,-3.175584795123143e-13,3.175584795123143e-13
20230522_000000,18,DRPU,1.7035307281132547e-24,1.702669094789527e-24,8.616333237276501e-28,8.616333237276501e-28
20230522_000000,18,DRUM,2.8030145912683047e-11,2.80333915803066e-11,-3.245667623552606e-15,3.245667623552606e-15
20230522_000000,18,FLY,3.5857636859759623e-09,3.5819949228965697e-09,3.768763079392556e-12,3.768763079392556e-12
20230522_000000,18,FROG,1.8505932897205923e-10,1.853011633023982e-10,-2.418343303389747e-13,2.418343303389747e-13
20230522_000000,18,GLGN,1.7425862185518892e-12,1.7510043978999357e-12,-8.41817934804645e-15,8.41817934804645e-15
20230522_000000,18,HOSA,5.030839300701473e-09,5.04405761603266e-09,-1.3218315331187114e-11,1.3218315331187114e-11
20230522_000000,18,HYPI,1.3154726073324704e-17,1.314235476008336e-17,1.2371313241343082e-20,1.2371313241343082e-20
20230522_000000,18,INSP,2.8747605185230896e-08,2.8707152210927234e-08,4.0452974303661904e-11,4.0452974303661904e-11
20230522_000000,18,IXNA,5.309899221705994e-12,5.280495658788187e-12,2.940356291780688e-14,2.940356291780688e-14
20230522_000000,18,MEKE,3.2187301712838234e-09,3.219176258895118e-09,-4.460876112943879e-13,4.460876112943879e-13
20230522_000000,18,MYTO,3.67863406585413e-20,3.610599106706497e-20,6.803495914763297e-22,6.803495914763297e-22
20230522_000000,18,NUCO,1.1796080168128771e-27,1.1737831379925751e-27,5.8248788203019755e-30,5.8248788203019755e-30
20230522_000000,18,OCPR,1.084986186181483e-13,1.08017646205643e-13,4.809724125053039e-16,4.809724125053039e-16
20230522_000000,18,ORPI,1.1320850805190616e-13,1.135308413577861e-13,-3.2233330587994047e-16,3.2233330587994047e-16
20230522_000000,18,PAFA,6.7880197990310975e-12,6.8174172904167385e-12,-2.939749138564096e-14,2.939749138564096e-14
20230522_000000,18,PECA,3.796601781127563e-16,3.79621585174097e-16,3.859293865927406e-20,3.859293865927406e-20
20230522_000000,18,PHNU,7.477204411188154e-10,7.505062682433561e-10,-2.785827124540674e-12,2.785827124540674e-12
20230522_000000,18,PIMA,3.3658403216405343e-21,3.366319747122517e-21,-4.794254819826386e-25,4.794254819826386e-25
20230522_000000,18,POEC,3.973755122155774e-15,3.9208634203139e-15,5.2891701841873903e-17,5.2891701841873903e-17
20230522_000000,18,PSFL,0.9997640252113342,0.9997653365135193,-1.3113021850585938e-06,1.3113021850585938e-06
20230522_000000,18,SHOT,1.6540498896759626e-13,1.6627888302367388e-13,-8.738940560776287e-16,8.738940560776287e-16
20230522_000000,18,SITT,1.377353960052563e-11,1.3660715787733313e-11,1.1282381279231757e-13,1.1282381279231757e-13
20230522_000000,18,SPRU,2.4382616304279405e-15,2.437846372525549e-15,4.1525790239142074e-19,4.1525790239142074e-19
20230522_000000,18,STOC,2.9304815952341245e-12,2.9454698229069987e-12,-1.498822767287411e-14,1.498822767287411e-14
20230522_000000,18,STOC_IRREG,2.7800182488213693e-15,2.804756057804168e-15,-2.4737808982798655e-17,2.4737808982798655e-17
20230522_000000,18,STVA,2.742422400281441e-10,2.7474469921351385e-10,-5.024591853697302e-13,5.024591853697302e-13
20230522_000000,18,STVA_IRREG,2.082744821052529e-08,2.0973457637296633e-08,-1.46009426771343e-10,1.46009426771343e-10
20230522_000000,18,TADO1,1.872682106104473e-18,1.876553104576068e-18,-3.870998471595031e-21,3.870998471595031e-21
20230522_000000,18,TADO2,2.1540744533275974e-15,2.145335402652538e-15,8.73905067505943e-18,8.73905067505943e-18
20230522_000000,18,TAMI,1.6414343773653217e-17,1.6667957349461975e-17,-2.536135758087583e-19,2.536135758087583e-19
20230522_000000,18,TUMI,9.387334659605173e-11,9.348323504188016e-11,3.901115541715683e-13,3.901115541715683e-13
20230522_000000,18,WHIS,6.594592375023774e-15,6.634949259795705e-15,-4.035688477193114e-17,4.035688477193114e-17
20230522_000000,18,YARD,3.008447576344567e-14,3.0290989172249844e-14,-2.0651340880417646e-16,2.0651340880417646e-16
20230522_000000,18,ZEMA,4.8406629399311285e-11,4.847950513253707e-11,-7.287573322578567e-14,7.287573322578567e-14
20230522_000000,19,AEAC,0.0005589937791228294,0.0005663662450388074,-7.372465915977955e-06,7.372465915977955e-06
20230522_000000,19,BRCA,1.9060738054577087e-07,1.9781793980655493e-07,-7.210559260784066e-09,7.210559260784066e-09
20230522_000000,19,BRMA,5.4487386824675355e-11,5.524688345692752e-11,-7.594966322521657e-13,7.594966322521657e-13
20230522_000000,19,BUVI,0.7545453310012817,0.7518725395202637,0.0026727914810180664,0.0026727914810180664
20230522_000000,19,CAGU,1.718257408356294e-05,1.7039856174960732e-05,1.427179086022079e-07,1.427179086022079e-07
20230522_000000,19,CALU,1.0960170584439766e-05,1.1358246410964057e-05,-3.980758265242912e-07,3.980758265242912e-07
20230522_000000,19,CAUS,1.676758074609097e-07,1.6861244489518867e-07,-9.36637434278964e-10,9.36637434278964e-10
20230522_000000,19,CCOO,1.2324479214953499e-08,1.2508715840908735e-08,-1.8423662595523638e-10,1.8423662595523638e-10
20230522_000000,19,CHFA,7.383426492424405e-08,7.501493826111982e-08,-1.1806733368757705e-09,1.1806733368757705e-09
20230522_000000,19,CHMI,4.631819683709182e-05,4.6585730160586536e-05,-2.675333234947175e-07,2.675333234947175e-07
20230522_000000,19,CHMI_IRREG,4.818916931981221e-05,4.890310447080992e-05,-7.139351509977132e-07,7.139351509977132e-07
20230522_000000,19,COAU,7.778683084325166e-07,7.932036396596231e-07,-1.5335331227106508e-08,1.5335331227106508e-08
20230522_000000,19,COAU2,3.5180128179490566e-06,3.6082781207369408e-06,-9.026530278788414e-08,9.026530278788414e-08
20230522_000000,19,COCO,0.00038502743700519204,0.0003897247079294175,-4.6972709242254496e-06,4.6972709242254496e-06
20230522_000000,19,CYST,1.59538903972134e-05,1.611477455298882e-05,-1.6088415577542037e-07,1.6088415577542037e-07
20230522_000000,19,DEFU,0.008142054080963135,0.008206703700125217,-6.464961916208267e-05,6.464961916208267e-05
20230522_000000,19,DOG,0.00031419421429745853,0.0003213173768017441,-7.123162504285574e-06,7.123162504285574e-06
20230522_000000,19,DRPU,1.1302588639322542e-12,1.1606994662280434e-12,-3.0440602295789265e-14,3.0440602295789265e-14
20230522_000000,19,DRUM,0.00023473065812140703,0.00023943632550071925,-4.705667379312217e-06,4.705667379312217e-06
20230522_000000,19,FLY,0.004073759075254202,0.004124009516090155,-5.025044083595276e-05,5.025044083595276e-05
20230522_000000,19,FROG,0.0018594994908198714,0.0018739463994279504,-1.4446908608078957e-05,1.4446908608078957e-05
20230522_000000,19,GLGN,9.793240678845905e-06,9.941876669472549e-06,-1.4863599062664434e-07,1.4863599062664434e-07
20230522_000000,19,HOSA,0.0015647957334294915,0.0016069455305114388,-4.214979708194733e-05,4.214979708194733e-05
20230522_000000,19,HYPI,3.228751666028984e-07,3.280557621110347e-07,-5.180595508136321e-09,5.180595508136321e-09
20230522_000000,19,INSP,0.06862970441579819,0.06886011362075806,-0.00023040920495986938,0.00023040920495986938
20230522_000000,19,IXNA,1.6549694919376634e-05,1.6677908206474967e-05,-1.2821328709833324e-07,1.2821328709833324e-07
20230522_000000,19,MEKE,0.027011772617697716,0.02713097259402275,-0.0001191999763250351,0.0001191999763250351
20230522_000000,19,MYTO,1.3181370925319236e-11,1.339585994214465e-11,-2.1448901682541432e-13,2.1448901682541432e-13
20230522_000000,19,NUCO,1.5211253141952062e-14,1.5705413857446116e-14,-4.941607154940533e-16,4.941607154940533e-16
20230522_000000,19,OCPR,7.227114338093088e-07,7.334060114772001e-07,-1.069457766789128e-08,1.069457766789128e-08
20230522_000000,19,ORPI,9.204532034345903e-06,9.38475932343863e-06,-1.80227289092727e-07,1.80227289092727e-07
20230522_000000,19,PAFA,5.697876258636825e-05,5.822521779919043e-05,-1.246455212822184e-06,1.246455212822184e-06
20230522_000000,19,PECA,2.1938160443824017e-06,2.2405420168070123e-06,-4.672597242461052e-08,4.672597242461052e-08
20230522_000000,19,PHNU,1.7654151633905713e-06,1.8100977285939734e-06,-4.468256520340219e-08,4.468256520340219e-08
20230522_000000,19,PIMA,3.635337864071886e-11,3.737920042934384e-11,-1.025821788624981e-12,1.025821788624981e-12
20230522_000000,19,POEC,1.6048426232373458e-07,1.637508404428445e-07,-3.2665781191099086e-09,3.2665781191099086e-09
20230522_000000,19,PSFL,0.006790210492908955,0.006927511189132929,-0.00013730069622397423,0.00013730069622397423
20230522_000000,19,SHOT,6.2476215134665836e-06,6.443883648898918e-06,-1.9626213543233462e-07,1.9626213543233462e-07
20230522_000000,19,SITT,6.769671472284244e-06,6.836425200162921e-06,-6.675372787867673e-08,6.675372787867673e-08
20230522_000000,19,SPRU,4.304189587855944e-06,4.39616633229889e-06,-9.197674444294535e-08,9.197674444294535e-08
20230522_000000,19,STOC,0.001448152121156454,0.0014504202408716083,-2.268119715154171e-06,2.268119715154171e-06
20230522_000000,19,STOC_IRREG,3.177385588060133e-05,3.244342588004656e-05,-6.695699994452298e-07,6.695699994452298e-07
20230522_000000,19,STVA,0.08191850781440735,0.08291331678628922,-0.0009948089718818665,0.0009948089718818665
20230522_000000,19,STVA_IRREG,0.04210735484957695,0.04309464246034622,-0.0009872876107692719,0.0009872876107692719
20230522_000000,19,TADO1,2.9394124467785332e-08,3.00592652990872e-08,-6.651408313018692e-10,6.651408313018692e-10
20230522_000000,19,TADO2,3.069583272008458e-06,3.1273775675799698e-06,-5.779429557151161e-08,5.779429557151161e-08
20230522_000000,19,TAMI,4.898817351772777e-08,5.074535636140354e-08,-1.7571828436757642e-09,1.7571828436757642e-09
20230522_000000,19,TUMI,3.452517557889223e-05,3.491859388304874e-05,-3.93418304156512e-07,3.93418304156512e-07
20230522_000000,19,WHIS,2.594201941974461e-05,2.615813173179049e-05,-2.1611231204587966e-07,2.1611231204587966e-07
20230522_000000,19,YARD,2.1489857317646965e-05,2.201028291892726e-05,-5.204256012802944e-07,5.204256012802944e-07
20230522_000000,19,ZEMA,4.063511369167827e-05,4.122251266380772e-05,-5.873989721294492e-07,5.873989721294492e-07
20230522_000000,2,AEAC,1.0045239813571971e-11,1.0006251036087654e-11,3.898877748431673e-14,3.898877748431673e-14
20230522_000000,2,BRCA,1.435624168861947e-19,1.4383983258412967e-19,-2.7741569793497166e-22,2.7741569793497166e-22
20230522_000000,2,BRMA,8.930754261435871e-24,8.868967519895341e-24,6.178674154053053e-26,6.178674154053053e-26
20230522_000000,2,BUVI,0.000969355518463999,0.0009578052558936179,1.1550262570381165e-05,1.1550262570381165e-05
20230522_000000,2,CAGU,1.2508306890257614e-10,1.2347831090941952e-10,1.6047579931566247e-12,1.6047579931566247e-12
20230522_000000,2,CALU,1.909875252739668e-12,1.9145442609752594e-12,-4.669008235591576e-15,4.669008235591576e-15
20230522_000000,2,CAUS,1.433660834998537e-17,1.4261935447367758e-17,7.467290261761202e-20,7.467290261761202e-20
20230522_000000,2,CCOO,4.708071970403737e-20,4.6622839692072324e-20,4.578800119650465e-22,4.578800119650465e-22
20230522_000000,2,CHFA,2.696286454977916e-19,2.6759476346788855e-19,2.0338820299030414e-21,2.0338820299030414e-21
20230522_000000,2,CHMI,1.5964066873985772e-11,1.579832098475009e-11,1.6574588923568e-13,1.6574588923568e-13
20230522_000000,2,CHMI_IRREG,8.400611456460538e-11,8.376582066871308e-11,2.402938958923073e-13,2.402938958923073e-13
20230522_000000,2,COAU,5.815423503189877e-20,5.776379285807667e-20,3.904421738221002e-22,3.904421738221002e-22
20230522_000000,2,COAU2,1.9050753674316928e-17,1.8927902464101777e-17,1.2285121021515056e-19,1.2285121021515056e-19
20230522_000000,2,COCO,1.321854951885637e-12,1.311811228220383e-12,1.0043723665253967e-14,1.0043723665253967e-14
20230522_000000,2,CYST,6.316090483065402e-15,6.2787608940469575e-15,3.732958901844427e-17,3.732958901844427e-17
20230522_000000,2,DEFU,8.16875900255809e-09,8.113791416519689e-09,5.496758603840135e-11,5.496758603840135e-11
20230522_000000,2,DOG,4.72857430294793e-12,4.73685283705616e-12,-8.278534108230318e-15,8.278534108230318e-15
20230522_000000,2,DRPU,2.2975345160381073e-28,2.29392724925227e-28,3.6072667858372928e-31,3.6072667858372928e-31
20230522_000000,2,DRUM,6.022736020842856e-13,6.00608104917022e-13,1.6654971672636076e-15,1.6654971672636076e-15
20230522_000000,2,FLY,5.722377016681435e-10,5.674858361004453e-10,4.7518655676981325e-12,4.7518655676981325e-12
20230522_000000,2,FROG,1.2739395476024651e-11,1.2698545340250611e-11,4.085013577403984e-14,4.085013577403984e-14
20230522_000000,2,GLGN,2.766547036828237e-15,2.759148839308681e-15,7.398197519555873e-18,7.398197519555873e-18
20230522_000000,2,HOSA,1.6187168272452368e-10,1.615531042276075e-10,3.1857849691618867e-13,3.1857849691618867e-13
20230522_000000,2,HYPI,1.0593539738459669e-20,1.0519647629716822e-20,7.389210874284732e-23,7.389210874284732e-23
20230522_000000,2,INSP,1.3667259546323862e-09,1.3591017200553779e-09,7.624234577008338e-12,7.624234577008338e-12
20230522_000000,2,IXNA,1.352254354498872e-13,1.3432187491186492e-13,9.035605380222633e-16,9.035605380222633e-16
20230522_000000,2,MEKE,9.859265626133151e-10,9.824164814986602e-10,3.510081114654895e-12,3.510081114654895e-12
20230522_000000,2,MYTO,4.23112843478663e-24,4.196889504917322e-24,3.4238929869307575e-26,3.4238929869307575e-26
20230522_000000,2,NUCO,3.914243080099023e-32,3.9300284998626276e-32,-1.5785419763604793e-34,1.5785419763604793e-34
20230522_000000,2,OCPR,3.550635059947939e-16,3.542572365081262e-16,8.062694866676871e-19,8.062694866676871e-19
20230522_000000,2,ORPI,9.981848120215278e-16,9.968188655149618e-16,1.365946506565966e-18,1.365946506565966e-18
20230522_000000,2,PAFA,1.796009901130352e-13,1.7938978752983503e-13,2.1120258320017626e-16,2.1120258320017626e-16
20230522_000000,2,PECA,2.156518173158928e-18,2.1429466208487706e-18,1.3571552310157525e-20,1.3571552310157525e-20
20230522_000000,2,PHNU,3.0050181093477235e-11,3.007599030935282e-11,-2.5809215875582936e-14,2.5809215875582936e-14
20230522_000000,2,PIMA,4.531896446044113e-25,4.502928980566332e-25,2.8967465477781317e-27,2.8967465477781317e-27
20230522_000000,2,POEC,3.6934828651631914e-17,3.653072114389771e-17,4.0410750773420593e-19,4.0410750773420593e-19
20230522_000000,2,PSFL,0.999030590057373,0.9990422129631042,-1.1622905731201172e-05,1.1622905731201172e-05
20230522_000000,2,SHOT,4.175190568441161e-15,4.164565810667277e-15,1.0624757773884316e-17,1.0624757773884316e-17
20230522_000000,2,SITT,5.068413137104821e-13,5.011898014661842e-13,5.6515122442979404e-15,5.6515122442979404e-15
20230522_000000,2,SPRU,3.456298088936471e-17,3.4514501488024205e-17,4.8479401340507846e-20,4.8479401340507846e-20
20230522_000000,2,STOC,1.8379418267270436e-13,1.8185888179481774e-13,1.9353008778866254e-15,1.9353008778866254e-15
20230522_000000,2,STOC_IRREG,9.937845817396601e-17,9.956251578642641e-17,-1.840576124603993e-19,1.840576124603993e-19
20230522_000000,2,STVA,1.1646798803166547e-10,1.1600355398488915e-10,4.644340467763186e-13,4.644340467763186e-13
20230522_000000,2,STVA_IRREG,2.766977758028588e-09,2.7787616652119596e-09,-1.1783907183371412e-11,1.1783907183371412e-11
20230522_000000,2,TADO1,1.1801499496238594e-21,1.1801951860636083e-21,-4.52364397489937e-26,4.52364397489937e-26
20230522_000000,2,TADO2,8.182698259479124e-17,8.084098992207293e-17,9.859926727183086e-19,9.859926727183086e-19
20230522_000000,2,TAMI,3.5008513033488903e-20,3.494714334062086e-20,6.136969286804553e-23,6.136969286804553e-23
20230522_000000,2,TUMI,2.993809410448134e-12,2.97466240008204e-12,1.9147010366094008e-14,1.9147010366094008e-14
20230522_000000,2,WHIS,4.06784032585856e-17,4.0704492535105524e-17,-2.6089276519922493e-20,2.6089276519922493e-20
20230522_000000,2,YARD,1.1330558565095803e-16,1.130992007794036e-16,2.0638487155443062e-19,2.0638487155443062e-19
20230522_000000,2,ZEMA,3.924367341506807e-12,3.903860307935547e-12,2.0507033571259825e-14,2.0507033571259825e-14
20230522_000000,20,AEAC,1.2760073332174215e-05,1.275075464945985e-05,9.318682714365423e-09,9.318682714365423e-09
20230522_000000,20,BRCA,2.9641318732842592e-08,2.9817950775168356e-08,-1.766320423257639e-10,1.766320423257639e-10
20230522_000000,20,BRMA,1.865882586571388e-05,1.8559494492365047e-05,9.933137334883213e-08,9.933137334883213e-08
20230522_000000,20,BUVI,0.025217244401574135,0.024959735572338104,0.0002575088292360306,0.0002575088292360306
20230522_000000,20,CAGU,0.6626375317573547,0.6633747220039368,-0.0007371902465820312,0.0007371902465820312
20230522_000000,20,CALU,4.521266419033054e-06,4.547791832010262e-06,-2.6525412977207452e-08,2.6525412977207452e-08
20230522_000000,20,CAUS,0.0008327794494107366,0.0008320573251694441,7.221242412924767e-07,7.221242412924767e-07
20230522_000000,20,CCOO,0.00046986661618575454,0.00046975925215519965,1.0736403055489063e-07,1.0736403055489063e-07
20230522_000000,20,CHFA,3.161165295750834e-05,3.160905180266127e-05,2.6011548470705748e-09,2.6011548470705748e-09
20230522_000000,20,CHMI,0.0007954746834002435,0.0007918366463854909,3.6380370147526264e-06,3.6380370147526264e-06
20230522_000000,20,CHMI_IRREG,7.488470146199688e-05,7.505951361963525e-05,-1.74812157638371e-07,1.74812157638371e-07
20230522_000000,20,COAU,6.635198133153608e-06,6.6468001023167744e-06,-1.1601969163166359e-08,1.1601969163166359e-08
20230522_000000,20,COAU2,0.0002653255651239306,0.0002655813586898148,-2.557935658842325e-07,2.557935658842325e-07
20230522_000000,20,COCO,7.603814447065815e-05,7.603995618410408e-05,-1.811713445931673e-09,1.811713445931673e-09
20230522_000000,20,CYST,0.00012804770085494965,0.00012793111091013998,1.1658994480967522e-07,1.1658994480967522e-07
20230522_000000,20,DEFU,0.0030862733256071806,0.0030618279706686735,2.444535493850708e-05,2.444535493850708e-05
20230522_000000,20,DOG,5.032812259742059e-05,5.0394974095979705e-05,-6.685149855911732e-08,6.685149855911732e-08
20230522_000000,20,DRPU,2.2723200057694903e-11,2.2565895332893326e-11,1.5730472480157687e-13,1.5730472480157687e-13
20230522_000000,20,DRUM,9.111247345572338e-05,9.087824582820758e-05,2.3422762751579285e-07,2.3422762751579285e-07
20230522_000000,20,FLY,0.0006242175004445016,0.0006218446069397032,2.3728935047984123e-06,2.3728935047984123e-06
20230522_000000,20,FROG,0.00022656458895653486,0.00022593032917939126,6.342597771435976e-07,6.342597771435976e-07
20230522_000000,20,GLGN,2.1030314201198053e-06,2.1031314645370003e-06,-1.000444171950221e-10,1.000444171950221e-10
20230522_000000,20,HOSA,0.00047969032311812043,0.0004800227179657668,-3.3239484764635563e-07,3.3239484764635563e-07
20230522_000000,20,HYPI,4.926632186652569e-07,4.924729637423297e-07,1.9025492292712443e-10,1.9025492292712443e-10
20230522_000000,20,INSP,0.00036263244692236185,0.00035974610364064574,2.8863432817161083e-06,2.8863432817161083e-06
20230522_000000,20,IXNA,0.0006847938057035208,0.0006817178218625486,3.075983840972185e-06,3.075983840972185e-06
20230522_000000,20,MEKE,0.0006091693066991866,0.0006035971455276012,5.5721611715853214e-06,5.5721611715853214e-06
20230522_000000,20,MYTO,0.0010202716803178191,0.0010147346183657646,5.537061952054501e-06,5.537061952054501e-06
20230522_000000,20,NUCO,1.6299880334358363e-09,1.6555649073879408e-09,-2.5576873952104506e-11,2.5576873952104506e-11
20230522_000000,20,OCPR,0.0006642505177296698,0.0006657030317001045,-1.4525139704346657e-06,1.4525139704346657e-06
20230522_000000,20,ORPI,0.00014024702250026166,0.00014089922478888184,-6.522022886201739e-07,6.522022886201739e-07
20230522_000000,20,PAFA,4.5006192522123456e-05,4.5013184717390686e-05,-6.992195267230272e-09,6.992195267230272e-09
20230522_000000,20,PECA,9.867747394309845e-06,9.89374348137062e-06,-2.5996087060775608e-08,2.5996087060775608e-08
20230522_000000,20,PHNU,0.00013335289258975536,0.000134456975501962,-1.1040829122066498e-06,1.1040829122066498e-06
20230522_000000,20,PIMA,1.5658476968383184e-06,1.5797656942595495e-06,-1.391799742123112e-08,1.391799742123112e-08
20230522_000000,20,POEC,0.0007285582250915468,0.000729089486412704,-5.31261321157217e-07,5.31261321157217e-07
20230522_000000,20,PSFL,0.2906145453453064,0.2902434170246124,0.0003711283206939697,0.0003711283206939697
20230522_000000,20,SHOT,3.489667733447277e-06,3.4962897643708857e-06,-6.6220309236086905e-09,6.6220309236086905e-09
20230522_000000,20,SITT,0.0019226372241973877,0.001907235593535006,1.540163066238165e-05,1.540163066238165e-05
20230522_000000,20,SPRU,2.5854322302620858e-05,2.58639884123113e-05,-9.666109690442681e-09,9.666109690442681e-09
20230522_000000,20,STOC,5.7985129387816414e-05,5.7405246479902416e-05,5.798829079139978e-07,5.798829079139978e-07
20230522_000000,20,STOC_IRREG,2.49454797085491e-06,2.5053836907318328e-06,-1.0835719876922667e-08,1.0835719876922667e-08
20230522_000000,20,STVA,0.0027233853470534086,0.00268983980640769,3.3545540645718575e-05,3.3545540645718575e-05
20230522_000000,20,STVA_IRREG,0.0019200225360691547,0.001916149747557938,3.8727885112166405e-06,3.8727885112166405e-06
20230522_000000,20,TADO1,3.7848010947527655e-07,3.8110127320578613e-07,-2.621163730509579e-09,2.621163730509579e-09
20230522_000000,20,TADO2,0.00025978556368499994,0.0002602796594146639,-4.940957296639681e-07,4.940957296639681e-07
20230522_000000,20,TAMI,1.3249884887045482e-06,1.3357993111640099e-06,-1.0810822459461633e-08,1.0810822459461633e-08
20230522_000000,20,TUMI,0.0024730106815695763,0.002465283265337348,7.727416232228279e-06,7.727416232228279e-06
20230522_000000,20,WHIS,8.57799022924155e-06,8.596030056651216e-06,-1.803982740966603e-08,1.803982740966603e-08
20230522_000000,20,YARD,3.3970918593695387e-06,3.398578655833262e-06,-1.4867964637232944e-09,1.4867964637232944e-09
20230522_000000,20,ZEMA,0.0004512453160714358,0.0004480230272747576,3.2222887966781855e-06,3.2222887966781855e-06
20230522_000000,21,AEAC,0.00019341852748766541,0.00019060677732340991,2.8117501642555e-06,2.8117501642555e-06
20230522_000000,21,BRCA,2.399375205186516e-07,2.4393639819209056e-07,-3.998877673438983e-09,3.998877673438983e-09
20230522_000000,21,BRMA,1.0294233347696302e-11,1.0519162797761883e-11,-2.2492945006558074e-13,2.2492945006558074e-13
20230522_000000,21,BUVI,0.001499431673437357,0.001463515218347311,3.591645509004593e-05,3.591645509004593e-05
20230522_000000,21,CAGU,2.979815508297179e-05,2.97489132208284e-05,4.924186214338988e-08,4.924186214338988e-08
20230522_000000,21,CALU,0.9610555768013,0.9613258242607117,-0.0002702474594116211,0.0002702474594116211
20230522_000000,21,CAUS,6.6810024179631e-08,6.767089644199586e-08,-8.608722623648646e-10,8.608722623648646e-10
20230522_000000,21,CCOO,1.1950401557214718e-08,1.219578482647421e-08,-2.453832692594915e-10,2.453832692594915e-10
20230522_000000,21,CHFA,1.455156528606949e-08,1.4854864893720787e-08,-3.0329960765129726e-10,3.0329960765129726e-10
20230522_000000,21,CHMI,5.55356964468956e-05,5.5339121900033206e-05,1.9657454686239362e-07,1.9657454686239362e-07
20230522_000000,21,CHMI_IRREG,4.06835533794947e-05,4.055389581480995e-05,1.2965756468474865e-07,1.2965756468474865e-07
20230522_000000,21,COAU,3.776974466518368e-08,3.8585742601071615e-08,-8.159979358879355e-10,8.159979358879355e-10
20230522_000000,21,COAU2,9.751643119670916e-07,9.948945489668404e-07,-1.973023699974874e-08,1.973023699974874e-08
20230522_000000,21,COCO,0.003156468039378524,0.0031546668615192175,1.8011778593063354e-06,1.8011778593063354e-06
20230522_000000,21,CYST,3.2011505481932545e-06,3.226534090572386e-06,-2.538354237913154e-08,2.538354237913154e-08
20230522_000000,21,DEFU,0.007677371148020029,0.007623144891113043,5.4226256906986237e-05,5.4226256906986237e-05
20230522_000000,21,DOG,8.16196552477777e-05,8.188596984837204e-05,-2.6631460059434175e-07,2.6631460059434175e-07
20230522_000000,21,DRPU,3.31227097616002e-13,3.372040873524801e-13,-5.976989736478089e-15,5.976989736478089e-15
20230522_000000,21,DRUM,0.0007668492035008967,0.000774049258325249,-7.200054824352264e-06,7.200054824352264e-06
20230522_000000,21,FLY,0.0008570548379793763,0.0008562766015529633,7.782364264130592e-07,7.782364264130592e-07
20230522_000000,21,FROG,0.0004738449351862073,0.0004692961520049721,4.548783181235194e-06,4.548783181235194e-06
20230522_000000,21,GLGN,3.777509482461028e-05,3.753670898731798e-05,2.3838583729229867e-07,2.3838583729229867e-07
20230522_000000,21,HOSA,0.005508071277290583,0.005530902184545994,-2.2830907255411148e-05,2.2830907255411148e-05
20230522_000000,21,HYPI,7.225733611448959e-08,7.291487236216199e-08,-6.575362476723967e-10,6.575362476723967e-10
20230522_000000,21,INSP,0.005472211632877588,0.005353010259568691,0.00011920137330889702,0.00011920137330889702
20230522_000000,21,IXNA,6.407368346117437e-06,6.475968348240713e-06,-6.860000212327577e-08,6.860000212327577e-08
20230522_000000,21,MEKE,0.0025975743774324656,0.0025495209265500307,4.8053450882434845e-05,4.8053450882434845e-05
20230522_000000,21,MYTO,3.521718749954772e-10,3.637458667604676e-10,-1.157399176499041e-11,1.157399176499041e-11
20230522_000000,21,NUCO,7.587882145526637e-13,7.994971329937373e-13,-4.0708918441073605e-14,4.0708918441073605e-14
20230522_000000,21,OCPR,4.409702114571701e-07,4.4588145442503446e-07,-4.911242967864382e-09,4.911242967864382e-09
20230522_000000,21,ORPI,4.924619133817032e-06,4.971172529621981e-06,-4.6553395804949105e-08,4.6553395804949105e-08
20230522_000000,21,PAFA,2.4834445866872557e-05,2.508748548279982e-05,-2.530396159272641e-07,2.530396159272641e-07
20230522_000000,21,PECA,2.8956290520909533e-07,2.923593171999528e-07,-2.7964119908574503e-09,2.7964119908574503e-09
20230522_000000,21,PHNU,2.088172095682239e-06,2.100831579809892e-06,-1.2659484127652831e-08,1.2659484127652831e-08
20230522_000000,21,PIMA,7.211884561764137e-11,7.513038108308834e-11,-3.0115354654469684e-12,3.0115354654469684e-12
20230522_000000,21,POEC,4.882922894466901e-06,5.0058347369486e-06,-1.2291184248169884e-07,1.2291184248169884e-07
20230522_000000,21,PSFL,0.006844878196716309,0.006820718292146921,2.4159904569387436e-05,2.4159904569387436e-05
20230522_000000,21,SHOT,0.0003477259597275406,0.00035034172469750047,-2.615764969959855e-06,2.615764969959855e-06
20230522_000000,21,SITT,8.573654667998198e-06,8.670283932588063e-06,-9.662926458986476e-08,9.662926458986476e-08
20230522_000000,21,SPRU,9.524583788333985e-07,9.676676882008906e-07,-1.5209309367492096e-08,1.5209309367492096e-08
20230522_000000,21,STOC,5.825691005156841e-06,5.697650976799196e-06,1.280400283576455e-07,1.280400283576455e-07
20230522_000000,21,STOC_IRREG,4.775151296598779e-07,4.760699425787607e-07,1.445187081117183e-09,1.445187081117183e-09
20230522_000000,21,STVA,0.0005321666249074042,0.0005229139933362603,9.252631571143866e-06,9.252631571143866e-06
20230522_000000,21,STVA_IRREG,0.0026385607197880745,0.0026360112242400646,2.5494955480098724e-06,2.5494955480098724e-06
20230522_000000,21,TADO1,2.2575239455591145e-09,2.3090214185117475e-09,-5.149747295263296e-11,5.149747295263296e-11
20230522_000000,21,TADO2,4.0603626416668703e-07,4.082003783878463e-07,-2.1641142211592523e-09,2.1641142211592523e-09
20230522_000000,21,TAMI,1.4854285801391143e-08,1.5134940412053766e-08,-2.8065461066262287e-10,2.8065461066262287e-10
20230522_000000,21,TUMI,1.3145850061846431e-05,1.3293578376760706e-05,-1.4772831491427496e-07,1.4772831491427496e-07
20230522_000000,21,WHIS,6.6866568886325695e-06,6.648713679169305e-06,3.794320946326479e-08,3.794320946326479e-08
20230522_000000,21,YARD,4.809148231288418e-05,4.829554018215276e-05,-2.0405786926858127e-07,2.0405786926858127e-07
20230522_000000,21,ZEMA,7.133243684620538e-07,7.165806437114952e-07,-3.256275249441387e-09,3.256275249441387e-09
20230522_000000,22,AEAC,4.491413352347706e-10,4.45633835388648e-10,3.5074998461226414e-12,3.5074998461226414e-12
20230522_000000,22,BRCA,3.055899328196708e-17,3.048439813432705e-17,7.459514764003204e-20,7.459514764003204e-20
20230522_000000,22,BRMA,1.732958731376365e-21,1.7314542158579274e-21,1.5045155184375137e-24,1.5045155184375137e-24
20230522_000000,22,BUVI,0.009525268338620663,0.009422071278095245,0.00010319706052541733,0.00010319706052541733
20230522_000000,22,CAGU,1.444749986312388e-09,1.4365495459855993e-09,8.200440326788794e-12,8.200440326788794e-12
20230522_000000,22,CALU,4.606755737768253e-06,4.575896127789747e-06,3.085960997850634e-08,3.085960997850634e-08
20230522_000000,22,CAUS,1.8357592599911945e-15,1.827167804807194e-15,8.591455184000368e-18,8.591455184000368e-18
20230522_000000,22,CCOO,2.3303995615695163e-17,2.3116319915235457e-17,1.8767570045970624e-19,1.8767570045970624e-19
20230522_000000,22,CHFA,3.469398644605841e-17,3.4573009627111306e-17,1.209768189471054e-19,1.209768189471054e-19
20230522_000000,22,CHMI,9.485624508087653e-10,9.445645376970901e-10,3.997913111675189e-12,3.997913111675189e-12
20230522_000000,22,CHMI_IRREG,2.888454586624789e-09,2.887554639841028e-09,8.999467837611519e-13,8.999467837611519e-13
20230522_000000,22,COAU,2.318050185158018e-16,2.2971200010313644e-16,2.093018412665376e-18,2.093018412665376e-18
20230522_000000,22,COAU2,9.898311825132927e-15,9.87094757873893e-15,2.7364246393997427e-17,2.7364246393997427e-17
20230522_000000,22,COCO,3.3322705705884914e-10,3.316840413436495e-10,1.5430157151996582e-12,1.5430157151996582e-12
20230522_000000,22,CYST,7.859423832232149e-13,7.808168174527896e-13,5.125565770425222e-15,5.125565770425222e-15
20230522_000000,22,DEFU,4.073199022514018e-07,4.046558217396523e-07,2.6640805117494892e-09,2.6640805117494892e-09
20230522_000000,22,DOG,3.733340303568866e-10,3.733664766247813e-10,-3.24462678946702e-14,3.24462678946702e-14
20230522_000000,22,DRPU,4.123913560297137e-24,4.1061172527058034e-24,1.7796307591333416e-26,1.7796307591333416e-26
20230522_000000,22,DRUM,8.102948867438897e-11,8.076218860342266e-11,2.6730007096631425e-13,2.6730007096631425e-13
20230522_000000,22,FLY,4.2030237068502174e-08,4.176680334921912e-08,2.6343371928305714e-10,2.6343371928305714e-10
20230522_000000,22,FROG,4.332322944833322e-09,4.2821399759418455e-09,5.0182968891476776e-11,5.0182968891476776e-11
20230522_000000,22,GLGN,8.425785026286436e-14,8.390688724336723e-14,3.509630194971358e-16,3.509630194971358e-16
20230522_000000,22,HOSA,3.4672776649813386e-08,3.467943088253378e-08,-6.654232720393338e-12,6.654232720393338e-12
20230522_000000,22,HYPI,8.119632686089101e-17,8.042913338636033e-17,7.671934745306821e-19,7.671934745306821e-19
20230522_000000,22,INSP,1.9364391334875108e-07,1.928851389720876e-07,7.587743766634958e-10,7.587743766634958e-10
20230522_000000,22,IXNA,7.638249407970754e-12,7.594255953258244e-12,4.3993454712509816e-14,4.3993454712509816e-14
20230522_000000,22,MEKE,1.7188882850405207e-07,1.6984951400900172e-07,2.0393144950503483e-09,2.0393144950503483e-09
20230522_000000,22,MYTO,4.639018302788828e-21,4.626705509344649e-21,1.2312793444179223e-23,1.2312793444179223e-23
20230522_000000,22,NUCO,1.2666908651782904e-27,1.27581409162135e-27,-9.123226443059556e-30,9.123226443059556e-30
20230522_000000,22,OCPR,3.024948455783438e-14,3.0317043905707386e-14,-6.7559347873003e-17,6.7559347873003e-17
20230522_000000,22,ORPI,1.1857673859732437e-13,1.1824307537874196e-13,3.33663218582414e-16,3.33663218582414e-16
20230522_000000,22,PAFA,1.9817252006060215e-11,1.982744350648158e-11,-1.0191500421363742e-14,1.0191500421363742e-14
20230522_000000,22,PECA,6.495529860139134e-16,6.481305000581182e-16,1.4224859557951906e-18,1.4224859557951906e-18
20230522_000000,22,PHNU,1.210797295758681e-10,1.211621220020831e-10,-8.239242621499443e-14,8.239242621499443e-14
20230522_000000,22,PIMA,1.174789835410387e-22,1.1777166986953743e-22,-2.926863284987207e-25,2.926863284987207e-25
20230522_000000,22,POEC,2.815184066765064e-13,2.802185295868592e-13,1.2998770896471834e-15,1.2998770896471834e-15
20230522_000000,22,PSFL,0.9904690384864807,0.9905721545219421,-0.00010311603546142578,0.00010311603546142578
20230522_000000,22,SHOT,9.484004727389195e-12,9.463578358459568e-12,2.0426368929626904e-14,2.0426368929626904e-14
20230522_000000,22,SITT,3.6232274125413966e-11,3.5923621716227316e-11,3.086524091866494e-13,3.086524091866494e-13
20230522_000000,22,SPRU,1.391186309624955e-14,1.3896259055295231e-14,1.560404095431872e-17,1.560404095431872e-17
20230522_000000,22,STOC,3.3914121511102735e-12,3.341971447842762e-12,4.944070326751149e-14,4.944070326751149e-14
20230522_000000,22,STOC_IRREG,3.3984730448636397e-14,3.388722679201206e-14,9.750365662433702e-17,9.750365662433702e-17
20230522_000000,22,STVA,3.4453517372412534e-08,3.4189675091056415e-08,2.638422813561192e-10,2.638422813561192e-10
20230522_000000,22,STVA_IRREG,1.9700348730111727e-07,1.9685947449943342e-07,1.440128016838571e-10,1.440128016838571e-10
20230522_000000,22,TADO1,6.74101586116987e-19,6.742823767796181e-19,-1.807906626311211e-22,1.807906626311211e-22
20230522_000000,22,TADO2,5.777293926459773e-14,5.707281571171521e-14,7.001235528825145e-16,7.001235528825145e-16
20230522_000000,22,TAMI,5.974991916627761e-18,5.954225547349617e-18,2.076636927814376e-20,2.076636927814376e-20
20230522_000000,22,TUMI,1.2857220843542905e-10,1.2809822647064095e-10,4.73981964788095e-13,4.73981964788095e-13
20230522_000000,22,WHIS,1.3045625370982153e-14,1.294666142955675e-14,9.896394142540343e-17,9.896394142540343e-17
20230522_000000,22,YARD,7.08140550321687e-14,7.064024387139212e-14,1.7381116077658243e-16,1.7381116077658243e-16
20230522_000000,22,ZEMA,4.789086141543386e-11,4.7681560089163355e-11,2.0930132627050568e-13,2.0930132627050568e-13
20230522_000000,23,AEAC,3.6657246682558764e-10,3.6605946052148397e-10,5.130063041036692e-13,5.130063041036692e-13
20230522_000000,23,BRCA,2.803676344906303e-13,2.8046429111430737e-13,-9.665662367708272e-17,9.665662367708272e-17
20230522_000000,23,BRMA,2.4762364381203383e-10,2.4703616929855343e-10,5.874745134804016e-13,5.874745134804016e-13
20230522_000000,23,BUVI,0.0001169965835288167,0.00011736776650650427,-3.7118297768756747e-07,3.7118297768756747e-07
20230522_000000,23,CAGU,0.01243121363222599,0.01259925588965416,-0.00016804225742816925,0.00016804225742816925
20230522_000000,23,CALU,2.5871404432109557e-05,2.5971210561692715e-05,-9.98061295831576e-08,9.98061295831576e-08
20230522_000000,23,CAUS,1.3349080063562724e-07,1.334834678345942e-07,7.332801033044234e-12,7.332801033044234e-12
20230522_000000,23,CCOO,7.585406365251401e-07,7.591104917992197e-07,-5.698552740796003e-10,5.698552740796003e-10
20230522_000000,23,CHFA,4.0295162762049586e-09,4.045277446351747e-09,-1.5761170146788572e-11,1.5761170146788572e-11
20230522_000000,23,CHMI,4.4526397687150165e-05,4.459028787096031e-05,-6.389018381014466e-08,6.389018381014466e-08
20230522_000000,23,CHMI_IRREG,9.646370244809077e-07,9.666929372542654e-07,-2.0559127733577043e-09,2.0559127733577043e-09
20230522_000000,23,COAU,1.3945703480899851e-09,1.3976771962020962e-09,-3.106848112111038e-12,3.106848112111038e-12
20230522_000000,23,COAU2,4.1591084709580173e-07,4.1657870042399736e-07,-6.678533281956334e-10,6.678533281956334e-10
20230522_000000,23,COCO,5.229881026025396e-07,5.255993755781674e-07,-2.6112729756277986e-09,2.6112729756277986e-09
20230522_000000,23,CYST,1.424532740657014e-07,1.427285667432443e-07,-2.752926775428932e-10,2.752926775428932e-10
20230522_000000,23,DEFU,3.2710351661080495e-05,3.293584086350165e-05,-2.2548920242115855e-07,2.2548920242115855e-07
20230522_000000,23,DOG,3.332213438511644e-08,3.3378668717887194e-08,-5.653433277075237e-11,5.653433277075237e-11
20230522_000000,23,DRPU,1.5107786585137292e-15,1.512207814853984e-15,-1.4291563402548182e-18,1.4291563402548182e-18
20230522_000000,23,DRUM,1.391238839687503e-07,1.401512150778217e-07,-1.0273311090713833e-09,1.0273311090713833e-09
20230522_000000,23,FLY,3.627945261541754e-06,3.638143425632734e-06,-1.0198164090979844e-08,1.0198164090979844e-08
20230522_000000,23,FROG,1.1890368512013083e-07,1.1931743415516394e-07,-4.1374903503310634e-10,4.1374903503310634e-10
20230522_000000,23,GLGN,7.989345296444128e-11,7.995835243912452e-11,-6.489947468324431e-14,6.489947468324431e-14
20230522_000000,23,HOSA,9.717490684124641e-06,9.744183444126975e-06,-2.669276000233367e-08,2.669276000233367e-08
20230522_000000,23,HYPI,1.6339007924415228e-10,1.6376656974959047e-10,-3.764905054381984e-13,3.764905054381984e-13
20230522_000000,23,INSP,2.5408377624103196e-08,2.5374461642968527e-08,3.391598113466898e-11,3.391598113466898e-11
20230522_000000,23,IXNA,2.905660267060739e-06,2.9287077722983668e-06,-2.3047505237627774e-08,2.3047505237627774e-08
20230522_000000,23,MEKE,1.0169041786411981e-07,1.01845067490558e-07,-1.546496264381858e-10,1.546496264381858e-10
20230522_000000,23,MYTO,2.1862186258658767e-05,2.201282768510282e-05,-1.5064142644405365e-07,1.5064142644405365e-07
20230522_000000,23,NUCO,2.0408081488295683e-14,2.0624351022586335e-14,-2.162695342906515e-16,2.162695342906515e-16
20230522_000000,23,OCPR,9.174360116048774e-07,9.20493334888306e-07,-3.057323283428559e-09,3.057323283428559e-09
20230522_000000,23,ORPI,1.0954760654158235e-08,1.1006591194018256e-08,-5.183053986002051e-11,5.183053986002051e-11
20230522_000000,23,PAFA,9.521623667296808e-08,9.535431644280834e-08,-1.3807976984026027e-10,1.3807976984026027e-10
20230522_000000,23,PECA,4.0398723255563596e-10,4.05957489846287e-10,-1.970257290651034e-12,1.970257290651034e-12
20230522_000000,23,PHNU,3.599945586074682e-08,3.6087502763848534e-08,-8.804690310171281e-11,8.804690310171281e-11
20230522_000000,23,PIMA,1.6790522097687166e-11,1.683425447651654e-11,-4.373237882937531e-14,4.373237882937531e-14
20230522_000000,23,POEC,0.0011388658313080668,0.001152927870862186,-1.406203955411911e-05,1.406203955411911e-05
20230522_000000,23,PSFL,0.9857450127601624,0.9855602383613586,0.00018477439880371094,0.00018477439880371094
20230522_000000,23,SHOT,5.987819804431638e-07,6.03070702709374e-07,-4.288722266210243e-09,4.288722266210243e-09
20230522_000000,23,SITT,4.871146666118875e-05,4.9010926886694506e-05,-2.9946022550575435e-07,2.9946022550575435e-07
20230522_000000,23,SPRU,1.2908748736606412e-08,1.2988663478097351e-08,-7.991474149093847e-11,7.991474149093847e-11
20230522_000000,23,STOC,3.22816426368e-12,3.2324633421343396e-12,-4.299078454339522e-15,4.299078454339522e-15
20230522_000000,23,STOC_IRREG,3.966273923877717e-12,3.9741474000543064e-12,-7.873476176589733e-15,7.873476176589733e-15
20230522_000000,23,STVA,1.0591619803435037e-09,1.0578088405210906e-09,1.3531398224131408e-12,1.3531398224131408e-12
20230522_000000,23,STVA_IRREG,2.986918445913034e-07,2.9866237127862405e-07,2.9473312679328956e-11,2.9473312679328956e-11
20230522_000000,23,TADO1,8.224010882018629e-12,8.254147365605036e-12,-3.013648358640708e-14,3.013648358640708e-14
20230522_000000,23,TADO2,1.355917422785069e-08,1.3651445307516497e-08,-9.227107966580661e-11,9.227107966580661e-11
20230522_000000,23,TAMI,7.576039622037012e-12,7.594582948633466e-12,-1.854332659645408e-14,1.854332659645408e-14
20230522_000000,23,TUMI,0.0003724219277501106,0.00037372857332229614,-1.3066455721855164e-06,1.3066455721855164e-06
20230522_000000,23,WHIS,8.635238249281307e-13,8.628253276785069e-13,6.984972496237862e-16,6.984972496237862e-16
20230522_000000,23,YARD,2.0564980829362867e-09,2.057015002776552e-09,-5.169198402654729e-13,5.169198402654729e-13
20230522_000000,23,ZEMA,7.867084406143476e-08,7.87799692147928e-08,-1.0912515335803619e-10,1.0912515335803619e-10
20230522_000000,24,AEAC,4.204002470942214e-05,4.221449125907384e-05,-1.7446654965169728e-07,1.7446654965169728e-07
20230522_000000,24,BRCA,8.444100529914067e-08,8.452847310991274e-08,-8.746781077206833e-11,8.746781077206833e-11
20230522_000000,24,BRMA,1.3602129405460017e-12,1.341367446804076e-12,1.884549374192579e-14,1.884549374192579e-14
20230522_000000,24,BUVI,0.06095058470964432,0.06102962791919708,-7.904320955276489e-05,7.904320955276489e-05
20230522_000000,24,CAGU,5.395135303842835e-06,5.363654508983018e-06,3.148079485981725e-08,3.148079485981725e-08
20230522_000000,24,CALU,0.22115285694599152,0.2228742092847824,-0.0017213523387908936,0.0017213523387908936
20230522_000000,24,CAUS,3.522093194874287e-08,3.5071060722202674e-08,1.4987122654019913e-10,1.4987122654019913e-10
20230522_000000,24,CCOO,6.137954589036099e-10,6.112046424533446e-10,2.5908164502652653e-12,2.5908164502652653e-12
20230522_000000,24,CHFA,2.872608373394314e-09,2.854008585018164e-09,1.8599788376150173e-11,1.8599788376150173e-11
20230522_000000,24,CHMI,1.79361868504202e-05,1.7890753952087834e-05,4.543289833236486e-08,4.543289833236486e-08
20230522_000000,24,CHMI_IRREG,2.3673577743466012e-05,2.350744398427196e-05,1.661337591940537e-07,1.661337591940537e-07
20230522_000000,24,COAU,1.6949837089441644e-08,1.6963721094498396e-08,-1.3884005056752358e-11,1.3884005056752358e-11
20230522_000000,24,COAU2,1.0454115795255348e-07,1.0447512721611929e-07,6.603073643418611e-11,6.603073643418611e-11
20230522_000000,24,COCO,0.0001015897432807833,0.00010188037413172424,-2.9063085094094276e-07,2.9063085094094276e-07
20230522_000000,24,CYST,7.444707534887129e-07,7.46177761357103e-07,-1.7070078683900647e-09,1.7070078683900647e-09
20230522_000000,24,DEFU,0.0007235287921503186,0.0007242581923492253,-7.294001989066601e-07,7.294001989066601e-07
20230522_000000,24,DOG,6.474968540715054e-05,6.466468767030165e-05,8.499773684889078e-08,8.499773684889078e-08
20230522_000000,24,DRPU,3.1006596487408167e-14,3.05817891355694e-14,4.248073518387657e-16,4.248073518387657e-16
20230522_000000,24,DRUM,3.6170193197904155e-05,3.616952380980365e-05,6.693881005048752e-10,6.693881005048752e-10
20230522_000000,24,FLY,0.00043387117329984903,0.0004347387293819338,-8.67556082084775e-07,8.67556082084775e-07
20230522_000000,24,FROG,0.0004336713463999331,0.00043608451960608363,-2.4131732061505318e-06,2.4131732061505318e-06
20230522_000000,24,GLGN,2.924775799328927e-06,2.9386928872554563e-06,-1.3917087926529348e-08,1.3917087926529348e-08
20230522_000000,24,HOSA,0.0018761074170470238,0.0018761191749945283,-1.1757947504520416e-08,1.1757947504520416e-08
20230522_000000,24,HYPI,2.6597973601383273e-08,2.6734092273272836e-08,-1.361186718895624e-10,1.361186718895624e-10
20230522_000000,24,INSP,0.0021414319053292274,0.0021424891892820597,-1.057283952832222e-06,1.057283952832222e-06
20230522_000000,24,IXNA,2.655369826243259e-06,2.645712811499834e-06,9.657014743424952e-09,9.657014743424952e-09
20230522_000000,24,MEKE,0.001660158741287887,0.001661992515437305,-1.8337741494178772e-06,1.8337741494178772e-06
20230522_000000,24,MYTO,3.661391502485234e-12,3.6177983352148058e-12,4.359316727042817e-14,4.359316727042817e-14
20230522_000000,24,NUCO,2.277164434189645e-15,2.255169317890056e-15,2.199511629958923e-17,2.199511629958923e-17
20230522_000000,24,OCPR,2.1684228102003544e-07,2.1580531495146715e-07,1.0369660685682902e-09,1.0369660685682902e-09
20230522_000000,24,ORPI,2.3113593670132104e-06,2.3165266611613333e-06,-5.167294148122892e-09,5.167294148122892e-09
20230522_000000,24,PAFA,1.142664496001089e-05,1.1417587302275933e-05,9.057657734956592e-09,9.057657734956592e-09
20230522_000000,24,PECA,8.334986034697067e-08,8.337621437704001e-08,-2.6354030069342116e-11,2.6354030069342116e-11
20230522_000000,24,PHNU,3.500156162772328e-05,3.49630463460926e-05,3.8515281630679965e-08,3.8515281630679965e-08
20230522_000000,24,PIMA,4.224367817357022e-12,4.1903047871827415e-12,3.4063030174280584e-14,3.4063030174280584e-14
20230522_000000,24,POEC,1.4093338904785924e-06,1.4015861324878642e-06,7.747757990728132e-09,7.747757990728132e-09
20230522_000000,24,PSFL,0.705917239189148,0.7041090130805969,0.0018082261085510254,0.0018082261085510254
20230522_000000,24,SHOT,2.2266017367655877e-06,2.2226504370337352e-06,3.951299731852487e-09,3.951299731852487e-09
20230522_000000,24,SITT,2.9273098789417418e-06,2.912060836024466e-06,1.52490429172758e-08,1.52490429172758e-08
20230522_000000,24,SPRU,2.0143919243764685e-07,2.0087624363895884e-07,5.629487986880122e-10,5.629487986880122e-10
20230522_000000,24,STOC,4.899269242741866e-06,4.915193130727857e-06,-1.5923887985991314e-08,1.5923887985991314e-08
20230522_000000,24,STOC_IRREG,7.648704922758043e-07,7.65435004268511e-07,-5.645119927066844e-10,5.645119927066844e-10
20230522_000000,24,STVA,0.0003972221165895462,0.0003984835057053715,-1.2613891158252954e-06,1.2613891158252954e-06
20230522_000000,24,STVA_IRREG,0.003935826942324638,0.0039353640750050545,4.628673195838928e-07,4.628673195838928e-07
20230522_000000,24,TADO1,4.951732357483252e-10,4.93501794984752e-10,1.6714407635731732e-12,1.6714407635731732e-12
20230522_000000,24,TADO2,1.2016008099635656e-07,1.2074795563421503e-07,-5.878746378584765e-10,5.878746378584765e-10
20230522_000000,24,TAMI,3.5796998698600646e-09,3.5843612522512558e-09,-4.661382391191182e-12,4.661382391191182e-12
20230522_000000,24,TUMI,8.533287655154709e-06,8.500170224579051e-06,3.3117430575657636e-08,3.3117430575657636e-08
20230522_000000,24,WHIS,2.707261955947615e-06,2.720439624681603e-06,-1.3177668733987957e-08,1.3177668733987957e-08
20230522_000000,24,YARD,1.1199559821761795e-06,1.122147182286426e-06,-2.1912001102464274e-09,2.1912001102464274e-09
20230522_000000,24,ZEMA,5.5180807976284996e-06,5.502502517629182e-06,1.55782799993176e-08,1.55782799993176e-08
20230522_000000,25,AEAC,1.4655756785941776e-06,1.44474563512631e-06,2.0830043467867654e-08,2.0830043467867654e-08
20230522_000000,25,BRCA,5.516423364111678e-13,5.575936847662666e-13,-5.951348355098807e-15,5.951348355098807e-15
20230522_000000,25,BRMA,1.077690474354589e-16,1.0751403757877615e-16,2.550098566827478e-19,2.550098566827478e-19
20230522_000000,25,BUVI,0.06198534369468689,0.060990337282419205,0.000995006412267685,0.000995006412267685
20230522_000000,25,CAGU,5.507777132152114e-07,5.42491022770264e-07,8.286690444947453e-09,8.286690444947453e-09
20230522_000000,25,CALU,0.7041218280792236,0.7046080231666565,-0.00048619508743286133,0.00048619508743286133
20230522_000000,25,CAUS,4.172929796847358e-12,4.153490485575562e-12,1.94393112717961e-14,1.94393112717961e-14
20230522_000000,25,CCOO,7.727323989015211e-12,7.693526371532755e-12,3.379761748245613e-14,3.379761748245613e-14
20230522_000000,25,CHFA,2.82139600311232e-13,2.821320380010789e-13,7.562310153086393e-18,7.562310153086393e-18
20230522_000000,25,CHMI,4.626209602065501e-07,4.5855696839680604e-07,4.063991809744039e-09,4.063991809744039e-09
20230522_000000,25,CHMI_IRREG,6.186137966324168e-07,6.18097089954972e-07,5.167066774447449e-10,5.167066774447449e-10
20230522_000000,25,COAU,1.2492951118048268e-11,1.252424986636358e-11,-3.129874831531154e-14,3.129874831531154e-14
20230522_000000,25,COAU2,2.3463556098057836e-10,2.3534504900446507e-10,-7.094880238867063e-13,7.094880238867063e-13
20230522_000000,25,COCO,1.3571199133366463e-06,1.3488232752933982e-06,8.296638043248095e-09,8.296638043248095e-09
20230522_000000,25,CYST,1.0674370276575473e-09,1.0643790293585198e-09,3.057998299027531e-12,3.057998299027531e-12
20230522_000000,25,DEFU,0.00024558816221542656,0.0002427916624583304,2.7964997570961714e-06,2.7964997570961714e-06
20230522_000000,25,DOG,6.260141560687771e-08,6.311141476089688e-08,-5.099991540191695e-10,5.099991540191695e-10
20230522_000000,25,DRPU,3.2281678798489404e-18,3.2793039785218154e-18,-5.113609867287503e-20,5.113609867287503e-20
20230522_000000,25,DRUM,9.793830457738295e-08,9.789309274310654e-08,4.5211834276415175e-11,4.5211834276415175e-11
20230522_000000,25,FLY,3.1375398975797e-05,3.111335900030099e-05,2.62039975496009e-07,2.62039975496009e-07
20230522_000000,25,FROG,8.408250323554967e-06,8.341065040440299e-06,6.718528311466798e-08,6.718528311466798e-08
20230522_000000,25,GLGN,1.6648701306465341e-09,1.6568140193129466e-09,8.056111333587523e-12,8.056111333587523e-12
20230522_000000,25,HOSA,6.843885785201564e-05,6.877849955344573e-05,-3.396417014300823e-07,3.396417014300823e-07
20230522_000000,25,HYPI,4.837067898999514e-11,4.828798819134228e-11,8.269079865286244e-14,8.269079865286244e-14
20230522_000000,25,INSP,7.959151844261214e-05,7.825352804502472e-05,1.3379903975874186e-06,1.3379903975874186e-06
20230522_000000,25,IXNA,4.468665881773859e-09,4.443922563268643e-09,2.474331850521594e-11,2.474331850521594e-11
20230522_000000,25,MEKE,0.0005341233918443322,0.0005271421978250146,6.981194019317627e-06,6.981194019317627e-06
20230522_000000,25,MYTO,1.0583116787164348e-14,1.057040621075785e-14,1.2710576406498031e-17,1.2710576406498031e-17
20230522_000000,25,NUCO,5.7971050876928786e-21,5.939787684906524e-21,-1.4268259721364518e-22,1.4268259721364518e-22
20230522_000000,25,OCPR,4.1212800533374505e-11,4.1250149129812286e-11,-3.7348596437780657e-14,3.7348596437780657e-14
20230522_000000,25,ORPI,2.5618696053442136e-09,2.562890566437659e-09,-1.020961093445294e-12,1.020961093445294e-12
20230522_000000,25,PAFA,3.626936262435265e-08,3.639867429683363e-08,-1.2931167248098063e-10,1.2931167248098063e-10
20230522_000000,25,PECA,6.175583482093128e-12,6.176535845281439e-12,-9.52363188311267e-16,9.52363188311267e-16
20230522_000000,25,PHNU,1.1235425034783475e-08,1.1280494760512738e-08,-4.5069725729263155e-11,4.5069725729263155e-11
20230522_000000,25,PIMA,1.434897283898666e-18,1.4573710573586957e-18,-2.2473773460029778e-20,2.2473773460029778e-20
20230522_000000,25,POEC,1.733859420482986e-07,1.735473773578633e-07,-1.6143530956469476e-10,1.6143530956469476e-10
20230522_000000,25,PSFL,0.2328660786151886,0.23338638246059418,-0.0005203038454055786,0.0005203038454055786
20230522_000000,25,SHOT,1.3590990874945419e-06,1.365365619676595e-06,-6.266532182053197e-09,6.266532182053197e-09
20230522_000000,25,SITT,7.156837256161452e-08,7.085338893375592e-08,7.149836278586008e-10,7.149836278586008e-10
20230522_000000,25,SPRU,1.5466161684685176e-10,1.5571981204498542e-10,-1.0581951981336601e-12,1.0581951981336601e-12
20230522_000000,25,STOC,4.797727992666978e-09,4.7722639173741754e-09,2.546407529280259e-11,2.546407529280259e-11
20230522_000000,25,STOC_IRREG,2.6158070154380653e-10,2.621825534454558e-10,-6.018519016492974e-13,6.018519016492974e-13
20230522_000000,25,STVA,1.979304761334788e-05,1.951141530298628e-05,2.816323103616014e-07,2.816323103616014e-07
20230522_000000,25,STVA_IRREG,3.300271418993361e-05,3.2969863241305575e-05,3.285094862803817e-08,3.285094862803817e-08
20230522_000000,25,TADO1,3.6529112390102855e-14,3.6820803432082924e-14,-2.916910419800689e-16,2.916910419800689e-16
20230522_000000,25,TADO2,2.1549692585942637e-10,2.1473783862191453e-10,7.590872375118352e-13,7.590872375118352e-13
20230522_000000,25,TAMI,7.519486877778647e-14,7.607019940174264e-14,-8.75330623956172e-16,8.75330623956172e-16
20230522_000000,25,TUMI,1.195834329337231e-07,1.1908993258202827e-07,4.9350035169482e-10,4.9350035169482e-10
20230522_000000,25,WHIS,3.0518368387966177e-10,3.039700713358684e-10,1.2136125437933742e-12,1.2136125437933742e-12
20230522_000000,25,YARD,4.297746869497132e-08,4.31146567336782e-08,-1.3718803870688134e-10,1.3718803870688134e-10
20230522_000000,25,ZEMA,4.592182634155506e-09,4.603319059270916e-09,-1.113642511541002e-11,1.113642511541002e-11
20230522_000000,26,AEAC,1.2129957838169503e-07,1.2109552471883944e-07,2.0405366285558557e-10,2.0405366285558557e-10
20230522_000000,26,BRCA,8.863207043297017e-12,9.014102832216597e-12,-1.5089578891958055e-13,1.5089578891958055e-13
20230522_000000,26,BRMA,2.3445346819571736e-14,2.3622330965768733e-14,-1.7698414619699704e-16,1.7698414619699704e-16
20230522_000000,26,BUVI,0.017794424667954445,0.017586471512913704,0.00020795315504074097,0.00020795315504074097
20230522_000000,26,CAGU,7.126309355953708e-07,7.060830284899566e-07,6.547907105414197e-09,6.547907105414197e-09
20230522_000000,26,CALU,5.668870244335267e-07,5.722917535422312e-07,-5.404729108704487e-09,5.404729108704487e-09
20230522_000000,26,CAUS,3.5866132286344055e-10,3.5910208140421673e-10,-4.4075854077618715e-13,4.4075854077618715e-13
20230522_000000,26,CCOO,4.852377614300574e-12,4.874091148049375e-12,-2.1713533748801694e-14,2.1713533748801694e-14
20230522_000000,26,CHFA,2.2511152664161926e-11,2.274993041173623e-11,-2.387777475743036e-13,2.387777475743036e-13
20230522_000000,26,CHMI,5.042127213528147e-07,5.043516466685105e-07,-1.389253156958148e-10,1.389253156958148e-10
20230522_000000,26,CHMI_IRREG,1.2436826182238292e-06,1.2489466598708532e-06,-5.264041647023987e-09,5.264041647023987e-09
20230522_000000,26,COAU,7.997060479103535e-12,8.062208886605582e-12,-6.514840750204698e-14,6.514840750204698e-14
20230522_000000,26,COAU2,3.1416161339059556e-10,3.170189111223465e-10,-2.8572977317509185e-12,2.8572977317509185e-12
20230522_000000,26,COCO,1.7813106012454227e-07,1.7867085944089922e-07,-5.397993163569481e-10,5.397993163569481e-10
20230522_000000,26,CYST,4.477283432890999e-09,4.494968841584068e-09,-1.7685408693068894e-11,1.7685408693068894e-11
20230522_000000,26,DEFU,2.915986806328874e-05,2.9082571927574463e-05,7.729613571427763e-08,7.729613571427763e-08
20230522_000000,26,DOG,3.4256672165611235e-07,3.449091821039474e-07,-2.3424604478350375e-09,2.3424604478350375e-09
20230522_000000,26,DRPU,1.9538690974049708e-17,1.9791828093825635e-17,-2.5313711977592774e-19,2.5313711977592774e-19
20230522_000000,26,DRUM,1.9173432974639582e-07,1.9344662405273993e-07,-1.7122943063441198e-09,1.7122943063441198e-09
20230522_000000,26,FLY,4.831571004615398e-06,4.8264305405609775e-06,5.14046405442059e-09,5.14046405442059e-09
20230522_000000,26,FROG,4.4407127575141203e-07,4.4377821950547514e-07,2.930562459368957e-10,2.930562459368957e-10
20230522_000000,26,GLGN,1.3186798319964055e-09,1.325879739333402e-09,-7.199907336996603e-12,7.199907336996603e-12
20230522_000000,26,HOSA,4.373614956421079e-06,4.3910044951189775e-06,-1.7389538697898388e-08,1.7389538697898388e-08
20230522_000000,26,HYPI,2.9554013316474004e-12,2.97194582311866e-12,-1.6544491471259803e-14,1.6544491471259803e-14
20230522_000000,26,INSP,2.8221775210113265e-05,2.8125123208155856e-05,9.665200195740908e-08,9.665200195740908e-08
20230522_000000,26,IXNA,4.266506437033968e-08,4.2818644629960545e-08,-1.5358025962086685e-10,1.5358025962086685e-10
20230522_000000,26,MEKE,6.559922439919319e-06,6.521391242131358e-06,3.853119778796099e-08,3.853119778796099e-08
20230522_000000,26,MYTO,3.932689948433349e-14,3.9562754114430554e-14,-2.358546300970654e-16,2.358546300970654e-16
20230522_000000,26,NUCO,6.5642411604126935e-19,6.709954195192738e-19,-1.4571303478004428e-20,1.4571303478004428e-20
20230522_000000,26,OCPR,8.700609677170235e-10,8.717600530339098e-10,-1.6990853168863396e-12,1.6990853168863396e-12
20230522_000000,26,ORPI,2.3799953119407746e-09,2.4006840959600595e-09,-2.0688784019284867e-11,2.0688784019284867e-11
20230522_000000,26,PAFA,1.8948250612993434e-07,1.9175934085069457e-07,-2.2768347207602346e-09,2.2768347207602346e-09
20230522_000000,26,PECA,6.206832964261721e-11,6.261002827301354e-11,-5.416986303963256e-13,5.416986303963256e-13
20230522_000000,26,PHNU,4.0185659599956125e-07,4.042060766096256e-07,-2.3494806100643473e-09,2.3494806100643473e-09
20230522_000000,26,PIMA,1.2431322349282497e-14,1.2653580406510236e-14,-2.222580572277394e-16,2.222580572277394e-16
20230522_000000,26,POEC,6.30104524113051e-10,6.35757724243291e-10,-5.653200130240066e-12,5.653200130240066e-12
20230522_000000,26,PSFL,0.9820635318756104,0.9822711944580078,-0.00020766258239746094,0.00020766258239746094
20230522_000000,26,SHOT,7.564215032118682e-09,7.668252699488676e-09,-1.0403766736999387e-10,1.0403766736999387e-10
20230522_000000,26,SITT,1.225147059358278e-07,1.219694212295508e-07,5.452847062770161e-10,5.452847062770161e-10
20230522_000000,26,SPRU,9.004594292427726e-10,9.09313180308402e-10,-8.853751065629467e-12,8.853751065629467e-12
20230522_000000,26,STOC,4.734452119237176e-08,4.7017035598173607e-08,3.274855941981514e-10,3.274855941981514e-10
20230522_000000,26,STOC_IRREG,5.816165882244206e-10,5.841289119068449e-10,-2.5123236824242667e-12,2.5123236824242667e-12
20230522_000000,26,STVA,6.182243851071689e-06,6.156190465844702e-06,2.6053385226987302e-08,2.6053385226987302e-08
20230522_000000,26,STVA_IRREG,5.700205292669125e-05,5.728639735025354e-05,-2.843444235622883e-07,2.843444235622883e-07
20230522_000000,26,TADO1,1.2197170357053366e-12,1.2383693246201255e-12,-1.8652288914788873e-14,1.8652288914788873e-14
20230522_000000,26,TADO2,7.172683003098257e-10,7.216345299099203e-10,-4.366229600094584e-12,4.366229600094584e-12
20230522_000000,26,TAMI,4.884208055361272e-12,4.974206810337556e-12,-8.999875497628373e-14,8.999875497628373e-14
20230522_000000,26,TUMI,2.6533351160651364e-07,2.654480795172276e-07,-1.1456791071395855e-10,1.1456791071395855e-10
20230522_000000,26,WHIS,6.84064582756605e-10,6.842353905689436e-10,-1.7080781233858033e-13,1.7080781233858033e-13
20230522_000000,26,YARD,1.0575961217895724e-09,1.0651873827427494e-09,-7.59126095317697e-12,7.59126095317697e-12
20230522_000000,26,ZEMA,3.972653814798832e-07,3.993365851329145e-07,-2.0712036530312616e-09,2.0712036530312616e-09
20230522_000000,27,AEAC,3.535961079492722e-09,3.4774514379165566e-09,5.850964157616545e-11,5.850964157616545e-11
20230522_000000,27,BRCA,7.240641450432692e-16,7.350415861605666e-16,-1.0977441117297326e-17,1.0977441117297326e-17
20230522_000000,27,BRMA,1.2532265301763568e-20,1.2836483590249819e-20,-3.0421828848625042e-22,3.0421828848625042e-22
20230522_000000,27,BUVI,0.0021058660931885242,0.002027846872806549,7.801922038197517e-05,7.801922038197517e-05
20230522_000000,27,CAGU,3.4108873503413406e-09,3.3946809807616773e-09,1.620636957966326e-11,1.620636957966326e-11
20230522_000000,27,CALU,4.2691530866001415e-10,4.259091967995232e-10,1.0061118604909325e-12,1.0061118604909325e-12
20230522_000000,27,CAUS,7.44539504240983e-15,7.516380638554476e-15,-7.098559614464664e-17,7.098559614464664e-17
20230522_000000,27,CCOO,4.449831340118813e-17,4.49158874092947e-17,-4.175740081065692e-19,4.175740081065692e-19
20230522_000000,27,CHFA,1.551698714316466e-16,1.5741245733395137e-16,-2.2425859023047644e-18,2.2425859023047644e-18
20230522_000000,27,CHMI,1.0175082998387097e-09,1.009828776155075e-09,7.67952368363467e-12,7.67952368363467e-12
20230522_000000,27,CHMI_IRREG,1.7740532376464557e-09,1.7795943607623599e-09,-5.541123115904156e-12,5.541123115904156e-12
20230522_000000,27,COAU,1.4521802839479662e-16,1.466154342344192e-16,-1.3974058396225828e-18,1.3974058396225828e-18
20230522_000000,27,COAU2,1.4330313465819172e-14,1.4525447834009934e-14,-1.9513436819076219e-16,1.9513436819076219e-16
20230522_000000,27,COCO,7.858736994492688e-10,7.791617906427462e-10,6.711908806522615e-12,6.711908806522615e-12
20230522_000000,27,CYST,2.522093211360099e-12,2.5321431149777363e-12,-1.0049903617637135e-14,1.0049903617637135e-14
20230522_000000,27,DEFU,2.2992115589204332e-07,2.2734478477559605e-07,2.5763711164472625e-09,2.5763711164472625e-09
20230522_000000,27,DOG,4.478524773254833e-10,4.5019485361841305e-10,-2.342376292929771e-12,2.342376292929771e-12
20230522_000000,27,DRPU,2.8363730505493046e-24,2.8632302144980065e-24,-2.685716394870196e-26,2.685716394870196e-26
20230522_000000,27,DRUM,2.8418845055000475e-10,2.865020165554455e-10,-2.313566005440748e-12,2.313566005440748e-12
20230522_000000,27,FLY,4.191106484086049e-08,4.163419475844421e-08,2.7687008241628064e-10,2.7687008241628064e-10
20230522_000000,27,FROG,2.6995210511415735e-09,2.652366548616669e-09,4.7154502524904274e-11,4.7154502524904274e-11
20230522_000000,27,GLGN,2.83331908282336e-12,2.8123104973271085e-12,2.100858549625162e-14,2.100858549625162e-14
20230522_000000,27,HOSA,1.7072208535751088e-08,1.7090874493419506e-08,-1.8665957668417832e-11,1.8665957668417832e-11
20230522_000000,27,HYPI,3.082496162740493e-17,3.059657375155659e-17,2.2838787584834115e-19,2.2838787584834115e-19
20230522_000000,27,INSP,5.4269232663273215e-08,5.279544268432801e-08,1.4737899789452058e-09,1.4737899789452058e-09
20230522_000000,27,IXNA,1.5841463557597635e-11,1.5984448140105023e-11,-1.4298458250738832e-13,1.4298458250738832e-13
20230522_000000,27,MEKE,4.6157516919720365e-08,4.4893823769598384e-08,1.2636931501219806e-09,1.2636931501219806e-09
20230522_000000,27,MYTO,8.528834931371049e-22,8.812886451510093e-22,-2.840515201390439e-23,2.840515201390439e-23
20230522_000000,27,NUCO,3.012809826981712e-27,3.1659426353828798e-27,-1.5313280840116795e-28,1.5313280840116795e-28
20230522_000000,27,OCPR,8.903042013471904e-14,9.008160157478878e-14,-1.0511814400697428e-15,1.0511814400697428e-15
20230522_000000,27,ORPI,4.69385869148603e-13,4.727858187413003e-13,-3.3999495926972934e-15,3.3999495926972934e-15
20230522_000000,27,PAFA,9.48343313600386e-12,9.58808553386259e-12,-1.0465239785872882e-13,1.0465239785872882e-13
20230522_000000,27,PECA,2.7488472246041742e-15,2.7821565834967128e-15,-3.330935889253855e-17,3.330935889253855e-17
20230522_000000,27,PHNU,5.188834695246669e-09,5.212899889528444e-09,-2.4065194281774893e-11,2.4065194281774893e-11
20230522_000000,27,PIMA,7.362281460143442e-21,7.649999757231247e-21,-2.8771829708780497e-22,2.8771829708780497e-22
20230522_000000,27,POEC,9.729314352595591e-15,9.833435030603879e-15,-1.0412067800828761e-16,1.0412067800828761e-16
20230522_000000,27,PSFL,0.9978935122489929,0.9979714751243591,-7.796287536621094e-05,7.796287536621094e-05
20230522_000000,27,SHOT,4.75464448628643e-13,4.806590238673469e-13,-5.1945752387039246e-15,5.1945752387039246e-15
20230522_000000,27,SITT,1.3330133871725103e-11,1.3437219219258889e-11,-1.0708534753378629e-13,1.0708534753378629e-13
20230522_000000,27,SPRU,1.9455631902623796e-14,1.9766118605703438e-14,-3.104867030796418e-16,3.104867030796418e-16
20230522_000000,27,STOC,2.673090568339198e-11,2.5657970539882946e-11,1.072935143509035e-12,1.072935143509035e-12
20230522_000000,27,STOC_IRREG,6.379231452975642e-14,6.308073909142703e-14,7.115754383293926e-16,7.115754383293926e-16
20230522_000000,27,STVA,2.103569407552186e-08,2.0404327116807508e-08,6.313669587143522e-10,6.313669587143522e-10
20230522_000000,27,STVA_IRREG,2.493153772320511e-07,2.4925304842327023e-07,6.232880878087599e-11,6.232880878087599e-11
20230522_000000,27,TADO1,1.2846080171362793e-17,1.3047056108891739e-17,-2.0097593752894637e-19,2.0097593752894637e-19
20230522_000000,27,TADO2,7.130378237721682e-14,7.07992488962507e-14,5.045334809661295e-16,5.045334809661295e-16
20230522_000000,27,TAMI,1.2593393368712339e-16,1.2854198783638878e-16,-2.6080541492653933e-18,2.6080541492653933e-18
20230522_000000,27,TUMI,2.3243768021430355e-10,2.344112959296041e-10,-1.973615715300525e-12,1.973615715300525e-12
20230522_000000,27,WHIS,3.1875770875903695e-14,3.1342516201762066e-14,5.332546741416283e-16,5.332546741416283e-16
20230522_000000,27,YARD,2.4455481043017535e-14,2.4386679944843857e-14,6.88010981736778e-17,6.88010981736778e-17
20230522_000000,27,ZEMA,3.9908340521144225e-10,3.961665440144202e-10,2.916861197022058e-12,2.916861197022058e-12
20230522_000000,28,AEAC,1.4221722757778998e-12,1.4277032247406174e-12,-5.530948962717552e-15,5.530948962717552e-15
20230522_000000,28,BRCA,1.4712553873379749e-18,1.4950516158023238e-18,-2.379622846434893e-20,2.379622846434893e-20
20230522_000000,28,BRMA,8.663139979373194e-17,8.719569579017071e-17,-5.642959964387751e-19,5.642959964387751e-19
20230522_000000,28,BUVI,4.852874099015025e-06,4.833171260543168e-06,1.970283847185783e-08,1.970283847185783e-08
20230522_000000,28,CAGU,1.1127367542940192e-06,1.108136416405614e-06,4.600337888405193e-09,4.600337888405193e-09
20230522_000000,28,CALU,6.6367805348632736e-12,6.708356092843815e-12,-7.157555798054105e-14,7.157555798054105e-14
20230522_000000,28,CAUS,3.345085059641706e-12,3.3554628259963026e-12,-1.0377766354596751e-14,1.0377766354596751e-14
20230522_000000,28,CCOO,2.9239997467560286e-14,2.941884000404356e-14,-1.7884253648327297e-16,1.7884253648327297e-16
20230522_000000,28,CHFA,4.336805301810229e-15,4.382054648885501e-15,-4.524934707527198e-17,4.524934707527198e-17
20230522_000000,28,CHMI,3.086987609979275e-10,3.0878058443484235e-10,-8.182343691487404e-14,8.182343691487404e-14
20230522_000000,28,CHMI_IRREG,1.3745822535771168e-10,1.3762402328865164e-10,-1.6579793093995931e-13,1.6579793093995931e-13
20230522_000000,28,COAU,1.7227603002671426e-15,1.745616213799379e-15,-2.2855913532236413e-17,2.2855913532236413e-17
20230522_000000,28,COAU2,4.10775580217404e-13,4.1416552804506013e-13,-3.3899478276561146e-15,3.3899478276561146e-15
20230522_000000,28,COCO,1.4877179349559455e-11,1.4916616553062312e-11,-3.943720350285673e-14,3.943720350285673e-14
20230522_000000,28,CYST,6.004357601396837e-12,6.0705138832384264e-12,-6.61562818415895e-14,6.61562818415895e-14
20230522_000000,28,DEFU,2.3681001604103358e-09,2.373205187922167e-09,-5.105027511831395e-12,5.105027511831395e-12
20230522_000000,28,DOG,1.274997251873855e-12,1.2878703095284272e-12,-1.287305765457214e-14,1.287305765457214e-14
20230522_000000,28,DRPU,4.765786801909223e-25,4.8624538172350055e-25,-9.666701532578279e-27,9.666701532578279e-27
20230522_000000,28,DRUM,1.6864539278960144e-12,1.697335414579948e-12,-1.0881486683933517e-14,1.0881486683933517e-14
20230522_000000,28,FLY,1.91555896145168e-10,1.9263894646126545e-10,-1.0830503160974558e-12,1.0830503160974558e-12
20230522_000000,28,FROG,1.3435105458703411e-11,1.3512897398260115e-11,-7.779193955670394e-14,7.779193955670394e-14
20230522_000000,28,GLGN,3.971246549379186e-14,3.998227598067845e-14,-2.698104868865958e-16,2.698104868865958e-16
20230522_000000,28,HOSA,1.1592730247977912e-10,1.167612256880446e-10,-8.339232082654746e-13,8.339232082654746e-13
20230522_000000,28,HYPI,1.2069259141682606e-17,1.2192676143436743e-17,-1.2341700175413684e-19,1.2341700175413684e-19
20230522_000000,28,INSP,7.676992179982134e-13,7.674693129275378e-13,2.299050706755512e-16,2.299050706755512e-16
20230522_000000,28,IXNA,4.7180842566163506e-11,4.729978214657038e-11,-1.189395804068738e-13,1.189395804068738e-13
20230522_000000,28,MEKE,4.84889949373124e-12,4.8687781237233274e-12,-1.9878629992087227e-14,1.9878629992087227e-14
20230522_000000,28,MYTO,6.3994639360636426e-15,6.433731924494236e-15,-3.42679884305936e-17,3.42679884305936e-17
20230522_000000,28,NUCO,1.2913997159037866e-24,1.3105609500763787e-24,-1.9161234172592072e-26,1.9161234172592072e-26
20230522_000000,28,OCPR,4.334743935324736e-12,4.354151154212227e-12,-1.940721888749053e-14,1.940721888749053e-14
20230522_000000,28,ORPI,5.1825774574632e-13,5.199121298413156e-13,-1.6543840949956312e-15,1.6543840949956312e-15
20230522_000000,28,PAFA,3.7739221470101114e-12,3.8063007606892185e-12,-3.2378613679107104e-14,3.2378613679107104e-14
20230522_000000,28,PECA,7.571887554620998e-15,7.618011039697836e-15,-4.6123485076838416e-17,4.6123485076838416e-17
20230522_000000,28,PHNU,1.2992413811474535e-09,1.2956976602751524e-09,3.543720872301037e-12,3.543720872301037e-12
20230522_000000,28,PIMA,9.53985167069753e-18,9.675788051022656e-18,-1.359363803251269e-19,1.359363803251269e-19
20230522_000000,28,POEC,6.689841389184714e-12,6.734380414430419e-12,-4.453902524570452e-14,4.453902524570452e-14
20230522_000000,28,PSFL,0.9999940395355225,0.9999940395355225,0.0,0.0
20230522_000000,28,SHOT,3.1500409919393846e-14,3.1906450409253245e-14,-4.0604048985939944e-16,4.0604048985939944e-16
20230522_000000,28,SITT,4.0618955421400926e-10,4.082322535570171e-10,-2.0426993430078255e-12,2.0426993430078255e-12
20230522_000000,28,SPRU,7.259734737734107e-15,7.340772920896767e-15,-8.103818316266068e-17,8.103818316266068e-17
20230522_000000,28,STOC,5.778738022343635e-17,5.797196061404388e-17,-1.845803906075328e-19,1.845803906075328e-19
20230522_000000,28,STOC_IRREG,4.6705777214683895e-18,4.709005224005153e-18,-3.8427502536763454e-20,3.8427502536763454e-20
20230522_000000,28,STVA,7.561730104924114e-14,7.63867593310541e-14,-7.694582818129625e-16,7.694582818129625e-16
20230522_000000,28,STVA_IRREG,3.343983423498287e-11,3.369226772576006e-11,-2.52433490777193e-13,2.52433490777193e-13
20230522_000000,28,TADO1,2.865060406356538e-18,2.885692565580295e-18,-2.063215922375703e-20,2.063215922375703e-20
20230522_000000,28,TADO2,3.7657374505999097e-13,3.805775952627627e-13,-4.003850202771719e-15,4.003850202771719e-15
20230522_000000,28,TAMI,2.728694934360455e-16,2.7558616632590647e-16,-2.7166728898609565e-18,2.7166728898609565e-18
20230522_000000,28,TUMI,9.939656209212444e-09,1.0011845574808831e-08,-7.218936559638678e-11,7.218936559638678e-11
20230522_000000,28,WHIS,2.174822439343808e-18,2.1882206973156355e-18,-1.3398257971827666e-20,1.3398257971827666e-20
20230522_000000,28,YARD,2.583062442156655e-16,2.6120656443640305e-16,-2.9003202207375295e-18,2.9003202207375295e-18
20230522_000000,28,ZEMA,3.1794829356140974e-12,3.2044807345837922e-12,-2.4997798969694784e-14,2.4997798969694784e-14
20230522_000000,29,AEAC,5.2385686899469874e-08,5.250249301980148e-08,-1.1680612033160287e-10,1.1680612033160287e-10
20230522_000000,29,BRCA,1.261130956609069e-11,1.2652138885183017e-11,-4.082931909232812e-14,4.082931909232812e-14
20230522_000000,29,BRMA,1.8290398709486233e-11,1.8424947331729946e-11,-1.345486222437131e-13,1.345486222437131e-13
20230522_000000,29,BUVI,2.944011430372484e-05,2.9394059311016463e-05,4.605499270837754e-08,4.605499270837754e-08
20230522_000000,29,CAGU,3.336472946102731e-05,3.3683678339002654e-05,-3.1894887797534466e-07,3.1894887797534466e-07
20230522_000000,29,CALU,2.142810728855693e-07,2.146933155700026e-07,-4.122426844332949e-10,4.122426844332949e-10
20230522_000000,29,CAUS,1.2932948934007982e-08,1.3047706914903756e-08,-1.1475798089577438e-10,1.1475798089577438e-10
20230522_000000,29,CCOO,1.0205989386946612e-09,1.0322663834827495e-09,-1.1667444788088233e-11,1.1667444788088233e-11
20230522_000000,29,CHFA,3.537483916904449e-10,3.552763638836609e-10,-1.5279721932159873e-12,1.5279721932159873e-12
20230522_000000,29,CHMI,4.385329930300941e-07,4.4105760821366857e-07,-2.5246151835744968e-09,2.5246151835744968e-09
20230522_000000,29,CHMI_IRREG,1.1417647272082831e-07,1.1439624358899891e-07,-2.19770868170599e-10,2.19770868170599e-10
20230522_000000,29,COAU,1.163459217856655e-09,1.1781231545882065e-09,-1.466393673155153e-11,1.466393673155153e-11
20230522_000000,29,COAU2,5.640137956675062e-08,5.7058237246110366e-08,-6.568576793597458e-10,6.568576793597458e-10
20230522_000000,29,COCO,4.187745048511715e-07,4.2046457338074106e-07,-1.690068529569544e-09,1.690068529569544e-09
20230522_000000,29,CYST,4.554091503905511e-08,4.5772178935976626e-08,-2.312638969215186e-10,2.312638969215186e-10
20230522_000000,29,DEFU,8.612305464339443e-06,8.657610123918857e-06,-4.5304659579414874e-08,4.5304659579414874e-08
20230522_000000,29,DOG,6.823694320701179e-08,6.846753564104802e-08,-2.3059243403622531e-10,2.3059243403622531e-10
20230522_000000,29,DRPU,4.249818406259001e-17,4.2635697876343276e-17,-1.3751381375326553e-19,1.3751381375326553e-19
20230522_000000,29,DRUM,1.1920533893317042e-07,1.197561942944958e-07,-5.508553613253753e-10,5.508553613253753e-10
20230522_000000,29,FLY,4.149097208028252e-07,4.177518917458656e-07,-2.8421709430404007e-09,2.8421709430404007e-09
20230522_000000,29,FROG,3.100626884133817e-07,3.1314917237068585e-07,-3.0864839573041536e-09,3.0864839573041536e-09
20230522_000000,29,GLGN,1.6217676090946043e-09,1.6233048238945003e-09,-1.5372147998959917e-12,1.5372147998959917e-12
20230522_000000,29,HOSA,3.111066234851023e-06,3.121909685432911e-06,-1.0843450581887737e-08,1.0843450581887737e-08
20230522_000000,29,HYPI,1.8394619161199444e-11,1.8602140661183597e-11,-2.0752149998415348e-13,2.0752149998415348e-13
20230522_000000,29,INSP,2.4845460799838293e-08,2.4871335213560997e-08,-2.5874413722704048e-11,2.5874413722704048e-11
20230522_000000,29,IXNA,2.761934183581616e-07,2.7781021572081954e-07,-1.6167973626579624e-09,1.6167973626579624e-09
20230522_000000,29,MEKE,2.3450636987831786e-08,2.353468353533117e-08,-8.404654749938345e-11,8.404654749938345e-11
20230522_000000,29,MYTO,2.869106083380757e-06,2.8945339636266e-06,-2.542788024584297e-08,2.542788024584297e-08
20230522_000000,29,NUCO,2.195740300464568e-14,2.2174307813646772e-14,-2.1690480900109221e-16,2.1690480900109221e-16
20230522_000000,29,OCPR,7.323930049096816e-07,7.405072892652242e-07,-8.114284355542623e-09,8.114284355542623e-09
20230522_000000,29,ORPI,1.1830716850624867e-08,1.1901414964654577e-08,-7.069811402971027e-11,7.069811402971027e-11
20230522_000000,29,PAFA,1.743408262200319e-08,1.7419379716443473e-08,1.4702905559715873e-11,1.4702905559715873e-11
20230522_000000,29,PECA,1.1514847964022579e-09,1.1568180857679522e-09,-5.333289365694327e-12,5.333289365694327e-12
20230522_000000,29,PHNU,6.556668949997402e-07,6.560061365235015e-07,-3.3924152376130223e-10,3.3924152376130223e-10
20230522_000000,29,PIMA,1.3386314626218088e-11,1.3483348118570326e-11,-9.703349235223868e-14,9.703349235223868e-14
20230522_000000,29,POEC,1.0465344075782923e-06,1.0573139661573805e-06,-1.0779558579088189e-08,1.0779558579088189e-08
20230522_000000,29,PSFL,0.9998940229415894,0.9998934268951416,5.960464477539062e-07,5.960464477539062e-07
20230522_000000,29,SHOT,1.3426814327033298e-08,1.3445720092875035e-08,-1.8905765841736866e-11,1.8905765841736866e-11
20230522_000000,29,SITT,1.1848907206513104e-06,1.1936674582102569e-06,-8.776737558946479e-09,8.776737558946479e-09
20230522_000000,29,SPRU,1.4172124584987955e-09,1.4278257465250022e-09,-1.0613288026206646e-11,1.0613288026206646e-11
20230522_000000,29,STOC,1.8531325779447272e-11,1.8511109312058238e-11,2.021646738903371e-14,2.021646738903371e-14
20230522_000000,29,STOC_IRREG,9.622675052611829e-12,9.638081999163717e-12,-1.5406946551888012e-14,1.5406946551888012e-14
20230522_000000,29,STVA,6.6969061407462505e-09,6.704110155908438e-09,-7.204015162187716e-12,7.204015162187716e-12
20230522_000000,29,STVA_IRREG,6.62377885873866e-07,6.634345481870696e-07,-1.0566623132035602e-09,1.0566623132035602e-09
20230522_000000,29,TADO1,1.6474424905862928e-12,1.6520166311317919e-12,-4.574140545499095e-15,4.574140545499095e-15
20230522_000000,29,TADO2,2.6040103406899107e-08,2.621785810674737e-08,-1.7775469984826486e-10,1.7775469984826486e-10
20230522_000000,29,TAMI,9.69985480825386e-11,9.732056133193723e-11,-3.2201324939862275e-13,3.2201324939862275e-13
20230522_000000,29,TUMI,2.1621786800096743e-05,2.1794265194330364e-05,-1.7247839423362166e-07,1.7247839423362166e-07
20230522_000000,29,WHIS,1.1312339953661876e-11,1.1372236485840403e-11,-5.98965321785272e-14,5.98965321785272e-14
20230522_000000,29,YARD,1.1602276778210907e-10,1.1604594368774812e-10,-2.3175905639050143e-14,2.3175905639050143e-14
20230522_000000,29,ZEMA,2.98695930212034e-08,3.0026942710037474e-08,-1.5734968883407419e-10,1.5734968883407419e-10
20230522_000000,3,AEAC,1.9678545459811403e-09,1.9709696097436336e-09,-3.1150637624932642e-12,3.1150637624932642e-12
20230522_000000,3,BRCA,4.06200282624899e-15,4.125893250910961e-15,-6.389042466197099e-17,6.389042466197099e-17
20230522_000000,3,BRMA,1.9699851710166756e-19,1.9665097199742458e-19,3.4754510424298303e-22,3.4754510424298303e-22
20230522_000000,3,BUVI,0.00028530924464575946,0.00027713330928236246,8.175935363397002e-06,8.175935363397002e-06
20230522_000000,3,CAGU,3.3410929578536752e-09,3.27939808641986e-09,6.169487143381502e-11,6.169487143381502e-11
20230522_000000,3,CALU,8.28370927408173e-10,8.262646677970054e-10,2.1062596111676157e-12,2.1062596111676157e-12
20230522_000000,3,CAUS,1.9118141789185687e-14,1.9097887537350942e-14,2.025425183474483e-17,2.025425183474483e-17
20230522_000000,3,CCOO,3.4293923520647344e-16,3.4010064251176707e-16,2.8385926947063723e-18,2.8385926947063723e-18
20230522_000000,3,CHFA,1.576440758464001e-15,1.5806988989689667e-15,-4.2581405049657746e-18,4.2581405049657746e-18
20230522_000000,3,CHMI,1.4941409220980972e-09,1.479147249128232e-09,1.49936729698652e-11,1.49936729698652e-11
20230522_000000,3,CHMI_IRREG,3.2110945014096615e-09,3.204695842029537e-09,6.398659380124627e-12,6.398659380124627e-12
20230522_000000,3,COAU,1.2009273360236465e-15,1.2041894716617596e-15,-3.262135638113124e-18,3.262135638113124e-18
20230522_000000,3,COAU2,9.382965460375328e-14,9.402498040139012e-14,-1.9532579763684166e-16,1.9532579763684166e-16
20230522_000000,3,COCO,6.159300847130567e-10,6.098865301673584e-10,6.043554545698271e-12,6.043554545698271e-12
20230522_000000,3,CYST,2.9506375641419336e-12,2.9400607382684685e-12,1.057682587346509e-14,1.057682587346509e-14
20230522_000000,3,DEFU,4.3087376866424165e-07,4.248246057159122e-07,6.049162948329467e-09,6.049162948329467e-09
20230522_000000,3,DOG,1.1355686391212316e-09,1.1406531275071075e-09,-5.0844883858758294e-12,5.0844883858758294e-12
20230522_000000,3,DRPU,1.0786748965005142e-22,1.0833724685277967e-22,-4.697572027282499e-25,4.697572027282499e-25
20230522_000000,3,DRUM,3.3545902167197994e-10,3.345977939162026e-10,8.612277557773496e-13,8.612277557773496e-13
20230522_000000,3,FLY,4.328145308818421e-08,4.2836418856495584e-08,4.4503423168862355e-10,4.4503423168862355e-10
20230522_000000,3,FROG,1.3341405757927305e-09,1.3237967388946004e-09,1.0343836898130121e-11,1.0343836898130121e-11
20230522_000000,3,GLGN,9.541540300916918e-12,9.518840576872023e-12,2.269972404489451e-14,2.269972404489451e-14
20230522_000000,3,HOSA,5.122643287336359e-08,5.154026894160779e-08,-3.1383606824419985e-10,3.1383606824419985e-10
20230522_000000,3,HYPI,2.36216048467747e-16,2.36109851711985e-16,1.061967557620079e-19,1.061967557620079e-19
20230522_000000,3,INSP,5.114451795407149e-08,5.052006812888976e-08,6.244498251817276e-10,6.244498251817276e-10
20230522_000000,3,IXNA,1.7661800841284325e-11,1.7633904753067142e-11,2.7896088217183035e-14,2.7896088217183035e-14
20230522_000000,3,MEKE,2.028197165770962e-08,1.9975461285071106e-08,3.065103726385132e-10,3.065103726385132e-10
20230522_000000,3,MYTO,2.0117000185546955e-19,2.0186887900019736e-19,-6.988771447278104e-22,6.988771447278104e-22
20230522_000000,3,NUCO,4.913555240599091e-25,5.039375103715382e-25,-1.2581986311629104e-26,1.2581986311629104e-26
20230522_000000,3,OCPR,8.456814350361885e-13,8.500773869546396e-13,-4.395951918451102e-15,4.395951918451102e-15
20230522_000000,3,ORPI,1.5215778940633196e-12,1.5174630215580853e-12,4.114872505234235e-15,4.114872505234235e-15
20230522_000000,3,PAFA,5.0181917649050334e-11,5.044382273000636e-11,-2.619050809560264e-13,2.619050809560264e-13
20230522_000000,3,PECA,5.909052188394137e-15,5.933788938585751e-15,-2.4736750191614587e-17,2.4736750191614587e-17
20230522_000000,3,PHNU,5.396415314606884e-09,5.414687365146165e-09,-1.8272050539280826e-11,1.8272050539280826e-11
20230522_000000,3,PIMA,1.277295725011674e-19,1.2986486170429061e-19,-2.135289203123214e-21,2.135289203123214e-21
20230522_000000,3,POEC,6.559342506000723e-14,6.477291440839736e-14,8.205106516098737e-16,8.205106516098737e-16
20230522_000000,3,PSFL,0.9997139573097229,0.9997220635414124,-8.106231689453125e-06,8.106231689453125e-06
20230522_000000,3,SHOT,4.048426524572157e-12,4.069921049482117e-12,-2.1494524909959623e-14,2.1494524909959623e-14
20230522_000000,3,SITT,5.483346415813273e-11,5.4408429150942794e-11,4.2503500718993337e-13,4.2503500718993337e-13
20230522_000000,3,SPRU,6.604548993208864e-14,6.610551407486287e-14,-6.002414277422874e-17,6.002414277422874e-17
20230522_000000,3,STOC,2.6692469415334763e-11,2.6220024415546384e-11,4.724449997883795e-13,4.724449997883795e-13
20230522_000000,3,STOC_IRREG,7.309831315553336e-14,7.314269090570591e-14,-4.4377750172547303e-17,4.4377750172547303e-17
20230522_000000,3,STVA,3.804137005403163e-09,3.7263432339784686e-09,7.779377142469457e-11,7.779377142469457e-11
20230522_000000,3,STVA_IRREG,1.4475014609161008e-07,1.4495810773951234e-07,-2.0796164790226612e-10,2.0796164790226612e-10
20230522_000000,3,TADO1,8.770595373155262e-17,8.819953571178547e-17,-4.935819802328418e-19,4.935819802328418e-19
20230522_000000,3,TADO2,6.18122496546733e-14,6.153114313640212e-14,2.8110651827117916e-16,2.8110651827117916e-16
20230522_000000,3,TAMI,7.9467027042754595e-16,8.109100625483382e-16,-1.6239792120792277e-17,1.6239792120792277e-17
20230522_000000,3,TUMI,4.1453773746980005e-10,4.154616928264687e-10,-9.23955356668671e-13,9.23955356668671e-13
20230522_000000,3,WHIS,1.2022417024588894e-13,1.1986314447497842e-13,3.610257709105169e-16,3.610257709105169e-16
20230522_000000,3,YARD,6.875551560384108e-13,6.890875673890018e-13,-1.532411350591012e-15,1.532411350591012e-15
20230522_000000,3,ZEMA,3.8550385106361773e-10,3.8099537413849305e-10,4.5084769251246826e-12,4.5084769251246826e-12
20230522_000000,30,AEAC,8.387991101699299e-08,8.339974755244839e-08,4.801634645446029e-10,4.801634645446029e-10
20230522_000000,30,BRCA,1.4046075413887138e-09,1.3865526504730497e-09,1.8054890915664146e-11,1.8054890915664146e-11
20230522_000000,30,BRMA,1.0508408649911871e-06,1.035569084706367e-06,1.5271780284820125e-08,1.5271780284820125e-08
20230522_000000,30,BUVI,0.00012592053099069744,0.0001260416756849736,-1.2114469427615404e-07,1.2114469427615404e-07
20230522_000000,30,CAGU,0.005717004649341106,0.005641186144202948,7.58185051381588e-05,7.58185051381588e-05
20230522_000000,30,CALU,3.24074335367186e-06,3.2285656743624713e-06,1.2177679309388623e-08,1.2177679309388623e-08
20230522_000000,30,CAUS,0.0005221259780228138,0.0005242344341240823,-2.10845610126853e-06,2.10845610126853e-06
20230522_000000,30,CCOO,0.00010303880844730884,0.00010067815310321748,2.360655344091356e-06,2.360655344091356e-06
20230522_000000,30,CHFA,4.348703441792168e-06,4.286987859813962e-06,6.171558197820559e-08,6.171558197820559e-08
20230522_000000,30,CHMI,0.0007782425964251161,0.0007695373496972024,8.705246727913618e-06,8.705246727913618e-06
20230522_000000,30,CHMI_IRREG,9.724697156343609e-05,9.578882600180805e-05,1.4581455616280437e-06,1.4581455616280437e-06
20230522_000000,30,COAU,3.3344812777613697e-07,3.3109100172623585e-07,2.357126049901126e-09,2.357126049901126e-09
20230522_000000,30,COAU2,4.5207874791231006e-05,4.466394238988869e-05,5.439324013423175e-07,5.439324013423175e-07
20230522_000000,30,COCO,6.850859790574759e-06,6.787481197534362e-06,6.337859304039739e-08,6.337859304039739e-08
20230522_000000,30,CYST,5.008834705222398e-05,4.979568620910868e-05,2.9266084311529994e-07,2.9266084311529994e-07
20230522_000000,30,DEFU,0.00047079098294489086,0.00046830697101540864,2.4840119294822216e-06,2.4840119294822216e-06
20230522_000000,30,DOG,4.175902176939417e-06,4.139783868595259e-06,3.611830834415741e-08,3.611830834415741e-08
20230522_000000,30,DRPU,4.925665452772121e-13,4.785807709330181e-13,1.3985774344194013e-14,1.3985774344194013e-14
20230522_000000,30,DRUM,2.009767558774911e-05,1.9952503862441517e-05,1.4517172530759126e-07,1.4517172530759126e-07
20230522_000000,30,FLY,5.153087477083318e-05,5.131956277182326e-05,2.1131199900992215e-07,2.1131199900992215e-07
20230522_000000,30,FROG,4.264275048626587e-06,4.253342467563925e-06,1.0932581062661484e-08,1.0932581062661484e-08
20230522_000000,30,GLGN,4.2343835104929894e-08,4.22015382639529e-08,1.4229684097699646e-10,1.4229684097699646e-10
20230522_000000,30,HOSA,6.104567728471011e-05,6.060200757929124e-05,4.4366970541886985e-07,4.4366970541886985e-07
20230522_000000,30,HYPI,2.6172804368229663e-08,2.60597872170365e-08,1.1301715119316214e-10,1.1301715119316214e-10
20230522_000000,30,INSP,5.3838589337829035e-06,5.3769335863762535e-06,6.925347406649962e-09,6.925347406649962e-09
20230522_000000,30,IXNA,0.0004963040119037032,0.0004921266227029264,4.177389200776815e-06,4.177389200776815e-06
20230522_000000,30,MEKE,1.0587967835817835e-06,1.055654479387158e-06,3.142304194625467e-09,3.142304194625467e-09
20230522_000000,30,MYTO,2.3488542865379713e-05,2.3092350602382794e-05,3.9619226299691945e-07,3.9619226299691945e-07
20230522_000000,30,NUCO,1.602589061455717e-09,1.5761496552357812e-09,2.643940621993579e-11,2.643940621993579e-11
20230522_000000,30,OCPR,5.754024186899187e-06,5.661712293658638e-06,9.231189324054867e-08,9.231189324054867e-08
20230522_000000,30,ORPI,2.881513864849694e-06,2.84660541183257e-06,3.4908453017123975e-08,3.4908453017123975e-08
20230522_000000,30,PAFA,7.227629248518497e-05,7.206006557680666e-05,2.1622690837830305e-07,2.1622690837830305e-07
20230522_000000,30,PECA,3.6168330552754924e-07,3.5662930031321594e-07,5.054005214333301e-09,5.054005214333301e-09
20230522_000000,30,PHNU,5.4236279538599774e-06,5.377328761824174e-06,4.629919203580357e-08,4.629919203580357e-08
20230522_000000,30,PIMA,2.004753241635626e-06,1.9846636405418394e-06,2.008960109378677e-08,2.008960109378677e-08
20230522_000000,30,POEC,0.0005708214594051242,0.0005656564608216286,5.164998583495617e-06,5.164998583495617e-06
20230522_000000,30,PSFL,0.9860645532608032,0.9861776828765869,-0.0001131296157836914,0.0001131296157836914
20230522_000000,30,SHOT,6.100973223510664e-06,6.0311504057608545e-06,6.982281774980947e-08,6.982281774980947e-08
20230522_000000,30,SITT,0.0005010452005080879,0.0004974182229489088,3.6269775591790676e-06,3.6269775591790676e-06
20230522_000000,30,SPRU,4.657289537135512e-06,4.6075601858319715e-06,4.972935130354017e-08,4.972935130354017e-08
20230522_000000,30,STOC,4.7903281341632464e-09,4.798724084764672e-09,-8.395950601425284e-12,8.395950601425284e-12
20230522_000000,30,STOC_IRREG,2.1603603350683898e-09,2.1471460165400913e-09,1.3214318528298463e-11,1.3214318528298463e-11
20230522_000000,30,STVA,1.907945716084214e-06,1.9097867607342778e-06,-1.84104465006385e-09,1.84104465006385e-09
20230522_000000,30,STVA_IRREG,3.7323417927837e-05,3.735593782039359e-05,-3.251989255659282e-08,3.251989255659282e-08
20230522_000000,30,TADO1,5.385800250223838e-08,5.342809217268041e-08,4.299103295579698e-10,4.299103295579698e-10
20230522_000000,30,TADO2,1.7278377981710946e-06,1.716919996397337e-06,1.0917801773757674e-08,1.0917801773757674e-08
20230522_000000,30,TAMI,6.8711920597763765e-09,6.8016423604433385e-09,6.9549699333038e-11,6.9549699333038e-11
20230522_000000,30,TUMI,0.004110108595341444,0.00410122936591506,8.879229426383972e-06,8.879229426383972e-06
20230522_000000,30,WHIS,1.670062643732706e-09,1.672626259718868e-09,-2.563615986161949e-12,2.563615986161949e-12
20230522_000000,30,YARD,1.0847374198874604e-07,1.0753400658813916e-07,9.39735400606878e-10,9.39735400606878e-10
20230522_000000,30,ZEMA,2.0065579519723542e-05,1.9929797417717054e-05,1.3578210200648755e-07,1.3578210200648755e-07
20230522_000000,31,AEAC,2.1958015405942888e-09,2.189199266311448e-09,6.602274282840881e-12,6.602274282840881e-12
20230522_000000,31,BRCA,1.5626756683898187e-14,1.5734280740288542e-14,-1.0752405639035539e-16,1.0752405639035539e-16
20230522_000000,31,BRMA,1.395396783350814e-15,1.34471276700684e-15,5.0684016343973976e-17,5.0684016343973976e-17
20230522_000000,31,BUVI,0.005690501071512699,0.005709139630198479,-1.863855868577957e-05,1.863855868577957e-05
20230522_000000,31,CAGU,9.884298606266384e-07,9.468987514082983e-07,4.1531109218340134e-08,4.1531109218340134e-08
20230522_000000,31,CALU,5.966030585113913e-07,5.877101330042933e-07,8.89292550709797e-09,8.89292550709797e-09
20230522_000000,31,CAUS,1.943445578078684e-11,1.9004261705979353e-11,4.301940748074884e-13,4.301940748074884e-13
20230522_000000,31,CCOO,1.3948340908936235e-13,1.3530704876842103e-13,4.176360320941319e-15,4.176360320941319e-15
20230522_000000,31,CHFA,8.037225399104564e-13,7.918102480110323e-13,1.191229189942411e-14,1.191229189942411e-14
20230522_000000,31,CHMI,3.433180850720419e-08,3.388029767847911e-08,4.5151082872507686e-10,4.5151082872507686e-10
20230522_000000,31,CHMI_IRREG,4.132984088300873e-08,4.1235839631781346e-08,9.400125122738245e-11,9.400125122738245e-11
20230522_000000,31,COAU,1.1216965941154844e-12,1.1088148628435324e-12,1.2881731271952024e-14,1.2881731271952024e-14
20230522_000000,31,COAU2,5.0958525593669535e-11,5.039041753307494e-11,5.681080605945965e-13,5.681080605945965e-13
20230522_000000,31,COCO,8.546514607132849e-09,8.449944743915694e-09,9.656986321715522e-11,9.656986321715522e-11
20230522_000000,31,CYST,2.511148233796945e-10,2.481282679323016e-10,2.9865554473929024e-12,2.9865554473929024e-12
20230522_000000,31,DEFU,1.3739070254814578e-06,1.3691764024770237e-06,4.730623004434165e-09,4.730623004434165e-09
20230522_000000,31,DOG,5.095079913530753e-09,5.11336528674633e-09,-1.8285373215576328e-11,1.8285373215576328e-11
20230522_000000,31,DRPU,1.0359995309145552e-20,1.0339073455761642e-20,2.0921853383909587e-23,2.0921853383909587e-23
20230522_000000,31,DRUM,2.804089405117338e-09,2.800861542695543e-09,3.22786242179518e-12,3.22786242179518e-12
20230522_000000,31,FLY,3.061125255499064e-07,3.0542994977622584e-07,6.825757736805826e-10,6.825757736805826e-10
20230522_000000,31,FROG,1.8288794478849013e-08,1.8272656276963062e-08,1.6138201885951275e-11,1.6138201885951275e-11
20230522_000000,31,GLGN,1.4121901564800865e-11,1.4102580214725435e-11,1.9321350075429677e-14,1.9321350075429677e-14
20230522_000000,31,HOSA,3.4393005421406997e-07,3.4293157114007045e-07,9.984830739995232e-10,9.984830739995232e-10
20230522_000000,31,HYPI,5.374457254020068e-14,5.3263119012981336e-14,4.814535272193443e-16,4.814535272193443e-16
20230522_000000,31,INSP,1.0804224359617365e-07,1.0719086418475854e-07,8.513794114151096e-10,8.513794114151096e-10
20230522_000000,31,IXNA,3.0139022388908643e-09,2.9558742120627812e-09,5.802802682808306e-11,5.802802682808306e-11
20230522_000000,31,MEKE,7.58696074854015e-08,7.540639757053214e-08,4.632099148693669e-10,4.632099148693669e-10
20230522_000000,31,MYTO,4.596534741371783e-14,4.454741764814592e-14,1.4179297655719098e-15,1.4179297655719098e-15
20230522_000000,31,NUCO,4.944322669725838e-21,4.858616580066401e-21,8.570608965943719e-23,8.570608965943719e-23
20230522_000000,31,OCPR,3.0629224156975e-10,3.0128555206232477e-10,5.0066895074252216e-12,5.0066895074252216e-12
20230522_000000,31,ORPI,1.396630450178904e-10,1.3927815845082847e-10,3.8488656706192614e-13,3.8488656706192614e-13
20230522_000000,31,PAFA,8.069975798719042e-09,8.081871172294086e-09,-1.1895373575043777e-11,1.1895373575043777e-11
20230522_000000,31,PECA,3.559594025787094e-12,3.5521756976825136e-12,7.418328104580318e-15,7.418328104580318e-15
20230522_000000,31,PHNU,4.84153304114443e-08,4.876130432762693e-08,-3.459739161826292e-10,3.459739161826292e-10
20230522_000000,31,PIMA,1.5415723030831428e-16,1.5095720600803654e-16,3.2000243002777424e-18,3.2000243002777424e-18
20230522_000000,31,POEC,5.628914556687903e-10,5.419743542844913e-10,2.091710138429903e-11,2.091710138429903e-11
20230522_000000,31,PSFL,0.9943050742149353,0.9942864775657654,1.8596649169921875e-05,1.8596649169921875e-05
20230522_000000,31,SHOT,6.770055349658577e-11,6.777810257485584e-11,-7.754907827006718e-14,7.754907827006718e-14
20230522_000000,31,SITT,1.3222666517265225e-08,1.2961877793316035e-08,2.6078872394919017e-10,2.6078872394919017e-10
20230522_000000,31,SPRU,7.071095878968814e-12,7.018252732443608e-12,5.28431465252055e-14,5.28431465252055e-14
20230522_000000,31,STOC,2.9189866669609987e-12,2.900406911171549e-12,1.8579755789449592e-14,1.8579755789449592e-14
20230522_000000,31,STOC_IRREG,4.1275533338436254e-13,4.1057427097902777e-13,2.181062405334777e-15,2.181062405334777e-15
20230522_000000,31,STVA,4.099020234349382e-09,4.082519655668193e-09,1.6500578681188927e-11,1.6500578681188927e-11
20230522_000000,31,STVA_IRREG,4.6068467440818495e-07,4.59817044884403e-07,8.676295237819431e-10,8.676295237819431e-10
20230522_000000,31,TADO1,3.709203015805733e-15,3.699863207012833e-15,9.339808792899543e-18,9.339808792899543e-18
20230522_000000,31,TADO2,1.7819573941424416e-11,1.7680199318470535e-11,1.393746229538806e-13,1.393746229538806e-13
20230522_000000,31,TAMI,3.9058454414557867e-14,3.921455242234147e-14,-1.560980077836005e-16,1.560980077836005e-16
20230522_000000,31,TUMI,6.757926485079224e-08,6.67410304799887e-08,8.382343708035478e-10,8.382343708035478e-10
20230522_000000,31,WHIS,1.1448458283810914e-12,1.1372074072354965e-12,7.638421145594876e-15,7.638421145594876e-15
20230522_000000,31,YARD,3.3692176652777572e-12,3.342839893782923e-12,2.6377771494834334e-14,2.6377771494834334e-14
20230522_000000,31,ZEMA,2.191634207449056e-09,2.1748947087729675e-09,1.673949867608826e-11,1.673949867608826e-11
20230522_000000,32,AEAC,7.4347279443998104e-09,7.339134189265906e-09,9.559375513390478e-11,9.559375513390478e-11
20230522_000000,32,BRCA,8.591707261005471e-14,8.684121266056347e-14,-9.241400505087538e-16,9.241400505087538e-16
20230522_000000,32,BRMA,4.903593332707297e-14,4.907965039154666e-14,-4.371706447368895e-17,4.371706447368895e-17
20230522_000000,32,BUVI,0.0009093592525459826,0.0008918759995140135,1.748325303196907e-05,1.748325303196907e-05
20230522_000000,32,CAGU,2.0419461179699283e-06,2.007335069720284e-06,3.461104824964423e-08,3.461104824964423e-08
20230522_000000,32,CALU,9.777524212495337e-08,9.700402614498671e-08,7.712159799666551e-10,7.712159799666551e-10
20230522_000000,32,CAUS,1.0902421326841605e-10,1.088142145833082e-10,2.0999868510784836e-13,2.0999868510784836e-13
20230522_000000,32,CCOO,2.518063882406274e-12,2.532297071686229e-12,-1.4233189279955205e-14,1.4233189279955205e-14
20230522_000000,32,CHFA,1.896685282790078e-12,1.910913051059171e-12,-1.4227768269092778e-14,1.4227768269092778e-14
20230522_000000,32,CHMI,3.541441628840403e-08,3.5373044937614395e-08,4.1371350789631833e-11,4.1371350789631833e-11
20230522_000000,32,CHMI_IRREG,2.3199307364052402e-08,2.3281719663259537e-08,-8.241229920713522e-11,8.241229920713522e-11
20230522_000000,32,COAU,1.930622328671916e-12,1.923701432524072e-12,6.920896147843969e-15,6.920896147843969e-15
20230522_000000,32,COAU2,1.5121681684604482e-10,1.5216236604054245e-10,-9.455491944976302e-13,9.455491944976302e-13
20230522_000000,32,COCO,1.2466842669311973e-08,1.2419924644291314e-08,4.6918025020659115e-11,4.6918025020659115e-11
20230522_000000,32,CYST,6.766940896518747e-10,6.754112824580716e-10,1.2828071938031371e-12,1.2828071938031371e-12
20230522_000000,32,DEFU,1.1213040806978825e-06,1.1179463399457745e-06,3.3577407521079294e-09,3.3577407521079294e-09
20230522_000000,32,DOG,6.799469876028752e-09,6.810011221602963e-09,-1.0541345574210936e-11,1.0541345574210936e-11
20230522_000000,32,DRPU,1.303546334062787e-20,1.325204006606828e-20,-2.1657672544040986e-22,2.1657672544040986e-22
20230522_000000,32,DRUM,3.5556597666186462e-09,3.571695383897122e-09,-1.603561727847591e-11,1.603561727847591e-11
20230522_000000,32,FLY,2.438540604998707e-07,2.434187251765252e-07,4.353353233454982e-10,4.353353233454982e-10
20230522_000000,32,FROG,1.5965907707027327e-08,1.5753348847624693e-08,2.1255885940263397e-10,2.1255885940263397e-10
20230522_000000,32,GLGN,4.2051580967372715e-11,4.1800660155466574e-11,2.5092081190614124e-13,2.5092081190614124e-13
20230522_000000,32,HOSA,3.0823071028862614e-07,3.0891237656760495e-07,-6.816662789788097e-10,6.816662789788097e-10
20230522_000000,32,HYPI,8.038055355867602e-14,8.022404219881415e-14,1.565113598618606e-16,1.565113598618606e-16
20230522_000000,32,INSP,6.698808618921248e-08,6.67194441916763e-08,2.686419975361787e-10,2.686419975361787e-10
20230522_000000,32,IXNA,6.250502782023659e-09,6.241116956573478e-09,9.385825450181073e-12,9.385825450181073e-12
20230522_000000,32,MEKE,1.1036191693847286e-07,1.0897908708784598e-07,1.3828298506268766e-09,1.3828298506268766e-09
20230522_000000,32,MYTO,1.5488792973888943e-13,1.55947737362494e-13,-1.0598076236045806e-15,1.0598076236045806e-15
20230522_000000,32,NUCO,3.87606979960832e-20,3.919285786087668e-20,-4.3215986479347575e-22,4.3215986479347575e-22
20230522_000000,32,OCPR,3.8908593014141957e-10,3.890066324618857e-10,7.92976795338518e-14,7.92976795338518e-14
20230522_000000,32,ORPI,3.780382396012527e-10,3.7719422030235705e-10,8.440192988956596e-13,8.440192988956596e-13
20230522_000000,32,PAFA,3.554425864749078e-09,3.5887128824185766e-09,-3.428701766949871e-11,3.428701766949871e-11
20230522_000000,32,PECA,8.059310163677225e-12,8.084624116000416e-12,-2.5313952323191558e-14,2.5313952323191558e-14
20230522_000000,32,PHNU,1.227733719133539e-07,1.217921976603975e-07,9.811742529564071e-10,9.811742529564071e-10
20230522_000000,32,PIMA,2.800603267022017e-15,2.843931755131153e-15,-4.332848810913604e-17,4.332848810913604e-17
20230522_000000,32,POEC,6.127230944841244e-10,6.100679961207334e-10,2.655098363391062e-12,2.655098363391062e-12
20230522_000000,32,PSFL,0.9990850687026978,0.9991025924682617,-1.7523765563964844e-05,1.7523765563964844e-05
20230522_000000,32,SHOT,1.1161965102202132e-10,1.1284994466675968e-10,-1.2302936447383672e-12,1.2302936447383672e-12
20230522_000000,32,SITT,1.847410047162157e-08,1.8311853366981268e-08,1.6224710464030068e-10,1.6224710464030068e-10
20230522_000000,32,SPRU,2.363153596418588e-11,2.37720051976531e-11,-1.4046923346722195e-13,1.4046923346722195e-13
20230522_000000,32,STOC,2.251109021411679e-10,2.2199707350178954e-10,3.1138286393783687e-12,3.1138286393783687e-12
20230522_000000,32,STOC_IRREG,6.286805277755381e-12,6.270233030708505e-12,1.6572247046875432e-14,1.6572247046875432e-14
20230522_000000,32,STVA,8.958492259125705e-08,8.896616776610244e-08,6.187548251546104e-10,6.187548251546104e-10
20230522_000000,32,STVA_IRREG,1.0246263855151483e-06,1.0293338164046872e-06,-4.707430889538955e-09,4.707430889538955e-09
20230522_000000,32,TADO1,1.0672925996495827e-14,1.0787642209641318e-14,-1.1471621314549166e-16,1.1471621314549166e-16
20230522_000000,32,TADO2,6.733115454071736e-11,6.736701474441276e-11,-3.5860203695392556e-14,3.5860203695392556e-14
20230522_000000,32,TAMI,1.9764687120022578e-13,2.0026492129118084e-13,-2.6180500909550597e-15,2.6180500909550597e-15
20230522_000000,32,TUMI,1.2789209336006024e-07,1.2819805306207854e-07,-3.0595970201829914e-10,3.0595970201829914e-10
20230522_000000,32,WHIS,4.052653178321375e-12,4.004500290394342e-12,4.8152887927033206e-14,4.8152887927033206e-14
20230522_000000,32,YARD,6.337068023110071e-12,6.367262619932923e-12,-3.0194596822852304e-14,3.0194596822852304e-14
20230522_000000,32,ZEMA,1.4661399205806447e-08,1.4721257990402137e-08,-5.985878459568994e-11,5.985878459568994e-11
20230522_000000,33,AEAC,3.8750430642053857e-10,3.861027886298274e-10,1.401517790711182e-12,1.401517790711182e-12
20230522_000000,33,BRCA,4.3743815494698914e-17,4.4404160395144896e-17,-6.603449004459824e-19,6.603449004459824e-19
20230522_000000,33,BRMA,1.1620861708540017e-21,1.1625680197166852e-21,-4.8184886268347755e-25,4.8184886268347755e-25
20230522_000000,33,BUVI,0.000391545268939808,0.0003851345682051033,6.410700734704733e-06,6.410700734704733e-06
20230522_000000,33,CAGU,5.042483652850649e-10,5.021190130349851e-10,2.129352250079819e-12,2.129352250079819e-12
20230522_000000,33,CALU,1.5745210646400665e-07,1.580354620500657e-07,-5.833555860590423e-10,5.833555860590423e-10
20230522_000000,33,CAUS,1.5651047312424394e-16,1.5756340125213004e-16,-1.0529281278860996e-18,1.0529281278860996e-18
20230522_000000,33,CCOO,9.780280814722805e-18,9.83444211969094e-18,-5.4161304968134593e-20,5.4161304968134593e-20
20230522_000000,33,CHFA,7.023488837972414e-18,7.11253565809436e-18,-8.904682012194598e-20,8.904682012194598e-20
20230522_000000,33,CHMI,1.4525176894597536e-10,1.450115860723855e-10,2.401828735898448e-13,2.401828735898448e-13
20230522_000000,33,CHMI_IRREG,2.90370144595542e-10,2.897651008026969e-10,6.050437928450947e-13,6.050437928450947e-13
20230522_000000,33,COAU,1.589496037575362e-17,1.6057784261889784e-17,-1.6282388613616307e-19,1.6282388613616307e-19
20230522_000000,33,COAU2,2.496103816330042e-15,2.526419972545221e-15,-3.0316156215178663e-17,3.0316156215178663e-17
20230522_000000,33,COCO,5.448613782377265e-11,5.4506548580190994e-11,-2.0410756418343112e-14,2.0410756418343112e-14
20230522_000000,33,CYST,1.0435271082572667e-13,1.0490377690868316e-13,-5.510660829564917e-16,5.510660829564917e-16
20230522_000000,33,DEFU,5.6479976251466724e-08,5.622120369253025e-08,2.587725589364709e-10,2.587725589364709e-10
20230522_000000,33,DOG,2.9641008397751634e-11,2.9748131041840153e-11,-1.0712264408851979e-13,1.0712264408851979e-13
20230522_000000,33,DRPU,4.229327366732397e-25,4.232824485732855e-25,-3.497119000457898e-28,3.497119000457898e-28
20230522_000000,33,DRUM,1.1293822647917562e-11,1.139285714379934e-11,-9.903449588177793e-14,9.903449588177793e-14
20230522_000000,33,FLY,3.848565022224193e-09,3.860396446953018e-09,-1.1831424728825368e-11,1.1831424728825368e-11
20230522_000000,33,FROG,2.8847779720564404e-10,2.880733152021975e-10,4.0448200344656016e-13,4.0448200344656016e-13
20230522_000000,33,GLGN,7.598956186516403e-14,7.634539701817378e-14,-3.5583515300974256e-16,3.5583515300974256e-16
20230522_000000,33,HOSA,1.741846489267118e-08,1.7493388071443405e-08,-7.492317877222376e-11,7.492317877222376e-11
20230522_000000,33,HYPI,4.494580818641197e-17,4.511237589200055e-17,-1.6656770558857808e-19,1.6656770558857808e-19
20230522_000000,33,INSP,1.4908579260008992e-08,1.4790511926321415e-08,1.1806733368757705e-10,1.1806733368757705e-10
20230522_000000,33,IXNA,5.674188332735475e-13,5.699835135125619e-13,-2.5646802390144607e-15,2.5646802390144607e-15
20230522_000000,33,MEKE,1.02032702287147e-08,1.0113453186022525e-08,8.981704269217516e-11,8.981704269217516e-11
20230522_000000,33,MYTO,5.9581342923990085e-21,6.013706046940297e-21,-5.557175454128834e-23,5.557175454128834e-23
20230522_000000,33,NUCO,2.5955497859964285e-28,2.642844847640746e-28,-4.729506164431735e-30,4.729506164431735e-30
20230522_000000,33,OCPR,3.347900773341232e-14,3.362538857922502e-14,-1.4638084581269917e-16,1.4638084581269917e-16
20230522_000000,33,ORPI,4.941246657718182e-14,4.987114508251539e-14,-4.586785053335707e-16,4.586785053335707e-16
20230522_000000,33,PAFA,1.082698817753136e-12,1.0969822055936773e-12,-1.4283387840541284e-14,1.4283387840541284e-14
20230522_000000,33,PECA,5.822946524745409e-17,5.875911891983914e-17,-5.296536723850543e-19,5.296536723850543e-19
20230522_000000,33,PHNU,2.7176327854760984e-10,2.7214525077923213e-10,-3.819722316222851e-13,3.819722316222851e-13
20230522_000000,33,PIMA,8.206980060694111e-23,8.372957026241336e-23,-1.6597696554722506e-24,1.6597696554722506e-24
20230522_000000,33,POEC,8.908496905652222e-14,8.980309036546799e-14,-7.181213089457739e-16,7.181213089457739e-16
20230522_000000,33,PSFL,0.9996082186698914,0.9996145963668823,-6.377696990966797e-06,6.377696990966797e-06
20230522_000000,33,SHOT,5.819793973994847e-13,5.857918859188127e-13,-3.812488519328028e-15,3.812488519328028e-15
20230522_000000,33,SITT,5.30771477116887e-12,5.324022472885659e-12,-1.630770171678897e-14,1.630770171678897e-14
20230522_000000,33,SPRU,1.6517696219248124e-15,1.6660504915364015e-15,-1.4280869611589097e-17,1.4280869611589097e-17
20230522_000000,33,STOC,1.0594974062579782e-13,1.0494520020793568e-13,1.004540417862132e-15,1.004540417862132e-15
20230522_000000,33,STOC_IRREG,1.1564337540955621e-15,1.1573900542930123e-15,-9.56300197450105e-19,9.56300197450105e-19
20230522_000000,33,STVA,2.1613695555533496e-10,2.1513685277696482e-10,1.0001027783701488e-12,1.0001027783701488e-12
20230522_000000,33,STVA_IRREG,9.567496128681796e-09,9.589151694910925e-09,-2.1655566229128453e-11,2.1655566229128453e-11
20230522_000000,33,TADO1,1.1010904864074523e-19,1.1119835503459807e-19,-1.0893063938528395e-21,1.0893063938528395e-21
20230522_000000,33,TADO2,4.898612609570852e-15,4.913916800861843e-15,-1.53041912909907e-17,1.53041912909907e-17
20230522_000000,33,TAMI,7.296923315619168e-18,7.389352477265843e-18,-9.242916164667531e-20,9.242916164667531e-20
20230522_000000,33,TUMI,4.302791109522808e-11,4.325818522832314e-11,-2.302741330950653e-13,2.302741330950653e-13
20230522_000000,33,WHIS,1.158747636349224e-15,1.1585960174516656e-15,1.5161889755851976e-19,1.5161889755851976e-19
20230522_000000,33,YARD,6.951932790284082e-14,7.019143160582816e-14,-6.721037029873422e-16,6.721037029873422e-16
20230522_000000,33,ZEMA,1.2968551579839449e-11,1.3003608606565464e-11,-3.5057026726015295e-14,3.5057026726015295e-14
20230522_000000,34,AEAC,9.119024070969317e-06,9.02753890841268e-06,9.148516255663708e-08,9.148516255663708e-08
20230522_000000,34,BRCA,3.112315027919976e-08,3.171458118345072e-08,-5.914309042509558e-10,5.914309042509558e-10
20230522_000000,34,BRMA,6.069043601009128e-10,6.058236134975914e-10,1.0807466033213586e-12,1.0807466033213586e-12
20230522_000000,34,BUVI,0.023010050877928734,0.022649642080068588,0.00036040879786014557,0.00036040879786014557
20230522_000000,34,CAGU,0.00024796935031190515,0.00024539828882552683,2.571061486378312e-06,2.571061486378312e-06
20230522_000000,34,CALU,9.423077244719025e-06,9.45127430895809e-06,-2.8197064239066094e-08,2.8197064239066094e-08
20230522_000000,34,CAUS,1.2231025721121114e-06,1.2196607031000894e-06,3.4418690120219253e-09,3.4418690120219253e-09
20230522_000000,34,CCOO,5.774714750828025e-08,5.761013355254363e-08,1.3701395573662012e-10,1.3701395573662012e-10
20230522_000000,34,CHFA,8.328255773903948e-08,8.372686011171027e-08,-4.4430237267079065e-10,4.4430237267079065e-10
20230522_000000,34,CHMI,0.00010406296496512368,0.00010353713150834665,5.258334567770362e-07,5.258334567770362e-07
20230522_000000,34,CHMI_IRREG,4.2780317016877234e-05,4.280187204130925e-05,-2.15550244320184e-08,2.15550244320184e-08
20230522_000000,34,COAU,4.136845888069729e-08,4.138152576160792e-08,-1.3066880910628242e-11,1.3066880910628242e-11
20230522_000000,34,COAU2,1.179159653474926e-06,1.1860294080179301e-06,-6.869754543004092e-09,6.869754543004092e-09
20230522_000000,34,COCO,3.593371366150677e-05,3.584486694307998e-05,8.884671842679381e-08,8.884671842679381e-08
20230522_000000,34,CYST,2.536902456995449e-06,2.5311608169431565e-06,5.741640052292496e-09,5.741640052292496e-09
20230522_000000,34,DEFU,0.0004953852039761841,0.0004917849437333643,3.600260242819786e-06,3.600260242819786e-06
20230522_000000,34,DOG,2.479749127815012e-05,2.4975659471238032e-05,-1.781681930879131e-07,1.781681930879131e-07
20230522_000000,34,DRPU,1.172425194038637e-13,1.1801758843191928e-13,-7.75069028055575e-16,7.75069028055575e-16
20230522_000000,34,DRUM,3.183113585691899e-05,3.189610652043484e-05,-6.49706635158509e-08,6.49706635158509e-08
20230522_000000,34,FLY,0.0005017875810153782,0.000502808194141835,-1.0206131264567375e-06,1.0206131264567375e-06
20230522_000000,34,FROG,6.823886360507458e-05,6.777418457204476e-05,4.646790330298245e-07,4.646790330298245e-07
20230522_000000,34,GLGN,1.2299242371227592e-06,1.2270971865291358e-06,2.827050593623426e-09,2.827050593623426e-09
20230522_000000,34,HOSA,0.00039811048191040754,0.0004010514239780605,-2.9409420676529408e-06,2.9409420676529408e-06
20230522_000000,34,HYPI,6.596450052853697e-09,6.62206112167496e-09,-2.561106882126296e-11,2.561106882126296e-11
20230522_000000,34,INSP,0.00048313711886294186,0.00047743594041094184,5.701178452000022e-06,5.701178452000022e-06
20230522_000000,34,IXNA,2.089221561618615e-05,2.0908084479742683e-05,-1.5868863556534052e-08,1.5868863556534052e-08
20230522_000000,34,MEKE,0.0001763387117534876,0.000173592270584777,2.7464411687105894e-06,2.7464411687105894e-06
20230522_000000,34,MYTO,5.4367417234857385e-09,5.442921224840802e-09,-6.179501355063621e-12,6.179501355063621e-12
20230522_000000,34,NUCO,1.6417699448198486e-13,1.662779207942458e-13,-2.1009263122609423e-15,2.1009263122609423e-15
20230522_000000,34,OCPR,3.867577106575482e-06,3.8767980186094064e-06,-9.220912033924833e-09,9.220912033924833e-09
20230522_000000,34,ORPI,1.2309075145822135e-06,1.2332612868704018e-06,-2.3537722881883383e-09,2.3537722881883383e-09
20230522_000000,34,PAFA,2.8825787012465298e-05,2.9064816772006452e-05,-2.390297595411539e-07,2.390297595411539e-07
20230522_000000,34,PECA,4.645092701593967e-07,4.6872659709151776e-07,-4.217326932121068e-09,4.217326932121068e-09
20230522_000000,34,PHNU,1.3501744433597196e-05,1.358977078780299e-05,-8.802635420579463e-08,8.802635420579463e-08
20230522_000000,34,PIMA,1.0714179543569458e-09,1.0865782718028072e-09,-1.5160317445861438e-11,1.5160317445861438e-11
20230522_000000,34,POEC,2.2321828510030173e-06,2.2328792965709e-06,-6.964455678826198e-10,6.964455678826198e-10
20230522_000000,34,PSFL,0.9727935791015625,0.9731639623641968,-0.00037038326263427734,0.00037038326263427734
20230522_000000,34,SHOT,3.6865910715278005e-06,3.6970905057387426e-06,-1.0499434210942127e-08,1.0499434210942127e-08
20230522_000000,34,SITT,3.1387349736178294e-05,3.1188392313197255e-05,1.989574229810387e-07,1.989574229810387e-07
20230522_000000,34,SPRU,5.806238050354295e-07,5.821925697091501e-07,-1.5687646737205796e-09,1.5687646737205796e-09
20230522_000000,34,STOC,2.0236997443134896e-05,2.0014760593767278e-05,2.2223684936761856e-07,2.2223684936761856e-07
20230522_000000,34,STOC_IRREG,3.8570181004615733e-07,3.8702654592270846e-07,-1.3247358765511308e-09,1.3247358765511308e-09
20230522_000000,34,STVA,0.00016510728164575994,0.0001635927619645372,1.5145196812227368e-06,1.5145196812227368e-06
20230522_000000,34,STVA_IRREG,0.0011983411386609077,0.0012014316162094474,-3.0904775485396385e-06,3.0904775485396385e-06
20230522_000000,34,TADO1,1.7095169724257175e-09,1.7288125375714003e-09,-1.9295565145682758e-11,1.9295565145682758e-11
20230522_000000,34,TADO2,7.556415653198201e-07,7.549926408501051e-07,6.489244697149843e-10,6.489244697149843e-10
20230522_000000,34,TAMI,1.5228536653921765e-08,1.546161421117631e-08,-2.3307755725454626e-10,2.3307755725454626e-10
20230522_000000,34,TUMI,4.762786556966603e-05,4.767354766954668e-05,-4.568209988065064e-08,4.568209988065064e-08
20230522_000000,34,WHIS,6.707599027322431e-07,6.659832934019505e-07,4.776609330292558e-09,4.776609330292558e-09
20230522_000000,34,YARD,1.5497485037485603e-06,1.5552030845356057e-06,-5.4545807870454155e-09,5.4545807870454155e-09
20230522_000000,34,ZEMA,1.979386252060067e-05,1.9816212443402037e-05,-2.234992280136794e-08,2.234992280136794e-08
20230522_000000,35,AEAC,1.4974934003930684e-07,1.4941336701213004e-07,3.3597302717680577e-10,3.3597302717680577e-10
20230522_000000,35,BRCA,3.7494468640986156e-10,3.745457000103869e-10,3.9898639947466563e-13,3.9898639947466563e-13
20230522_000000,35,BRMA,8.63243343474096e-09,8.568651566065455e-09,6.378186867550539e-11,6.378186867550539e-11
20230522_000000,35,BUVI,0.0003179966879542917,0.0003184776287525892,-4.809407982975245e-07,4.809407982975245e-07
20230522_000000,35,CAGU,0.01624208502471447,0.01610267162322998,0.00013941340148448944,0.00013941340148448944
20230522_000000,35,CALU,0.0009304367704316974,0.0009317070944234729,-1.2703239917755127e-06,1.2703239917755127e-06
20230522_000000,35,CAUS,3.392564394744113e-06,3.3807002637331607e-06,1.1864131010952406e-08,1.1864131010952406e-08
20230522_000000,35,CCOO,6.7427038175083e-07,6.697621302009793e-07,4.508251549850684e-09,4.508251549850684e-09
20230522_000000,35,CHFA,1.1316509329617475e-07,1.1274923394921643e-07,4.1585934695831384e-10,4.1585934695831384e-10
20230522_000000,35,CHMI,2.447704173391685e-05,2.4431372366962023e-05,4.566936695482582e-08,4.566936695482582e-08
20230522_000000,35,CHMI_IRREG,2.4740961634961423e-06,2.4750320335442666e-06,-9.358700481243432e-10,9.358700481243432e-10
20230522_000000,35,COAU,1.2631548429453687e-07,1.2621116241007257e-07,1.0432188446429791e-10,1.0432188446429791e-10
20230522_000000,35,COAU2,2.809837724271347e-06,2.8116837711422704e-06,-1.846046870923601e-09,1.846046870923601e-09
20230522_000000,35,COCO,8.041530236368999e-06,8.038000487431418e-06,3.5297489375807345e-09,3.5297489375807345e-09
20230522_000000,35,CYST,1.9765097931667697e-06,1.9677725049405126e-06,8.737288226257078e-09,8.737288226257078e-09
20230522_000000,35,DEFU,0.0001617553789401427,0.00016115083417389542,6.045447662472725e-07,6.045447662472725e-07
20230522_000000,35,DOG,1.4048190450921538e-06,1.404513113811845e-06,3.0593128030886874e-10,3.0593128030886874e-10
20230522_000000,35,DRPU,2.679947192982257e-13,2.676258195090375e-13,3.688997891881929e-16,3.688997891881929e-16
20230522_000000,35,DRUM,5.6617118389112875e-06,5.657084784616018e-06,4.627054295269772e-09,4.627054295269772e-09
20230522_000000,35,FLY,8.373095624847338e-06,8.359704224858433e-06,1.3391399988904595e-08,1.3391399988904595e-08
20230522_000000,35,FROG,8.018907465157099e-06,8.002396498341113e-06,1.651096681598574e-08,1.651096681598574e-08
20230522_000000,35,GLGN,1.4160153050113422e-08,1.4168144879533884e-08,-7.991829420461727e-12,7.991829420461727e-12
20230522_000000,35,HOSA,0.00015640414494555444,0.00015630776761099696,9.637733455747366e-08,9.637733455747366e-08
20230522_000000,35,HYPI,4.532422437364403e-09,4.523611263351768e-09,8.811174012635092e-12,8.811174012635092e-12
20230522_000000,35,INSP,2.70492250820098e-06,2.695079956538393e-06,9.84255166258663e-09,9.84255166258663e-09
20230522_000000,35,IXNA,4.59275979665108e-05,4.562553294817917e-05,3.02065018331632e-07,3.02065018331632e-07
20230522_000000,35,MEKE,1.7339706346319872e-06,1.7294432836933993e-06,4.527350938587915e-09,4.527350938587915e-09
20230522_000000,35,MYTO,6.943676271475852e-05,6.928796938154846e-05,1.4879333321005106e-07,1.4879333321005106e-07
20230522_000000,35,NUCO,7.387013917226071e-11,7.350441089126747e-11,3.657282809932383e-13,3.657282809932383e-13
20230522_000000,35,OCPR,1.4247843864723109e-05,1.4246168575482443e-05,1.6752892406657338e-09,1.6752892406657338e-09
20230522_000000,35,ORPI,3.3652790421001555e-07,3.3603583915464696e-07,4.920650553685846e-10,4.920650553685846e-10
20230522_000000,35,PAFA,2.131443807229516e-06,2.1315363483154215e-06,-9.254108590539545e-11,9.254108590539545e-11
20230522_000000,35,PECA,3.361569156368205e-08,3.3606252003437476e-08,9.439560244572931e-12,9.439560244572931e-12
20230522_000000,35,PHNU,3.2174082207347965e-06,3.2201512567553436e-06,-2.7430360205471516e-09,2.7430360205471516e-09
20230522_000000,35,PIMA,6.669851337903765e-09,6.65443522507303e-09,1.5416112830735074e-11,1.5416112830735074e-11
20230522_000000,35,POEC,0.000748156919144094,0.0007467723335139453,1.3845856301486492e-06,1.3845856301486492e-06
20230522_000000,35,PSFL,0.9806172847747803,0.9807590842247009,-0.0001417994499206543,0.0001417994499206543
20230522_000000,35,SHOT,1.2093667010049103e-06,1.2097779062969494e-06,-4.112052920390852e-10,4.112052920390852e-10
20230522_000000,35,SITT,0.00016820651944726706,0.00016740759019739926,7.989292498677969e-07,7.989292498677969e-07
20230522_000000,35,SPRU,4.146040453179012e-07,4.143363128150668e-07,2.6773250283440575e-10,2.6773250283440575e-10
20230522_000000,35,STOC,2.4102155826710714e-09,2.4148854027572497e-09,-4.6698200861783334e-12,4.6698200861783334e-12
20230522_000000,35,STOC_IRREG,1.0762736257774463e-09,1.0772569503103568e-09,-9.833245329105011e-13,9.833245329105011e-13
20230522_000000,35,STVA,1.2820582639960776e-07,1.2810325245027343e-07,1.0257394933432806e-10,1.0257394933432806e-10
20230522_000000,35,STVA_IRREG,1.641761809878517e-05,1.6401445463998243e-05,1.617263478692621e-08,1.617263478692621e-08
20230522_000000,35,TADO1,9.802069156350512e-10,9.771731201979605e-10,3.0337954370907028e-12,3.0337954370907028e-12
20230522_000000,35,TADO2,1.8070741134579293e-06,1.8092375739797717e-06,-2.163460521842353e-09,2.163460521842353e-09
20230522_000000,35,TAMI,3.4743863341901715e-09,3.473629606176587e-09,7.567280135845067e-13,7.567280135845067e-13
20230522_000000,35,TUMI,0.0004287879855837673,0.0004282061418052763,5.818437784910202e-07,5.818437784910202e-07
20230522_000000,35,WHIS,3.969054418462292e-09,3.974613971280405e-09,-5.559552818112934e-12,5.559552818112934e-12
20230522_000000,35,YARD,4.699251121564885e-08,4.695280608757457e-08,3.97051280742744e-11,3.97051280742744e-11
20230522_000000,35,ZEMA,1.2834975677833427e-06,1.2815364698326448e-06,1.9610979506978765e-09,1.9610979506978765e-09
20230522_000000,36,AEAC,0.0004601403488777578,0.000463817676063627,-3.677327185869217e-06,3.677327185869217e-06
20230522_000000,36,BRCA,1.0212486358796014e-06,1.038208893078263e-06,-1.6960257198661566e-08,1.6960257198661566e-08
20230522_000000,36,BRMA,4.495593567549472e-12,4.578677714750512e-12,-8.308414720104018e-14,8.308414720104018e-14
20230522_000000,36,BUVI,0.40774309635162354,0.40490972995758057,0.0028333663940429688,0.0028333663940429688
20230522_000000,36,CAGU,2.4261153157567605e-05,2.4431978090433404e-05,-1.7082493286579847e-07,1.7082493286579847e-07
20230522_000000,36,CALU,0.000390941568184644,0.00039324897807091475,-2.3074098862707615e-06,2.3074098862707615e-06
20230522_000000,36,CAUS,5.635641642243172e-08,5.726531071559293e-08,-9.08894293161211e-10,9.08894293161211e-10
20230522_000000,36,CCOO,5.329155339239833e-09,5.377626788316547e-09,-4.8471449076714634e-11,4.8471449076714634e-11
20230522_000000,36,CHFA,2.384247110853721e-08,2.4136177501077327e-08,-2.937063925401162e-10,2.937063925401162e-10
20230522_000000,36,CHMI,0.00011423260002629831,0.00011455860658315942,-3.260065568611026e-07,3.260065568611026e-07
20230522_000000,36,CHMI_IRREG,9.599774784874171e-05,9.631524153519422e-05,-3.1749368645250797e-07,3.1749368645250797e-07
20230522_000000,36,COAU,2.934481457828042e-08,2.9668534295979043e-08,-3.2371971769862284e-10,3.2371971769862284e-10
20230522_000000,36,COAU2,5.884425604563148e-07,5.953942832093162e-07,-6.951722753001377e-09,6.951722753001377e-09
20230522_000000,36,COCO,0.0005108427722007036,0.0005144143360666931,-3.5715638659894466e-06,3.5715638659894466e-06
20230522_000000,36,CYST,3.4322520150453784e-06,3.4600464005052345e-06,-2.779438545985613e-08,2.779438545985613e-08
20230522_000000,36,DEFU,0.0034843413159251213,0.003500807797536254,-1.6466481611132622e-05,1.6466481611132622e-05
20230522_000000,36,DOG,0.0002131667424691841,0.0002152140368707478,-2.047294401563704e-06,2.047294401563704e-06
20230522_000000,36,DRPU,4.8064227294378203e-14,4.798097412005847e-14,8.325317431973067e-17,8.325317431973067e-17
20230522_000000,36,DRUM,0.00019068077381234616,0.0001926116383401677,-1.930864527821541e-06,1.930864527821541e-06
20230522_000000,36,FLY,0.0011939640389755368,0.0011990679195150733,-5.103880539536476e-06,5.103880539536476e-06
20230522_000000,36,FROG,0.0008913743076846004,0.0008966003661043942,-5.226058419793844e-06,5.226058419793844e-06
20230522_000000,36,GLGN,7.16807262506336e-05,7.241572893690318e-05,-7.350026862695813e-07,7.350026862695813e-07
20230522_000000,36,HOSA,0.00318653485737741,0.0032244184985756874,-3.7883641198277473e-05,3.7883641198277473e-05
20230522_000000,36,HYPI,1.4715453744429396e-07,1.4776617263123626e-07,-6.116351869422942e-10,6.116351869422942e-10
20230522_000000,36,INSP,0.0035761017352342606,0.003593546338379383,-1.7444603145122528e-05,1.7444603145122528e-05
20230522_000000,36,IXNA,7.864989129302558e-06,7.9802794061834e-06,-1.152902768808417e-07,1.152902768808417e-07
20230522_000000,36,MEKE,0.005003627389669418,0.005009111482650042,-5.484092980623245e-06,5.484092980623245e-06
20230522_000000,36,MYTO,3.2861931491962038e-12,3.33897558039975e-12,-5.278243120354631e-14,5.278243120354631e-14
20230522_000000,36,NUCO,2.531454355218874e-14,2.592875932949483e-14,-6.142157773060888e-16,6.142157773060888e-16
20230522_000000,36,OCPR,1.1049809245378128e-06,1.116754106078588e-06,-1.1773181540775113e-08,1.1773181540775113e-08
20230522_000000,36,ORPI,5.780097581009613e-06,5.842084192408947e-06,-6.198661139933392e-08,6.198661139933392e-08
20230522_000000,36,PAFA,3.881915836245753e-05,3.9226069930009544e-05,-4.069115675520152e-07,4.069115675520152e-07
20230522_000000,36,PECA,4.31191750749349e-07,4.3704037011593755e-07,-5.848619366588537e-09,5.848619366588537e-09
20230522_000000,36,PHNU,8.838280336931348e-05,8.891720790416002e-05,-5.344045348465443e-07,5.344045348465443e-07
20230522_000000,36,PIMA,4.2820923890074525e-11,4.371858083884739e-11,-8.976569487728625e-13,8.976569487728625e-13
20230522_000000,36,POEC,2.28538198143724e-07,2.3000426097041782e-07,-1.4660628266938147e-09,1.4660628266938147e-09
20230522_000000,36,PSFL,0.5666801929473877,0.5693356990814209,-0.002655506134033203,0.002655506134033203
20230522_000000,36,SHOT,4.049416384077631e-05,4.095435360795818e-05,-4.601897671818733e-07,4.601897671818733e-07
20230522_000000,36,SITT,1.1065986882385914e-06,1.1144093150505796e-06,-7.810626811988186e-09,7.810626811988186e-09
20230522_000000,36,SPRU,1.0241413974654279e-06,1.035183572639653e-06,-1.1042175174225122e-08,1.1042175174225122e-08
20230522_000000,36,STOC,0.00020063966803718358,0.00020171940559521317,-1.079737558029592e-06,1.079737558029592e-06
20230522_000000,36,STOC_IRREG,5.871748271601973e-06,5.9448116189741995e-06,-7.306334737222642e-08,7.306334737222642e-08
20230522_000000,36,STVA,0.0015420658746734262,0.0015559664461761713,-1.3900571502745152e-05,1.3900571502745152e-05
20230522_000000,36,STVA_IRREG,0.004160184413194656,0.004217958077788353,-5.7773664593696594e-05,5.7773664593696594e-05
20230522_000000,36,TADO1,9.133265699290405e-09,9.244152110454706e-09,-1.1088641116430153e-10,1.1088641116430153e-10
20230522_000000,36,TADO2,5.590273417510616e-07,5.618199452328554e-07,-2.792603481793776e-09,2.792603481793776e-09
20230522_000000,36,TAMI,2.314760294552798e-08,2.3526215642277748e-08,-3.786126967497694e-10,3.786126967497694e-10
20230522_000000,36,TUMI,3.142682180623524e-05,3.172134529449977e-05,-2.945234882645309e-07,2.945234882645309e-07
20230522_000000,36,WHIS,6.3020979723660275e-06,6.373535143211484e-06,-7.143717084545642e-08,7.143717084545642e-08
20230522_000000,36,YARD,2.114767994498834e-05,2.1411970010376535e-05,-2.642900653881952e-07,2.642900653881952e-07
20230522_000000,36,ZEMA,1.0044212103821337e-05,1.0089711395266932e-05,-4.549929144559428e-08,4.549929144559428e-08
20230522_000000,37,AEAC,1.392804271915793e-08,1.3840034895906683e-08,8.800782325124601e-11,8.800782325124601e-11
20230522_000000,37,BRCA,7.354496379301592e-14,7.428562295462224e-14,-7.406591616063163e-16,7.406591616063163e-16
20230522_000000,37,BRMA,3.4668770672265344e-17,3.413347562810268e-17,5.352950441626659e-19,5.352950441626659e-19
20230522_000000,37,BUVI,0.002403702586889267,0.0023738048039376736,2.98977829515934e-05,2.98977829515934e-05
20230522_000000,37,CAGU,6.710608602134016e-08,6.569334232153778e-08,1.4127436998023768e-09,1.4127436998023768e-09
20230522_000000,37,CALU,9.626728569855914e-07,9.673971135271131e-07,-4.724256541521754e-09,4.724256541521754e-09
20230522_000000,37,CAUS,2.996896567714069e-12,2.967589281949179e-12,2.930728576489017e-14,2.930728576489017e-14
20230522_000000,37,CCOO,3.1642033828174765e-14,3.124725548838206e-14,3.9477833979270627e-16,3.9477833979270627e-16
20230522_000000,37,CHFA,9.199759010147801e-14,9.205036364222374e-14,-5.277354074573193e-17,5.277354074573193e-17
20230522_000000,37,CHMI,2.043503499749022e-08,2.0297120428836024e-08,1.3791456865419605e-10,1.3791456865419605e-10
20230522_000000,37,CHMI_IRREG,4.513391616001172e-08,4.492544292133971e-08,2.084732386720134e-10,2.084732386720134e-10
20230522_000000,37,COAU,6.486149372588942e-14,6.485996229032079e-14,1.531435568635775e-18,1.531435568635775e-18
20230522_000000,37,COAU2,2.95984699423546e-12,2.9724610359910253e-12,-1.2614041755565353e-14,1.2614041755565353e-14
20230522_000000,37,COCO,1.2692492390442567e-08,1.2677918270753707e-08,1.4574119688859355e-11,1.4574119688859355e-11
20230522_000000,37,CYST,1.0531429894822253e-10,1.0507746756038827e-10,2.368313878342576e-13,2.368313878342576e-13
20230522_000000,37,DEFU,2.891721351261367e-06,2.8738490982505027e-06,1.787225301086437e-08,1.787225301086437e-08
20230522_000000,37,DOG,1.5685097665141257e-08,1.5735279745854314e-08,-5.0182080713057076e-11,5.0182080713057076e-11
20230522_000000,37,DRPU,1.4655263925765694e-20,1.474266880529642e-20,-8.740487953072529e-23,8.740487953072529e-23
20230522_000000,37,DRUM,4.068069436868882e-09,4.087051141965503e-09,-1.8981705096621226e-11,1.8981705096621226e-11
20230522_000000,37,FLY,5.249618197922246e-07,5.253912149782991e-07,-4.2939518607454374e-10,4.2939518607454374e-10
20230522_000000,37,FROG,6.471106672734095e-08,6.427850252066492e-08,4.325642066760338e-10,4.325642066760338e-10
20230522_000000,37,GLGN,3.251557703642938e-11,3.252572516876384e-11,-1.0148132334464322e-14,1.0148132334464322e-14
20230522_000000,37,HOSA,5.758114980380924e-07,5.791904982288543e-07,-3.3790001907618716e-09,3.3790001907618716e-09
20230522_000000,37,HYPI,2.0112516117614873e-14,1.9869239784833966e-14,2.432763327809076e-16,2.432763327809076e-16
20230522_000000,37,INSP,2.262221869386849e-06,2.2493727556138765e-06,1.2849113772972487e-08,1.2849113772972487e-08
20230522_000000,37,IXNA,8.725739020221113e-10,8.714157173628223e-10,1.1581846592889633e-12,1.1581846592889633e-12
20230522_000000,37,MEKE,1.0796981086969026e-06,1.0675746580091072e-06,1.2123450687795412e-08,1.2123450687795412e-08
20230522_000000,37,MYTO,1.2795598662067661e-16,1.2599906257983336e-16,1.9569240408432516e-18,1.9569240408432516e-18
20230522_000000,37,NUCO,1.2101752326104704e-22,1.2116110856757175e-22,-1.4358530652470768e-25,1.4358530652470768e-25
20230522_000000,37,OCPR,1.4894042596469426e-11,1.4781564861010565e-11,1.124777354588602e-13,1.124777354588602e-13
20230522_000000,37,ORPI,4.2836161701087505e-11,4.2788033532970005e-11,4.8128168117500536e-14,4.8128168117500536e-14
20230522_000000,37,PAFA,2.6866406876990823e-09,2.7195372620525404e-09,-3.2896574353458163e-11,3.2896574353458163e-11
20230522_000000,37,PECA,4.974149347622414e-13,4.975512189753228e-13,-1.362842130814279e-16,1.362842130814279e-16
20230522_000000,37,PHNU,1.3295225365084207e-08,1.3287003497453043e-08,8.22186763116406e-12,8.22186763116406e-12
20230522_000000,37,PIMA,5.2129401967847085e-18,5.274606511450537e-18,-6.166631466582821e-20,6.166631466582821e-20
20230522_000000,37,POEC,2.2761396933912437e-11,2.2505603283762277e-11,2.557936501501601e-13,2.557936501501601e-13
20230522_000000,37,PSFL,0.9975841045379639,0.9976139068603516,-2.9802322387695312e-05,2.9802322387695312e-05
20230522_000000,37,SHOT,1.7264487062185196e-10,1.7334988999806455e-10,-7.0501937621259e-13,7.0501937621259e-13
20230522_000000,37,SITT,4.0769707609911165e-09,4.038164469477579e-09,3.880629151353787e-11,3.880629151353787e-11
20230522_000000,37,SPRU,4.354217073704314e-12,4.37448428175502e-12,-2.026720805070603e-14,2.026720805070603e-14
20230522_000000,37,STOC,7.17958248408479e-10,7.141118807396651e-10,3.846367668813855e-12,3.846367668813855e-12
20230522_000000,37,STOC_IRREG,5.5749103250457566e-12,5.609668545653035e-12,-3.475822060727829e-14,3.475822060727829e-14
20230522_000000,37,STVA,2.797642082441598e-07,2.7866988716596097e-07,1.0943210781988455e-09,1.0943210781988455e-09
20230522_000000,37,STVA_IRREG,3.2742004805186298e-06,3.304740403109463e-06,-3.053992259083316e-08,3.053992259083316e-08
20230522_000000,37,TADO1,1.217035996856292e-15,1.2286129255420085e-15,-1.1576928685716557e-17,1.1576928685716557e-17
20230522_000000,37,TADO2,8.26863751079987e-12,8.19766910603592e-12,7.096840476394917e-14,7.096840476394917e-14
20230522_000000,37,TAMI,2.3142480024885594e-14,2.3389728942189124e-14,-2.4724891730353027e-16,2.4724891730353027e-16
20230522_000000,37,TUMI,1.327092835623489e-08,1.318254660986895e-08,8.838174636593976e-11,8.838174636593976e-11
20230522_000000,37,WHIS,5.6201675258105155e-12,5.620099004233214e-12,6.852157730108388e-17,6.852157730108388e-17
20230522_000000,37,YARD,1.6589127641020163e-11,1.6674448280462606e-11,-8.532063944244328e-14,8.532063944244328e-14
20230522_000000,37,ZEMA,5.6448312690804414e-09,5.634909427953971e-09,9.921841126470099e-12,9.921841126470099e-12
20230522_000000,38,AEAC,2.3883592348283855e-07,2.390361828474852e-07,-2.0025936464662664e-10,2.0025936464662664e-10
20230522_000000,38,BRCA,3.2325422893997313e-10,3.247654645210929e-10,-1.511235581119763e-12,1.511235581119763e-12
20230522_000000,38,BRMA,1.256456005904738e-08,1.2646894198553582e-08,-8.233413950620161e-11,8.233413950620161e-11
20230522_000000,38,BUVI,0.000288884446490556,0.00029081269167363644,-1.928245183080435e-06,1.928245183080435e-06
20230522_000000,38,CAGU,0.028420599177479744,0.0283023864030838,0.00011821277439594269,0.00011821277439594269
20230522_000000,38,CALU,4.085453838342801e-05,4.093768075108528e-05,-8.314236765727401e-08,8.314236765727401e-08
20230522_000000,38,CAUS,4.539076599030523e-06,4.545470346783986e-06,-6.3937477534636855e-09,6.3937477534636855e-09
20230522_000000,38,CCOO,4.073904165124986e-06,4.070532668265514e-06,3.371496859472245e-09,3.371496859472245e-09
20230522_000000,38,CHFA,2.023551672891699e-07,2.032950021657598e-07,-9.398348765898845e-10,9.398348765898845e-10
20230522_000000,38,CHMI,8.217032154789194e-05,8.263820200227201e-05,-4.678804543800652e-07,4.678804543800652e-07
20230522_000000,38,CHMI_IRREG,4.193610038782936e-06,4.2273632061551325e-06,-3.375316737219691e-08,3.375316737219691e-08
20230522_000000,38,COAU,1.7059809565012074e-08,1.7069130109348407e-08,-9.320544336333114e-12,9.320544336333114e-12
20230522_000000,38,COAU2,8.634050573164131e-06,8.648758921481203e-06,-1.4708348317071795e-08,1.4708348317071795e-08
20230522_000000,38,COCO,4.86329508930794e-06,4.868895757681457e-06,-5.600668373517692e-09,5.600668373517692e-09
20230522_000000,38,CYST,1.8847829323931364e-06,1.8829914552043192e-06,1.7914771888172254e-09,1.7914771888172254e-09
20230522_000000,38,DEFU,0.0005060688708908856,0.0005069808103144169,-9.119394235312939e-07,9.119394235312939e-07
20230522_000000,38,DOG,3.769270904285804e-07,3.7893818216616637e-07,-2.011091737585957e-09,2.011091737585957e-09
20230522_000000,38,DRPU,1.2899136104952205e-14,1.3063300407492508e-14,-1.641643025403032e-16,1.641643025403032e-16
20230522_000000,38,DRUM,2.2211961550056003e-06,2.221045178885106e-06,1.509761204943061e-10,1.509761204943061e-10
20230522_000000,38,FLY,5.013346890336834e-05,5.038466406404041e-05,-2.511951606720686e-07,2.511951606720686e-07
20230522_000000,38,FROG,2.0889185634587193e-06,2.081107595586218e-06,7.810967872501351e-09,7.810967872501351e-09
20230522_000000,38,GLGN,4.5479637833523157e-08,4.543753107100201e-08,4.210676252114354e-11,4.210676252114354e-11
20230522_000000,38,HOSA,9.675956243881956e-05,9.695148764876649e-05,-1.919252099469304e-07,1.919252099469304e-07
20230522_000000,38,HYPI,3.385680846790251e-09,3.396497971763779e-09,-1.0817124973527825e-11,1.0817124973527825e-11
20230522_000000,38,INSP,1.923963282024488e-06,1.9300919120723847e-06,-6.128630047896877e-09,6.128630047896877e-09
20230522_000000,38,IXNA,3.8610789488302544e-05,3.853052112390287e-05,8.026836439967155e-08,8.026836439967155e-08
20230522_000000,38,MEKE,1.4972526969359023e-06,1.49795937431918e-06,-7.066773832775652e-10,7.066773832775652e-10
20230522_000000,38,MYTO,2.587853668956086e-05,2.5958517653634772e-05,-7.998096407391131e-08,7.998096407391131e-08
20230522_000000,38,NUCO,1.8562944150563032e-12,1.85694038271067e-12,-6.459676543668635e-16,6.459676543668635e-16
20230522_000000,38,OCPR,6.463556201197207e-05,6.466150807682425e-05,-2.5946064852178097e-08,2.5946064852178097e-08
20230522_000000,38,ORPI,5.058770398136403e-07,5.068683890385728e-07,-9.913492249324918e-10,9.913492249324918e-10
20230522_000000,38,PAFA,1.5629810832251678e-06,1.5703750477769063e-06,-7.393964551738463e-09,7.393964551738463e-09
20230522_000000,38,PECA,1.7985263411901542e-07,1.802920621685189e-07,-4.3942804950347636e-10,4.3942804950347636e-10
20230522_000000,38,PHNU,3.868068233714439e-06,3.887612820108188e-06,-1.954458639374934e-08,1.954458639374934e-08
20230522_000000,38,PIMA,1.0126455229908515e-08,1.0216325563305872e-08,-8.987033339735717e-11,8.987033339735717e-11
20230522_000000,38,POEC,0.00048385869013145566,0.0004829886311199516,8.700590115040541e-07,8.700590115040541e-07
20230522_000000,38,PSFL,0.9687092900276184,0.9688264727592468,-0.00011718273162841797,0.00011718273162841797
20230522_000000,38,SHOT,3.4940336490763e-07,3.509270811719034e-07,-1.5237162642733892e-09,1.5237162642733892e-09
20230522_000000,38,SITT,0.0006198443006724119,0.0006189012201502919,9.430805221199989e-07,9.430805221199989e-07
20230522_000000,38,SPRU,7.994128736754647e-08,8.02126010057691e-08,-2.7131363822263665e-10,2.7131363822263665e-10
20230522_000000,38,STOC,1.0984235743194404e-09,1.107109071085688e-09,-8.685496766247525e-12,8.685496766247525e-12
20230522_000000,38,STOC_IRREG,3.313406216065573e-10,3.3367408835971446e-10,-2.333466753157154e-12,2.333466753157154e-12
20230522_000000,38,STVA,1.1783208009319424e-07,1.1843716407611282e-07,-6.050839829185861e-10,6.050839829185861e-10
20230522_000000,38,STVA_IRREG,1.0235407899017446e-05,1.0261913303111214e-05,-2.6505404093768448e-08,2.6505404093768448e-08
20230522_000000,38,TADO1,1.0796793459277865e-09,1.0886090917594515e-09,-8.929745831665059e-12,8.929745831665059e-12
20230522_000000,38,TADO2,3.185564878549485e-07,3.19184977115583e-07,-6.284892606345238e-10,6.284892606345238e-10
20230522_000000,38,TAMI,2.5709536721763016e-09,2.5835349415359588e-09,-1.2581269359657199e-11,1.2581269359657199e-11
20230522_000000,38,TUMI,0.0005159196443855762,0.000514830055180937,1.0895892046391964e-06,1.0895892046391964e-06
20230522_000000,38,WHIS,2.340915905563179e-09,2.362389173171664e-09,-2.1473267608485003e-11,2.1473267608485003e-11
20230522_000000,38,YARD,9.006178913750773e-08,9.061962913392563e-08,-5.578399964178971e-10,5.578399964178971e-10
20230522_000000,38,ZEMA,2.4264368221338373e-06,2.443049879730097e-06,-1.661305759625975e-08,1.661305759625975e-08
20230522_000000,39,AEAC,5.503749012092385e-09,5.492603705192778e-09,1.1145306899607021e-11,1.1145306899607021e-11
20230522_000000,39,BRCA,1.135839686194906e-11,1.1304198029027379e-11,5.419883292168137e-14,5.419883292168137e-14
20230522_000000,39,BRMA,2.2893327511486206e-10,2.2670988697459649e-10,2.2233881402655697e-12,2.2233881402655697e-12
20230522_000000,39,BUVI,1.0296504115103744e-05,1.0316501175111625e-05,-1.9997060007881373e-08,1.9997060007881373e-08
20230522_000000,39,CAGU,7.834500866010785e-05,7.832121627870947e-05,2.3792381398379803e-08,2.3792381398379803e-08
20230522_000000,39,CALU,7.240982426992559e-07,7.248924589475791e-07,-7.942162483232096e-10,7.942162483232096e-10
20230522_000000,39,CAUS,4.7912376288650194e-08,4.76659245407518e-08,2.4645174789839075e-10,2.4645174789839075e-10
20230522_000000,39,CCOO,3.670179182790889e-08,3.617852684101308e-08,5.232649868958106e-10,5.232649868958106e-10
20230522_000000,39,CHFA,2.191529624440136e-09,2.172962698665515e-09,1.8566925774621268e-11,1.8566925774621268e-11
20230522_000000,39,CHMI,5.062645414000144e-06,5.014495854993584e-06,4.8149559006560594e-08,4.8149559006560594e-08
20230522_000000,39,CHMI_IRREG,3.402471691060782e-07,3.373117749561061e-07,2.935394149972126e-09,2.935394149972126e-09
20230522_000000,39,COAU,2.3030244378219322e-09,2.2875890071105687e-09,1.543543071136355e-11,1.543543071136355e-11
20230522_000000,39,COAU2,4.811965368389792e-07,4.778578954756085e-07,3.338641363370698e-09,3.338641363370698e-09
20230522_000000,39,COCO,1.9503937664921978e-07,1.9429798214787297e-07,7.413945013468037e-10,7.413945013468037e-10
20230522_000000,39,CYST,1.1042268965866242e-07,1.0988341614392994e-07,5.392735147324856e-10,5.392735147324856e-10
20230522_000000,39,DEFU,5.7952693168772385e-06,5.7773490880208556e-06,1.792022885638289e-08,1.792022885638289e-08
20230522_000000,39,DOG,5.0055966482887015e-08,4.9774563137816585e-08,2.814033450704301e-10,2.814033450704301e-10
20230522_000000,39,DRPU,6.527767934111633e-16,6.4288228391693055e-16,9.894509494232703e-18,9.894509494232703e-18
20230522_000000,39,DRUM,5.960949067684851e-08,5.936477975865273e-08,2.447109181957785e-10,2.447109181957785e-10
20230522_000000,39,FLY,7.711588523307e-07,7.693352586102264e-07,1.823593720473582e-09,1.823593720473582e-09
20230522_000000,39,FROG,1.185166524919623e-07,1.181125384164261e-07,4.041140755361994e-10,4.041140755361994e-10
20230522_000000,39,GLGN,8.910981952325869e-10,8.891953284795306e-10,1.902866753056287e-12,1.902866753056287e-12
20230522_000000,39,HOSA,4.357677426014561e-06,4.3513796299521346e-06,6.2977960624266416e-09,6.2977960624266416e-09
20230522_000000,39,HYPI,2.0673237427493163e-11,2.058094840384772e-11,9.228902364544211e-14,9.228902364544211e-14
20230522_000000,39,INSP,1.536485783049102e-08,1.5285911203477553e-08,7.894662701346533e-11,7.894662701346533e-11
20230522_000000,39,IXNA,2.9965829639877484e-07,2.9871173978790466e-07,9.46556610870175e-10,9.46556610870175e-10
20230522_000000,39,MEKE,8.032857934381354e-09,7.996098005946806e-09,3.675992843454878e-11,3.675992843454878e-11
20230522_000000,39,MYTO,4.605772474519654e-08,4.555876742529108e-08,4.989573199054576e-10,4.989573199054576e-10
20230522_000000,39,NUCO,1.6864322641813555e-14,1.672093859856824e-14,1.4338404324531345e-16,1.4338404324531345e-16
20230522_000000,39,OCPR,4.287032027150417e-07,4.273204581295431e-07,1.3827445854985854e-09,1.3827445854985854e-09
20230522_000000,39,ORPI,1.0743474554431032e-08,1.0710540010450131e-08,3.2934543980900344e-11,3.2934543980900344e-11
20230522_000000,39,PAFA,4.871415626439557e-08,4.8471068936351e-08,2.430873280445667e-10,2.430873280445667e-10
20230522_000000,39,PECA,1.0960361507272864e-09,1.0956665574823887e-09,3.695932448977146e-13,3.695932448977146e-13
20230522_000000,39,PHNU,4.893796585747623e-07,4.898370207229163e-07,-4.573621481540613e-10,4.573621481540613e-10
20230522_000000,39,PIMA,3.958080252441931e-10,3.910476942259322e-10,4.760331018260899e-12,4.760331018260899e-12
20230522_000000,39,POEC,1.2394389159453567e-06,1.2306894632274634e-06,8.749452717893291e-09,8.749452717893291e-09
20230522_000000,39,PSFL,0.9998372793197632,0.9998377561569214,-4.76837158203125e-07,4.76837158203125e-07
20230522_000000,39,SHOT,9.88940751511791e-09,9.826031543980207e-09,6.337597113770244e-11,6.337597113770244e-11
20230522_000000,39,SITT,1.5555834806946223e-06,1.5510144066865905e-06,4.569074008031748e-09,4.569074008031748e-09
20230522_000000,39,SPRU,4.368863937287415e-09,4.337249226438189e-09,3.161471084922596e-11,3.161471084922596e-11
20230522_000000,39,STOC,6.919174868474931e-12,6.915114314498538e-12,4.060553976392711e-15,4.060553976392711e-15
20230522_000000,39,STOC_IRREG,2.145890236338044e-12,2.1414345990899974e-12,4.455637248046429e-15,4.455637248046429e-15
20230522_000000,39,STVA,1.75844638850009e-09,1.745768196670383e-09,1.2678191829706975e-11,1.2678191829706975e-11
20230522_000000,39,STVA_IRREG,2.125876790159964e-07,2.1181129739034077e-07,7.763816256556311e-10,7.763816256556311e-10
20230522_000000,39,TADO1,2.1256280156173313e-12,2.1150212657639056e-12,1.060674985342569e-14,1.060674985342569e-14
20230522_000000,39,TADO2,7.638795374020901e-09,7.603983220860755e-09,3.481215316014641e-11,3.481215316014641e-11
20230522_000000,39,TAMI,7.817162195333793e-11,7.802389290212375e-11,1.477290512141849e-13,1.477290512141849e-13
20230522_000000,39,TUMI,5.139441418577917e-05,5.1033210183959454e-05,3.612040018197149e-07,3.612040018197149e-07
20230522_000000,39,WHIS,2.1128628360789214e-12,2.1157554874751128e-12,-2.892651396191326e-15,2.892651396191326e-15
20230522_000000,39,YARD,1.6676532377246645e-10,1.6636826638549707e-10,3.970573869693794e-13,3.970573869693794e-13
20230522_000000,39,ZEMA,3.2987117037919234e-08,3.278953641938642e-08,1.9758061853281106e-10,1.9758061853281106e-10
20230522_000000,4,AEAC,4.5375301738204143e-07,4.4594369796868705e-07,7.809319413354388e-09,7.809319413354388e-09
20230522_000000,4,BRCA,1.6154590685990566e-13,1.6474380182523313e-13,-3.1978949653274635e-15,3.1978949653274635e-15
20230522_000000,4,BRMA,2.957812013345744e-19,3.047370599772919e-19,-8.955858642717488e-21,8.955858642717488e-21
20230522_000000,4,BUVI,0.013829195871949196,0.01350412517786026,0.00032507069408893585,0.00032507069408893585
20230522_000000,4,CAGU,1.092355983445259e-08,1.089385115449204e-08,2.970867996054949e-11,2.970867996054949e-11
20230522_000000,4,CALU,0.004814180079847574,0.004773961845785379,4.0218234062194824e-05,4.0218234062194824e-05
20230522_000000,4,CAUS,3.458232235731967e-14,3.508092999578681e-14,-4.986076384671384e-16,4.986076384671384e-16
20230522_000000,4,CCOO,4.902653697883084e-16,5.019904233606761e-16,-1.1725053572367652e-17,1.1725053572367652e-17
20230522_000000,4,CHFA,3.8477276310326484e-15,3.931132000733464e-15,-8.340436970081556e-17,8.340436970081556e-17
20230522_000000,4,CHMI,3.2790592463527446e-09,3.288041172666567e-09,-8.981926313822441e-12,8.981926313822441e-12
20230522_000000,4,CHMI_IRREG,5.783737044851023e-09,5.8394618029922185e-09,-5.572475814119571e-11,5.572475814119571e-11
20230522_000000,4,COAU,7.904356287341194e-14,8.06104179717701e-14,-1.5668550983581608e-15,1.5668550983581608e-15
20230522_000000,4,COAU2,6.585321480831463e-13,6.720908551915983e-13,-1.3558707108451973e-14,1.3558707108451973e-14
20230522_000000,4,COCO,2.1445021047838964e-07,2.1385309878496628e-07,5.971116934233578e-10,5.971116934233578e-10
20230522_000000,4,CYST,3.395206685241625e-11,3.438173010184009e-11,-4.296632494238395e-13,4.296632494238395e-13
20230522_000000,4,DEFU,9.739318329593516e-07,9.661924877946149e-07,7.739345164736733e-09,7.739345164736733e-09
20230522_000000,4,DOG,7.808160340516679e-09,7.907665633410943e-09,-9.950529289426413e-11,9.950529289426413e-11
20230522_000000,4,DRPU,1.2294521153694897e-21,1.2657702112168085e-21,-3.6318095847318766e-23,3.6318095847318766e-23
20230522_000000,4,DRUM,2.3892481326726056e-09,2.413583777283179e-09,-2.433564461057358e-11,2.433564461057358e-11
20230522_000000,4,FLY,5.655336394738697e-07,5.648116143674997e-07,7.220251063699834e-10,7.220251063699834e-10
20230522_000000,4,FROG,1.2223084411289165e-07,1.2103333801860572e-07,1.1975060942859272e-09,1.1975060942859272e-09
20230522_000000,4,GLGN,5.612053877168677e-11,5.605176739420514e-11,6.877137748162454e-14,6.877137748162454e-14
20230522_000000,4,HOSA,1.0853685807887814e-06,1.092734692065278e-06,-7.3661112764966674e-09,7.3661112764966674e-09
20230522_000000,4,HYPI,2.1575042167859722e-14,2.1740323706857453e-14,-1.6528153899773163e-16,1.6528153899773163e-16
20230522_000000,4,INSP,3.470204319455661e-07,3.415831599795638e-07,5.4372719660022995e-09,5.4372719660022995e-09
20230522_000000,4,IXNA,1.0520714854855839e-10,1.0607156819553154e-10,-8.644196469731469e-13,8.644196469731469e-13
20230522_000000,4,MEKE,2.69095903604466e-06,2.6377697395219e-06,5.318929652275983e-08,5.318929652275983e-08
20230522_000000,4,MYTO,4.552682667290927e-19,4.739941882312213e-19,-1.872592150212858e-20,1.872592150212858e-20
20230522_000000,4,NUCO,2.4552496953337456e-25,2.598772336720295e-25,-1.435226413865492e-26,1.435226413865492e-26
20230522_000000,4,OCPR,2.3800022282832733e-12,2.4139253963773033e-12,-3.3923168094029954e-14,3.3923168094029954e-14
20230522_000000,4,ORPI,2.2401689878104314e-11,2.264851674260715e-11,-2.4682686450283597e-13,2.4682686450283597e-13
20230522_000000,4,PAFA,4.015532628631746e-10,4.080908944104067e-10,-6.537631547232081e-12,6.537631547232081e-12
20230522_000000,4,PECA,1.4268672506555224e-13,1.4459000132176908e-13,-1.903276256216835e-15,1.903276256216835e-15
20230522_000000,4,PHNU,4.273652010056139e-08,4.298579270312075e-08,-2.4927260255935835e-10,2.4927260255935835e-10
20230522_000000,4,PIMA,3.476627836098158e-20,3.6198205549493295e-20,-1.4319271885117178e-21,1.4319271885117178e-21
20230522_000000,4,POEC,1.7564316320828333e-11,1.7948363281727886e-11,-3.8404696089955337e-13,3.8404696089955337e-13
20230522_000000,4,PSFL,0.9813489317893982,0.9817142486572266,-0.00036531686782836914,0.00036531686782836914
20230522_000000,4,SHOT,8.175479043748268e-11,8.342359442137237e-11,-1.6688039838896884e-12,1.6688039838896884e-12
20230522_000000,4,SITT,4.766543826306702e-10,4.800339015176291e-10,-3.3795188869589765e-12,3.3795188869589765e-12
20230522_000000,4,SPRU,1.088404431685841e-12,1.1082490177297122e-12,-1.9844586043871182e-14,1.9844586043871182e-14
20230522_000000,4,STOC,3.627542363715541e-11,3.5686890942354665e-11,5.885326948007474e-13,5.885326948007474e-13
20230522_000000,4,STOC_IRREG,5.171572371731603e-12,5.165234993192991e-12,6.3373785386122705e-15,6.3373785386122705e-15
20230522_000000,4,STVA,7.184853956232473e-08,7.09206773308324e-08,9.278622314923268e-10,9.278622314923268e-10
20230522_000000,4,STVA_IRREG,1.1020885040124995e-06,1.1053159596485784e-06,-3.2274556360789575e-09,3.2274556360789575e-09
20230522_000000,4,TADO1,1.3528394658005938e-16,1.3841689645882643e-16,-3.1329498787670425e-18,3.1329498787670425e-18
20230522_000000,4,TADO2,5.216012517739177e-12,5.2521828032559e-12,-3.617028551672341e-14,3.617028551672341e-14
20230522_000000,4,TAMI,3.963930556407161e-14,4.0489418323122126e-14,-8.50112759050517e-16,8.50112759050517e-16
20230522_000000,4,TUMI,1.5344097104019738e-09,1.5574770362292156e-09,-2.3067325827241802e-11,2.3067325827241802e-11
20230522_000000,4,WHIS,3.5526516624362348e-12,3.52462915624574e-12,2.8022506190494845e-14,2.8022506190494845e-14
20230522_000000,4,YARD,1.0911424541681924e-11,1.0974355972581673e-11,-6.293143089974862e-14,6.293143089974862e-14
20230522_000000,4,ZEMA,2.691703249180222e-10,2.7182278650172975e-10,-2.652461583707577e-12,2.652461583707577e-12
20230522_000000,40,AEAC,1.6317309814439795e-07,1.6290520932216168e-07,2.6788882223627297e-10,2.6788882223627297e-10
20230522_000000,40,BRCA,2.800778498013301e-10,2.795428055701876e-10,5.350442311424786e-13,5.350442311424786e-13
20230522_000000,40,BRMA,6.398734431201092e-09,6.394629270545238e-09,4.105160655853979e-12,4.105160655853979e-12
20230522_000000,40,BUVI,0.005681267939507961,0.005670090671628714,1.1177267879247665e-05,1.1177267879247665e-05
20230522_000000,40,CAGU,0.006504400167614222,0.006523851305246353,-1.9451137632131577e-05,1.9451137632131577e-05
20230522_000000,40,CALU,0.08085829764604568,0.08116409182548523,-0.0003057941794395447,0.0003057941794395447
20230522_000000,40,CAUS,1.1216686743864557e-06,1.1316191148580401e-06,-9.950440471584443e-09,9.950440471584443e-09
20230522_000000,40,CCOO,3.026306876563467e-05,3.0184122806531377e-05,7.894595910329372e-08,7.894595910329372e-08
20230522_000000,40,CHFA,8.654471628233296e-08,8.614147617436174e-08,4.0324010797121446e-10,4.0324010797121446e-10
20230522_000000,40,CHMI,0.0022735856473445892,0.0022707339376211166,2.8517097234725952e-06,2.8517097234725952e-06
20230522_000000,40,CHMI_IRREG,0.0002414551272522658,0.00024062435841187835,8.307688403874636e-07,8.307688403874636e-07
20230522_000000,40,COAU,2.835778900589503e-07,2.8452956257751794e-07,-9.516725185676478e-10,9.516725185676478e-10
20230522_000000,40,COAU2,5.47369199921377e-05,5.484205757966265e-05,-1.051375875249505e-07,1.051375875249505e-07
20230522_000000,40,COCO,0.00023749306274112314,0.0002376419142819941,-1.4885154087096453e-07,1.4885154087096453e-07
20230522_000000,40,CYST,4.383898613014026e-06,4.383531177154509e-06,3.67435859516263e-10,3.67435859516263e-10
20230522_000000,40,DEFU,0.0017834824975579977,0.001784448861144483,-9.66363586485386e-07,9.66363586485386e-07
20230522_000000,40,DOG,1.0614829989208374e-05,1.0586129064904526e-05,2.8700924303848296e-08,2.8700924303848296e-08
20230522_000000,40,DRPU,2.0061887914812893e-11,1.9816041169073983e-11,2.458467457389091e-13,2.458467457389091e-13
20230522_000000,40,DRUM,9.175949344353285e-06,9.169730219582561e-06,6.219124770723283e-09,6.219124770723283e-09
20230522_000000,40,FLY,0.0005759801715612411,0.0005753411678597331,6.390037015080452e-07,6.390037015080452e-07
20230522_000000,40,FROG,8.587716001784429e-05,8.592360973125324e-05,-4.644971340894699e-08,4.644971340894699e-08
20230522_000000,40,GLGN,3.936573023111123e-08,3.9452586975130544e-08,-8.685674401931465e-11,8.685674401931465e-11
20230522_000000,40,HOSA,0.0015667906263843179,0.001565324142575264,1.4664838090538979e-06,1.4664838090538979e-06
20230522_000000,40,HYPI,8.143687324491111e-08,8.21152923435875e-08,-6.784190986763861e-10,6.784190986763861e-10
20230522_000000,40,INSP,1.3312619557837024e-05,1.3313256204128265e-05,-6.366462912410498e-10,6.366462912410498e-10
20230522_000000,40,IXNA,2.2320526113617234e-05,2.225860589533113e-05,6.19202182861045e-08,6.19202182861045e-08
20230522_000000,40,MEKE,1.1043562153645325e-05,1.103520298784133e-05,8.359165803994983e-09,8.359165803994983e-09
20230522_000000,40,MYTO,0.00022784181055612862,0.00023007138224784285,-2.229571691714227e-06,2.229571691714227e-06
20230522_000000,40,NUCO,1.6484463100097102e-11,1.664786884736369e-11,-1.634057472665873e-13,1.634057472665873e-13
20230522_000000,40,OCPR,2.2414064005715773e-05,2.244563802378252e-05,-3.157401806674898e-08,3.157401806674898e-08
20230522_000000,40,ORPI,1.3118637980369385e-06,1.3162788263798575e-06,-4.4150283429189585e-09,4.4150283429189585e-09
20230522_000000,40,PAFA,1.3511447832570411e-05,1.3498775842890609e-05,1.2671989679802209e-08,1.2671989679802209e-08
20230522_000000,40,PECA,4.89541491788259e-07,4.904457568954967e-07,-9.042651072377339e-10,9.042651072377339e-10
20230522_000000,40,PHNU,2.894067165470915e-06,2.897469812523923e-06,-3.4026470530079678e-09,3.4026470530079678e-09
20230522_000000,40,PIMA,9.958146529598366e-10,9.998715189141194e-10,-4.0568659542827845e-12,4.0568659542827845e-12
20230522_000000,40,POEC,0.03942953422665596,0.03960156440734863,-0.00017203018069267273,0.00017203018069267273
20230522_000000,40,PSFL,0.8577625155448914,0.8572776317596436,0.00048488378524780273,0.00048488378524780273
20230522_000000,40,SHOT,0.0009462072630412877,0.0009433421073481441,2.865155693143606e-06,2.865155693143606e-06
20230522_000000,40,SITT,0.00047684175660833716,0.0004759807779919356,8.609786164015532e-07,8.609786164015532e-07
20230522_000000,40,SPRU,1.4232733747121529e-06,1.421657771061291e-06,1.6156036508618854e-09,1.6156036508618854e-09
20230522_000000,40,STOC,2.725763836863848e-09,2.7296425120226786e-09,-3.878675158830447e-12,3.878675158830447e-12
20230522_000000,40,STOC_IRREG,3.4923477443271622e-09,3.4896545653140265e-09,2.6931790131357047e-12,2.6931790131357047e-12
20230522_000000,40,STVA,4.269547275725927e-07,4.274212130894739e-07,-4.66485516881221e-10,4.66485516881221e-10
20230522_000000,40,STVA_IRREG,4.615702709998004e-05,4.607236769516021e-05,8.465940481983125e-08,8.465940481983125e-08
20230522_000000,40,TADO1,7.578826455301169e-09,7.573386362480505e-09,5.440092820663267e-12,5.440092820663267e-12
20230522_000000,40,TADO2,8.424485713476315e-06,8.47881892696023e-06,-5.433321348391473e-08,5.433321348391473e-08
20230522_000000,40,TAMI,1.0243888404204426e-08,1.0258230709325744e-08,-1.4342305121317622e-11,1.4342305121317622e-11
20230522_000000,40,TUMI,0.0010914173908531666,0.0010964344255626202,-5.017034709453583e-06,5.017034709453583e-06
20230522_000000,40,WHIS,9.379469423365094e-10,9.403965384180424e-10,-2.4495960815329454e-12,2.4495960815329454e-12
20230522_000000,40,YARD,4.4224367456990876e-07,4.437201539531088e-07,-1.4764793832000578e-09,1.4764793832000578e-09
20230522_000000,40,ZEMA,1.8663703258425812e-06,1.87003888640902e-06,-3.6685605664388277e-09,3.6685605664388277e-09
20230522_000000,41,AEAC,2.006985937441641e-07,2.00291580654266e-07,4.070130898981006e-10,4.070130898981006e-10
20230522_000000,41,BRCA,6.918971472147373e-12,6.938902577524608e-12,-1.9931105377235525e-14,1.9931105377235525e-14
20230522_000000,41,BRMA,4.583954375105101e-16,4.52921169451524e-16,5.474268058986136e-18,5.474268058986136e-18
20230522_000000,41,BUVI,0.012364058755338192,0.012421423569321632,-5.73648139834404e-05,5.73648139834404e-05
20230522_000000,41,CAGU,6.692629739291078e-08,6.643893613045293e-08,4.873612624578527e-10,4.873612624578527e-10
20230522_000000,41,CALU,4.994161281501874e-05,5.018670344725251e-05,-2.450906322337687e-07,2.450906322337687e-07
20230522_000000,41,CAUS,4.953082215208848e-12,4.914144178386204e-12,3.8938036822644406e-14,3.8938036822644406e-14
20230522_000000,41,CCOO,1.1139981488271153e-13,1.1087477642815827e-13,5.250384545532616e-16,5.250384545532616e-16
20230522_000000,41,CHFA,7.051060581762802e-13,7.051654182452238e-13,-5.936006894358137e-17,5.936006894358137e-17
20230522_000000,41,CHMI,4.2683584666747265e-08,4.2626158602843134e-08,5.74260639041313e-11,5.74260639041313e-11
20230522_000000,41,CHMI_IRREG,2.054133574347361e-07,2.0503352970990818e-07,3.7982772482791916e-10,3.7982772482791916e-10
20230522_000000,41,COAU,2.7129210336540588e-12,2.716266881558349e-12,-3.3458479042902667e-15,3.3458479042902667e-15
20230522_000000,41,COAU2,5.519813772725257e-11,5.522647963940308e-11,-2.8341912150509074e-14,2.8341912150509074e-14
20230522_000000,41,COCO,1.4988657426329155e-07,1.5037240075344016e-07,-4.858264901486109e-10,4.858264901486109e-10
20230522_000000,41,CYST,3.546786198072027e-10,3.5536468212526984e-10,-6.860623180671155e-13,6.860623180671155e-13
20230522_000000,41,DEFU,6.261575890675886e-06,6.281140940700425e-06,-1.9565050024539232e-08,1.9565050024539232e-08
20230522_000000,41,DOG,2.2181606595950143e-07,2.2300095281480026e-07,-1.1848868552988279e-09,1.1848868552988279e-09
20230522_000000,41,DRPU,2.6241496364196032e-18,2.6156902670901766e-18,8.459369329426676e-21,8.459369329426676e-21
20230522_000000,41,DRUM,2.572862278782395e-08,2.5883577947638514e-08,-1.5495515981456265e-10,1.5495515981456265e-10
20230522_000000,41,FLY,1.5432589179908973e-06,1.5529799384239595e-06,-9.721020433062222e-09,9.721020433062222e-09
20230522_000000,41,FROG,3.000052402057918e-07,3.00540534681204e-07,-5.352944754122291e-10,5.352944754122291e-10
20230522_000000,41,GLGN,4.6025150357564826e-10,4.601664882475376e-10,8.501532811067136e-14,8.501532811067136e-14
20230522_000000,41,HOSA,7.19311174179893e-06,7.207128419395303e-06,-1.4016677596373484e-08,1.4016677596373484e-08
20230522_000000,41,HYPI,7.371527433602809e-13,7.337190750800193e-13,3.4336682802615925e-15,3.4336682802615925e-15
20230522_000000,41,INSP,5.132709702593274e-06,5.169312771613477e-06,-3.6603069020202383e-08,3.6603069020202383e-08
20230522_000000,41,IXNA,3.413131777207923e-09,3.4145914984407e-09,-1.4597212327771558e-12,1.4597212327771558e-12
20230522_000000,41,MEKE,4.556884050543886e-06,4.5804999899701215e-06,-2.3615939426235855e-08,2.3615939426235855e-08
20230522_000000,41,MYTO,8.451307759525632e-16,8.345889744679506e-16,1.0541801484612598e-17,1.0541801484612598e-17
20230522_000000,41,NUCO,1.490660404735964e-20,1.4721284893992217e-20,1.8531915336742216e-22,1.8531915336742216e-22
20230522_000000,41,OCPR,1.8149901026554005e-10,1.801670063139582e-10,1.3320039515818394e-12,1.3320039515818394e-12
20230522_000000,41,ORPI,4.3448175612859075e-10,4.3416792383510483e-10,3.138322934859161e-13,3.138322934859161e-13
20230522_000000,41,PAFA,3.759054578722498e-08,3.785800117839244e-08,-2.674553911674593e-10,2.674553911674593e-10
20230522_000000,41,PECA,1.5828713340049205e-11,1.5835603661695785e-11,-6.890321646579878e-15,6.890321646579878e-15
20230522_000000,41,PHNU,1.588454665579775e-07,1.5781016315941088e-07,1.0353033985666116e-09,1.0353033985666116e-09
20230522_000000,41,PIMA,1.9261501427294208e-16,1.9123608433948148e-16,1.3789299334605984e-18,1.3789299334605984e-18
20230522_000000,41,POEC,1.5992686341892437e-10,1.5965961885910929e-10,2.67244559815083e-13,2.67244559815083e-13
20230522_000000,41,PSFL,0.9875342845916748,0.9874761700630188,5.811452865600586e-05,5.811452865600586e-05
20230522_000000,41,SHOT,6.631051263639165e-09,6.676206698585929e-09,-4.515543494676422e-11,4.515543494676422e-11
20230522_000000,41,SITT,7.131550905370432e-09,7.120720013631399e-09,1.0830891739033177e-11,1.0830891739033177e-11
20230522_000000,41,SPRU,7.773087729034955e-11,7.78804867818117e-11,-1.4960949146214375e-13,1.4960949146214375e-13
20230522_000000,41,STOC,8.2439024495784e-09,8.318584043820465e-09,-7.468159424206533e-11,7.468159424206533e-11
20230522_000000,41,STOC_IRREG,4.803948350229348e-10,4.839568190639909e-10,-3.561984041056121e-12,3.561984041056121e-12
20230522_000000,41,STVA,7.635941869921226e-07,7.709363671892788e-07,-7.342180197156267e-09,7.342180197156267e-09
20230522_000000,41,STVA_IRREG,2.4778739316388965e-05,2.500225673429668e-05,-2.2351741790771484e-07,2.2351741790771484e-07
20230522_000000,41,TADO1,5.379735285720999e-14,5.37415740435674e-14,5.577881364259019e-17,5.577881364259019e-17
20230522_000000,41,TADO2,5.823216908673601e-11,5.828107441097075e-11,-4.8905324234738146e-14,4.8905324234738146e-14
20230522_000000,41,TAMI,1.1132277825259829e-12,1.1130305661508078e-12,1.9721637517511326e-16,1.9721637517511326e-16
20230522_000000,41,TUMI,1.9058502331859017e-08,1.8978628446575385e-08,7.987388528363226e-11,7.987388528363226e-11
20230522_000000,41,WHIS,2.241559854399e-10,2.2507415375905282e-10,-9.181683191528123e-13,9.181683191528123e-13
20230522_000000,41,YARD,3.148487859316873e-10,3.160178507766176e-10,-1.1690648449302898e-12,1.1690648449302898e-12
20230522_000000,41,ZEMA,1.2875277732860013e-08,1.292996465451779e-08,-5.468692165777611e-11,5.468692165777611e-11
20230522_000000,42,AEAC,4.073888362071676e-12,4.121757189029518e-12,-4.7868826957842003e-14,4.7868826957842003e-14
20230522_000000,42,BRCA,2.9672413822243355e-16,2.9863043880978856e-16,-1.9063005873550063e-18,1.9063005873550063e-18
20230522_000000,42,BRMA,1.0677815619915305e-17,1.0900127854164444e-17,-2.2231223424913916e-19,2.2231223424913916e-19
20230522_000000,42,BUVI,8.581198926549405e-05,8.636898564873263e-05,-5.569963832385838e-07,5.569963832385838e-07
20230522_000000,42,CAGU,5.95079484355665e-07,6.016820179866045e-07,-6.602533630939433e-09,6.602533630939433e-09
20230522_000000,42,CALU,8.233359949372243e-06,8.335824531968683e-06,-1.0246458259643987e-07,1.0246458259643987e-07
20230522_000000,42,CAUS,5.315662840454927e-12,5.4133611655793334e-12,-9.769832512440679e-14,9.769832512440679e-14
20230522_000000,42,CCOO,1.1129506740032227e-13,1.1298380715165854e-13,-1.6887397513362656e-15,1.6887397513362656e-15
20230522_000000,42,CHFA,2.105062712955564e-14,2.1408349471971864e-14,-3.5772234241622514e-16,3.5772234241622514e-16
20230522_000000,42,CHMI,1.6694734483735374e-08,1.68810760925453e-08,-1.8634160880992567e-10,1.8634160880992567e-10
20230522_000000,42,CHMI_IRREG,7.278473379557227e-10,7.322552564303919e-10,-4.407918474669259e-12,4.407918474669259e-12
20230522_000000,42,COAU,8.721930783942705e-14,8.841701242684463e-14,-1.1977045874175807e-15,1.1977045874175807e-15
20230522_000000,42,COAU2,2.5693214916744367e-11,2.6116674795018113e-11,-4.2345987827374643e-13,4.2345987827374643e-13
20230522_000000,42,COCO,1.6752714770973398e-09,1.6959715853914759e-09,-2.0700108294136044e-11,2.0700108294136044e-11
20230522_000000,42,CYST,3.4309668994758624e-10,3.4584737851339753e-10,-2.750688565811288e-12,2.750688565811288e-12
20230522_000000,42,DEFU,5.109984044793237e-07,5.13660893375345e-07,-2.6624888960213866e-09,2.6624888960213866e-09
20230522_000000,42,DOG,9.652125765313713e-10,9.697013192422332e-10,-4.4887427108619704e-12,4.4887427108619704e-12
20230522_000000,42,DRPU,1.6553483740884127e-22,1.6951324596960085e-22,-3.978408560759574e-24,3.978408560759574e-24
20230522_000000,42,DRUM,8.819964203432562e-10,8.920333360862287e-10,-1.0036915742972496e-11,1.0036915742972496e-11
20230522_000000,42,FLY,1.8283830627296993e-07,1.849688686661466e-07,-2.1305623931766604e-09,2.1305623931766604e-09
20230522_000000,42,FROG,2.2251356313063297e-08,2.2473642502518487e-08,-2.2228618945518974e-10,2.2228618945518974e-10
20230522_000000,42,GLGN,1.536828661292261e-13,1.5554175785900681e-13,-1.8588917297807095e-15,1.8588917297807095e-15
20230522_000000,42,HOSA,7.475424013136944e-07,7.552139891231491e-07,-7.67158780945465e-09,7.67158780945465e-09
20230522_000000,42,HYPI,1.4756769143773295e-14,1.4849224484031996e-14,-9.245534025870139e-17,9.245534025870139e-17
20230522_000000,42,INSP,2.0509446918559604e-10,2.0744976569897489e-10,-2.355296513378846e-12,2.355296513378846e-12
20230522_000000,42,IXNA,1.1588628945347068e-09,1.1840580738109452e-09,-2.5195179276238377e-11,2.5195179276238377e-11
20230522_000000,42,MEKE,3.6317064910917907e-09,3.6507608047742224e-09,-1.9054313682431712e-11,1.9054313682431712e-11
20230522_000000,42,MYTO,4.012800291705587e-13,4.0980576137411573e-13,-8.525732203557013e-15,8.525732203557013e-15
20230522_000000,42,NUCO,3.6840023387826286e-21,3.779802616854627e-21,-9.580027807199836e-23,9.580027807199836e-23
20230522_000000,42,OCPR,4.845760251392939e-11,4.904644398950886e-11,-5.888414755794713e-13,5.888414755794713e-13
20230522_000000,42,ORPI,8.018783553831454e-12,8.07570590261042e-12,-5.692234877896496e-14,5.692234877896496e-14
20230522_000000,42,PAFA,6.127207630157727e-10,6.1641264315071e-10,-3.691880134937264e-12,3.691880134937264e-12
20230522_000000,42,PECA,7.86244848524284e-14,7.971875655259086e-14,-1.0942717001624636e-15,1.0942717001624636e-15
20230522_000000,42,PHNU,2.449902503087742e-10,2.4661922504165545e-10,-1.628974732881261e-12,1.628974732881261e-12
20230522_000000,42,PIMA,3.14188243676588e-17,3.207039122744437e-17,-6.515668597855697e-19,6.515668597855697e-19
20230522_000000,42,POEC,2.8640380733691018e-08,2.9124075595632348e-08,-4.836948619413306e-10,4.836948619413306e-10
20230522_000000,42,PSFL,0.9999028444290161,0.9999020099639893,8.344650268554688e-07,8.344650268554688e-07
20230522_000000,42,SHOT,6.854703471503854e-10,6.909052774339841e-10,-5.43493028359876e-12,5.43493028359876e-12
20230522_000000,42,SITT,1.5959724208869375e-08,1.6049643392079815e-08,-8.991918321044068e-11,8.991918321044068e-11
20230522_000000,42,SPRU,2.967026581021659e-12,3.003779950466745e-12,-3.6753369445086115e-14,3.6753369445086115e-14
20230522_000000,42,STOC,2.841674624084957e-15,2.871606650858556e-15,-2.993202677359884e-17,2.993202677359884e-17
20230522_000000,42,STOC_IRREG,8.393600463620381e-16,8.524114476506875e-16,-1.305140128864948e-17,1.305140128864948e-17
20230522_000000,42,STVA,3.394039172974206e-12,3.4210149903873832e-12,-2.697581741317734e-14,2.697581741317734e-14
20230522_000000,42,STVA_IRREG,5.564998684093325e-09,5.603027375400416e-09,-3.802869130709041e-11,3.802869130709041e-11
20230522_000000,42,TADO1,1.2235226810454838e-16,1.243007482856987e-16,-1.9484801811503103e-18,1.9484801811503103e-18
20230522_000000,42,TADO2,8.157420919308045e-12,8.275482729636074e-12,-1.1806181032802954e-13,1.1806181032802954e-13
20230522_000000,42,TAMI,3.3137723547645224e-16,3.3609883535246413e-16,-4.721599876011885e-18,4.721599876011885e-18
20230522_000000,42,TUMI,1.0446191254231962e-06,1.0585428071863134e-06,-1.3923681763117202e-08,1.3923681763117202e-08
20230522_000000,42,WHIS,5.540217514863764e-16,5.610161260483288e-16,-6.994374561952385e-18,6.994374561952385e-18
20230522_000000,42,YARD,2.1876105527757206e-12,2.2097931123843395e-12,-2.2182559608618924e-14,2.2182559608618924e-14
20230522_000000,42,ZEMA,3.507314230710712e-11,3.5173135237709374e-11,-9.999293060225511e-14,9.999293060225511e-14
20230522_000000,43,AEAC,5.169412675698482e-10,5.1006049384128e-10,6.8807737285681014e-12,6.8807737285681014e-12
20230522_000000,43,BRCA,2.907178540632329e-16,2.913476495292961e-16,-6.29795466063174e-19,6.29795466063174e-19
20230522_000000,43,BRMA,2.753915288149176e-20,2.6973274100800257e-20,5.658787806915011e-22,5.658787806915011e-22
20230522_000000,43,BUVI,0.001776001532562077,0.0017290766118094325,4.692492075264454e-05,4.692492075264454e-05
20230522_000000,43,CAGU,4.884595394827329e-09,4.746949500145092e-09,1.3764589468223676e-10,1.3764589468223676e-10
20230522_000000,43,CALU,2.152501821228725e-08,2.1403986139034714e-08,1.2103207325253607e-10,1.2103207325253607e-10
20230522_000000,43,CAUS,1.8942871190640986e-15,1.8641528631743428e-15,3.01342558897558e-17,3.01342558897558e-17
20230522_000000,43,CCOO,2.0783481990656257e-16,2.0342447816888704e-16,4.410341737675532e-18,4.410341737675532e-18
20230522_000000,43,CHFA,1.7870474804555634e-16,1.7689405630212266e-16,1.810691743433677e-18,1.810691743433677e-18
20230522_000000,43,CHMI,3.447127694400365e-09,3.3900726670310632e-09,5.705502736930157e-11,5.705502736930157e-11
20230522_000000,43,CHMI_IRREG,6.9153438531088796e-09,6.875816360718545e-09,3.9527492390334373e-11,3.9527492390334373e-11
20230522_000000,43,COAU,2.2719424760698223e-16,2.238463498829596e-16,3.347897724022622e-18,3.347897724022622e-18
20230522_000000,43,COAU2,7.058702309725023e-14,6.992074020467642e-14,6.662828925738107e-16,6.662828925738107e-16
20230522_000000,43,COCO,1.5007048381754373e-10,1.484241757276905e-10,1.6463080898532212e-12,1.6463080898532212e-12
20230522_000000,43,CYST,6.899967251207395e-13,6.799924122044554e-13,1.000431291628412e-14,1.000431291628412e-14
20230522_000000,43,DEFU,7.319371775338368e-07,7.197668878689001e-07,1.2170289664936718e-08,1.2170289664936718e-08
20230522_000000,43,DOG,4.2724776494473815e-10,4.2767875352289764e-10,-4.3098857815948577e-13,4.3098857815948577e-13
20230522_000000,43,DRPU,2.6031567368846614e-23,2.5938025820427316e-23,9.354154841929714e-26,9.354154841929714e-26
20230522_000000,43,DRUM,5.943454756129896e-11,5.88654472388761e-11,5.691003224228552e-13,5.691003224228552e-13
20230522_000000,43,FLY,3.2856434017958236e-08,3.2394066096230745e-08,4.623679217274912e-10,4.623679217274912e-10
20230522_000000,43,FROG,7.948554037184863e-10,7.806236768104213e-10,1.4231726908064957e-11,1.4231726908064957e-11
20230522_000000,43,GLGN,9.068694146324718e-13,8.975009320802418e-13,9.368482552229995e-15,9.368482552229995e-15
20230522_000000,43,HOSA,8.433214304659487e-08,8.419306851692454e-08,1.390745296703244e-10,1.390745296703244e-10
20230522_000000,43,HYPI,8.315902793113234e-17,8.207217878068666e-17,1.0868491504456741e-18,1.0868491504456741e-18
20230522_000000,43,INSP,4.3297511354012386e-08,4.242263429432569e-08,8.748770596866962e-10,8.748770596866962e-10
20230522_000000,43,IXNA,1.4540414011721126e-11,1.4332788428328413e-11,2.076255833927121e-13,2.076255833927121e-13
20230522_000000,43,MEKE,4.919097307265474e-08,4.797999864081248e-08,1.21097443184226e-09,1.21097443184226e-09
20230522_000000,43,MYTO,1.1667229511647133e-18,1.1476855961619585e-18,1.9037355002754794e-20,1.9037355002754794e-20
20230522_000000,43,NUCO,1.8363247440922575e-26,1.839741806036787e-26,-3.4170619445296093e-29,3.4170619445296093e-29
20230522_000000,43,OCPR,7.867169914653471e-13,7.738447469624044e-13,1.2872244502942776e-14,1.2872244502942776e-14
20230522_000000,43,ORPI,3.3233507092111925e-13,3.2911084339552754e-13,3.2242275255917052e-15,3.2242275255917052e-15
20230522_000000,43,PAFA,7.874398355589562e-11,7.883470265479531e-11,-9.07190988996831e-14,9.07190988996831e-14
20230522_000000,43,PECA,2.8203806393074576e-15,2.7847410927770225e-15,3.563954653043513e-17,3.563954653043513e-17
20230522_000000,43,PHNU,4.3080242151383175e-10,4.2921013965191435e-10,1.5922818619173995e-12,1.5922818619173995e-12
20230522_000000,43,PIMA,4.0586097392086636e-21,4.0516380768291334e-21,6.971662379530181e-24,6.971662379530181e-24
20230522_000000,43,POEC,1.3777375507811884e-12,1.3505245099326713e-12,2.7213040848517167e-14,2.7213040848517167e-14
20230522_000000,43,PSFL,0.9982230067253113,0.9982699155807495,-4.690885543823242e-05,4.690885543823242e-05
20230522_000000,43,SHOT,2.19861490124984e-11,2.200098263294148e-11,-1.4833620443077677e-14,1.4833620443077677e-14
20230522_000000,43,SITT,5.3602646626904615e-11,5.234772684770128e-11,1.254919779203334e-12,1.254919779203334e-12
20230522_000000,43,SPRU,2.0443301118242517e-14,2.0345379027342236e-14,9.792209090028064e-17,9.792209090028064e-17
20230522_000000,43,STOC,5.4568897144002815e-12,5.3153701058683556e-12,1.415196085319259e-13,1.415196085319259e-13
20230522_000000,43,STOC_IRREG,4.0322044612744676e-14,4.006802620812669e-14,2.5401840461798664e-16,2.5401840461798664e-16
20230522_000000,43,STVA,8.045655253141604e-10,7.894187525891994e-10,1.514677272496101e-11,1.514677272496101e-11
20230522_000000,43,STVA_IRREG,8.026763964608108e-08,8.019964070626884e-08,6.799893981224159e-11,6.799893981224159e-11
20230522_000000,43,TADO1,5.704363235618787e-18,5.696737043961354e-18,7.626191657432639e-21,7.626191657432639e-21
20230522_000000,43,TADO2,1.4541555012534922e-14,1.426499367305871e-14,2.765613394762126e-16,2.765613394762126e-16
20230522_000000,43,TAMI,6.693138543917724e-17,6.728140195229538e-17,-3.5001651311813834e-19,3.5001651311813834e-19
20230522_000000,43,TUMI,2.656973530079654e-10,2.625581418946865e-10,3.1392111132788614e-12,3.1392111132788614e-12
20230522_000000,43,WHIS,1.6785662080133837e-14,1.655595352110205e-14,2.297085590317882e-16,2.297085590317882e-16
20230522_000000,43,YARD,1.1975517149112602e-12,1.1951459787107321e-12,2.4057362005280858e-15,2.4057362005280858e-15
20230522_000000,43,ZEMA,1.3485962346848623e-10,1.3328761705455605e-10,1.5720064139301826e-12,1.5720064139301826e-12
20230522_000000,44,AEAC,2.0374926634758594e-07,2.0360363350846455e-07,1.4563283912139013e-10,1.4563283912139013e-10
20230522_000000,44,BRCA,1.8280195066000537e-12,1.8266362814683967e-12,1.3832251316570066e-15,1.3832251316570066e-15
20230522_000000,44,BRMA,1.87999492038684e-16,1.8394426886414483e-16,4.055223174539166e-18,4.055223174539166e-18
20230522_000000,44,BUVI,0.005499221850186586,0.005485693924129009,1.3527926057577133e-05,1.3527926057577133e-05
20230522_000000,44,CAGU,9.010778256879348e-08,8.844168064570113e-08,1.6661019230923557e-09,1.6661019230923557e-09
20230522_000000,44,CALU,4.332269725182414e-07,4.34184983078012e-07,-9.580105597706279e-10,9.580105597706279e-10
20230522_000000,44,CAUS,5.65932543883374e-12,5.581405129739814e-12,7.792030909392622e-14,7.792030909392622e-14
20230522_000000,44,CCOO,1.0614241012811207e-13,1.0398845277708943e-13,2.1539573510226395e-15,2.1539573510226395e-15
20230522_000000,44,CHFA,3.3205792174077764e-13,3.2868683903092277e-13,3.3710827098548668e-15,3.3710827098548668e-15
20230522_000000,44,CHMI,2.8785347438997633e-08,2.8446361710621204e-08,3.389857283764286e-10,3.389857283764286e-10
20230522_000000,44,CHMI_IRREG,9.666231193250496e-08,9.625721020256606e-08,4.051017299389059e-10,4.051017299389059e-10
20230522_000000,44,COAU,9.369523386315581e-13,9.294217956021256e-13,7.530543029432568e-15,7.530543029432568e-15
20230522_000000,44,COAU2,3.4895187434047514e-11,3.460415981537679e-11,2.91027618670725e-13,2.91027618670725e-13
20230522_000000,44,COCO,3.757949684768391e-08,3.74137236747174e-08,1.6577317296651017e-10,1.6577317296651017e-10
20230522_000000,44,CYST,3.7168004785037567e-10,3.6855354879072877e-10,3.1264990596469033e-12,3.1264990596469033e-12
20230522_000000,44,DEFU,5.131156740389997e-06,5.106272055854788e-06,2.488468453520909e-08,2.488468453520909e-08
20230522_000000,44,DOG,4.224426319865415e-08,4.2328966998184114e-08,-8.470379952996154e-11,8.470379952996154e-11
20230522_000000,44,DRPU,8.620275345613846e-20,8.51005611393057e-20,1.1021923168327671e-21,1.1021923168327671e-21
20230522_000000,44,DRUM,2.6297737321101522e-08,2.625169059911059e-08,4.604672199093329e-11,4.604672199093329e-11
20230522_000000,44,FLY,1.3861622392141726e-06,1.3824345614921185e-06,3.727677722054068e-09,3.727677722054068e-09
20230522_000000,44,FROG,2.2915092756647937e-07,2.2999127224920812e-07,-8.403446827287553e-10,8.403446827287553e-10
20230522_000000,44,GLGN,2.7150609538395543e-10,2.6973007161146256e-10,1.776023772492863e-12,1.776023772492863e-12
20230522_000000,44,HOSA,1.8238214352095383e-06,1.8246361150886514e-06,-8.146798791131005e-10,8.146798791131005e-10
20230522_000000,44,HYPI,2.7902091986713173e-13,2.757403138285708e-13,3.2806060385609515e-15,3.2806060385609515e-15
20230522_000000,44,INSP,6.037256753188558e-06,6.031779776094481e-06,5.476977094076574e-09,5.476977094076574e-09
20230522_000000,44,IXNA,2.700147661016672e-09,2.678052668514397e-09,2.209499250227509e-11,2.209499250227509e-11
20230522_000000,44,MEKE,1.240317260453594e-06,1.2395324802128016e-06,7.847802407923155e-10,7.847802407923155e-10
20230522_000000,44,MYTO,3.6720860849966087e-16,3.6036667339843466e-16,6.841935101226213e-18,6.841935101226213e-18
20230522_000000,44,NUCO,5.875622218503277e-21,5.808776896941686e-21,6.684532156159113e-23,6.684532156159113e-23
20230522_000000,44,OCPR,1.703513302642179e-10,1.6884266207384258e-10,1.5086681903753174e-12,1.5086681903753174e-12
20230522_000000,44,ORPI,4.338953085714081e-10,4.315193202764078e-10,2.3759882950002975e-12,2.3759882950002975e-12
20230522_000000,44,PAFA,7.272427993143538e-09,7.28521643011959e-09,-1.2788436976052253e-11,1.2788436976052253e-11
20230522_000000,44,PECA,1.1431170246489764e-11,1.1394103542616829e-11,3.7066703872934426e-14,3.7066703872934426e-14
20230522_000000,44,PHNU,1.596917513779772e-07,1.5881394688221917e-07,8.778044957580278e-10,8.778044957580278e-10
20230522_000000,44,PIMA,7.770066820968682e-17,7.701503474355387e-17,6.856334661329536e-19,6.856334661329536e-19
20230522_000000,44,POEC,4.907203809967342e-11,4.8240175742897407e-11,8.318623567760142e-13,8.318623567760142e-13
20230522_000000,44,PSFL,0.9944747090339661,0.9944882988929749,-1.3589859008789062e-05,1.3589859008789062e-05
20230522_000000,44,SHOT,9.845483317505455e-10,9.875766870948155e-10,-3.0283553442700395e-12,3.0283553442700395e-12
20230522_000000,44,SITT,5.93663518344556e-09,5.865939733951109e-09,7.069544949445117e-11,7.069544949445117e-11
20230522_000000,44,SPRU,1.6522600995716452e-11,1.64540481933928e-11,6.855280232365146e-14,6.855280232365146e-14
20230522_000000,44,STOC,8.98190688491951e-10,8.967376285973216e-10,1.4530598946294049e-12,1.4530598946294049e-12
20230522_000000,44,STOC_IRREG,2.445042085463811e-11,2.4464747935826203e-11,-1.432708118809245e-14,1.432708118809245e-14
20230522_000000,44,STVA,2.6550711140771455e-07,2.6433383482071804e-07,1.1732765869965078e-09,1.1732765869965078e-09
20230522_000000,44,STVA_IRREG,8.740319572098088e-06,8.774447451287415e-06,-3.412787918932736e-08,3.412787918932736e-08
20230522_000000,44,TADO1,1.348826615449241e-14,1.3368225492240478e-14,1.200406622519322e-16,1.200406622519322e-16
20230522_000000,44,TADO2,2.750555685993028e-11,2.733569273716263e-11,1.6986412276764895e-13,1.6986412276764895e-13
20230522_000000,44,TAMI,6.193869202253399e-13,6.217556309216776e-13,-2.368710696337706e-15,2.368710696337706e-15
20230522_000000,44,TUMI,3.4153337935549644e-08,3.3854810510547395e-08,2.985274250022485e-10,2.985274250022485e-10
20230522_000000,44,WHIS,2.0161873906521244e-11,2.0158612626386407e-11,3.2612801348363973e-15,3.2612801348363973e-15
20230522_000000,44,YARD,7.62574933754756e-11,7.61273058480505e-11,1.3018752742510742e-13,1.3018752742510742e-13
20230522_000000,44,ZEMA,1.5748717885344377e-08,1.5624646465539627e-08,1.240714198047499e-10,1.240714198047499e-10
20230522_000000,45,AEAC,5.3818047240916655e-11,5.327137689303818e-11,5.466703478784751e-13,5.466703478784751e-13
20230522_000000,45,BRCA,1.9193422477647624e-17,1.9311409865860962e-17,-1.1798738821333876e-19,1.1798738821333876e-19
20230522_000000,45,BRMA,5.496961511906697e-22,5.468299986409483e-22,2.8661525497213978e-24,2.8661525497213978e-24
20230522_000000,45,BUVI,0.0034665996208786964,0.0033694233279675245,9.717629291117191e-05,9.717629291117191e-05
20230522_000000,45,CAGU,4.3246844994015987e-10,4.237537543083647e-10,8.714695631795166e-12,8.714695631795166e-12
20230522_000000,45,CALU,1.9037597098758852e-07,1.8964648518249305e-07,7.294858050954645e-10,7.294858050954645e-10
20230522_000000,45,CAUS,1.0429520914706936e-15,1.034230404971053e-15,8.721686499640717e-18,8.721686499640717e-18
20230522_000000,45,CCOO,3.943749420059376e-18,3.88679472616265e-18,5.695469389672617e-20,5.695469389672617e-20
20230522_000000,45,CHFA,1.5700510066077105e-17,1.5597747764218417e-17,1.0276230185868773e-19,1.0276230185868773e-19
20230522_000000,45,CHMI,1.2824967476898763e-10,1.2634376878040143e-10,1.9059059885861984e-12,1.9059059885861984e-12
20230522_000000,45,CHMI_IRREG,7.215100739088598e-10,7.155323555885218e-10,5.977718320337999e-12,5.977718320337999e-12
20230522_000000,45,COAU,6.141261506323575e-17,6.104138963921175e-17,3.7122542402399797e-19,3.7122542402399797e-19
20230522_000000,45,COAU2,3.857810711236764e-15,3.82368163620952e-15,3.4129075027243896e-17,3.4129075027243896e-17
20230522_000000,45,COCO,8.100477927319716e-11,8.018990332869791e-11,8.148759444992493e-13,8.148759444992493e-13
20230522_000000,45,CYST,3.1302193367714615e-13,3.110075402507767e-13,2.014393426369443e-15,2.014393426369443e-15
20230522_000000,45,DEFU,6.75527758176031e-08,6.647643857604635e-08,1.0763372415567574e-09,1.0763372415567574e-09
20230522_000000,45,DOG,2.0901641528681125e-10,2.0893156649215427e-10,8.484879465697759e-14,8.484879465697759e-14
20230522_000000,45,DRPU,3.131173575577824e-25,3.144370725484106e-25,-1.3197149906281764e-27,1.3197149906281764e-27
20230522_000000,45,DRUM,2.769068828401e-11,2.7516480413658506e-11,1.7420787035149488e-13,1.7420787035149488e-13
20230522_000000,45,FLY,9.998683658807295e-09,9.860770866509938e-09,1.3791279229735665e-10,1.3791279229735665e-10
20230522_000000,45,FROG,1.2146610384178302e-09,1.1992309367769849e-09,1.543010164084535e-11,1.543010164084535e-11
20230522_000000,45,GLGN,3.2079102828957984e-14,3.1854977911114496e-14,2.2412491784348787e-16,2.2412491784348787e-16
20230522_000000,45,HOSA,1.7680370945072355e-08,1.7632149962309995e-08,4.82209827623592e-11,4.82209827623592e-11
20230522_000000,45,HYPI,1.919334968575372e-17,1.893615938097628e-17,2.571903047774376e-19,2.571903047774376e-19
20230522_000000,45,INSP,1.8593940609434867e-08,1.829383933227291e-08,3.001012771619571e-10,3.001012771619571e-10
20230522_000000,45,IXNA,3.0179042858485827e-12,2.9968135178276567e-12,2.109076802092602e-14,2.109076802092602e-14
20230522_000000,45,MEKE,2.3364101764400402e-08,2.2848444913847743e-08,5.156568505526593e-10,5.156568505526593e-10
20230522_000000,45,MYTO,2.4156135637443677e-21,2.4027341031129756e-21,1.2879460631392064e-23,1.2879460631392064e-23
20230522_000000,45,NUCO,9.374475559884537e-28,9.474115471487355e-28,-9.963991160281803e-30,9.963991160281803e-30
20230522_000000,45,OCPR,1.0974462102421832e-14,1.0878868505093554e-14,9.559359732827857e-17,9.559359732827857e-17
20230522_000000,45,ORPI,6.115940409277473e-14,6.069192999731687e-14,4.674740954578593e-16,4.674740954578593e-16
20230522_000000,45,PAFA,1.87534068135653e-11,1.8726782277656007e-11,2.6624535909292035e-14,2.6624535909292035e-14
20230522_000000,45,PECA,3.049659540876751e-16,3.0209165366028605e-16,2.8743004273890614e-18,2.8743004273890614e-18
20230522_000000,45,PHNU,1.0568219910300769e-10,1.0576409886775551e-10,-8.189976474781702e-14,8.189976474781702e-14
20230522_000000,45,PIMA,9.583127715012992e-23,9.631782762380852e-23,-4.865504736785948e-25,4.865504736785948e-25
20230522_000000,45,POEC,6.913751933153647e-14,6.809019358544263e-14,1.0473257460938412e-15,1.0473257460938412e-15
20230522_000000,45,PSFL,0.9965330362319946,0.9966302514076233,-9.721517562866211e-05,9.721517562866211e-05
20230522_000000,45,SHOT,2.638858315889836e-12,2.6153233224912587e-12,2.3534993398577342e-14,2.3534993398577342e-14
20230522_000000,45,SITT,1.3960610445451493e-11,1.3750625638131453e-11,2.0998480732004055e-13,2.0998480732004055e-13
20230522_000000,45,SPRU,8.593440629228732e-15,8.565020132749509e-15,2.842049647922354e-17,2.842049647922354e-17
20230522_000000,45,STOC,2.4117663161710157e-12,2.341058553609332e-12,7.070776256168365e-14,7.070776256168365e-14
20230522_000000,45,STOC_IRREG,9.322009242545941e-15,9.241373400033226e-15,8.063584251271488e-17,8.063584251271488e-17
20230522_000000,45,STVA,1.734891230675828e-09,1.7016669184855004e-09,3.322431219032751e-11,3.322431219032751e-11
20230522_000000,45,STVA_IRREG,3.526450953472704e-08,3.514808000204539e-08,1.1642953268165002e-10,1.1642953268165002e-10
20230522_000000,45,TADO1,2.1245807038588616e-19,2.127034328350847e-19,-2.4536244919854183e-22,2.4536244919854183e-22
20230522_000000,45,TADO2,2.60675914176816e-14,2.5646233184004052e-14,4.213582336775462e-16,4.213582336775462e-16
20230522_000000,45,TAMI,4.613419541140975e-18,4.628289353422535e-18,-1.4869812281559502e-20,1.4869812281559502e-20
20230522_000000,45,TUMI,7.756808390046999e-11,7.714436034422789e-11,4.237235562420949e-13,4.237235562420949e-13
20230522_000000,45,WHIS,3.3840219851571235e-15,3.339873992671519e-15,4.4147992485604574e-17,4.4147992485604574e-17
20230522_000000,45,YARD,2.936285451436184e-14,2.9173115746045086e-14,1.897387683167523e-16,1.897387683167523e-16
20230522_000000,45,ZEMA,3.6328259844786714e-11,3.607981621800427e-11,2.4844362678244636e-13,2.4844362678244636e-13
20230522_000000,46,AEAC,1.7450554778974947e-08,1.7381546868477926e-08,6.900791049702093e-11,6.900791049702093e-11
20230522_000000,46,BRCA,3.068529317359209e-14,3.0663439723552927e-14,2.185345003916095e-17,2.185345003916095e-17
20230522_000000,46,BRMA,1.491379761063201e-18,1.4799133834119909e-18,1.146637765121007e-20,1.146637765121007e-20
20230522_000000,46,BUVI,0.030822766944766045,0.03065701201558113,0.00016575492918491364,0.00016575492918491364
20230522_000000,46,CAGU,1.5788224061452638e-08,1.5646500983734768e-08,1.4172307771787018e-10,1.4172307771787018e-10
20230522_000000,46,CALU,8.352006261702627e-05,8.3770471974276e-05,-2.504093572497368e-07,2.504093572497368e-07
20230522_000000,46,CAUS,2.128941689822153e-13,2.1220275970429414e-13,6.914092779211622e-16,6.914092779211622e-16
20230522_000000,46,CCOO,1.1730129417304074e-15,1.1571145568269178e-15,1.589838490348959e-17,1.589838490348959e-17
20230522_000000,46,CHFA,7.313586551421693e-15,7.289236048254027e-15,2.4350503167666626e-17,2.4350503167666626e-17
20230522_000000,46,CHMI,3.695147965387946e-09,3.6634038025340487e-09,3.174416285389725e-11,3.174416285389725e-11
20230522_000000,46,CHMI_IRREG,1.0854408927229997e-08,1.0828799190676364e-08,2.560973655363341e-11,2.560973655363341e-11
20230522_000000,46,COAU,1.4541780323298892e-14,1.4520397823578404e-14,2.1382499720487558e-17,2.1382499720487558e-17
20230522_000000,46,COAU2,4.3563728470939755e-13,4.334372487660443e-13,2.2000359433532735e-15,2.2000359433532735e-15
20230522_000000,46,COCO,1.0921904269878269e-08,1.087634604601817e-08,4.5558223860098224e-11,4.5558223860098224e-11
20230522_000000,46,CYST,3.1904780900537943e-11,3.1744808171030314e-11,1.599727295076292e-13,1.599727295076292e-13
20230522_000000,46,DEFU,1.770193307493173e-06,1.7612853753234958e-06,8.907932169677224e-09,8.907932169677224e-09
20230522_000000,46,DOG,8.992204314495211e-09,9.016738466982588e-09,-2.453415248737656e-11,2.453415248737656e-11
20230522_000000,46,DRPU,4.962667661631189e-22,4.9518083917365335e-22,1.0859269894655195e-24,1.0859269894655195e-24
20230522_000000,46,DRUM,2.328700787757043e-09,2.325063919172976e-09,3.6368685840670878e-12,3.6368685840670878e-12
20230522_000000,46,FLY,4.2852161641349085e-07,4.268281941222085e-07,1.6934222912823316e-09,1.6934222912823316e-09
20230522_000000,46,FROG,5.0051760069891316e-08,5.015023774035399e-08,-9.847767046267109e-11,9.847767046267109e-11
20230522_000000,46,GLGN,1.4485966245980642e-11,1.4417704009839216e-11,6.826223614142535e-14,6.826223614142535e-14
20230522_000000,46,HOSA,5.520881245502096e-07,5.546306738324347e-07,-2.5425492822250817e-09,2.5425492822250817e-09
20230522_000000,46,HYPI,8.57903768099362e-15,8.529689541486585e-15,4.934813950703554e-17,4.934813950703554e-17
20230522_000000,46,INSP,1.2759710443788208e-06,1.2723161262329086e-06,3.6549181459122337e-09,3.6549181459122337e-09
20230522_000000,46,IXNA,1.3680269417282176e-10,1.363656965125415e-10,4.3699766028026943e-13,4.3699766028026943e-13
20230522_000000,46,MEKE,2.9909199383837404e-06,2.9890609312133165e-06,1.8590071704238653e-09,1.8590071704238653e-09
20230522_000000,46,MYTO,1.1504986306300982e-18,1.134091709975262e-18,1.6406920654836166e-20,1.6406920654836166e-20
20230522_000000,46,NUCO,5.884565607949832e-25,5.906375146788864e-25,-2.180953883903216e-27,2.180953883903216e-27
20230522_000000,46,OCPR,1.986327768932483e-12,1.9715149651711172e-12,1.4812803761365956e-14,1.4812803761365956e-14
20230522_000000,46,ORPI,2.6256224625043068e-11,2.6201669306447073e-11,5.4555318595994606e-14,5.4555318595994606e-14
20230522_000000,46,PAFA,1.327286613950207e-09,1.3321626024520583e-09,-4.875988501851225e-12,4.875988501851225e-12
20230522_000000,46,PECA,6.812141860801021e-14,6.805162309315646e-14,6.979551485375435e-17,6.979551485375435e-17
20230522_000000,46,PHNU,1.1496510410324845e-08,1.1514210918051049e-08,-1.7700507726203796e-11,1.7700507726203796e-11
20230522_000000,46,PIMA,7.386945821123014e-20,7.38079883519598e-20,6.146985927034687e-23,6.146985927034687e-23
20230522_000000,46,POEC,6.910719392572151e-12,6.837656742891829e-12,7.306264968032217e-14,7.306264968032217e-14
20230522_000000,46,PSFL,0.9690846800804138,0.9692501425743103,-0.00016546249389648438,0.00016546249389648438
20230522_000000,46,SHOT,1.3517022223741293e-10,1.3490249195502457e-10,2.677302823883565e-13,2.677302823883565e-13
20230522_000000,46,SITT,9.054295091459608e-10,8.974133103301085e-10,8.016198815852249e-12,8.016198815852249e-12
20230522_000000,46,SPRU,1.771957905925825e-12,1.769804788831486e-12,2.1531170943389633e-15,2.1531170943389633e-15
20230522_000000,46,STOC,3.6712463624688496e-10,3.6788344592864064e-10,-7.588096817556789e-13,7.588096817556789e-13
20230522_000000,46,STOC_IRREG,4.815753698594882e-12,4.843208299687429e-12,-2.7454601092546937e-14,2.7454601092546937e-14
20230522_000000,46,STVA,3.211830232885404e-07,3.2157780083252874e-07,-3.9477754398831166e-10,3.9477754398831166e-10
20230522_000000,46,STVA_IRREG,1.5913465176708996e-06,1.604506906005554e-06,-1.3160388334654272e-08,1.3160388334654272e-08
20230522_000000,46,TADO1,7.876794957556194e-17,7.913047967698678e-17,-3.6253010142484055e-19,3.6253010142484055e-19
20230522_000000,46,TADO2,6.171166442442422e-12,6.139379803149492e-12,3.178663929293002e-14,3.178663929293002e-14
20230522_000000,46,TAMI,6.9377703147026955e-15,6.966751123476528e-15,-2.898080877383226e-17,2.898080877383226e-17
20230522_000000,46,TUMI,1.8148537117568253e-09,1.806876648302591e-09,7.977063454234212e-12,7.977063454234212e-12
20230522_000000,46,WHIS,7.62985594843224e-12,7.650425432048635e-12,-2.056948361639499e-14,2.056948361639499e-14
20230522_000000,46,YARD,1.7729021375978427e-11,1.7700150373167745e-11,2.8871002810682e-14,2.8871002810682e-14
20230522_000000,46,ZEMA,1.3846606083944835e-09,1.3805401266608897e-09,4.120481733593806e-12,4.120481733593806e-12
20230522_000000,47,AEAC,0.00010810516687342897,0.00010789065709104761,2.1450978238135576e-07,2.1450978238135576e-07
20230522_000000,47,BRCA,7.293424459930975e-07,7.376726216534735e-07,-8.330175660375971e-09,8.330175660375971e-09
20230522_000000,47,BRMA,8.179664291674271e-06,8.281312148028519e-06,-1.0164785635424778e-07,1.0164785635424778e-07
20230522_000000,47,BUVI,0.05472201108932495,0.05409053713083267,0.000631473958492279,0.000631473958492279
20230522_000000,47,CAGU,0.04576524719595909,0.04614425450563431,-0.0003790073096752167,0.0003790073096752167
20230522_000000,47,CALU,0.006373322568833828,0.0063512870110571384,2.203555777668953e-05,2.203555777668953e-05
20230522_000000,47,CAUS,0.001432083547115326,0.0014491211622953415,-1.7037615180015564e-05,1.7037615180015564e-05
20230522_000000,47,CCOO,0.00022267304302658886,0.00022429905948229134,-1.6260164557024837e-06,1.6260164557024837e-06
20230522_000000,47,CHFA,3.682501119328663e-05,3.734904385055415e-05,-5.240326572675258e-07,5.240326572675258e-07
20230522_000000,47,CHMI,0.0025498310569673777,0.002550904406234622,-1.073349267244339e-06,1.073349267244339e-06
20230522_000000,47,CHMI_IRREG,0.0004380798782221973,0.00043793878285214305,1.41095370054245e-07,1.41095370054245e-07
20230522_000000,47,COAU,5.267393498797901e-05,5.306162347551435e-05,-3.876884875353426e-07,3.876884875353426e-07
20230522_000000,47,COAU2,0.0007394590065814555,0.0007430545520037413,-3.5955454222857952e-06,3.5955454222857952e-06
20230522_000000,47,COCO,0.0011443052208051085,0.0011452913749963045,-9.861541911959648e-07,9.861541911959648e-07
20230522_000000,47,CYST,0.0008524052100256085,0.0008574515231885016,-5.046313162893057e-06,5.046313162893057e-06
20230522_000000,47,DEFU,0.005778126418590546,0.005754426587373018,2.369983121752739e-05,2.369983121752739e-05
20230522_000000,47,DOG,0.000634918687865138,0.000636853976175189,-1.9352883100509644e-06,1.9352883100509644e-06
20230522_000000,47,DRPU,1.244759711971355e-10,1.2552826833545083e-10,-1.052297138315339e-12,1.052297138315339e-12
20230522_000000,47,DRUM,0.002223609946668148,0.0022311408538371325,-7.530907168984413e-06,7.530907168984413e-06
20230522_000000,47,FLY,0.009238739497959614,0.00927172601222992,-3.2986514270305634e-05,3.2986514270305634e-05
20230522_000000,47,FROG,0.001647582626901567,0.0016443352214992046,3.2474054023623466e-06,3.2474054023623466e-06
20230522_000000,47,GLGN,8.798241651675198e-06,8.839640031510498e-06,-4.139837983530015e-08,4.139837983530015e-08
20230522_000000,47,HOSA,0.007457268424332142,0.007495472673326731,-3.820424899458885e-05,3.820424899458885e-05
20230522_000000,47,HYPI,1.4949366232031025e-05,1.4960352928028442e-05,-1.0986695997416973e-08,1.0986695997416973e-08
20230522_000000,47,INSP,0.00808987207710743,0.008048081770539284,4.179030656814575e-05,4.179030656814575e-05
20230522_000000,47,IXNA,0.0016426799120381474,0.001665164134465158,-2.2484222427010536e-05,2.2484222427010536e-05
20230522_000000,47,MEKE,0.008256507106125355,0.008222101256251335,3.440584987401962e-05,3.440584987401962e-05
20230522_000000,47,MYTO,3.6939785786671564e-05,3.7352780054789037e-05,-4.1299426811747253e-07,4.1299426811747253e-07
20230522_000000,47,NUCO,3.5532654152348186e-08,3.604513310051516e-08,-5.124789481669723e-10,5.124789481669723e-10
20230522_000000,47,OCPR,0.0002937793324235827,0.00029577987152151763,-2.0005390979349613e-06,2.0005390979349613e-06
20230522_000000,47,ORPI,0.00044912478188052773,0.0004501188232097775,-9.940413292497396e-07,9.940413292497396e-07
20230522_000000,47,PAFA,0.001880613504908979,0.0018912723753601313,-1.0658870451152325e-05,1.0658870451152325e-05
20230522_000000,47,PECA,8.259916648967192e-05,8.30521821626462e-05,-4.5301567297428846e-07,4.5301567297428846e-07
20230522_000000,47,PHNU,0.0002452495682518929,0.00024624523939564824,-9.956711437553167e-07,9.956711437553167e-07
20230522_000000,47,PIMA,3.0749954476050334e-06,3.1351066809293116e-06,-6.011123332427815e-08,6.011123332427815e-08
20230522_000000,47,POEC,0.002704279264435172,0.0027242505457252264,-1.997128129005432e-05,1.997128129005432e-05
20230522_000000,47,PSFL,0.7341844439506531,0.7343114018440247,-0.00012695789337158203,0.00012695789337158203
20230522_000000,47,SHOT,0.00013553438475355506,0.00013567745918408036,-1.430744305253029e-07,1.430744305253029e-07
20230522_000000,47,SITT,0.008157280273735523,0.008210856467485428,-5.357619374990463e-05,5.357619374990463e-05
20230522_000000,47,SPRU,0.00028900025063194335,0.00029029889265075326,-1.2986420188099146e-06,1.2986420188099146e-06
20230522_000000,47,STOC,3.7400641303975135e-05,3.74062146875076e-05,-5.573383532464504e-09,5.573383532464504e-09
20230522_000000,47,STOC_IRREG,1.7427282728021964e-05,1.750252158672083e-05,-7.523885869886726e-08,7.523885869886726e-08
20230522_000000,47,STVA,0.024827636778354645,0.024642417207360268,0.00018521957099437714,0.00018521957099437714
20230522_000000,47,STVA_IRREG,0.05196231231093407,0.05211978405714035,-0.00015747174620628357,0.00015747174620628357
20230522_000000,47,TADO1,4.571206773107406e-06,4.6110167204460595e-06,-3.980994733865373e-08,3.980994733865373e-08
20230522_000000,47,TADO2,0.00016682258865330368,0.0001666248426772654,1.9774597603827715e-07,1.9774597603827715e-07
20230522_000000,47,TAMI,2.0553000013023848e-06,2.072957840937306e-06,-1.7657839634921402e-08,1.7657839634921402e-08
20230522_000000,47,TUMI,0.01167324185371399,0.011722258292138577,-4.901643842458725e-05,4.901643842458725e-05
20230522_000000,47,WHIS,1.8929462385131046e-05,1.897486981761176e-05,-4.5407432480715215e-08,4.5407432480715215e-08
20230522_000000,47,YARD,6.086770008550957e-05,6.112657865742221e-05,-2.588785719126463e-07,2.588785719126463e-07
20230522_000000,47,ZEMA,0.0033277608454227448,0.0033331390004605055,-5.3781550377607346e-06,5.3781550377607346e-06
20230522_000000,48,AEAC,3.528680125874928e-10,3.520251867783486e-10,8.428258091441876e-13,8.428258091441876e-13
20230522_000000,48,BRCA,1.1758821726656071e-13,1.1792113509614954e-13,-3.329178295888302e-16,3.329178295888302e-16
20230522_000000,48,BRMA,1.3531127173588287e-12,1.3590364727686377e-12,-5.9237554098090506e-15,5.9237554098090506e-15
20230522_000000,48,BUVI,2.581991248007398e-05,2.5776573238545097e-05,4.3339241528883576e-08,4.3339241528883576e-08
20230522_000000,48,CAGU,0.0005378609639592469,0.000541112560313195,-3.2515963539481163e-06,3.2515963539481163e-06
20230522_000000,48,CALU,2.1079084433495154e-07,2.1091963731123542e-07,-1.2879297628387576e-10,1.2879297628387576e-10
20230522_000000,48,CAUS,1.9537855777684854e-08,1.9585922217402185e-08,-4.806643971733138e-11,4.806643971733138e-11
20230522_000000,48,CCOO,7.16440373693672e-09,7.183275751998508e-09,-1.887201506178826e-11,1.887201506178826e-11
20230522_000000,48,CHFA,1.0241073961081426e-10,1.0249187609723265e-10,-8.113648641838722e-14,8.113648641838722e-14
20230522_000000,48,CHMI,2.8861345526820514e-06,2.887964228648343e-06,-1.8296759662916884e-09,1.8296759662916884e-09
20230522_000000,48,CHMI_IRREG,1.0651729098754004e-07,1.0656428628408321e-07,-4.6995296543173026e-11,4.6995296543173026e-11
20230522_000000,48,COAU,1.1789313969501336e-10,1.1823707291025443e-10,-3.439332152410657e-13,3.439332152410657e-13
20230522_000000,48,COAU2,2.036368229596519e-08,2.0427878055784277e-08,-6.419575981908565e-11,6.419575981908565e-11
20230522_000000,48,COCO,3.807253179388681e-08,3.8153167736254545e-08,-8.063594236773497e-11,8.063594236773497e-11
20230522_000000,48,CYST,2.596325998638349e-08,2.588243042112026e-08,8.08295652632296e-11,8.08295652632296e-11
20230522_000000,48,DEFU,7.497323167626746e-06,7.486517006327631e-06,1.0806161299115047e-08,1.0806161299115047e-08
20230522_000000,48,DOG,4.07965572435387e-09,4.075053627872194e-09,4.602096481676199e-12,4.602096481676199e-12
20230522_000000,48,DRPU,1.7879464996363651e-19,1.7618065583039238e-19,2.6139941332441366e-21,2.6139941332441366e-21
20230522_000000,48,DRUM,3.2647065495439165e-08,3.270436010893718e-08,-5.729461349801568e-11,5.729461349801568e-11
20230522_000000,48,FLY,9.373767966280866e-07,9.331868113804376e-07,4.1899852476490196e-09,4.1899852476490196e-09
20230522_000000,48,FROG,2.7980764372159683e-08,2.7907756106060333e-08,7.30082660993503e-11,7.30082660993503e-11
20230522_000000,48,GLGN,1.7251028383569178e-10,1.7243502459241e-10,7.52592432817778e-14,7.52592432817778e-14
20230522_000000,48,HOSA,1.0908962622124818e-06,1.0923354238911998e-06,-1.4391616787179373e-09,1.4391616787179373e-09
20230522_000000,48,HYPI,9.593071129132547e-12,9.62285546385333e-12,-2.978433472078379e-14,2.978433472078379e-14
20230522_000000,48,INSP,1.805120319886555e-08,1.8057789930026047e-08,-6.586731160496129e-12,6.586731160496129e-12
20230522_000000,48,IXNA,3.2745117550803116e-07,3.2875803412935056e-07,-1.3068586213194067e-09,1.3068586213194067e-09
20230522_000000,48,MEKE,2.0023360747245533e-08,1.9970812559222395e-08,5.254818802313821e-11,5.254818802313821e-11
20230522_000000,48,MYTO,1.4774124146299528e-09,1.4799288461375681e-09,-2.51643150761538e-12,2.51643150761538e-12
20230522_000000,48,NUCO,5.1371783936087317e-17,5.1705246910787044e-17,-3.3346297469972715e-19,3.3346297469972715e-19
20230522_000000,48,OCPR,2.886588390538236e-08,2.8959979303522232e-08,-9.409539813987067e-11,9.409539813987067e-11
20230522_000000,48,ORPI,2.150180034021787e-09,2.1535344618683894e-09,-3.354427846602448e-12,3.354427846602448e-12
20230522_000000,48,PAFA,1.0019526541782398e-08,1.0025802410495999e-08,-6.275868713601085e-12,6.275868713601085e-12
20230522_000000,48,PECA,6.040418859543095e-11,6.048930106805628e-11,-8.511247262532606e-14,8.511247262532606e-14
20230522_000000,48,PHNU,1.782131064942405e-08,1.7878788227676523e-08,-5.7477578252473904e-11,5.7477578252473904e-11
20230522_000000,48,PIMA,1.7691629411453746e-12,1.7756240271518675e-12,-6.4610860064928666e-15,6.4610860064928666e-15
20230522_000000,48,POEC,1.0575461601547431e-05,1.0675959856598638e-05,-1.004982550512068e-07,1.004982550512068e-07
20230522_000000,48,PSFL,0.9993935823440552,0.9993902444839478,3.337860107421875e-06,3.337860107421875e-06
20230522_000000,48,SHOT,3.922999702865582e-09,3.924872871152729e-09,-1.873168287147564e-12,1.873168287147564e-12
20230522_000000,48,SITT,2.471666448400356e-06,2.4681341983523453e-06,3.53225004801061e-09,3.53225004801061e-09
20230522_000000,48,SPRU,2.9228072739861943e-10,2.926763831290202e-10,-3.9565573040079016e-13,3.9565573040079016e-13
20230522_000000,48,STOC,1.2431126007045323e-12,1.2463872165260903e-12,-3.274615821557969e-15,3.274615821557969e-15
20230522_000000,48,STOC_IRREG,2.0314361358440142e-13,2.039461942425838e-13,-8.025806581823947e-16,8.025806581823947e-16
20230522_000000,48,STVA,3.3383837361178337e-10,3.3272734567546536e-10,1.1110279363180098e-12,1.1110279363180098e-12
20230522_000000,48,STVA_IRREG,8.836018139390944e-08,8.82983997030351e-08,6.178169087434071e-11,6.178169087434071e-11
20230522_000000,48,TADO1,2.5261338702266267e-13,2.525821891051494e-13,3.119791751327039e-17,3.119791751327039e-17
20230522_000000,48,TADO2,3.605751808244406e-10,3.6084574217554177e-10,-2.7056135110115065e-13,2.7056135110115065e-13
20230522_000000,48,TAMI,2.2341408779415206e-13,2.2294086065091645e-13,4.732271432356105e-16,4.732271432356105e-16
20230522_000000,48,TUMI,1.625925870030187e-05,1.6260708434856497e-05,-1.4497345546260476e-09,1.4497345546260476e-09
20230522_000000,48,WHIS,1.607007441613989e-13,1.6116892976453245e-13,-4.68185603133553e-16,4.68185603133553e-16
20230522_000000,48,YARD,2.1810254990928257e-10,2.190795322931649e-10,-9.7698238388233e-13,9.7698238388233e-13
20230522_000000,48,ZEMA,2.4944677434746154e-08,2.4924004193849214e-08,2.0673240896940115e-11,2.0673240896940115e-11
20230522_000000,49,AEAC,2.9842080948583316e-06,2.958699951705057e-06,2.5508143153274432e-08,2.5508143153274432e-08
20230522_000000,49,BRCA,8.21554990704243e-10,8.353171487840427e-10,-1.3762158079799747e-11,1.3762158079799747e-11
20230522_000000,49,BRMA,7.319377038055713e-14,7.401077770389716e-14,-8.170073233400299e-16,8.170073233400299e-16
20230522_000000,49,BUVI,0.08627372235059738,0.08467406779527664,0.0015996545553207397,0.0015996545553207397
20230522_000000,49,CAGU,2.765888439171249e-06,2.7511919142853003e-06,1.4696524885948747e-08,1.4696524885948747e-08
20230522_000000,49,CALU,0.002042294479906559,0.00205975491553545,-1.746043562889099e-05,1.746043562889099e-05
20230522_000000,49,CAUS,6.935427232512836e-10,6.988473688629426e-10,-5.304645611658998e-12,5.304645611658998e-12
20230522_000000,49,CCOO,1.856359232998983e-10,1.8633823650748838e-10,-7.023132075900662e-13,7.023132075900662e-13
20230522_000000,49,CHFA,7.336607710239917e-11,7.410722729916941e-11,-7.41150196770235e-13,7.41150196770235e-13
20230522_000000,49,CHMI,9.777080776984803e-06,9.740101631905418e-06,3.697914507938549e-08,3.697914507938549e-08
20230522_000000,49,CHMI_IRREG,2.577097257017158e-05,2.5827281206147745e-05,-5.630863597616553e-08,5.630863597616553e-08
20230522_000000,49,COAU,4.427469779688664e-10,4.4606193738694344e-10,-3.3149594180770237e-12,3.3149594180770237e-12
20230522_000000,49,COAU2,9.169483838888937e-09,9.216928553712478e-09,-4.744471482354129e-11,4.744471482354129e-11
20230522_000000,49,COCO,5.336791673471453e-06,5.325411166268168e-06,1.1380507203284651e-08,1.1380507203284651e-08
20230522_000000,49,CYST,3.368894141431156e-08,3.3783901898232216e-08,-9.496048392065859e-11,9.496048392065859e-11
20230522_000000,49,DEFU,0.0003406259638722986,0.0003371477359905839,3.4782278817147017e-06,3.4782278817147017e-06
20230522_000000,49,DOG,5.103000603412511e-06,5.143747330293991e-06,-4.0746726881479844e-08,4.0746726881479844e-08
20230522_000000,49,DRPU,4.854383513680548e-15,4.900234677664844e-15,-4.585116398429616e-17,4.585116398429616e-17
20230522_000000,49,DRUM,1.1680187981255585e-06,1.1763049769797362e-06,-8.286178854177706e-09,8.286178854177706e-09
20230522_000000,49,FLY,7.409327372442931e-05,7.380551687674597e-05,2.877568476833403e-07,2.877568476833403e-07
20230522_000000,49,FROG,3.988012394984253e-05,3.9816379285184667e-05,6.3744664657861e-08,6.3744664657861e-08
20230522_000000,49,GLGN,4.708188328095275e-08,4.711861123496419e-08,-3.672795401143958e-11,3.672795401143958e-11
20230522_000000,49,HOSA,0.00019174086628481746,0.00019275392696727067,-1.0130606824532151e-06,1.0130606824532151e-06
20230522_000000,49,HYPI,3.7086858584167715e-10,3.7297748223252825e-10,-2.1088963908511005e-12,2.1088963908511005e-12
20230522_000000,49,INSP,0.00047446362441405654,0.0004692919028457254,5.171721568331122e-06,5.171721568331122e-06
20230522_000000,49,IXNA,9.367477815658276e-08,9.396104871939315e-08,-2.8627056281038676e-10,2.8627056281038676e-10
20230522_000000,49,MEKE,0.00022437030565924942,0.00022232861374504864,2.0416919142007828e-06,2.0416919142007828e-06
20230522_000000,49,MYTO,1.1425413566634735e-12,1.1558037513181851e-12,-1.3262394654711684e-14,1.3262394654711684e-14
20230522_000000,49,NUCO,2.0487252069688767e-17,2.1097744448977403e-17,-6.104923792886365e-19,6.104923792886365e-19
20230522_000000,49,OCPR,3.2795810511743184e-08,3.298431039411298e-08,-1.8849988236979698e-10,1.8849988236979698e-10
20230522_000000,49,ORPI,4.06331288616002e-08,4.090519922783642e-08,-2.7207036623622116e-10,2.7207036623622116e-10
20230522_000000,49,PAFA,5.178861783861066e-07,5.222510708335903e-07,-4.364892447483726e-09,4.364892447483726e-09
20230522_000000,49,PECA,1.3427110534536268e-09,1.3505004892166994e-09,-7.78943576307256e-12,7.78943576307256e-12
20230522_000000,49,PHNU,1.620486386855191e-06,1.6339290596079081e-06,-1.3442672752717044e-08,1.3442672752717044e-08
20230522_000000,49,PIMA,4.916397421551172e-14,4.995817941191166e-14,-7.942051963999441e-16,7.942051963999441e-16
20230522_000000,49,POEC,1.54371136318332e-07,1.5535275110778457e-07,-9.816147894525784e-10,9.816147894525784e-10
20230522_000000,49,PSFL,0.9100229740142822,0.9116156697273254,-0.0015926957130432129,0.0015926957130432129
20230522_000000,49,SHOT,1.3565648941948893e-06,1.3651233530254103e-06,-8.558458830520976e-09,8.558458830520976e-09
20230522_000000,49,SITT,5.836672585246561e-07,5.822809612254787e-07,1.3862972991773859e-09,1.3862972991773859e-09
20230522_000000,49,SPRU,4.200057635017629e-09,4.242317164226961e-09,-4.225952920933196e-11,4.225952920933196e-11
20230522_000000,49,STOC,1.0615860901452834e-06,1.0466524145158473e-06,1.493367562943604e-08,1.493367562943604e-08
20230522_000000,49,STOC_IRREG,1.9562552466823036e-08,1.9586366306612035e-08,-2.3813839788999758e-11,2.3813839788999758e-11
20230522_000000,49,STVA,2.3458651412511244e-05,2.3235654225572944e-05,2.2299718693830073e-07,2.2299718693830073e-07
20230522_000000,49,STVA_IRREG,0.00023060043167788535,0.00023040096857585013,1.9946310203522444e-07,1.9946310203522444e-07
20230522_000000,49,TADO1,1.2378659729195274e-11,1.249860718394169e-11,-1.1994745474641633e-13,1.1994745474641633e-13
20230522_000000,49,TADO2,2.8789582273702763e-08,2.8834358900553525e-08,-4.4776626850762113e-11,4.4776626850762113e-11
20230522_000000,49,TAMI,1.7776964622573388e-10,1.7995188672514928e-10,-2.1822404994154e-12,2.1822404994154e-12
20230522_000000,49,TUMI,1.426652261216077e-06,1.431278406016645e-06,-4.6261448005679995e-09,4.6261448005679995e-09
20230522_000000,49,WHIS,1.6239564359921133e-08,1.6246094247662768e-08,-6.529887741635321e-12,6.529887741635321e-12
20230522_000000,49,YARD,1.3877517801574868e-07,1.3995068570693547e-07,-1.1755076911867945e-09,1.1755076911867945e-09
20230522_000000,49,ZEMA,1.6642425180179998e-06,1.6712893966541742e-06,-7.04687863617437e-09,7.04687863617437e-09
20230522_000000,5,AEAC,2.5075614473735186e-08,2.5069308406955315e-08,6.306066779870889e-12,6.306066779870889e-12
20230522_000000,5,BRCA,1.52457595159472e-11,1.5209892373357903e-11,3.5867142589296463e-14,3.5867142589296463e-14
20230522_000000,5,BRMA,6.1559203914929306e-12,6.036429602701565e-12,1.1949078879136543e-13,1.1949078879136543e-13
20230522_000000,5,BUVI,0.002281095599755645,0.0022903834469616413,-9.287847205996513e-06,9.287847205996513e-06
20230522_000000,5,CAGU,3.00132578558987e-05,2.9800296033499762e-05,2.1296182239893824e-07,2.1296182239893824e-07
20230522_000000,5,CALU,4.4501389311335515e-06,4.459669980860781e-06,-9.531049727229401e-09,9.531049727229401e-09
20230522_000000,5,CAUS,7.602690743624407e-07,7.516784421568445e-07,8.590632205596194e-09,8.590632205596194e-09
20230522_000000,5,CCOO,3.5479058579923617e-10,3.487974908900071e-10,5.9930949092290575e-12,5.9930949092290575e-12
20230522_000000,5,CHFA,1.503562940818881e-09,1.4966162753538015e-09,6.9466654650796045e-12,6.9466654650796045e-12
20230522_000000,5,CHMI,4.2127663846258656e-07,4.180876942427858e-07,3.18894421980076e-09,3.18894421980076e-09
20230522_000000,5,CHMI_IRREG,3.128757839476748e-07,3.09613540139253e-07,3.262243808421772e-09,3.262243808421772e-09
20230522_000000,5,COAU,3.3092012463598053e-10,3.3198485627217167e-10,-1.0647316361911408e-12,1.0647316361911408e-12
20230522_000000,5,COAU2,1.1178800995992333e-08,1.1178889813834303e-08,-8.881784197001252e-14,8.881784197001252e-14
20230522_000000,5,COCO,4.657028114252171e-07,4.6713566348444147e-07,-1.4328520592243876e-09,1.4328520592243876e-09
20230522_000000,5,CYST,1.9168862763763173e-07,1.9238332527038438e-07,-6.9469763275265e-10,6.9469763275265e-10
20230522_000000,5,DEFU,2.0991272322135046e-05,2.1033520170021802e-05,-4.224784788675606e-08,4.224784788675606e-08
20230522_000000,5,DOG,2.1460944310547347e-07,2.146866791008506e-07,-7.723599537712289e-11,7.723599537712289e-11
20230522_000000,5,DRPU,1.743870273754296e-17,1.7150049790986455e-17,2.8865294655650454e-19,2.8865294655650454e-19
20230522_000000,5,DRUM,5.008837433706503e-07,5.037745154368167e-07,-2.8907720661663916e-09,2.8907720661663916e-09
20230522_000000,5,FLY,9.064666301128455e-06,9.099479029828217e-06,-3.4812728699762374e-08,3.4812728699762374e-08
20230522_000000,5,FROG,9.393451705363987e-07,9.354138796879852e-07,3.931290848413482e-09,3.931290848413482e-09
20230522_000000,5,GLGN,3.445374208155272e-09,3.4495637457609973e-09,-4.189537605725491e-12,4.189537605725491e-12
20230522_000000,5,HOSA,8.383573913306464e-06,8.397410965699237e-06,-1.383705239277333e-08,1.383705239277333e-08
20230522_000000,5,HYPI,2.366707940737456e-10,2.370851570621113e-10,-4.1436298836572405e-13,4.1436298836572405e-13
20230522_000000,5,INSP,3.290615268269903e-06,3.28906958202424e-06,1.5456862456630915e-09,1.5456862456630915e-09
20230522_000000,5,IXNA,1.0953252740364405e-06,1.089029069589742e-06,6.296204446698539e-09,6.296204446698539e-09
20230522_000000,5,MEKE,1.3607229902845575e-06,1.3612501561510726e-06,-5.271658665151335e-10,5.271658665151335e-10
20230522_000000,5,MYTO,7.651342753822732e-11,7.515515293432529e-11,1.3582746039020321e-12,1.3582746039020321e-12
20230522_000000,5,NUCO,5.384467214105011e-16,5.322559693572563e-16,6.1907520532448676e-18,6.1907520532448676e-18
20230522_000000,5,OCPR,1.391293302788199e-08,1.383376524444202e-08,7.916778343997066e-11,7.916778343997066e-11
20230522_000000,5,ORPI,4.9425363357613605e-08,4.9459515594207915e-08,-3.4152236594309215e-11,3.4152236594309215e-11
20230522_000000,5,PAFA,1.6741662420827197e-06,1.6827979152367334e-06,-8.631673154013697e-09,8.631673154013697e-09
20230522_000000,5,PECA,5.983900486228322e-09,5.966681815294805e-09,1.7218670933516478e-11,1.7218670933516478e-11
20230522_000000,5,PHNU,8.656847398924583e-07,8.585869863964035e-07,7.097753496054793e-09,7.097753496054793e-09
20230522_000000,5,PIMA,6.790927195576835e-12,6.71610206684492e-12,7.48251287319146e-14,7.48251287319146e-14
20230522_000000,5,POEC,1.2343581090590305e-07,1.2269303795164888e-07,7.427729542541783e-10,7.427729542541783e-10
20230522_000000,5,PSFL,0.9975972771644592,0.997588038444519,9.238719940185547e-06,9.238719940185547e-06
20230522_000000,5,SHOT,1.1939809141381375e-08,1.1862722359978761e-08,7.708678140261327e-11,7.708678140261327e-11
20230522_000000,5,SITT,5.016742761654314e-06,5.0166149776487146e-06,1.2778400559909642e-10,1.2778400559909642e-10
20230522_000000,5,SPRU,1.0211724799091826e-08,1.0214630030702665e-08,-2.9052316108391096e-12,2.9052316108391096e-12
20230522_000000,5,STOC,3.55801832441216e-09,3.525976621787663e-09,3.204170262449679e-11,3.204170262449679e-11
20230522_000000,5,STOC_IRREG,1.3375586749297952e-10,1.3272005716657986e-10,1.0358103263996554e-12,1.0358103263996554e-12
20230522_000000,5,STVA,1.0714438758441247e-06,1.074976239578973e-06,-3.5323637348483317e-09,3.5323637348483317e-09
20230522_000000,5,STVA_IRREG,1.3991685591463465e-05,1.4049022865947336e-05,-5.7337274483870715e-08,5.7337274483870715e-08
20230522_000000,5,TADO1,3.448500165981194e-11,3.434251147349521e-11,1.4249018631673493e-13,1.4249018631673493e-13
20230522_000000,5,TADO2,3.222297806360075e-08,3.186149299949648e-08,3.6148506410427217e-10,3.6148506410427217e-10
20230522_000000,5,TAMI,6.874924934896498e-11,6.854775774778332e-11,2.014916011816581e-13,2.014916011816581e-13
20230522_000000,5,TUMI,1.557655559736304e-05,1.5565199646516703e-05,1.1355950846336782e-08,1.1355950846336782e-08
20230522_000000,5,WHIS,3.3538466448490567e-10,3.336244613905137e-10,1.7602030943919544e-12,1.7602030943919544e-12
20230522_000000,5,YARD,3.885415544857551e-09,3.891067024142103e-09,-5.651479284551897e-12,5.651479284551897e-12
20230522_000000,5,ZEMA,6.671463665952615e-07,6.691760177091055e-07,-2.029651113844011e-09,2.029651113844011e-09
20230522_000000,50,AEAC,1.277963406209892e-07,1.2741666921556316e-07,3.7967140542605193e-10,3.7967140542605193e-10
20230522_000000,50,BRCA,7.311306074453405e-12,7.379587392553066e-12,-6.828131809966109e-14,6.828131809966109e-14
20230522_000000,50,BRMA,6.049178437045192e-17,5.977114462079572e-17,7.206397496561977e-19,7.206397496561977e-19
20230522_000000,50,BUVI,0.002610966796055436,0.0025824592448771,2.8507551178336143e-05,2.8507551178336143e-05
20230522_000000,50,CAGU,4.930873274133774e-07,4.886048259322706e-07,4.482501481106738e-09,4.482501481106738e-09
20230522_000000,50,CALU,0.003019047435373068,0.0030389365274459124,-1.9889092072844505e-05,1.9889092072844505e-05
20230522_000000,50,CAUS,2.5276937661022902e-12,2.5132840687086544e-12,1.4409697393635845e-14,1.4409697393635845e-14
20230522_000000,50,CCOO,1.2685484173519113e-12,1.2673842010590963e-12,1.1642162928149347e-15,1.1642162928149347e-15
20230522_000000,50,CHFA,1.6372169733217673e-13,1.6326690162587337e-13,4.54795706303357e-16,4.54795706303357e-16
20230522_000000,50,CHMI,1.7441082036384614e-06,1.739561866997974e-06,4.546336640487425e-09,4.546336640487425e-09
20230522_000000,50,CHMI_IRREG,2.649660245879204e-06,2.6414004423713777e-06,8.259803507826291e-09,8.259803507826291e-09
20230522_000000,50,COAU,1.2767772950006417e-12,1.2797215544202434e-12,-2.944259419601636e-15,2.944259419601636e-15
20230522_000000,50,COAU2,1.2694767459464629e-10,1.2718896769126076e-10,-2.4129309661446996e-13,2.4129309661446996e-13
20230522_000000,50,COCO,1.0806010322994553e-05,1.079100911738351e-05,1.500120561104268e-08,1.500120561104268e-08
20230522_000000,50,CYST,1.1353998297103374e-10,1.13587333983034e-10,-4.7351012000262926e-14,4.7351012000262926e-14
20230522_000000,50,DEFU,6.720379315083846e-05,6.71060843160376e-05,9.770883480086923e-08,9.770883480086923e-08
20230522_000000,50,DOG,4.5932768699685766e-08,4.6149551735652494e-08,-2.1678303596672777e-10,2.1678303596672777e-10
20230522_000000,50,DRPU,1.9763618288106645e-19,1.987242743533946e-19,-1.0880914723281522e-21,1.0880914723281522e-21
20230522_000000,50,DRUM,2.392798492678594e-08,2.4019142230713442e-08,-9.115730392750265e-11,9.115730392750265e-11
20230522_000000,50,FLY,8.287266837214702e-07,8.293427526950836e-07,-6.160689736134373e-10,6.160689736134373e-10
20230522_000000,50,FROG,1.2654940064749098e-06,1.2687485195783665e-06,-3.254513103456702e-09,3.254513103456702e-09
20230522_000000,50,GLGN,1.4650867186105643e-08,1.4645520352019048e-08,5.346834086594754e-12,5.346834086594754e-12
20230522_000000,50,HOSA,8.397602869081311e-06,8.433302355115302e-06,-3.569948603399098e-08,3.569948603399098e-08
20230522_000000,50,HYPI,3.139751913322497e-13,3.1392881458432165e-13,4.637674792806745e-17,4.637674792806745e-17
20230522_000000,50,INSP,2.0820600639126496e-06,2.0745605979755055e-06,7.499465937144123e-09,7.499465937144123e-09
20230522_000000,50,IXNA,1.5116851104224338e-09,1.509191882576033e-09,2.493227846400714e-12,2.493227846400714e-12
20230522_000000,50,MEKE,1.0133931027667131e-06,1.0107804655490327e-06,2.612637217680458e-09,2.612637217680458e-09
20230522_000000,50,MYTO,6.547743406227612e-15,6.502027343998403e-15,4.57160622292091e-17,4.57160622292091e-17
20230522_000000,50,NUCO,2.848445310837151e-21,2.8704498095491604e-21,-2.2004498712009387e-23,2.2004498712009387e-23
20230522_000000,50,OCPR,9.10944486509635e-10,9.082355423295496e-10,2.708944180085382e-12,2.708944180085382e-12
20230522_000000,50,ORPI,2.5982721529871355e-10,2.610604510344672e-10,-1.2332357357536239e-12,1.2332357357536239e-12
20230522_000000,50,PAFA,2.937733611929616e-09,2.939665177947859e-09,-1.9315660182428473e-12,1.9315660182428473e-12
20230522_000000,50,PECA,1.875637232334748e-12,1.871354850593865e-12,4.2823817408832454e-15,4.2823817408832454e-15
20230522_000000,50,PHNU,1.4518089130888256e-07,1.4578417051325232e-07,-6.032792043697555e-10,6.032792043697555e-10
20230522_000000,50,PIMA,1.5597340129612551e-16,1.564413605297039e-16,-4.679592335783992e-19,4.679592335783992e-19
20230522_000000,50,POEC,3.0778569026779223e-08,3.072429066719451e-08,5.427835958471405e-11,5.427835958471405e-11
20230522_000000,50,PSFL,0.9942722320556641,0.9942809343338013,-8.702278137207031e-06,8.702278137207031e-06
20230522_000000,50,SHOT,2.280399513665543e-08,2.2908999142146058e-08,-1.050040054906276e-10,1.050040054906276e-10
20230522_000000,50,SITT,2.7067130758950952e-09,2.694045653228727e-09,1.2667422666368111e-11,1.2667422666368111e-11
20230522_000000,50,SPRU,1.2499520515851792e-11,1.2527865897449253e-11,-2.8345381597461028e-14,2.8345381597461028e-14
20230522_000000,50,STOC,5.041624895341101e-10,5.037920081107927e-10,3.7048142331741474e-13,3.7048142331741474e-13
20230522_000000,50,STOC_IRREG,1.9396153086437273e-11,1.9464291289850166e-11,-6.8138203412893e-14,6.8138203412893e-14
20230522_000000,50,STVA,3.0794939931411136e-09,3.0859474975386547e-09,-6.45350439754111e-12,6.45350439754111e-12
20230522_000000,50,STVA_IRREG,8.505358550792153e-07,8.523849714947573e-07,-1.8491164155420847e-09,1.8491164155420847e-09
20230522_000000,50,TADO1,2.227587384028614e-15,2.242467635329504e-15,-1.488025130088992e-17,1.488025130088992e-17
20230522_000000,50,TADO2,1.1993470105942095e-10,1.1985891446020247e-10,7.578659921847475e-14,7.578659921847475e-14
20230522_000000,50,TAMI,3.020852339975788e-13,3.044989932941833e-13,-2.4137592966044785e-15,2.4137592966044785e-15
20230522_000000,50,TUMI,4.3150336637154396e-08,4.30471374102126e-08,1.0319922694179695e-10,1.0319922694179695e-10
20230522_000000,50,WHIS,2.8484055392130614e-11,2.8465785284481626e-11,1.8270107648987732e-14,1.8270107648987732e-14
20230522_000000,50,YARD,8.084062863566999e-10,8.136294971095026e-10,-5.223210752802743e-12,5.223210752802743e-12
20230522_000000,50,ZEMA,2.204049609488834e-09,2.2139112765273694e-09,-9.861667038535415e-12,9.861667038535415e-12
20230522_000000,6,AEAC,3.235563150738585e-09,3.2521960680043094e-09,-1.6632917265724245e-11,1.6632917265724245e-11
20230522_000000,6,BRCA,3.4012500932031897e-13,3.4296350481799465e-13,-2.838495497675675e-15,2.838495497675675e-15
20230522_000000,6,BRMA,1.0705729358573279e-10,1.0749973827772763e-10,-4.424446919948366e-13,4.424446919948366e-13
20230522_000000,6,BUVI,3.926530189346522e-05,3.9364716940326616e-05,-9.941504686139524e-08,9.941504686139524e-08
20230522_000000,6,CAGU,0.0504174567759037,0.050679150968790054,-0.00026169419288635254,0.00026169419288635254
20230522_000000,6,CALU,1.3511157703760546e-06,1.3597071983895148e-06,-8.591428013460245e-09,8.591428013460245e-09
20230522_000000,6,CAUS,2.059732935322245e-07,2.073383882361668e-07,-1.3650947039423045e-09,1.3650947039423045e-09
20230522_000000,6,CCOO,1.0172343856140742e-08,1.02156505477069e-08,-4.3306691566158406e-11,4.3306691566158406e-11
20230522_000000,6,CHFA,1.8519984434917092e-09,1.8605146312467014e-09,-8.516187754992188e-12,8.516187754992188e-12
20230522_000000,6,CHMI,9.420181186214904e-07,9.445311093259079e-07,-2.5129907044174615e-09,2.5129907044174615e-09
20230522_000000,6,CHMI_IRREG,3.652611013649221e-08,3.6803903924464976e-08,-2.7779378797276877e-10,2.7779378797276877e-10
20230522_000000,6,COAU,5.087991694630034e-10,5.121028601173805e-10,-3.3036906543770783e-12,3.3036906543770783e-12
20230522_000000,6,COAU2,2.8827043863088875e-08,2.8911692595556815e-08,-8.464873246794014e-11,8.464873246794014e-11
20230522_000000,6,COCO,2.2723017423231795e-07,2.286327855927084e-07,-1.4026113603904378e-09,1.4026113603904378e-09
20230522_000000,6,CYST,5.564119831547032e-08,5.576787387440163e-08,-1.2667555893131066e-10,1.2667555893131066e-10
20230522_000000,6,DEFU,6.882490197313018e-06,6.911658601893578e-06,-2.916840458055958e-08,2.916840458055958e-08
20230522_000000,6,DOG,3.2365630175945626e-09,3.2503852942511458e-09,-1.3822276656583199e-11,1.3822276656583199e-11
20230522_000000,6,DRPU,4.551181644671873e-18,4.599275579846931e-18,-4.8093935175058135e-20,4.8093935175058135e-20
20230522_000000,6,DRUM,4.14787280078599e-08,4.1686391227813147e-08,-2.0766321995324688e-10,2.0766321995324688e-10
20230522_000000,6,FLY,2.871981905627763e-07,2.873748030651768e-07,-1.766125024005305e-10,1.766125024005305e-10
20230522_000000,6,FROG,6.307499944568917e-08,6.35751860045275e-08,-5.001865588383225e-10,5.001865588383225e-10
20230522_000000,6,GLGN,7.344010122256606e-11,7.381805583461798e-11,-3.779546120519228e-13,3.779546120519228e-13
20230522_000000,6,HOSA,1.2165533007646445e-06,1.2190289453428704e-06,-2.4756445782259107e-09,2.4756445782259107e-09
20230522_000000,6,HYPI,2.4420901498928282e-12,2.4597947376886475e-12,-1.7704587795819293e-14,1.7704587795819293e-14
20230522_000000,6,INSP,4.680766441111928e-09,4.682331855576649e-09,-1.5654144647214707e-12,1.5654144647214707e-12
20230522_000000,6,IXNA,3.7861225337110227e-06,3.8025200410629623e-06,-1.6397507351939566e-08,1.6397507351939566e-08
20230522_000000,6,MEKE,1.5158541089022037e-08,1.5228476257789225e-08,-6.993516876718786e-11,6.993516876718786e-11
20230522_000000,6,MYTO,4.881091086872402e-08,4.911257533990465e-08,-3.0166447118062933e-10,3.0166447118062933e-10
20230522_000000,6,NUCO,5.7188001181113484e-15,5.7816148109303064e-15,-6.281469281895803e-17,6.281469281895803e-17
20230522_000000,6,OCPR,9.775826725899606e-08,9.81398002863898e-08,-3.815330273937434e-10,3.815330273937434e-10
20230522_000000,6,ORPI,1.3251355568399958e-08,1.334574584177517e-08,-9.439027337521111e-11,9.439027337521111e-11
20230522_000000,6,PAFA,1.5507247042023664e-08,1.5591332669373514e-08,-8.408562734985026e-11,8.408562734985026e-11
20230522_000000,6,PECA,2.654240716104539e-10,2.673697929722607e-10,-1.945721361806818e-12,1.945721361806818e-12
20230522_000000,6,PHNU,4.280175289750332e-07,4.319300614952226e-07,-3.912532520189416e-09,3.912532520189416e-09
20230522_000000,6,PIMA,9.475745882392417e-11,9.525802369125813e-11,-5.005648673339635e-13,5.005648673339635e-13
20230522_000000,6,POEC,1.243533279193798e-05,1.249993874807842e-05,-6.460595614043996e-08,6.460595614043996e-08
20230522_000000,6,PSFL,0.9494935870170593,0.9492315649986267,0.0002620220184326172,0.0002620220184326172
20230522_000000,6,SHOT,5.20791465508097e-10,5.246411083348335e-10,-3.849642826736499e-12,3.849642826736499e-12
20230522_000000,6,SITT,5.627469363389537e-06,5.635958586935885e-06,-8.489223546348512e-09,8.489223546348512e-09
20230522_000000,6,SPRU,1.5941158393317778e-09,1.6025275551001528e-09,-8.411715768374961e-12,8.411715768374961e-12
20230522_000000,6,STOC,6.868961562739306e-12,6.919776383840226e-12,-5.0814821100919616e-14,5.0814821100919616e-14
20230522_000000,6,STOC_IRREG,4.059475845752392e-12,4.10465151451378e-12,-4.517566876138801e-14,4.517566876138801e-14
20230522_000000,6,STVA,7.837503979146732e-10,7.840798010860794e-10,-3.2940317140628395e-13,3.2940317140628395e-13
20230522_000000,6,STVA_IRREG,9.855693861027248e-08,9.896670150055797e-08,-4.097628902854922e-10,4.097628902854922e-10
20230522_000000,6,TADO1,1.297555812795892e-12,1.3084269995591868e-12,-1.0871186763294904e-14,1.0871186763294904e-14
20230522_000000,6,TADO2,2.4671095388839603e-08,2.48859564067061e-08,-2.148610178664967e-10,2.148610178664967e-10
20230522_000000,6,TAMI,1.595540886911717e-11,1.6152672949187874e-11,-1.9726408007070262e-13,1.9726408007070262e-13
20230522_000000,6,TUMI,1.571792017784901e-05,1.574039924889803e-05,-2.2479071049019694e-08,2.2479071049019694e-08
20230522_000000,6,WHIS,1.6451833385194847e-12,1.6573697709382218e-12,-1.218643241873707e-14,1.218643241873707e-14
20230522_000000,6,YARD,1.7749099065489382e-11,1.7775770438932526e-11,-2.667137344314341e-14,2.667137344314341e-14
20230522_000000,6,ZEMA,1.2924405545788886e-08,1.2943210947469197e-08,-1.880540168031075e-11,1.880540168031075e-11
20230522_000000,7,AEAC,9.079651499632746e-05,9.029309148900211e-05,5.034235073253512e-07,5.034235073253512e-07
20230522_000000,7,BRCA,1.3967952128268735e-08,1.4095665079594255e-08,-1.277129513255204e-10,1.277129513255204e-10
20230522_000000,7,BRMA,5.081611672251574e-13,5.112448550441406e-13,-3.0836878189832717e-15,3.0836878189832717e-15
20230522_000000,7,BUVI,0.2525997757911682,0.25079450011253357,0.0018052756786346436,0.0018052756786346436
20230522_000000,7,CAGU,1.7192153336509364e-06,1.7051951317625935e-06,1.4020201888342854e-08,1.4020201888342854e-08
20230522_000000,7,CALU,1.0816390840773238e-06,1.0940311767626554e-06,-1.239209268533159e-08,1.239209268533159e-08
20230522_000000,7,CAUS,2.037408464161672e-09,2.0508086340242926e-09,-1.3400169862620714e-11,1.3400169862620714e-11
20230522_000000,7,CCOO,1.1301359154058943e-10,1.1333759625253848e-10,-3.240047119490441e-13,3.240047119490441e-13
20230522_000000,7,CHFA,4.809290743423844e-10,4.846741896713525e-10,-3.7451153289680406e-12,3.7451153289680406e-12
20230522_000000,7,CHMI,3.534702727847616e-06,3.5235991617810214e-06,1.1103566066594794e-08,1.1103566066594794e-08
20230522_000000,7,CHMI_IRREG,1.0254137123411056e-05,1.0262539944960736e-05,-8.402821549680084e-09,8.402821549680084e-09
20230522_000000,7,COAU,7.948166569349269e-10,8.006961205175855e-10,-5.879463582658673e-12,5.879463582658673e-12
20230522_000000,7,COAU2,2.6364627814245978e-08,2.6549013654175724e-08,-1.84385839929746e-10,1.84385839929746e-10
20230522_000000,7,COCO,8.934797733672895e-06,8.948168215283658e-06,-1.3370481610763818e-08,1.3370481610763818e-08
20230522_000000,7,CYST,1.5167094602475117e-07,1.5228590655169683e-07,-6.149605269456515e-10,6.149605269456515e-10
20230522_000000,7,DEFU,0.00026433085440658033,0.00026358370087109506,7.471535354852676e-07,7.471535354852676e-07
20230522_000000,7,DOG,9.12633549887687e-06,9.215305908583105e-06,-8.897040970623493e-08,8.897040970623493e-08
20230522_000000,7,DRPU,6.620812385785149e-16,6.662540405140448e-16,-4.172801935529904e-18,4.172801935529904e-18
20230522_000000,7,DRUM,5.388159024732886e-06,5.426857114798622e-06,-3.8698090065736324e-08,3.8698090065736324e-08
20230522_000000,7,FLY,8.819784125080332e-05,8.82962194737047e-05,-9.83782229013741e-08,9.83782229013741e-08
20230522_000000,7,FROG,2.37469812418567e-05,2.3790205887053162e-05,-4.322464519646019e-08,4.322464519646019e-08
20230522_000000,7,GLGN,3.806060817623802e-07,3.8019939552214055e-07,4.0668624023965094e-10,4.0668624023965094e-10
20230522_000000,7,HOSA,0.00013678846880793571,0.00013809646770823747,-1.3079989003017545e-06,1.3079989003017545e-06
20230522_000000,7,HYPI,5.770542932381773e-10,5.807576641814194e-10,-3.703370943242135e-12,3.703370943242135e-12
20230522_000000,7,INSP,0.000677159521728754,0.0006789396284148097,-1.7801066860556602e-06,1.7801066860556602e-06
20230522_000000,7,IXNA,2.4038106971602247e-07,2.411343871244753e-07,-7.533174084528582e-10,7.533174084528582e-10
20230522_000000,7,MEKE,0.0002583793248049915,0.00025779425050131977,5.850743036717176e-07,5.850743036717176e-07
20230522_000000,7,MYTO,1.551022222982812e-13,1.5590333928353073e-13,-8.011169852495392e-16,8.011169852495392e-16
20230522_000000,7,NUCO,2.349197704210927e-16,2.395494936921071e-16,-4.6297232710143955e-18,4.6297232710143955e-18
20230522_000000,7,OCPR,1.1966643853611458e-07,1.1964303325839865e-07,2.34052777159377e-11,2.34052777159377e-11
20230522_000000,7,ORPI,1.680696186667774e-07,1.690551982846955e-07,-9.855796179181198e-10,9.855796179181198e-10
20230522_000000,7,PAFA,3.5734537959797308e-06,3.6121473385719582e-06,-3.869354259222746e-08,3.869354259222746e-08
20230522_000000,7,PECA,1.4562986372368414e-08,1.4639654821735348e-08,-7.666844936693451e-11,7.666844936693451e-11
20230522_000000,7,PHNU,1.970679295482114e-05,1.9727325707208365e-05,-2.0532752387225628e-08,2.0532752387225628e-08
20230522_000000,7,PIMA,7.651659254120924e-13,7.742858546162801e-13,-9.119929204187693e-15,9.119929204187693e-15
20230522_000000,7,POEC,2.5901469857814163e-09,2.598083082006042e-09,-7.936096224625544e-12,7.936096224625544e-12
20230522_000000,7,PSFL,0.7450599670410156,0.7468554973602295,-0.0017955303192138672,0.0017955303192138672
20230522_000000,7,SHOT,4.883770543528954e-07,4.915033855468209e-07,-3.12633119392558e-09,3.12633119392558e-09
20230522_000000,7,SITT,3.939533712582488e-07,3.94249155988291e-07,-2.957847300422145e-10,2.957847300422145e-10
20230522_000000,7,SPRU,2.5460261454668398e-08,2.5705013229071483e-08,-2.447517744030847e-10,2.447517744030847e-10
20230522_000000,7,STOC,3.7862523640797008e-06,3.783887677855091e-06,2.3646862246096134e-09,2.3646862246096134e-09
20230522_000000,7,STOC_IRREG,1.5884280912814575e-07,1.6012511139251728e-07,-1.2823022643715376e-09,1.2823022643715376e-09
20230522_000000,7,STVA,5.632583997794427e-05,5.6806868087733164e-05,-4.810281097888947e-07,4.810281097888947e-07
20230522_000000,7,STVA_IRREG,0.0006702028913423419,0.0006778300739824772,-7.627182640135288e-06,7.627182640135288e-06
20230522_000000,7,TADO1,1.3547798993762683e-10,1.3659655351272448e-10,-1.118563575097653e-12,1.118563575097653e-12
20230522_000000,7,TADO2,1.8843602234142054e-08,1.8912050592234664e-08,-6.844835809260985e-11,6.844835809260985e-11
20230522_000000,7,TAMI,2.8011508668157603e-09,2.823071998392379e-09,-2.192113157661879e-11,2.192113157661879e-11
20230522_000000,7,TUMI,2.1437849682115484e-06,2.145410917364643e-06,-1.6259491530945525e-09,1.6259491530945525e-09
20230522_000000,7,WHIS,1.1132627264487382e-07,1.1214967798878206e-07,-8.234053439082345e-10,8.234053439082345e-10
20230522_000000,7,YARD,1.789685768471827e-07,1.8000740453771868e-07,-1.0388276905359817e-09,1.0388276905359817e-09
20230522_000000,7,ZEMA,2.6565303414827213e-06,2.6754285045171855e-06,-1.8898163034464233e-08,1.8898163034464233e-08
20230522_000000,8,AEAC,9.371768916466294e-10,9.302342229844385e-10,6.942668662190954e-12,6.942668662190954e-12
20230522_000000,8,BRCA,7.664501501799073e-16,7.609941992084055e-16,5.455950971501762e-18,5.455950971501762e-18
20230522_000000,8,BRMA,1.8501380739911645e-20,1.813165039314605e-20,3.6973034676559666e-22,3.6973034676559666e-22
20230522_000000,8,BUVI,0.00036350710433907807,0.0003625158569775522,9.912473615258932e-07,9.912473615258932e-07
20230522_000000,8,CAGU,1.1983589676134443e-09,1.1861918114419723e-09,1.2167156171472016e-11,1.2167156171472016e-11
20230522_000000,8,CALU,2.6754834834719077e-05,2.6648751372704282e-05,1.0608346201479435e-07,1.0608346201479435e-07
20230522_000000,8,CAUS,5.416589773959328e-15,5.363874254970483e-15,5.271551898884501e-17,5.271551898884501e-17
20230522_000000,8,CCOO,8.329609506735482e-17,8.173184358945784e-17,1.5642514778969787e-18,1.5642514778969787e-18
20230522_000000,8,CHFA,1.7260685197915423e-16,1.7035678836411198e-16,2.2500636150422438e-18,2.2500636150422438e-18
20230522_000000,8,CHMI,9.295273439846596e-10,9.191056804525033e-10,1.0421663532156344e-11,1.0421663532156344e-11
20230522_000000,8,CHMI_IRREG,1.7731146551014376e-09,1.7614234515406224e-09,1.1691203560815211e-11,1.1691203560815211e-11
20230522_000000,8,COAU,1.655878049356351e-15,1.6336629162487125e-15,2.2215133107638535e-17,2.2215133107638535e-17
20230522_000000,8,COAU2,7.514042149993697e-14,7.41821358572585e-14,9.582856426784692e-16,9.582856426784692e-16
20230522_000000,8,COCO,8.829204034555005e-10,8.77903694185278e-10,5.016709270222464e-12,5.016709270222464e-12
20230522_000000,8,CYST,1.7417412997988713e-12,1.723116766459698e-12,1.8624533339173244e-14,1.8624533339173244e-14
20230522_000000,8,DEFU,3.753096962100244e-07,3.7268534924805863e-07,2.6243469619657844e-09,2.6243469619657844e-09
20230522_000000,8,DOG,6.049091783033589e-10,6.03579852764824e-10,1.3293255385349312e-12,1.3293255385349312e-12
20230522_000000,8,DRPU,3.559596626379221e-23,3.4915239256015274e-23,6.807270077769364e-25,6.807270077769364e-25
20230522_000000,8,DRUM,1.8528349687851886e-10,1.83932286068611e-10,1.3512108099078546e-12,1.3512108099078546e-12
20230522_000000,8,FLY,2.4207205129300746e-08,2.4018483202326024e-08,1.88721926974722e-10,1.88721926974722e-10
20230522_000000,8,FROG,8.361686454350092e-09,8.344106738888968e-09,1.757971546112458e-11,1.757971546112458e-11
20230522_000000,8,GLGN,3.8938887921349807e-13,3.8617262057387414e-13,3.2162586396239368e-15,3.2162586396239368e-15
20230522_000000,8,HOSA,1.3556000055814366e-07,1.3566049972268956e-07,-1.0049916454590857e-10,1.0049916454590857e-10
20230522_000000,8,HYPI,3.7503286359168565e-16,3.7033749526725905e-16,4.695368324426604e-18,4.695368324426604e-18
20230522_000000,8,INSP,1.2738915700083453e-08,1.2703189611329435e-08,3.572608875401784e-11,3.572608875401784e-11
20230522_000000,8,IXNA,7.873800569879741e-12,7.809241968359526e-12,6.455860152021486e-14,6.455860152021486e-14
20230522_000000,8,MEKE,5.420360338348473e-08,5.395733637669764e-08,2.462670067870931e-10,2.462670067870931e-10
20230522_000000,8,MYTO,8.560832854326079e-19,8.379646695964581e-19,1.8118615836149803e-20,1.8118615836149803e-20
20230522_000000,8,NUCO,1.5740801080287807e-25,1.5504465748654578e-25,2.363353316332287e-27,2.363353316332287e-27
20230522_000000,8,OCPR,2.9608290103531887e-13,2.9261079778804266e-13,3.4721032472762037e-15,3.4721032472762037e-15
20230522_000000,8,ORPI,5.839957965998732e-13,5.77960530996624e-13,6.035265603249185e-15,6.035265603249185e-15
20230522_000000,8,PAFA,5.862407781442869e-11,5.843402151040067e-11,1.9005630402801899e-13,1.9005630402801899e-13
20230522_000000,8,PECA,3.2036698242036065e-15,3.1695761128019105e-15,3.409371140169603e-17,3.409371140169603e-17
20230522_000000,8,PHNU,7.409933222568554e-10,7.357004450092575e-10,5.292877247597971e-12,5.292877247597971e-12
20230522_000000,8,PIMA,1.6279647931602372e-20,1.6031613301284372e-20,2.4803463031800025e-22,2.4803463031800025e-22
20230522_000000,8,POEC,3.0101880189870034e-12,2.9636753121065063e-12,4.6512706880497134e-14,4.6512706880497134e-14
20230522_000000,8,PSFL,0.9996090531349182,0.9996101260185242,-1.0728836059570312e-06,1.0728836059570312e-06
20230522_000000,8,SHOT,3.779254686975264e-11,3.761252073686272e-11,1.8002613288992109e-13,1.8002613288992109e-13
20230522_000000,8,SITT,1.1607069472230336e-10,1.1448729464458296e-10,1.5834000777203983e-12,1.5834000777203983e-12
20230522_000000,8,SPRU,7.522617511551699e-14,7.459572510474383e-14,6.304500107731648e-16,6.304500107731648e-16
20230522_000000,8,STOC,8.064978264214762e-13,8.08726132936477e-13,-2.228306515000833e-15,2.228306515000833e-15
20230522_000000,8,STOC_IRREG,1.8222348543289746e-14,1.8237876351278812e-14,-1.5527807989065834e-17,1.5527807989065834e-17
20230522_000000,8,STVA,1.8822543523810964e-09,1.882995981361546e-09,-7.416289804496046e-13,7.416289804496046e-13
20230522_000000,8,STVA_IRREG,8.831570852407822e-08,8.850820876205034e-08,-1.9250023797212634e-10,1.9250023797212634e-10
20230522_000000,8,TADO1,3.916940909996839e-18,3.8698933582966604e-18,4.7047551700178555e-20,4.7047551700178555e-20
20230522_000000,8,TADO2,1.8260142475769875e-13,1.8064575443149655e-13,1.955670326202197e-15,1.955670326202197e-15
20230522_000000,8,TAMI,1.9290755827710003e-16,1.9120585585117634e-16,1.7017024259236902e-18,1.7017024259236902e-18
20230522_000000,8,TUMI,5.986811602021191e-10,5.924387092015593e-10,6.242451000559868e-12,6.242451000559868e-12
20230522_000000,8,WHIS,2.1346344966166955e-14,2.134062749377299e-14,5.717472393966527e-18,5.717472393966527e-18
20230522_000000,8,YARD,3.826039420180838e-13,3.8084821212501507e-13,1.7557298930687137e-15,1.7557298930687137e-15
20230522_000000,8,ZEMA,4.5615570348767065e-11,4.528342978371569e-11,3.3214056505137535e-13,3.3214056505137535e-13
20230522_000000,9,AEAC,1.1348220141371712e-09,1.1240068875650877e-09,1.08151265720835e-11,1.08151265720835e-11
20230522_000000,9,BRCA,3.402134831822091e-16,3.430214238721367e-16,-2.8079406899276073e-18,2.8079406899276073e-18
20230522_000000,9,BRMA,1.1362364535942928e-20,1.111435333163837e-20,2.480112043045588e-22,2.480112043045588e-22
20230522_000000,9,BUVI,0.008442138321697712,0.00828064326196909,0.00016149505972862244,0.00016149505972862244
20230522_000000,9,CAGU,9.21807519205231e-09,9.026194014438715e-09,1.9188117761359536e-10,1.9188117761359536e-10
20230522_000000,9,CALU,1.5681258958011313e-07,1.5637455419437174e-07,4.3803538574138656e-10,4.3803538574138656e-10
20230522_000000,9,CAUS,5.974741287519602e-15,5.874345860413339e-15,1.003954271062632e-16,1.003954271062632e-16
20230522_000000,9,CCOO,5.420237415467561e-16,5.350854299780001e-16,6.938311568755991e-18,6.938311568755991e-18
20230522_000000,9,CHFA,2.858226389028135e-16,2.825063990351945e-16,3.3162398676189926e-18,3.3162398676189926e-18
20230522_000000,9,CHMI,8.631464432085068e-09,8.490005143357848e-09,1.4145928872721925e-10,1.4145928872721925e-10
20230522_000000,9,CHMI_IRREG,2.7234769106598833e-08,2.7146002778977163e-08,8.876632762166992e-11,8.876632762166992e-11
20230522_000000,9,COAU,2.2801070795879657e-16,2.2643205030335137e-16,1.5786576554452023e-18,1.5786576554452023e-18
20230522_000000,9,COAU2,7.454660397006665e-14,7.445331514938786e-14,9.328882067879962e-17,9.328882067879962e-17
20230522_000000,9,COCO,8.74025352093355e-10,8.663298411981657e-10,7.695510895189273e-12,7.695510895189273e-12
20230522_000000,9,CYST,1.6294539502414995e-12,1.6054814812663243e-12,2.3972468975175243e-14,2.3972468975175243e-14
20230522_000000,9,DEFU,1.0486949122423539e-06,1.0342486120862304e-06,1.444630015612347e-08,1.444630015612347e-08
20230522_000000,9,DOG,4.576079237761377e-10,4.578762924367652e-10,-2.6836866062751596e-13,2.6836866062751596e-13
20230522_000000,9,DRPU,3.7687526824346234e-23,3.710078786026095e-23,5.867389640852842e-25,5.867389640852842e-25
20230522_000000,9,DRUM,1.9934484618566728e-10,1.9840087905897974e-10,9.439671266875393e-13,9.439671266875393e-13
20230522_000000,9,FLY,6.575573507916488e-08,6.51120544148398e-08,6.436806643250748e-10,6.436806643250748e-10
20230522_000000,9,FROG,4.26613366855122e-09,4.222591609703841e-09,4.354205884737894e-11,4.354205884737894e-11
20230522_000000,9,GLGN,7.88060697427817e-13,7.842541178103291e-13,3.806579617487982e-15,3.806579617487982e-15
20230522_000000,9,HOSA,8.707200294111317e-08,8.727241862516166e-08,-2.0041568404849386e-10,2.0041568404849386e-10
20230522_000000,9,HYPI,4.0438358753545163e-16,3.978723393907894e-16,6.5112481446622135e-18,6.5112481446622135e-18
20230522_000000,9,INSP,2.729802304202167e-07,2.703255006508698e-07,2.6547297693468863e-09,2.6547297693468863e-09
20230522_000000,9,IXNA,2.283694761073818e-11,2.2511747674314186e-11,3.2519993642399214e-13,3.2519993642399214e-13
20230522_000000,9,MEKE,5.752441012418785e-08,5.641355116381419e-08,1.1108589603736618e-09,1.1108589603736618e-09
20230522_000000,9,MYTO,5.2451933001119494e-20,5.155975085582143e-20,8.921821452980638e-22,8.921821452980638e-22
20230522_000000,9,NUCO,4.492740348937337e-26,4.507395597293355e-26,-1.4655248356018008e-28,1.4655248356018008e-28
20230522_000000,9,OCPR,8.254568361308612e-13,8.239285447485256e-13,1.528291382335567e-15,1.528291382335567e-15
20230522_000000,9,ORPI,5.667944412424131e-13,5.642040112018021e-13,2.5904300406109915e-15,2.5904300406109915e-15
20230522_000000,9,PAFA,3.1439670311605994e-11,3.1450005794075864e-11,-1.0335482469869817e-14,1.0335482469869817e-14
20230522_000000,9,PECA,3.733538272380349e-15,3.709188192729156e-15,2.4350079651193e-17,2.4350079651193e-17
20230522_000000,9,PHNU,1.8433967685638208e-09,1.8518703237546674e-09,-8.473555190846582e-12,8.473555190846582e-12
20230522_000000,9,PIMA,5.073119295523676e-21,5.040109215307198e-21,3.3010080216477734e-23,3.3010080216477734e-23
20230522_000000,9,POEC,2.7438791256467754e-12,2.7246893977150854e-12,1.9189727931689937e-14,1.9189727931689937e-14
20230522_000000,9,PSFL,0.9915561676025391,0.9917176961898804,-0.0001615285873413086,0.0001615285873413086
20230522_000000,9,SHOT,5.689254622964768e-11,5.6913210255693514e-11,-2.0664026045835726e-14,2.0664026045835726e-14
20230522_000000,9,SITT,9.10249028929222e-11,8.922745875494797e-11,1.7974441379742245e-12,1.7974441379742245e-12
20230522_000000,9,SPRU,3.4877238900762886e-14,3.467648192786825e-14,2.0075697289463623e-16,2.0075697289463623e-16
20230522_000000,9,STOC,1.4158271777198195e-11,1.3947475119291397e-11,2.107966579067977e-13,2.107966579067977e-13
20230522_000000,9,STOC_IRREG,4.980720087126127e-14,4.957380263671124e-14,2.3339823455002795e-16,2.3339823455002795e-16
20230522_000000,9,STVA,2.1115671433591388e-09,2.0756583118952676e-09,3.590883146387114e-11,3.590883146387114e-11
20230522_000000,9,STVA_IRREG,5.5460247949667973e-08,5.547870074451566e-08,-1.8452794847689802e-11,1.8452794847689802e-11
20230522_000000,9,TADO1,1.4168412752951288e-17,1.407026115582697e-17,9.815159712431716e-20,9.815159712431716e-20
20230522_000000,9,TADO2,1.6131994557463253e-13,1.5885689573676143e-13,2.4630498378711008e-15,2.4630498378711008e-15
20230522_000000,9,TAMI,4.264090580547991e-17,4.289078714236483e-17,-2.4988133688491902e-19,2.4988133688491902e-19
20230522_000000,9,TUMI,3.95391885898988e-10,3.9099748438964355e-10,4.394401509344448e-12,4.394401509344448e-12
20230522_000000,9,WHIS,2.5655916464657064e-14,2.5522739168426165e-14,1.3317729623089913e-16,1.3317729623089913e-16
20230522_000000,9,YARD,3.4950777623617146e-13,3.4998100337940707e-13,-4.732271432356105e-16,4.732271432356105e-16
20230522_000000,9,ZEMA,1.7751720926550973e-10,1.762431034446621e-10,1.2741058208476375e-12,1.2741058208476375e-12
20230523_200000,1,AEAC,0.011122329160571098,0.011077970266342163,4.435889422893524e-05,4.435889422893524e-05
20230523_200000,1,BRCA,1.0256072528136428e-05,1.02082985904417e-05,4.7773937694728374e-08,4.7773937694728374e-08
20230523_200000,1,BRMA,1.8842898075188685e-10,1.8655799127742512e-10,1.8709894744617372e-12,1.8709894744617372e-12
20230523_200000,1,BUVI,0.20301546156406403,0.20338843762874603,-0.00037297606468200684,0.00037297606468200684
20230523_200000,1,CAGU,0.00030536638223566115,0.0003044448094442487,9.215727914124727e-07,9.215727914124727e-07
20230523_200000,1,CALU,0.030229732394218445,0.030165933072566986,6.379932165145874e-05,6.379932165145874e-05
20230523_200000,1,CAUS,6.745814857822552e-07,6.689693918815465e-07,5.6120939007087145e-09,5.6120939007087145e-09
20230523_200000,1,CCOO,2.7511095623822257e-08,2.7290083082220917e-08,2.2101254160133976e-10,2.2101254160133976e-10
20230523_200000,1,CHFA,2.0858014693203586e-07,2.0780068155090703e-07,7.794653811288299e-10,7.794653811288299e-10
20230523_200000,1,CHMI,0.000985096674412489,0.0009832989890128374,1.7976853996515274e-06,1.7976853996515274e-06
20230523_200000,1,CHMI_IRREG,0.0021498503629118204,0.002136221621185541,1.3628741726279259e-05,1.3628741726279259e-05
20230523_200000,1,COAU,6.641635081905406e-07,6.59514341805334e-07,4.649166385206627e-09,4.649166385206627e-09
20230523_200000,1,COAU2,6.0186175687704235e-06,6.005350769555662e-06,1.3266799214761704e-08,1.3266799214761704e-08
20230523_200000,1,COCO,0.04103174805641174,0.04120505601167679,-0.00017330795526504517,0.00017330795526504517
20230523_200000,1,CYST,1.1729479410860222e-05,1.1682125659717713e-05,4.735375114250928e-08,4.735375114250928e-08
20230523_200000,1,DEFU,0.059581395238637924,0.05976570025086403,-0.00018430501222610474,0.00018430501222610474
20230523_200000,1,DOG,0.0012921711895614862,0.00128763762768358,4.5335618779063225e-06,4.5335618779063225e-06
20230523_200000,1,DRPU,1.040689995117361e-12,1.0199949608893921e-12,2.069503422796881e-14,2.069503422796881e-14
20230523_200000,1,DRUM,0.00827653519809246,0.00829816423356533,-2.1629035472869873e-05,2.1629035472869873e-05
20230523_200000,1,FLY,0.005515454337000847,0.005508513655513525,6.940681487321854e-06,6.940681487321854e-06
20230523_200000,1,FROG,0.00867855828255415,0.008635392412543297,4.3165870010852814e-05,4.3165870010852814e-05
20230523_200000,1,GLGN,0.00098847143817693,0.0009841873543336987,4.284083843231201e-06,4.284083843231201e-06
20230523_200000,1,HOSA,0.02125682309269905,0.02126973308622837,-1.2909993529319763e-05,1.2909993529319763e-05
20230523_200000,1,HYPI,4.2192249338768306e-07,4.2091139107469644e-07,1.0111023129866226e-09,1.0111023129866226e-09
20230523_200000,1,INSP,0.009879572317004204,0.00992628000676632,-4.670768976211548e-05,4.670768976211548e-05
20230523_200000,1,IXNA,0.0001114261758630164,0.00011160953727085143,-1.8336140783503652e-07,1.8336140783503652e-07
20230523_200000,1,MEKE,0.023147501051425934,0.023126311600208282,2.1189451217651367e-05,2.1189451217651367e-05
20230523_200000,1,MYTO,6.353046977380927e-10,6.27080998238938e-10,8.22369949915469e-12,8.22369949915469e-12
20230523_200000,1,NUCO,1.8118660868524095e-13,1.7839427309505884e-13,2.7923355901821045e-15,2.7923355901821045e-15
20230523_200000,1,OCPR,4.180687483312795e-06,4.152975179749774e-06,2.7712303563021123e-08,2.7712303563021123e-08
20230523_200000,1,ORPI,9.462060006626416e-06,9.386995770910289e-06,7.506423571612686e-08,7.506423571612686e-08
20230523_200000,1,PAFA,0.0007356961723417044,0.0007360699819400907,-3.738095983862877e-07,3.738095983862877e-07
20230523_200000,1,PECA,3.469377361398074e-06,3.4564718589535914e-06,1.2905502444482408e-08,1.2905502444482408e-08
20230523_200000,1,PHNU,6.538187153637409e-05,6.445803592214361e-05,9.238356142304838e-07,9.238356142304838e-07
20230523_200000,1,PIMA,3.4568270468327e-10,3.421719019236491e-10,3.5108027596209013e-12,3.5108027596209013e-12
20230523_200000,1,POEC,2.4963133910205215e-05,2.4955137632787228e-05,7.996277417987585e-09,7.996277417987585e-09
20230523_200000,1,PSFL,0.5501402616500854,0.5495226383209229,0.0006176233291625977,0.0006176233291625977
20230523_200000,1,SHOT,0.003748046699911356,0.0037404110189527273,7.635680958628654e-06,7.635680958628654e-06
20230523_200000,1,SITT,2.1792884581373073e-05,2.1692982045351528e-05,9.990253602154553e-08,9.990253602154553e-08
20230523_200000,1,SPRU,3.53020332113374e-05,3.539122917572968e-05,-8.919596439227462e-08,8.919596439227462e-08
20230523_200000,1,STOC,9.129002137342468e-05,9.124364441959187e-05,4.637695383280516e-08,4.637695383280516e-08
20230523_200000,1,STOC_IRREG,9.77173385763308e-06,9.750379831530154e-06,2.1354026102926582e-08,2.1354026102926582e-08
20230523_200000,1,STVA,0.0016917550237849355,0.0016929310513660312,-1.1760275810956955e-06,1.1760275810956955e-06
20230523_200000,1,STVA_IRREG,0.015264601446688175,0.015283050946891308,-1.844950020313263e-05,1.844950020313263e-05
20230523_200000,1,TADO1,2.7260686152885683e-08,2.7124439583303683e-08,1.362465695819992e-10,1.362465695819992e-10
20230523_200000,1,TADO2,1.866061211330816e-05,1.8560123862698674e-05,1.004882506094873e-07,1.004882506094873e-07
20230523_200000,1,TAMI,6.982260742915969e-07,6.921783324287389e-07,6.047741862857947e-09,6.047741862857947e-09
20230523_200000,1,TUMI,0.00039094482781365514,0.00039005911094136536,8.857168722897768e-07,8.857168722897768e-07
20230523_200000,1,WHIS,1.8813463611877523e-05,1.8749376977211796e-05,6.408663466572762e-08,6.408663466572762e-08
20230523_200000,1,YARD,0.00012013162631774321,0.00012036168482154608,-2.3005850380286574e-07,2.3005850380286574e-07
20230523_200000,1,ZEMA,7.282624665094772e-06,7.265310614457121e-06,1.7314050637651235e-08,1.7314050637651235e-08
20230523_200000,10,AEAC,1.4584727522914953e-11,1.4487306319865834e-11,9.74212030491195e-14,9.74212030491195e-14
20230523_200000,10,BRCA,4.127067119461847e-17,4.1396353016889776e-17,-1.2568182227130702e-19,1.2568182227130702e-19
20230523_200000,10,BRMA,1.0934996502588578e-20,1.0959973479678558e-20,-2.4976977089980093e-23,2.4976977089980093e-23
20230523_200000,10,BUVI,0.00013736195978708565,0.0001370547543046996,3.072054823860526e-07,3.072054823860526e-07
20230523_200000,10,CAGU,2.849312175090546e-10,2.8448221556232056e-10,4.4900194673402893e-13,4.4900194673402893e-13
20230523_200000,10,CALU,1.5103091000057134e-09,1.5060120928112042e-09,4.297007194509206e-12,4.297007194509206e-12
20230523_200000,10,CAUS,2.9958521964188953e-15,3.009403876542017e-15,-1.3551680123121551e-17,1.3551680123121551e-17
20230523_200000,10,CCOO,2.3574417501551e-17,2.375741963154978e-17,-1.8300212999878163e-19,1.8300212999878163e-19
20230523_200000,10,CHFA,1.213808536629457e-16,1.2242674082945775e-16,-1.0458871665120482e-18,1.0458871665120482e-18
20230523_200000,10,CHMI,1.5702626698921307e-10,1.571527769028691e-10,-1.265099136560366e-13,1.265099136560366e-13
20230523_200000,10,CHMI_IRREG,8.854736388563822e-10,8.865657097345547e-10,-1.0920708781725352e-12,1.0920708781725352e-12
20230523_200000,10,COAU,6.599765734628248e-17,6.607148817903651e-17,-7.383083275403304e-20,7.383083275403304e-20
20230523_200000,10,COAU2,7.457810004317736e-15,7.505847783855369e-15,-4.8037779537633135e-17,4.8037779537633135e-17
20230523_200000,10,COCO,4.3444730452035785e-11,4.34946557936744e-11,-4.992534163861251e-14,4.992534163861251e-14
20230523_200000,10,CYST,4.957120868301357e-13,4.952237621716482e-13,4.883246584874712e-16,4.883246584874712e-16
20230523_200000,10,DEFU,2.236875218386558e-08,2.2338404903621267e-08,3.034728024431388e-11,3.034728024431388e-11
20230523_200000,10,DOG,1.3530804254813233e-10,1.3564739609339682e-10,-3.393535452644869e-13,3.393535452644869e-13
20230523_200000,10,DRPU,3.1787542634181018e-24,3.2103538619137662e-24,-3.1599598495664375e-26,3.1599598495664375e-26
20230523_200000,10,DRUM,2.2355582662836326e-11,2.2425714063523117e-11,-7.013140068679036e-14,7.013140068679036e-14
20230523_200000,10,FLY,2.8929199036298314e-09,2.891707318042336e-09,1.212585587495596e-12,1.212585587495596e-12
20230523_200000,10,FROG,1.1538905247965303e-10,1.1558844853487571e-10,-1.9939605522267811e-13,1.9939605522267811e-13
20230523_200000,10,GLGN,1.458253616058898e-14,1.456741662248049e-14,1.511953810848926e-17,1.511953810848926e-17
20230523_200000,10,HOSA,5.878121989155716e-09,5.890391729934663e-09,-1.226974077894738e-11,1.226974077894738e-11
20230523_200000,10,HYPI,2.2632315032134754e-18,2.266273253120986e-18,-3.041749907510621e-21,3.041749907510621e-21
20230523_200000,10,INSP,1.370303204240031e-09,1.3785035335445173e-09,-8.200329304486331e-12,8.200329304486331e-12
20230523_200000,10,IXNA,4.8496306796763644e-12,4.864260470111015e-12,-1.4629790434650403e-14,1.4629790434650403e-14
20230523_200000,10,MEKE,4.780161821926754e-10,4.771838479911139e-10,8.323342015614799e-13,8.323342015614799e-13
20230523_200000,10,MYTO,1.398821481692785e-19,1.4019204363095324e-19,-3.0989546167474913e-22,3.0989546167474913e-22
20230523_200000,10,NUCO,3.040124174343588e-26,3.0466501494415455e-26,-6.525975097957261e-29,6.525975097957261e-29
20230523_200000,10,OCPR,2.515832865385842e-14,2.5175426860931695e-14,-1.7098207073275307e-17,1.7098207073275307e-17
20230523_200000,10,ORPI,4.1643483773097165e-14,4.174943065413973e-14,-1.0594688104256789e-16,1.0594688104256789e-16
20230523_200000,10,PAFA,5.74901792838034e-11,5.7805770586893956e-11,-3.155913030905566e-13,3.155913030905566e-13
20230523_200000,10,PECA,3.8655923499836297e-16,3.8751018830033353e-16,-9.509533019705623e-19,9.509533019705623e-19
20230523_200000,10,PHNU,1.7774479110777008e-10,1.7702554699905448e-10,7.192441087155999e-13,7.192441087155999e-13
20230523_200000,10,PIMA,7.007253764089836e-21,7.043999485656657e-21,-3.674572156682097e-23,3.674572156682097e-23
20230523_200000,10,POEC,3.496320935677741e-14,3.50692104479286e-14,-1.0600109115119216e-16,1.0600109115119216e-16
20230523_200000,10,PSFL,0.999862551689148,0.9998629093170166,-3.5762786865234375e-07,3.5762786865234375e-07
20230523_200000,10,SHOT,1.6516600370372614e-12,1.6611671890473523e-12,-9.507152010090891e-15,9.507152010090891e-15
20230523_200000,10,SITT,3.869408612966474e-11,3.864601000325152e-11,4.807612641322123e-14,4.807612641322123e-14
20230523_200000,10,SPRU,1.1823857424566025e-14,1.1905828191003612e-14,-8.197076643758766e-17,8.197076643758766e-17
20230523_200000,10,STOC,4.242199853118217e-14,4.256117282067963e-14,-1.3917428949745958e-16,1.3917428949745958e-16
20230523_200000,10,STOC_IRREG,1.2477617993805865e-15,1.2482051152493557e-15,-4.433158687692194e-19,4.433158687692194e-19
20230523_200000,10,STVA,8.880084861884185e-11,8.878953822177849e-11,1.1310397063368782e-14,1.1310397063368782e-14
20230523_200000,10,STVA_IRREG,2.110745711547679e-08,2.1179772602408775e-08,-7.23154869319842e-11,7.23154869319842e-11
20230523_200000,10,TADO1,1.5682149138020266e-18,1.571563134126488e-18,-3.3482203244615178e-21,3.3482203244615178e-21
20230523_200000,10,TADO2,1.3839396886513103e-14,1.3855064454938466e-14,-1.5667568425362793e-17,1.5667568425362793e-17
20230523_200000,10,TAMI,1.9671633787738005e-17,1.9806350076659616e-17,-1.347162889216112e-19,1.347162889216112e-19
20230523_200000,10,TUMI,2.1356486024082244e-10,2.1352462853396759e-10,4.023170685485411e-14,4.023170685485411e-14
20230523_200000,10,WHIS,2.73279430912737e-16,2.7466221219912964e-16,-1.3827812863926453e-18,1.3827812863926453e-18
20230523_200000,10,YARD,3.88915643599933e-15,3.916267843058572e-15,-2.7111407059242018e-17,2.7111407059242018e-17
20230523_200000,10,ZEMA,1.9080683213990035e-11,1.9154528657638892e-11,-7.38454436488567e-14,7.38454436488567e-14
20230523_200000,11,AEAC,6.440389370254707e-06,6.463103090936784e-06,-2.271372068207711e-08,2.271372068207711e-08
20230523_200000,11,BRCA,9.433210657050495e-09,9.265514577805334e-09,1.6769607924516094e-10,1.6769607924516094e-10
20230523_200000,11,BRMA,1.9411913482897392e-13,1.8509761052446644e-13,9.021524304507478e-15,9.021524304507478e-15
20230523_200000,11,BUVI,0.08200263977050781,0.08257138729095459,-0.0005687475204467773,0.0005687475204467773
20230523_200000,11,CAGU,9.256012162950356e-06,9.051756023836788e-06,2.0425613911356777e-07,2.0425613911356777e-07
20230523_200000,11,CALU,0.8664894104003906,0.8660462498664856,0.0004431605339050293,0.0004431605339050293
20230523_200000,11,CAUS,1.0628197877338152e-08,1.0336270506172696e-08,2.9192737116545686e-10,2.9192737116545686e-10
20230523_200000,11,CCOO,1.96531129148525e-08,1.888997047672092e-08,7.63142438131581e-10,7.63142438131581e-10
20230523_200000,11,CHFA,5.031342897865443e-09,4.8927630835748914e-09,1.3857981429055144e-10,1.3857981429055144e-10
20230523_200000,11,CHMI,0.0001290172804147005,0.0001275166723644361,1.5006080502644181e-06,1.5006080502644181e-06
20230523_200000,11,CHMI_IRREG,0.0001553617767058313,0.00015394009824376553,1.4216784620657563e-06,1.4216784620657563e-06
20230523_200000,11,COAU,2.4054492087088875e-07,2.3484400912821002e-07,5.700911742678727e-09,5.700911742678727e-09
20230523_200000,11,COAU2,1.3557202009906177e-06,1.3254237956061843e-06,3.0296405384433456e-08,3.0296405384433456e-08
20230523_200000,11,COCO,0.000224570874706842,0.00022337486734613776,1.1960073607042432e-06,1.1960073607042432e-06
20230523_200000,11,CYST,1.1668173556245165e-06,1.1429834785303683e-06,2.3833877094148193e-08,2.3833877094148193e-08
20230523_200000,11,DEFU,0.012682690285146236,0.01265602558851242,2.6664696633815765e-05,2.6664696633815765e-05
20230523_200000,11,DOG,0.0001037766196532175,0.00010316988482372835,6.067348294891417e-07,6.067348294891417e-07
20230523_200000,11,DRPU,1.594528979340093e-12,1.5450219228996254e-12,4.95070564404676e-14,4.95070564404676e-14
20230523_200000,11,DRUM,0.0002200712769990787,0.00021843898866791278,1.6322883311659098e-06,1.6322883311659098e-06
20230523_200000,11,FLY,0.007769871037453413,0.007716519292443991,5.33517450094223e-05,5.33517450094223e-05
20230523_200000,11,FROG,0.0007800858002156019,0.0007762491004541516,3.836699761450291e-06,3.836699761450291e-06
20230523_200000,11,GLGN,2.09500808523444e-06,2.084365178234293e-06,1.0642907000146806e-08,1.0642907000146806e-08
20230523_200000,11,HOSA,0.005731575656682253,0.005701613146811724,2.9962509870529175e-05,2.9962509870529175e-05
20230523_200000,11,HYPI,8.491051630699076e-07,8.292739153148432e-07,1.9831247755064396e-08,1.9831247755064396e-08
20230523_200000,11,INSP,0.00322527252137661,0.0032573863863945007,-3.211386501789093e-05,3.211386501789093e-05
20230523_200000,11,IXNA,5.470820724440273e-06,5.390040314523503e-06,8.078040991676971e-08,8.078040991676971e-08
20230523_200000,11,MEKE,0.005488110706210136,0.005516893696039915,-2.878298982977867e-05,2.878298982977867e-05
20230523_200000,11,MYTO,2.2452874628986486e-11,2.133512290447559e-11,1.1177517245108959e-12,1.1177517245108959e-12
20230523_200000,11,NUCO,5.259657862239156e-15,4.962769426094735e-15,2.968884361444213e-16,2.968884361444213e-16
20230523_200000,11,OCPR,6.030685284486026e-08,5.8713634842888496e-08,1.5932180019717634e-09,1.5932180019717634e-09
20230523_200000,11,ORPI,3.3072451515181456e-06,3.2374291549785994e-06,6.981599653954618e-08,6.981599653954618e-08
20230523_200000,11,PAFA,4.10625507356599e-05,4.0640574297867715e-05,4.2197643779218197e-07,4.2197643779218197e-07
20230523_200000,11,PECA,6.470697400118297e-08,6.334305879818203e-08,1.3639152030009427e-09,1.3639152030009427e-09
20230523_200000,11,PHNU,1.7475115043907863e-07,1.7194832935274462e-07,2.8028210863340064e-09,2.8028210863340064e-09
20230523_200000,11,PIMA,4.464754846215946e-13,4.2658094396262614e-13,1.989454065896845e-14,1.989454065896845e-14
20230523_200000,11,POEC,5.9919872001046315e-05,5.7971719797933474e-05,1.9481522031128407e-06,1.9481522031128407e-06
20230523_200000,11,PSFL,0.008278860710561275,0.008254957385361195,2.390332520008087e-05,2.390332520008087e-05
20230523_200000,11,SHOT,0.0038382376078516245,0.0037830115761607885,5.522603169083595e-05,5.522603169083595e-05
20230523_200000,11,SITT,7.450732482539024e-06,7.267978617164772e-06,1.827538653742522e-07,1.827538653742522e-07
20230523_200000,11,SPRU,1.31738693198713e-06,1.2953553323313827e-06,2.2031599655747414e-08,2.2031599655747414e-08
20230523_200000,11,STOC,9.918968316924293e-06,1.0019361070590094e-05,-1.0039275366580114e-07,1.0039275366580114e-07
20230523_200000,11,STOC_IRREG,1.143902068179159e-06,1.144750626735913e-06,-8.48558556754142e-10,8.48558556754142e-10
20230523_200000,11,STVA,0.0006188927218317986,0.0006261002272367477,-7.207505404949188e-06,7.207505404949188e-06
20230523_200000,11,STVA_IRREG,0.002023594919592142,0.0020330988336354494,-9.503914043307304e-06,9.503914043307304e-06
20230523_200000,11,TADO1,1.070900168542721e-08,1.0426641772198764e-08,2.823599132284471e-10,2.823599132284471e-10
20230523_200000,11,TADO2,6.454035883507458e-07,6.335058628792467e-07,1.1897725471499143e-08,1.1897725471499143e-08
20230523_200000,11,TAMI,1.0748224532619588e-09,1.0503684588769602e-09,2.4453994384998623e-11,2.4453994384998623e-11
20230523_200000,11,TUMI,1.0059040505439043e-05,9.848008630797267e-06,2.1103187464177608e-07,2.1103187464177608e-07
20230523_200000,11,WHIS,1.163111051027954e-06,1.1622723832260817e-06,8.386678018723615e-10,8.386678018723615e-10
20230523_200000,11,YARD,7.382706826319918e-05,7.327640923904255e-05,5.5065902415663e-07,5.5065902415663e-07
20230523_200000,11,ZEMA,7.830773256500834e-07,7.739184297861357e-07,9.158895863947691e-09,9.158895863947691e-09
20230523_200000,12,AEAC,2.4457788185827667e-06,2.4479613784933463e-06,-2.1825599105795845e-09,2.1825599105795845e-09
20230523_200000,12,BRCA,1.0693745480239158e-06,1.0709813977882732e-06,-1.606849764357321e-09,1.606849764357321e-09
20230523_200000,12,BRMA,6.65496911050889e-12,6.656215075645511e-12,-1.2459651366203417e-15,1.2459651366203417e-15
20230523_200000,12,BUVI,0.0002696220763027668,0.00027052569203078747,-9.03615728020668e-07,9.03615728020668e-07
20230523_200000,12,CAGU,1.23891382486363e-07,1.2423051032328658e-07,-3.391278369235806e-10,3.391278369235806e-10
20230523_200000,12,CALU,0.9958406090736389,0.995823860168457,1.6748905181884766e-05,1.6748905181884766e-05
20230523_200000,12,CAUS,3.1847184889244318e-09,3.1954465740113847e-09,-1.0728085086952888e-11,1.0728085086952888e-11
20230523_200000,12,CCOO,1.491012291410243e-08,1.49439216556857e-08,-3.3798741583268566e-11,3.3798741583268566e-11
20230523_200000,12,CHFA,5.447977180494945e-09,5.472995834310268e-09,-2.5018653815322978e-11,2.5018653815322978e-11
20230523_200000,12,CHMI,1.6989662299238262e-06,1.704788587630901e-06,-5.822357707074843e-09,5.822357707074843e-09
20230523_200000,12,CHMI_IRREG,1.2793815585609991e-05,1.2835576853831299e-05,-4.1761268221307546e-08,4.1761268221307546e-08
20230523_200000,12,COAU,4.3073896449641325e-08,4.324975222402827e-08,-1.75855774386946e-10,1.75855774386946e-10
20230523_200000,12,COAU2,5.955395181445056e-07,5.981602839710831e-07,-2.6207658265775535e-09,2.6207658265775535e-09
20230523_200000,12,COCO,0.000255056016612798,0.00025617083883844316,-1.1148222256451845e-06,1.1148222256451845e-06
20230523_200000,12,CYST,4.5950437765895913e-07,4.6164583977770235e-07,-2.1414621187432203e-09,2.1414621187432203e-09
20230523_200000,12,DEFU,4.490925130085088e-05,4.5022905396763235e-05,-1.136540959123522e-07,1.136540959123522e-07
20230523_200000,12,DOG,0.00027036620303988457,0.00027188952662982047,-1.5233235899358988e-06,1.5233235899358988e-06
20230523_200000,12,DRPU,2.947365407290903e-10,2.950341915219923e-10,-2.9765079290200447e-13,2.9765079290200447e-13
20230523_200000,12,DRUM,1.2519969459390268e-05,1.2577404049807228e-05,-5.743459041696042e-08,5.743459041696042e-08
20230523_200000,12,FLY,0.0001433512516086921,0.0001438056060578674,-4.543544491752982e-07,4.543544491752982e-07
20230523_200000,12,FROG,9.893749665934592e-05,9.903759200824425e-05,-1.0009534889832139e-07,1.0009534889832139e-07
20230523_200000,12,GLGN,1.2027684306303854e-06,1.2060766039212467e-06,-3.308173290861305e-09,3.308173290861305e-09
20230523_200000,12,HOSA,0.0011734382715076208,0.0011779061751440167,-4.467903636395931e-06,4.467903636395931e-06
20230523_200000,12,HYPI,5.3335451610792006e-08,5.3385033282893346e-08,-4.958167210133979e-11,4.958167210133979e-11
20230523_200000,12,INSP,1.5152746527746785e-05,1.5173170140769798e-05,-2.0423613023012877e-08,2.0423613023012877e-08
20230523_200000,12,IXNA,1.366788069390168e-07,1.3708586266147904e-07,-4.070557224622462e-10,4.070557224622462e-10
20230523_200000,12,MEKE,5.516451710718684e-05,5.5377164244418964e-05,-2.126471372321248e-07,2.126471372321248e-07
20230523_200000,12,MYTO,7.484927955214715e-11,7.484930036882886e-11,-2.0816681711721685e-17,2.0816681711721685e-17
20230523_200000,12,NUCO,5.949522124959472e-12,5.952531436509423e-12,-3.009311549950766e-15,3.009311549950766e-15
20230523_200000,12,OCPR,1.7775244032236515e-07,1.784381566949378e-07,-6.857163725726423e-10,6.857163725726423e-10
20230523_200000,12,ORPI,1.8468856524123112e-06,1.8507969343772857e-06,-3.911281964974478e-09,3.911281964974478e-09
20230523_200000,12,PAFA,5.80870528210653e-06,5.839449386257911e-06,-3.074410415138118e-08,3.074410415138118e-08
20230523_200000,12,PECA,1.6529432400602673e-07,1.6539435421236703e-07,-1.000302063403069e-10,1.000302063403069e-10
20230523_200000,12,PHNU,3.329937499074731e-06,3.3274877750955056e-06,2.4497239792253822e-09,2.4497239792253822e-09
20230523_200000,12,PIMA,3.567855386132912e-11,3.58188166627027e-11,-1.4026280137358071e-13,1.4026280137358071e-13
20230523_200000,12,POEC,2.5587530672055436e-06,2.5643430490163155e-06,-5.58998181077186e-09,5.58998181077186e-09
20230523_200000,12,PSFL,0.0012495123082771897,0.0012552444823086262,-5.732174031436443e-06,5.732174031436443e-06
20230523_200000,12,SHOT,0.0004164967394899577,0.00041783720371313393,-1.340464223176241e-06,1.340464223176241e-06
20230523_200000,12,SITT,3.9062251744326204e-07,3.9196339685076964e-07,-1.3408794075076003e-09,1.3408794075076003e-09
20230523_200000,12,SPRU,1.3647879768541316e-06,1.3720901961278287e-06,-7.302219273697119e-09,7.302219273697119e-09
20230523_200000,12,STOC,9.075578191186651e-07,9.107149026021943e-07,-3.157083483529277e-09,3.157083483529277e-09
20230523_200000,12,STOC_IRREG,1.6169774426089134e-06,1.6200834807023057e-06,-3.1060380933922715e-09,3.1060380933922715e-09
20230523_200000,12,STVA,1.673791848588735e-05,1.675776184129063e-05,-1.9843355403281748e-08,1.9843355403281748e-08
20230523_200000,12,STVA_IRREG,8.397348574362695e-05,8.434222399955615e-05,-3.6873825592920184e-07,3.6873825592920184e-07
20230523_200000,12,TADO1,4.667053854490177e-09,4.6776511553048294e-09,-1.0597300814652044e-11,1.0597300814652044e-11
20230523_200000,12,TADO2,1.215830252476735e-06,1.2163385463281884e-06,-5.082938514533453e-10,5.082938514533453e-10
20230523_200000,12,TAMI,2.3157039663601608e-07,2.3264381354692887e-07,-1.0734169109127834e-09,1.0734169109127834e-09
20230523_200000,12,TUMI,1.4078800631978083e-06,1.4160229966364568e-06,-8.14293343864847e-09,8.14293343864847e-09
20230523_200000,12,WHIS,5.162849561202165e-07,5.171894486011297e-07,-9.044924809131771e-10,9.044924809131771e-10
20230523_200000,12,YARD,1.1744228686438873e-05,1.1777364306908567e-05,-3.3135620469693094e-08,3.3135620469693094e-08
20230523_200000,12,ZEMA,3.6106766287957726e-07,3.621084943006281e-07,-1.0408314210508252e-09,1.0408314210508252e-09
20230523_200000,13,AEAC,5.213386430114042e-06,5.2469772526819725e-06,-3.3590822567930445e-08,3.3590822567930445e-08
20230523_200000,13,BRCA,9.127901989813836e-08,9.211779428142108e-08,-8.387743832827255e-10,8.387743832827255e-10
20230523_200000,13,BRMA,1.0343232346998743e-12,1.0244400813763654e-12,9.883153323508864e-15,9.883153323508864e-15
20230523_200000,13,BUVI,0.013297224417328835,0.013270075432956219,2.7148984372615814e-05,2.7148984372615814e-05
20230523_200000,13,CAGU,1.328400230704574e-06,1.31305978356977e-06,1.534044713480398e-08,1.534044713480398e-08
20230523_200000,13,CALU,0.7264922261238098,0.7265327572822571,-4.0531158447265625e-05,4.0531158447265625e-05
20230523_200000,13,CAUS,1.3663014053477696e-09,1.3604561921454206e-09,5.845213202348987e-12,5.845213202348987e-12
20230523_200000,13,CCOO,1.8049494121541443e-09,1.7858758916133866e-09,1.9073520540757727e-11,1.9073520540757727e-11
20230523_200000,13,CHFA,2.091355089106628e-09,2.0898727193241484e-09,1.482369782479509e-12,1.482369782479509e-12
20230523_200000,13,CHMI,1.2223643352626823e-05,1.2155549484305084e-05,6.809386832173914e-08,6.809386832173914e-08
20230523_200000,13,CHMI_IRREG,7.40211398806423e-05,7.384244236163795e-05,1.7869751900434494e-07,1.7869751900434494e-07
20230523_200000,13,COAU,3.94402093206736e-08,3.944677118283835e-08,-6.561862164744525e-12,6.561862164744525e-12
20230523_200000,13,COAU2,2.415012829715124e-07,2.411614730135625e-07,3.398099579499103e-10,3.398099579499103e-10
20230523_200000,13,COCO,0.00011155870015500113,0.00011153587547596544,2.2824679035693407e-08,2.2824679035693407e-08
20230523_200000,13,CYST,3.626466877904022e-07,3.63432093308802e-07,-7.854055183997843e-10,7.854055183997843e-10
20230523_200000,13,DEFU,0.0002788316924124956,0.00027815019711852074,6.814952939748764e-07,6.814952939748764e-07
20230523_200000,13,DOG,0.00020009471336379647,0.00020091146870981902,-8.167553460225463e-07,8.167553460225463e-07
20230523_200000,13,DRPU,1.7414784891922608e-11,1.7371895588702557e-11,4.288930322005058e-14,4.288930322005058e-14
20230523_200000,13,DRUM,1.600593350303825e-05,1.6034802683861926e-05,-2.8869180823676288e-08,2.8869180823676288e-08
20230523_200000,13,FLY,0.00050182337872684,0.0005035213544033468,-1.6979756765067577e-06,1.6979756765067577e-06
20230523_200000,13,FROG,7.187584560597315e-05,7.2102302510757e-05,-2.2645690478384495e-07,2.2645690478384495e-07
20230523_200000,13,GLGN,4.167156930634519e-07,4.17845228639635e-07,-1.129535576183116e-09,1.129535576183116e-09
20230523_200000,13,HOSA,0.004535973072052002,0.004558166489005089,-2.2193416953086853e-05,2.2193416953086853e-05
20230523_200000,13,HYPI,1.852125208756661e-08,1.846704300589863e-08,5.4209081667977443e-11,5.4209081667977443e-11
20230523_200000,13,INSP,0.00021684207604266703,0.00021697371266782284,-1.3163662515580654e-07,1.3163662515580654e-07
20230523_200000,13,IXNA,3.259100083141675e-07,3.2539648486817896e-07,5.135234459885396e-10,5.135234459885396e-10
20230523_200000,13,MEKE,0.00014375601313076913,0.00014383273082785308,-7.671769708395004e-08,7.671769708395004e-08
20230523_200000,13,MYTO,2.6046378595601105e-11,2.5697121514012267e-11,3.492570815888385e-13,3.492570815888385e-13
20230523_200000,13,NUCO,1.2684684303366361e-13,1.263053789161972e-13,5.41464117466417e-16,5.41464117466417e-16
20230523_200000,13,OCPR,1.315478783681101e-07,1.310549606614586e-07,4.929177066514967e-10,4.929177066514967e-10
20230523_200000,13,ORPI,9.75844159256667e-07,9.772192015589098e-07,-1.3750423022429459e-09,1.3750423022429459e-09
20230523_200000,13,PAFA,7.107902092684526e-06,7.136889962566784e-06,-2.8987869882257655e-08,2.8987869882257655e-08
20230523_200000,13,PECA,3.2838453734029827e-08,3.290330141680897e-08,-6.484768277914554e-11,6.484768277914554e-11
20230523_200000,13,PHNU,1.1130804523418192e-05,1.1149412785016466e-05,-1.8608261598274112e-08,1.8608261598274112e-08
20230523_200000,13,PIMA,3.061463842851664e-12,3.066403467949508e-12,-4.939625097843958e-15,4.939625097843958e-15
20230523_200000,13,POEC,4.655873908632202e-06,4.610374617186608e-06,4.549929144559428e-08,4.549929144559428e-08
20230523_200000,13,PSFL,0.2534789741039276,0.2534373998641968,4.157423973083496e-05,4.157423973083496e-05
20230523_200000,13,SHOT,0.00011439891386544332,0.00011461244866950437,-2.1353480406105518e-07,2.1353480406105518e-07
20230523_200000,13,SITT,1.105213186747278e-06,1.0977095143971383e-06,7.503672350139823e-09,7.503672350139823e-09
20230523_200000,13,SPRU,2.7042941042054736e-07,2.7040968575420266e-07,1.972466634470038e-11,1.972466634470038e-11
20230523_200000,13,STOC,9.412647159479093e-07,9.432250180907431e-07,-1.960302142833825e-09,1.960302142833825e-09
20230523_200000,13,STOC_IRREG,5.405966021498898e-07,5.430823648566729e-07,-2.4857627067831345e-09,2.4857627067831345e-09
20230523_200000,13,STVA,4.097514829481952e-05,4.121560778003186e-05,-2.4045948521234095e-07,2.4045948521234095e-07
20230523_200000,13,STVA_IRREG,0.00036355413612909615,0.0003670648147817701,-3.5106786526739597e-06,3.5106786526739597e-06
20230523_200000,13,TADO1,7.701461690601263e-10,7.708196858580152e-10,-6.735167978888512e-13,6.735167978888512e-13
20230523_200000,13,TADO2,1.5230452277137374e-07,1.5248670592882263e-07,-1.821831574488897e-10,1.821831574488897e-10
20230523_200000,13,TAMI,6.4122476217676194e-09,6.49117781748032e-09,-7.893019571270088e-11,7.893019571270088e-11
20230523_200000,13,TUMI,4.26564656663686e-06,4.25590451413882e-06,9.74205249804072e-09,9.74205249804072e-09
20230523_200000,13,WHIS,1.25017081131773e-07,1.259463573433095e-07,-9.292762115364894e-10,9.292762115364894e-10
20230523_200000,13,YARD,7.202739652711898e-06,7.232291409309255e-06,-2.955175659735687e-08,2.955175659735687e-08
20230523_200000,13,ZEMA,2.9653413093910785e-06,2.962866346933879e-06,2.474962457199581e-09,2.474962457199581e-09
20230523_200000,14,AEAC,5.295515802572481e-05,5.3374231356428936e-05,-4.190733307041228e-07,4.190733307041228e-07
20230523_200000,14,BRCA,5.5074418924050406e-05,5.515039447345771e-05,-7.597554940730333e-08,7.597554940730333e-08
20230523_200000,14,BRMA,5.99986407223696e-08,5.9294123389008746e-08,7.045173333608545e-10,7.045173333608545e-10
20230523_200000,14,BUVI,0.008127445355057716,0.008179870434105396,-5.24250790476799e-05,5.24250790476799e-05
20230523_200000,14,CAGU,0.0008861950482241809,0.0008788739796727896,7.321068551391363e-06,7.321068551391363e-06
20230523_200000,14,CALU,0.043992821127176285,0.04413071647286415,-0.0001378953456878662,0.0001378953456878662
20230523_200000,14,CAUS,6.977276825637091e-06,6.898979336256161e-06,7.829748938092962e-08,7.829748938092962e-08
20230523_200000,14,CCOO,0.00018108529911842197,0.00017938681412488222,1.6984849935397506e-06,1.6984849935397506e-06
20230523_200000,14,CHFA,8.80983134265989e-06,8.762518518778961e-06,4.73128238809295e-08,4.73128238809295e-08
20230523_200000,14,CHMI,0.05624227598309517,0.05574959143996239,0.000492684543132782,0.000492684543132782
20230523_200000,14,CHMI_IRREG,0.01626400835812092,0.016211844980716705,5.216337740421295e-05,5.216337740421295e-05
20230523_200000,14,COAU,2.700053846638184e-05,2.688915265025571e-05,1.1138581612613052e-07,1.1138581612613052e-07
20230523_200000,14,COAU2,0.0023416541516780853,0.0023235343396663666,1.811981201171875e-05,1.811981201171875e-05
20230523_200000,14,COCO,0.0062900325283408165,0.006278044078499079,1.1988449841737747e-05,1.1988449841737747e-05
20230523_200000,14,CYST,0.000508295139297843,0.0005054236389696598,2.871500328183174e-06,2.871500328183174e-06
20230523_200000,14,DEFU,0.028807109221816063,0.02877066470682621,3.6444514989852905e-05,3.6444514989852905e-05
20230523_200000,14,DOG,0.03614949807524681,0.036104485392570496,4.501268267631531e-05,4.501268267631531e-05
20230523_200000,14,DRPU,1.3483886895926389e-08,1.3371346696544606e-08,1.1254019938178317e-10,1.1254019938178317e-10
20230523_200000,14,DRUM,0.006542021408677101,0.00652882969006896,1.3191718608140945e-05,1.3191718608140945e-05
20230523_200000,14,FLY,0.02882813662290573,0.028762351721525192,6.578490138053894e-05,6.578490138053894e-05
20230523_200000,14,FROG,0.0024742281530052423,0.002483901334926486,-9.673181921243668e-06,9.673181921243668e-06
20230523_200000,14,GLGN,0.000309065479086712,0.0003089041856583208,1.6129342839121819e-07,1.6129342839121819e-07
20230523_200000,14,HOSA,0.30267706513404846,0.3025534152984619,0.00012364983558654785,0.00012364983558654785
20230523_200000,14,HYPI,7.803280459484085e-05,7.797168655088171e-05,6.111804395914078e-08,6.111804395914078e-08
20230523_200000,14,INSP,0.006034890189766884,0.006028468254953623,6.421934813261032e-06,6.421934813261032e-06
20230523_200000,14,IXNA,0.0005748762632720172,0.0005698786699213088,4.997593350708485e-06,4.997593350708485e-06
20230523_200000,14,MEKE,0.0026721397880464792,0.0026899930089712143,-1.785322092473507e-05,1.785322092473507e-05
20230523_200000,14,MYTO,5.962721729702025e-07,5.843738222210959e-07,1.1898350749106612e-08,1.1898350749106612e-08
20230523_200000,14,NUCO,2.457287280321907e-07,2.424818603685708e-07,3.2468676636199234e-09,3.2468676636199234e-09
20230523_200000,14,OCPR,0.0005324952071532607,0.0005266436492092907,5.851557943969965e-06,5.851557943969965e-06
20230523_200000,14,ORPI,0.0007780264713801444,0.0007783517939969897,-3.2532261684536934e-07,3.2532261684536934e-07
20230523_200000,14,PAFA,0.0018084568437188864,0.0018057605484500527,2.6962952688336372e-06,2.6962952688336372e-06
20230523_200000,14,PECA,5.5804295698180795e-05,5.55555998289492e-05,2.486958692315966e-07,2.486958692315966e-07
20230523_200000,14,PHNU,0.00011304341751383618,0.00011361803626641631,-5.746187525801361e-07,5.746187525801361e-07
20230523_200000,14,PIMA,2.0371990103740245e-06,2.0017102997371694e-06,3.54887106368551e-08,3.54887106368551e-08
20230523_200000,14,POEC,0.0027965272311121225,0.002777641173452139,1.8886057659983635e-05,1.8886057659983635e-05
20230523_200000,14,PSFL,0.0973438248038292,0.09740836918354034,-6.454437971115112e-05,6.454437971115112e-05
20230523_200000,14,SHOT,0.28994008898735046,0.2905401885509491,-0.0006000995635986328,0.0006000995635986328
20230523_200000,14,SITT,0.00027855089865624905,0.0002765272802207619,2.023618435487151e-06,2.023618435487151e-06
20230523_200000,14,SPRU,0.000700152653735131,0.0006974619464017451,2.6907073333859444e-06,2.6907073333859444e-06
20230523_200000,14,STOC,0.0007615851354785264,0.0007630431209690869,-1.4579854905605316e-06,1.4579854905605316e-06
20230523_200000,14,STOC_IRREG,0.0002909341419581324,0.00029151502531021833,-5.80883352085948e-07,5.80883352085948e-07
20230523_200000,14,STVA,0.007564497645944357,0.007592789828777313,-2.8292182832956314e-05,2.8292182832956314e-05
20230523_200000,14,STVA_IRREG,0.035416681319475174,0.03544766455888748,-3.098323941230774e-05,3.098323941230774e-05
20230523_200000,14,TADO1,3.380556154297665e-05,3.3575212000869215e-05,2.3034954210743308e-07,2.3034954210743308e-07
20230523_200000,14,TADO2,5.0023932999465615e-05,4.9888847570400685e-05,1.3508542906492949e-07,1.3508542906492949e-07
20230523_200000,14,TAMI,4.196829195279861e-06,4.192718733975198e-06,4.110461304662749e-09,4.110461304662749e-09
20230523_200000,14,TUMI,0.0029545160941779613,0.002933958312496543,2.055778168141842e-05,2.055778168141842e-05
20230523_200000,14,WHIS,9.80335971689783e-05,9.814037184696645e-05,-1.0677467798814178e-07,1.0677467798814178e-07
20230523_200000,14,YARD,0.0073445201851427555,0.007340238429605961,4.2817555367946625e-06,4.2817555367946625e-06
20230523_200000,14,ZEMA,0.0009996604640036821,0.0009947792859748006,4.88117802888155e-06,4.88117802888155e-06
20230523_200000,15,AEAC,3.175924575771205e-05,3.19181963277515e-05,-1.5895057003945112e-07,1.5895057003945112e-07
20230523_200000,15,BRCA,6.583925937775348e-07,6.539682431139227e-07,4.424350663612131e-09,4.424350663612131e-09
20230523_200000,15,BRMA,6.139946329142276e-10,5.942821790227981e-10,1.9712453891429504e-11,1.9712453891429504e-11
20230523_200000,15,BUVI,0.011136404238641262,0.011194201186299324,-5.779694765806198e-05,5.779694765806198e-05
20230523_200000,15,CAGU,7.744877075310796e-05,7.675976667087525e-05,6.890040822327137e-07,6.890040822327137e-07
20230523_200000,15,CALU,0.9255810976028442,0.925251841545105,0.0003292560577392578,0.0003292560577392578
20230523_200000,15,CAUS,1.4971354858062114e-06,1.4770989764656406e-06,2.0036509340570774e-08,2.0036509340570774e-08
20230523_200000,15,CCOO,2.1195487533987034e-06,2.0655936623370508e-06,5.395509106165264e-08,5.395509106165264e-08
20230523_200000,15,CHFA,3.527080423282314e-07,3.4733784559648484e-07,5.370196731746546e-09,5.370196731746546e-09
20230523_200000,15,CHMI,0.00031021132599562407,0.0003092341939918697,9.771320037543774e-07,9.771320037543774e-07
20230523_200000,15,CHMI_IRREG,0.00013749903882853687,0.00013759665307588875,-9.761424735188484e-08,9.761424735188484e-08
20230523_200000,15,COAU,5.5665132094873115e-06,5.464847163239028e-06,1.0166604624828324e-07,1.0166604624828324e-07
20230523_200000,15,COAU2,3.788826143136248e-05,3.74640294467099e-05,4.2423198465257883e-07,4.2423198465257883e-07
20230523_200000,15,COCO,0.0006204454111866653,0.0006215990870259702,-1.153675839304924e-06,1.153675839304924e-06
20230523_200000,15,CYST,2.9511062166420743e-05,2.9207025363575667e-05,3.0403680284507573e-07,3.0403680284507573e-07
20230523_200000,15,DEFU,0.004470019601285458,0.00446863891556859,1.380685716867447e-06,1.380685716867447e-06
20230523_200000,15,DOG,0.0003223325766157359,0.0003229864814784378,-6.539048627018929e-07,6.539048627018929e-07
20230523_200000,15,DRPU,7.049829053862311e-10,6.825809362176471e-10,2.2401969168583946e-11,2.2401969168583946e-11
20230523_200000,15,DRUM,0.0006396339740604162,0.0006393406656570733,2.9330840334296227e-07,2.9330840334296227e-07
20230523_200000,15,FLY,0.006825365591794252,0.006824219599366188,1.1459924280643463e-06,1.1459924280643463e-06
20230523_200000,15,FROG,0.0009525447385385633,0.0009499057778157294,2.638960722833872e-06,2.638960722833872e-06
20230523_200000,15,GLGN,2.917264646384865e-05,2.9100398023729213e-05,7.224844011943787e-08,7.224844011943787e-08
20230523_200000,15,HOSA,0.013221931643784046,0.01330206636339426,-8.013471961021423e-05,8.013471961021423e-05
20230523_200000,15,HYPI,1.6818841686472297e-05,1.6604342818027362e-05,2.144988684449345e-07,2.144988684449345e-07
20230523_200000,15,INSP,0.007342370226979256,0.00738284457474947,-4.047434777021408e-05,4.047434777021408e-05
20230523_200000,15,IXNA,3.30295879393816e-05,3.2793712307466194e-05,2.358756319154054e-07,2.358756319154054e-07
20230523_200000,15,MEKE,0.005390849895775318,0.005413869395852089,-2.3019500076770782e-05,2.3019500076770782e-05
20230523_200000,15,MYTO,9.451193250242795e-08,9.154165780955736e-08,2.970274692870589e-09,2.970274692870589e-09
20230523_200000,15,NUCO,7.864318224415356e-11,7.595285511641237e-11,2.690327127741199e-12,2.690327127741199e-12
20230523_200000,15,OCPR,5.4410506891144905e-06,5.372898158384487e-06,6.815253073000349e-08,6.815253073000349e-08
20230523_200000,15,ORPI,0.00010605797433527187,0.00010496830509509891,1.0896692401729524e-06,1.0896692401729524e-06
20230523_200000,15,PAFA,0.00018127956718672067,0.00018107860523741692,2.0096194930374622e-07,2.0096194930374622e-07
20230523_200000,15,PECA,3.0016660730325384e-06,2.959291805382236e-06,4.23742676503025e-08,4.23742676503025e-08
20230523_200000,15,PHNU,5.013693225919269e-06,4.974642251909245e-06,3.905097401002422e-08,3.905097401002422e-08
20230523_200000,15,PIMA,2.15187445640197e-09,2.1027981578214394e-09,4.907629858053042e-11,4.907629858053042e-11
20230523_200000,15,POEC,0.00044121762039139867,0.0004329928196966648,8.224800694733858e-06,8.224800694733858e-06
20230523_200000,15,PSFL,0.015319625847041607,0.015429814346134663,-0.00011018849909305573,0.00011018849909305573
20230523_200000,15,SHOT,0.0006829418707638979,0.0006809328333474696,2.0090374164283276e-06,2.0090374164283276e-06
20230523_200000,15,SITT,9.391852654516697e-05,9.22349572647363e-05,1.6835692804306746e-06,1.6835692804306746e-06
20230523_200000,15,SPRU,1.865701960923616e-05,1.8545364582678303e-05,1.1165502655785531e-07,1.1165502655785531e-07
20230523_200000,15,STOC,1.783949846867472e-05,1.8007503967965022e-05,-1.680054992903024e-07,1.680054992903024e-07
20230523_200000,15,STOC_IRREG,4.993450602341909e-06,5.012444489693735e-06,-1.8993887351825833e-08,1.8993887351825833e-08
20230523_200000,15,STVA,0.0011165739269927144,0.0011238661827519536,-7.292255759239197e-06,7.292255759239197e-06
20230523_200000,15,STVA_IRREG,0.0034614878240972757,0.0034910126123577356,-2.95247882604599e-05,2.95247882604599e-05
20230523_200000,15,TADO1,3.4257436709594913e-07,3.3509272157061787e-07,7.48164552533126e-09,7.48164552533126e-09
20230523_200000,15,TADO2,9.948711522156373e-06,9.785619113245048e-06,1.6309240891132504e-07,1.6309240891132504e-07
20230523_200000,15,TAMI,1.67979223419934e-07,1.6661223867231456e-07,1.3669847476194263e-09,1.3669847476194263e-09
20230523_200000,15,TUMI,0.00020551895431708544,0.0002039036335190758,1.615320798009634e-06,1.615320798009634e-06
20230523_200000,15,WHIS,1.530910230940208e-05,1.541224446555134e-05,-1.031421561492607e-07,1.031421561492607e-07
20230523_200000,15,YARD,0.0010507883271202445,0.001053198124282062,-2.4097971618175507e-06,2.4097971618175507e-06
20230523_200000,15,ZEMA,4.321263622841798e-05,4.3071388063253835e-05,1.4124816516414285e-07,1.4124816516414285e-07
20230523_200000,16,AEAC,1.0636042134137824e-05,1.0634410500642844e-05,1.6316334949806333e-09,1.6316334949806333e-09
20230523_200000,16,BRCA,5.326989960252604e-09,5.51564083295375e-09,-1.88650872701146e-10,1.88650872701146e-10
20230523_200000,16,BRMA,4.1829330255614694e-13,4.212597068051216e-13,-2.9664042489746523e-15,2.9664042489746523e-15
20230523_200000,16,BUVI,0.3739174008369446,0.36419788002967834,0.009719520807266235,0.009719520807266235
20230523_200000,16,CAGU,3.122046109638177e-05,3.086809374508448e-05,3.5236735129728913e-07,3.5236735129728913e-07
20230523_200000,16,CALU,0.16530491411685944,0.1678701490163803,-0.002565234899520874,0.002565234899520874
20230523_200000,16,CAUS,1.0455833532319048e-08,1.045718889258751e-08,-1.3553602684623911e-12,1.3553602684623911e-12
20230523_200000,16,CCOO,1.0910403247521572e-08,1.0964560814841207e-08,-5.4157567319634836e-11,5.4157567319634836e-11
20230523_200000,16,CHFA,2.1223036661410788e-09,2.1442347897249192e-09,-2.1931123583840417e-11,2.1931123583840417e-11
20230523_200000,16,CHMI,0.00043271115282550454,0.00042971764924004674,2.993503585457802e-06,2.993503585457802e-06
20230523_200000,16,CHMI_IRREG,0.0003622191143222153,0.0003679030924104154,-5.683978088200092e-06,5.683978088200092e-06
20230523_200000,16,COAU,1.97570155791027e-08,1.993374709741147e-08,-1.7673151830877032e-10,1.7673151830877032e-10
20230523_200000,16,COAU2,3.0946728202252416e-07,3.134226460588252e-07,-3.9553640363010345e-09,3.9553640363010345e-09
20230523_200000,16,COCO,0.0001798969169612974,0.0001797039294615388,1.929874997586012e-07,1.929874997586012e-07
20230523_200000,16,CYST,5.02529644563765e-07,5.031727141613374e-07,-6.430695975723211e-10,6.430695975723211e-10
20230523_200000,16,DEFU,0.011446269229054451,0.011357004754245281,8.926447480916977e-05,8.926447480916977e-05
20230523_200000,16,DOG,8.646980131743476e-05,8.822935342323035e-05,-1.759552105795592e-06,1.759552105795592e-06
20230523_200000,16,DRPU,3.515764339812738e-13,3.6119642433246613e-13,-9.61999035119232e-15,9.61999035119232e-15
20230523_200000,16,DRUM,5.54941943846643e-05,5.612104359897785e-05,-6.268492143135518e-07,6.268492143135518e-07
20230523_200000,16,FLY,0.002841026522219181,0.002838980406522751,2.0461156964302063e-06,2.0461156964302063e-06
20230523_200000,16,FROG,0.00027998239966109395,0.0002808337449096143,-8.513452485203743e-07,8.513452485203743e-07
20230523_200000,16,GLGN,1.4242530141928e-06,1.4337284710563836e-06,-9.475456863583531e-09,9.475456863583531e-09
20230523_200000,16,HOSA,0.007546657230705023,0.007678021211177111,-0.00013136398047208786,0.00013136398047208786
20230523_200000,16,HYPI,1.2821944039842492e-07,1.296060929689702e-07,-1.386652570545266e-09,1.386652570545266e-09
20230523_200000,16,INSP,0.011002836748957634,0.010818115435540676,0.00018472131341695786,0.00018472131341695786
20230523_200000,16,IXNA,4.0432746573060285e-06,4.029559022455942e-06,1.3715634850086644e-08,1.3715634850086644e-08
20230523_200000,16,MEKE,0.005039911717176437,0.004967056214809418,7.285550236701965e-05,7.285550236701965e-05
20230523_200000,16,MYTO,1.9044299123804898e-11,1.9126970840499524e-11,-8.26717166946267e-14,8.26717166946267e-14
20230523_200000,16,NUCO,1.8775489009934063e-15,1.9572599952859563e-15,-7.971109429255e-17,7.971109429255e-17
20230523_200000,16,OCPR,1.5091842442416237e-07,1.5281467824479478e-07,-1.8962538206324098e-09,1.8962538206324098e-09
20230523_200000,16,ORPI,1.1906140571227297e-06,1.2106779649911914e-06,-2.0063907868461683e-08,2.0063907868461683e-08
20230523_200000,16,PAFA,2.2179110601427965e-05,2.266133378725499e-05,-4.822231858270243e-07,4.822231858270243e-07
20230523_200000,16,PECA,1.6545367742537564e-08,1.6716438011599166e-08,-1.7107026906160172e-10,1.7107026906160172e-10
20230523_200000,16,PHNU,9.509709570920677e-07,9.798386599868536e-07,-2.8867702894785907e-08,2.8867702894785907e-08
20230523_200000,16,PIMA,4.4032176993100136e-13,4.5449234653549553e-13,-1.4170576604494167e-14,1.4170576604494167e-14
20230523_200000,16,POEC,3.172932338202372e-05,3.1940235203364864e-05,-2.1091182134114206e-07,2.1091182134114206e-07
20230523_200000,16,PSFL,0.4149646759033203,0.4222630560398102,-0.007298380136489868,0.007298380136489868
20230523_200000,16,SHOT,0.00043582345824688673,0.00044428693945519626,-8.463481208309531e-06,8.463481208309531e-06
20230523_200000,16,SITT,7.781228305248078e-06,7.757776984362863e-06,2.3451320885214955e-08,2.3451320885214955e-08
20230523_200000,16,SPRU,6.06785363288509e-07,6.177336899781949e-07,-1.0948326689685928e-08,1.0948326689685928e-08
20230523_200000,16,STOC,4.872724457527511e-05,4.767939753946848e-05,1.047847035806626e-06,1.047847035806626e-06
20230523_200000,16,STOC_IRREG,1.115438294618798e-06,1.1245717814745149e-06,-9.13348685571691e-09,9.13348685571691e-09
20230523_200000,16,STVA,0.0010926862014457583,0.0010794593254104257,1.322687603533268e-05,1.322687603533268e-05
20230523_200000,16,STVA_IRREG,0.0047783637419342995,0.004850953817367554,-7.259007543325424e-05,7.259007543325424e-05
20230523_200000,16,TADO1,1.5127029628914102e-09,1.5431740330029697e-09,-3.0471070111559584e-11,3.0471070111559584e-11
20230523_200000,16,TADO2,7.108352662044126e-08,7.125503742599903e-08,-1.7151080555777298e-10,1.7151080555777298e-10
20230523_200000,16,TAMI,1.4530489311770367e-10,1.5088524873974052e-10,-5.580355622036848e-12,5.580355622036848e-12
20230523_200000,16,TUMI,1.3410488463705406e-05,1.3491470781445969e-05,-8.09823177405633e-08,8.09823177405633e-08
20230523_200000,16,WHIS,1.1808620001829695e-06,1.1832846666948171e-06,-2.4226665118476376e-09,2.4226665118476376e-09
20230523_200000,16,YARD,4.9355727242073044e-05,4.970892405253835e-05,-3.5319681046530604e-07,3.5319681046530604e-07
20230523_200000,16,ZEMA,5.955228061793605e-06,5.979374691378325e-06,-2.4146629584720358e-08,2.4146629584720358e-08
20230523_200000,17,AEAC,0.00020254449918866158,0.0002015384379774332,1.0060612112283707e-06,1.0060612112283707e-06
20230523_200000,17,BRCA,7.454379556293134e-06,7.528733021899825e-06,-7.435346560669132e-08,7.435346560669132e-08
20230523_200000,17,BRMA,1.094201174112186e-09,1.1299658986274608e-09,-3.576472451527479e-11,3.576472451527479e-11
20230523_200000,17,BUVI,0.19297851622104645,0.18971627950668335,0.003262236714363098,0.003262236714363098
20230523_200000,17,CAGU,0.00044596457155421376,0.00044929591240361333,-3.3313408493995667e-06,3.3313408493995667e-06
20230523_200000,17,CALU,0.055058300495147705,0.05502453073859215,3.376975655555725e-05,3.376975655555725e-05
20230523_200000,17,CAUS,8.449895290141285e-07,8.600013643444981e-07,-1.501183533036965e-08,1.501183533036965e-08
20230523_200000,17,CCOO,7.045116035442334e-06,7.227259175124345e-06,-1.8214313968201168e-07,1.8214313968201168e-07
20230523_200000,17,CHFA,2.0644192773033865e-06,2.1084420041006524e-06,-4.402272679726593e-08,4.402272679726593e-08
20230523_200000,17,CHMI,0.0035023812670260668,0.003522535553202033,-2.0154286175966263e-05,2.0154286175966263e-05
20230523_200000,17,CHMI_IRREG,0.011797326616942883,0.011845449917018414,-4.8123300075531006e-05,4.8123300075531006e-05
20230523_200000,17,COAU,1.749743205436971e-05,1.7828440832090564e-05,-3.310087777208537e-07,3.310087777208537e-07
20230523_200000,17,COAU2,0.00035843931254930794,0.00036485824966803193,-6.4189371187239885e-06,6.4189371187239885e-06
20230523_200000,17,COCO,0.010282021947205067,0.010281087830662727,9.34116542339325e-07,9.34116542339325e-07
20230523_200000,17,CYST,9.754477650858462e-05,9.876707918010652e-05,-1.222302671521902e-06,1.222302671521902e-06
20230523_200000,17,DEFU,0.09532883018255234,0.09559319168329239,-0.00026436150074005127,0.00026436150074005127
20230523_200000,17,DOG,0.006621185224503279,0.00664399191737175,-2.2806692868471146e-05,2.2806692868471146e-05
20230523_200000,17,DRPU,5.115122214682799e-10,5.221081345041512e-10,-1.0595913035871263e-11,1.0595913035871263e-11
20230523_200000,17,DRUM,0.008428676053881645,0.00852788146585226,-9.920541197061539e-05,9.920541197061539e-05
20230523_200000,17,FLY,0.033105045557022095,0.033180318772792816,-7.527321577072144e-05,7.527321577072144e-05
20230523_200000,17,FROG,0.006638326216489077,0.006614518351852894,2.3807864636182785e-05,2.3807864636182785e-05
20230523_200000,17,GLGN,0.0002540450368542224,0.0002533590595703572,6.859772838652134e-07,6.859772838652134e-07
20230523_200000,17,HOSA,0.17606604099273682,0.17623473703861237,-0.00016869604587554932,0.00016869604587554932
20230523_200000,17,HYPI,1.8930677470052615e-05,1.9165649064234458e-05,-2.349715941818431e-07,2.349715941818431e-07
20230523_200000,17,INSP,0.012409194372594357,0.012314911931753159,9.428244084119797e-05,9.428244084119797e-05
20230523_200000,17,IXNA,0.00015090289525687695,0.00015312085452023894,-2.2179592633619905e-06,2.2179592633619905e-06
20230523_200000,17,MEKE,0.03657917305827141,0.036238886415958405,0.00034028664231300354,0.00034028664231300354
20230523_200000,17,MYTO,1.9659131211824388e-08,2.032743218194355e-08,-6.683009701191622e-10,6.683009701191622e-10
20230523_200000,17,NUCO,4.687538690539839e-10,4.885136739574136e-10,-1.9759804903429767e-11,1.9759804903429767e-11
20230523_200000,17,OCPR,8.352204167749733e-05,8.455757779302076e-05,-1.0355361155234277e-06,1.0355361155234277e-06
20230523_200000,17,ORPI,0.0004497779009398073,0.00045328811393119395,-3.510212991386652e-06,3.510212991386652e-06
20230523_200000,17,PAFA,0.0008192927925847471,0.0008314289734698832,-1.2136180885136127e-05,1.2136180885136127e-05
20230523_200000,17,PECA,1.9486800738377497e-05,1.9761666408157907e-05,-2.748656697804108e-07,2.748656697804108e-07
20230523_200000,17,PHNU,3.269312219345011e-05,3.269484295742586e-05,-1.7207639757543802e-09,1.7207639757543802e-09
20230523_200000,17,PIMA,2.333122806064125e-09,2.416649991232589e-09,-8.35271851684638e-11,8.35271851684638e-11
20230523_200000,17,POEC,0.002955244155600667,0.0030208793468773365,-6.56351912766695e-05,6.56351912766695e-05
20230523_200000,17,PSFL,0.08527401089668274,0.08536365628242493,-8.96453857421875e-05,8.96453857421875e-05
20230523_200000,17,SHOT,0.2421257048845291,0.2449273020029068,-0.0028015971183776855,0.0028015971183776855
20230523_200000,17,SITT,0.00016023505304474384,0.0001630172919249162,-2.782238880172372e-06,2.782238880172372e-06
20230523_200000,17,SPRU,0.00025894964346662164,0.00026311175315640867,-4.16210968978703e-06,4.16210968978703e-06
20230523_200000,17,STOC,6.089907037676312e-05,6.0168174968566746e-05,7.308954081963748e-07,7.308954081963748e-07
20230523_200000,17,STOC_IRREG,4.4083953980589285e-05,4.3987623939756304e-05,9.633004083298147e-08,9.633004083298147e-08
20230523_200000,17,STVA,0.0003233017632737756,0.00032230978831648827,9.919749572873116e-07,9.919749572873116e-07
20230523_200000,17,STVA_IRREG,0.01028794702142477,0.010308725759387016,-2.077873796224594e-05,2.077873796224594e-05
20230523_200000,17,TADO1,1.6846021253513754e-06,1.7230539697266067e-06,-3.84518443752313e-08,3.84518443752313e-08
20230523_200000,17,TADO2,1.332605279458221e-05,1.3412307453108951e-05,-8.625465852674097e-08,8.625465852674097e-08
20230523_200000,17,TAMI,3.3039998470485443e-07,3.361896574460843e-07,-5.789672741229879e-09,5.789672741229879e-09
20230523_200000,17,TUMI,0.0009711784077808261,0.0009842318249866366,-1.3053417205810547e-05,1.3053417205810547e-05
20230523_200000,17,WHIS,6.165698323457036e-06,6.144303824839881e-06,2.1394498617155477e-08,2.1394498617155477e-08
20230523_200000,17,YARD,0.005712877493351698,0.005744102410972118,-3.1224917620420456e-05,3.1224917620420456e-05
20230523_200000,17,ZEMA,4.092252493137494e-05,4.123975304537453e-05,-3.172281139995903e-07,3.172281139995903e-07
20230523_200000,18,AEAC,9.447446132071491e-07,9.424357472198608e-07,2.3088659872883e-09,2.3088659872883e-09
20230523_200000,18,BRCA,8.131106205011562e-11,8.307064064405623e-11,-1.7595785939406028e-12,1.7595785939406028e-12
20230523_200000,18,BRMA,1.325388790282241e-14,1.3345784201335923e-14,-9.189629851351355e-17,9.189629851351355e-17
20230523_200000,18,BUVI,0.16374710202217102,0.16065967082977295,0.0030874311923980713,0.0030874311923980713
20230523_200000,18,CAGU,9.520380785943416e-07,9.473576483287616e-07,4.680430265580071e-09,4.680430265580071e-09
20230523_200000,18,CALU,0.022009221836924553,0.022149445489048958,-0.0001402236521244049,0.0001402236521244049
20230523_200000,18,CAUS,5.513023926262406e-10,5.530376712137297e-10,-1.7352785874891197e-12,1.7352785874891197e-12
20230523_200000,18,CCOO,2.3808144691828126e-11,2.3993574488345715e-11,-1.8542979651758884e-13,1.8542979651758884e-13
20230523_200000,18,CHFA,2.751246452881162e-11,2.7781639835855465e-11,-2.691753070438452e-13,2.691753070438452e-13
20230523_200000,18,CHMI,7.797195280545566e-07,7.754763942102727e-07,4.243133844283875e-09,4.243133844283875e-09
20230523_200000,18,CHMI_IRREG,1.5475254713237518e-06,1.5530210930592148e-06,-5.495621735462919e-09,5.495621735462919e-09
20230523_200000,18,COAU,2.3383900371598543e-10,2.363458317944378e-10,-2.5068280784523722e-12,2.5068280784523722e-12
20230523_200000,18,COAU2,2.0069683692724993e-09,2.0244717013895297e-09,-1.7503332117030368e-11,1.7503332117030368e-11
20230523_200000,18,COCO,3.2437540085084038e-06,3.24498319059785e-06,-1.2291820894461125e-09,1.2291820894461125e-09
20230523_200000,18,CYST,2.904946505566386e-08,2.9139844315295704e-08,-9.037925963184534e-11,9.037925963184534e-11
20230523_200000,18,DEFU,0.000146993319503963,0.00014573529188055545,1.2580276234075427e-06,1.2580276234075427e-06
20230523_200000,18,DOG,1.9807239368674345e-06,1.9978074305981863e-06,-1.7083493730751798e-08,1.7083493730751798e-08
20230523_200000,18,DRPU,5.437908640329653e-16,5.482091467045214e-16,-4.418282671556041e-18,4.418282671556041e-18
20230523_200000,18,DRUM,7.080022328409541e-07,7.109767352631025e-07,-2.974502422148362e-09,2.974502422148362e-09
20230523_200000,18,FLY,4.79746340715792e-05,4.7986864956328645e-05,-1.2230884749442339e-08,1.2230884749442339e-08
20230523_200000,18,FROG,3.7998070183675736e-05,3.778638711082749e-05,2.116830728482455e-07,2.116830728482455e-07
20230523_200000,18,GLGN,7.781141064810981e-09,7.78997133465964e-09,-8.830269848658645e-12,8.830269848658645e-12
20230523_200000,18,HOSA,7.812312833266333e-05,7.876057497924194e-05,-6.374466465786099e-07,6.374466465786099e-07
20230523_200000,18,HYPI,3.863612485499601e-10,3.8851952210983143e-10,-2.1582735598713043e-12,2.1582735598713043e-12
20230523_200000,18,INSP,5.074743603472598e-05,5.006957144360058e-05,6.778645911253989e-07,6.778645911253989e-07
20230523_200000,18,IXNA,3.814061955154102e-08,3.819263838522602e-08,-5.2018833684996935e-11,5.2018833684996935e-11
20230523_200000,18,MEKE,0.0001713175151962787,0.00016920091002248228,2.1166051737964153e-06,2.1166051737964153e-06
20230523_200000,18,MYTO,6.549400372079031e-14,6.644481514474221e-14,-9.508114239518972e-16,9.508114239518972e-16
20230523_200000,18,NUCO,9.007615540440084e-18,9.275034760672353e-18,-2.674192202322683e-19,2.674192202322683e-19
20230523_200000,18,OCPR,2.16806039787798e-09,2.186784753277493e-09,-1.8724355399513115e-11,1.8724355399513115e-11
20230523_200000,18,ORPI,2.1793427507077467e-08,2.2002662802833584e-08,-2.092352957561161e-10,2.092352957561161e-10
20230523_200000,18,PAFA,5.045003490522504e-07,5.090890340397891e-07,-4.588684987538727e-09,4.588684987538727e-09
20230523_200000,18,PECA,4.145944421107828e-10,4.1779882331560714e-10,-3.204381204824358e-12,3.204381204824358e-12
20230523_200000,18,PHNU,4.995585527467483e-07,5.068402515462367e-07,-7.2816987994883675e-09,7.2816987994883675e-09
20230523_200000,18,PIMA,5.436770757444136e-15,5.5373711665236344e-15,-1.0060040907949874e-16,1.0060040907949874e-16
20230523_200000,18,POEC,3.036117490751167e-08,3.0623276359165175e-08,-2.6210145165350696e-10,2.6210145165350696e-10
20230523_200000,18,PSFL,0.8135973215103149,0.8165489435195923,-0.0029516220092773438,0.0029516220092773438
20230523_200000,18,SHOT,4.7630669541831594e-07,4.815694296667061e-07,-5.2627342483901884e-09,5.2627342483901884e-09
20230523_200000,18,SITT,2.9820785130141303e-07,2.983740330364526e-07,-1.6618173503957223e-10,1.6618173503957223e-10
20230523_200000,18,SPRU,4.548422971595301e-09,4.587251023480121e-09,-3.8828051884820525e-11,3.8828051884820525e-11
20230523_200000,18,STOC,2.1405489292192215e-07,2.102758145383632e-07,3.779078383558954e-09,3.779078383558954e-09
20230523_200000,18,STOC_IRREG,2.839249280128797e-09,2.829931622372328e-09,9.317657756469089e-12,9.317657756469089e-12
20230523_200000,18,STVA,3.539776662364602e-05,3.472930984571576e-05,6.684567779302597e-07,6.684567779302597e-07
20230523_200000,18,STVA_IRREG,6.449182546930388e-05,6.442778249038383e-05,6.404297892004251e-08,6.404297892004251e-08
20230523_200000,18,TADO1,4.419951817741241e-12,4.48440937161898e-12,-6.445755387773922e-14,6.445755387773922e-14
20230523_200000,18,TADO2,2.6069988834365176e-08,2.6127960239819004e-08,-5.7971405453827174e-11,5.7971405453827174e-11
20230523_200000,18,TAMI,3.393883785118845e-11,3.474079704468558e-11,-8.01959193497126e-13,8.01959193497126e-13
20230523_200000,18,TUMI,5.479016067511111e-07,5.492116201821773e-07,-1.3100134310661815e-09,1.3100134310661815e-09
20230523_200000,18,WHIS,8.25006019056218e-09,8.213581814686677e-09,3.6478375875503843e-11,3.6478375875503843e-11
20230523_200000,18,YARD,3.727834396727303e-08,3.746864507547798e-08,-1.9030110820494883e-10,1.9030110820494883e-10
20230523_200000,18,ZEMA,3.2292581408910337e-07,3.230792628983181e-07,-1.5344880921475124e-10,1.5344880921475124e-10
20230523_200000,19,AEAC,3.9124231989262626e-05,3.893401662935503e-05,1.902153599075973e-07,1.902153599075973e-07
20230523_200000,19,BRCA,0.004425853956490755,0.004405025392770767,2.082856371998787e-05,2.082856371998787e-05
20230523_200000,19,BRMA,6.8400686359382235e-06,6.850525096524507e-06,-1.0456460586283356e-08,1.0456460586283356e-08
20230523_200000,19,BUVI,7.348085091507528e-06,7.317655217775609e-06,3.042987373191863e-08,3.042987373191863e-08
20230523_200000,19,CAGU,0.05925161764025688,0.059411950409412384,-0.00016033276915550232,0.00016033276915550232
20230523_200000,19,CALU,8.728431566851214e-06,8.701532351551577e-06,2.6899215299636126e-08,2.6899215299636126e-08
20230523_200000,19,CAUS,0.000919407291803509,0.0009211130673065782,-1.7057755030691624e-06,1.7057755030691624e-06
20230523_200000,19,CCOO,0.001937270280905068,0.0019381733145564795,-9.030336514115334e-07,9.030336514115334e-07
20230523_200000,19,CHFA,0.003007771447300911,0.003007569583132863,2.0186416804790497e-07,2.0186416804790497e-07
20230523_200000,19,CHMI,0.007764412555843592,0.0077390824444592,2.5330111384391785e-05,2.5330111384391785e-05
20230523_200000,19,CHMI_IRREG,7.6098494901089e-06,7.563058261439437e-06,4.6791228669462726e-08,4.6791228669462726e-08
20230523_200000,19,COAU,0.0006364152068272233,0.0006358653772622347,5.498295649886131e-07,5.498295649886131e-07
20230523_200000,19,COAU2,0.008357701823115349,0.008354829624295235,2.8721988201141357e-06,2.8721988201141357e-06
20230523_200000,19,COCO,0.025069819763302803,0.02512415312230587,-5.4333359003067017e-05,5.4333359003067017e-05
20230523_200000,19,CYST,0.016514984890818596,0.01651756837964058,-2.5834888219833374e-06,2.5834888219833374e-06
20230523_200000,19,DEFU,0.011439868248999119,0.011432000435888767,7.867813110351562e-06,7.867813110351562e-06
20230523_200000,19,DOG,0.007422648370265961,0.0073888651095330715,3.3783260732889175e-05,3.3783260732889175e-05
20230523_200000,19,DRPU,5.992826856981992e-08,5.9473848068591906e-08,4.5442050122801447e-10,4.5442050122801447e-10
20230523_200000,19,DRUM,0.013647048734128475,0.013639821670949459,7.227063179016113e-06,7.227063179016113e-06
20230523_200000,19,FLY,0.34010568261146545,0.340024471282959,8.121132850646973e-05,8.121132850646973e-05
20230523_200000,19,FROG,0.00333184702321887,0.003321984549984336,9.862473234534264e-06,9.862473234534264e-06
20230523_200000,19,GLGN,0.0014264046913012862,0.0014221934834495187,4.21120785176754e-06,4.21120785176754e-06
20230523_200000,19,HOSA,0.13756221532821655,0.13694263994693756,0.0006195753812789917,0.0006195753812789917
20230523_200000,19,HYPI,0.00028778481646440923,0.0002872634504456073,5.213660188019276e-07,5.213660188019276e-07
20230523_200000,19,INSP,2.435218993923627e-05,2.425344973744359e-05,9.874020179267973e-08,9.874020179267973e-08
20230523_200000,19,IXNA,0.17217546701431274,0.17292974889278412,-0.0007542818784713745,0.0007542818784713745
20230523_200000,19,MEKE,0.00018763125990517437,0.00018648875993676484,1.1424999684095383e-06,1.1424999684095383e-06
20230523_200000,19,MYTO,0.0007028369582258165,0.0007041093776933849,-1.2724194675683975e-06,1.2724194675683975e-06
20230523_200000,19,NUCO,9.171080250780506e-07,9.217030765285017e-07,-4.5950514504511375e-09,4.5950514504511375e-09
20230523_200000,19,OCPR,0.00099706812761724,0.000995354843325913,1.7132842913269997e-06,1.7132842913269997e-06
20230523_200000,19,ORPI,0.0005338310729712248,0.0005322119104675949,1.6191625036299229e-06,1.6191625036299229e-06
20230523_200000,19,PAFA,0.0003964282223023474,0.00039626742363907397,1.607986632734537e-07,1.607986632734537e-07
20230523_200000,19,PECA,0.0002704630314838141,0.0002701319463085383,3.310851752758026e-07,3.310851752758026e-07
20230523_200000,19,PHNU,2.8892782211187296e-07,2.8677413865807466e-07,2.153683453798294e-09,2.153683453798294e-09
20230523_200000,19,PIMA,0.0002097062097163871,0.00021002597350161523,-3.197637852281332e-07,3.197637852281332e-07
20230523_200000,19,POEC,0.0010928971460089087,0.0010961953084915876,-3.2981624826788902e-06,3.2981624826788902e-06
20230523_200000,19,PSFL,7.518485654145479e-05,7.460962660843506e-05,5.752299330197275e-07,5.752299330197275e-07
20230523_200000,19,SHOT,0.028414681553840637,0.028316203504800797,9.84780490398407e-05,9.84780490398407e-05
20230523_200000,19,SITT,0.015442144125699997,0.015422535128891468,1.96089968085289e-05,1.96089968085289e-05
20230523_200000,19,SPRU,0.003869276959449053,0.0038662063889205456,3.0705705285072327e-06,3.0705705285072327e-06
20230523_200000,19,STOC,2.6005078325397335e-05,2.5837196517386474e-05,1.6788180801086128e-07,1.6788180801086128e-07
20230523_200000,19,STOC_IRREG,2.5394630938535556e-05,2.527868673496414e-05,1.1594420357141644e-07,1.1594420357141644e-07
20230523_200000,19,STVA,1.054863696481334e-05,1.0448164175613783e-05,1.0047278919955716e-07,1.0047278919955716e-07
20230523_200000,19,STVA_IRREG,0.00010770914377644658,0.00010680375999072567,9.053837857209146e-07,9.053837857209146e-07
20230523_200000,19,TADO1,0.00011309101682854816,0.0001130963719333522,-5.3551048040390015e-09,5.3551048040390015e-09
20230523_200000,19,TADO2,5.029782187193632e-05,5.018563388148323e-05,1.1218799045309424e-07,1.1218799045309424e-07
20230523_200000,19,TAMI,7.5027986895293e-05,7.499069033656269e-05,3.729655873030424e-08,3.729655873030424e-08
20230523_200000,19,TUMI,0.05522655323147774,0.05530728027224541,-8.072704076766968e-05,8.072704076766968e-05
20230523_200000,19,WHIS,2.9242870368761942e-05,2.900707295339089e-05,2.3579741537105292e-07,2.3579741537105292e-07
20230523_200000,19,YARD,0.07675447314977646,0.07663756608963013,0.00011690706014633179,0.00011690706014633179
20230523_200000,19,ZEMA,1.0023422873928212e-05,9.95813388726674e-06,6.528898666147143e-08,6.528898666147143e-08
20230523_200000,2,AEAC,4.644139335141517e-05,4.626317604561336e-05,1.7821730580180883e-07,1.7821730580180883e-07
20230523_200000,2,BRCA,7.596623845529393e-07,7.508889439122868e-07,8.773440640652552e-09,8.773440640652552e-09
20230523_200000,2,BRMA,2.3943955151928265e-10,2.3607618637733196e-10,3.3633651419506805e-12,3.3633651419506805e-12
20230523_200000,2,BUVI,0.0049426378682255745,0.004945897962898016,-3.2600946724414825e-06,3.2600946724414825e-06
20230523_200000,2,CAGU,0.00024344297708012164,0.00024260199279524386,8.409842848777771e-07,8.409842848777771e-07
20230523_200000,2,CALU,0.7769650220870972,0.7785422205924988,-0.0015771985054016113,0.0015771985054016113
20230523_200000,2,CAUS,2.7289561899124237e-07,2.7056682938564336e-07,2.328789605599013e-09,2.328789605599013e-09
20230523_200000,2,CCOO,9.962036529032048e-08,9.823158819699529e-08,1.3887770933251886e-09,1.3887770933251886e-09
20230523_200000,2,CHFA,1.7940507746061485e-07,1.774545808075345e-07,1.950496653080336e-09,1.950496653080336e-09
20230523_200000,2,CHMI,0.0006668496644124389,0.0006666292320005596,2.2043241187930107e-07,2.2043241187930107e-07
20230523_200000,2,CHMI_IRREG,0.0006330934120342135,0.0006299648084677756,3.1286035664379597e-06,3.1286035664379597e-06
20230523_200000,2,COAU,2.8789715500465718e-08,2.841450807977708e-08,3.752074206886391e-10,3.752074206886391e-10
20230523_200000,2,COAU2,2.6591194455249934e-06,2.6413347313791746e-06,1.7784714145818725e-08,1.7784714145818725e-08
20230523_200000,2,COCO,0.009851687587797642,0.009862430393695831,-1.0742805898189545e-05,1.0742805898189545e-05
20230523_200000,2,CYST,3.0017763492651284e-06,2.973535629280377e-06,2.8240719984751195e-08,2.8240719984751195e-08
20230523_200000,2,DEFU,0.0042092688381671906,0.004222007002681494,-1.2738164514303207e-05,1.2738164514303207e-05
20230523_200000,2,DOG,0.00031200412195175886,0.00031049427343532443,1.509848516434431e-06,1.509848516434431e-06
20230523_200000,2,DRPU,4.397667559968843e-12,4.318602767061641e-12,7.906479290720192e-14,7.906479290720192e-14
20230523_200000,2,DRUM,0.0003390537458471954,0.00033794468617998064,1.1090596672147512e-06,1.1090596672147512e-06
20230523_200000,2,FLY,0.000604812114033848,0.000603771535679698,1.0405783541500568e-06,1.0405783541500568e-06
20230523_200000,2,FROG,0.00010670549818314612,0.00010627159645082429,4.339017323218286e-07,4.339017323218286e-07
20230523_200000,2,GLGN,1.3354690054256935e-05,1.3319500794750638e-05,3.5189259506296366e-08,3.5189259506296366e-08
20230523_200000,2,HOSA,0.003839101642370224,0.003829884110018611,9.217532351613045e-06,9.217532351613045e-06
20230523_200000,2,HYPI,1.2165341622960568e-08,1.1976466041119238e-08,1.8887558184133013e-10,1.8887558184133013e-10
20230523_200000,2,INSP,0.00011468274897197261,0.00011424494005041197,4.378089215606451e-07,4.378089215606451e-07
20230523_200000,2,IXNA,3.186985486536287e-05,3.1787149055162445e-05,8.2705810200423e-08,8.2705810200423e-08
20230523_200000,2,MEKE,0.0007527353009209037,0.000751483952626586,1.2513482943177223e-06,1.2513482943177223e-06
20230523_200000,2,MYTO,3.7016805176648404e-09,3.646775104115818e-09,5.490541354902234e-11,5.490541354902234e-11
20230523_200000,2,NUCO,3.119744317481993e-13,3.0274657021774065e-13,9.227861530458625e-15,9.227861530458625e-15
20230523_200000,2,OCPR,4.385648026072886e-06,4.349984919826966e-06,3.566310624592006e-08,3.566310624592006e-08
20230523_200000,2,ORPI,2.6806014830071945e-06,2.6528944090387085e-06,2.770707396848593e-08,2.770707396848593e-08
20230523_200000,2,PAFA,6.487210339400917e-05,6.444370228564367e-05,4.2840110836550593e-07,4.2840110836550593e-07
20230523_200000,2,PECA,2.2514286968089436e-07,2.225965971547339e-07,2.5462725261604646e-09,2.5462725261604646e-09
20230523_200000,2,PHNU,7.356474725384032e-06,7.228522008517757e-06,1.279527168662753e-07,1.279527168662753e-07
20230523_200000,2,PIMA,1.5251124807491578e-09,1.5036465406126354e-09,2.1465940136522477e-11,2.1465940136522477e-11
20230523_200000,2,POEC,5.7372137234779075e-05,5.699641405954026e-05,3.7572317523881793e-07,3.7572317523881793e-07
20230523_200000,2,PSFL,0.19481505453586578,0.1932351440191269,0.0015799105167388916,0.0015799105167388916
20230523_200000,2,SHOT,0.0002682266349438578,0.00026657807757146657,1.648557372391224e-06,1.648557372391224e-06
20230523_200000,2,SITT,2.5180923330481164e-05,2.4962562747532502e-05,2.1836058294866234e-07,2.1836058294866234e-07
20230523_200000,2,SPRU,4.945351065543946e-06,4.920588708046125e-06,2.476235749782063e-08,2.476235749782063e-08
20230523_200000,2,STOC,5.032895842305152e-06,5.048656021244824e-06,-1.5760178939672187e-08,1.5760178939672187e-08
20230523_200000,2,STOC_IRREG,9.704690455691889e-07,9.702907846076414e-07,1.7826096154749393e-10,1.7826096154749393e-10
20230523_200000,2,STVA,7.935201574582607e-05,7.957135676406324e-05,-2.1934101823717356e-07,2.1934101823717356e-07
20230523_200000,2,STVA_IRREG,0.0007938309572637081,0.0007929633720777929,8.675851859152317e-07,8.675851859152317e-07
20230523_200000,2,TADO1,1.5573892175879678e-09,1.5353870397305514e-09,2.2002177857416427e-11,2.2002177857416427e-11
20230523_200000,2,TADO2,8.917525633478363e-07,8.849844448377553e-07,6.768118510080967e-09,6.768118510080967e-09
20230523_200000,2,TAMI,6.871277946629561e-08,6.797097995558943e-08,7.41799510706187e-10,7.41799510706187e-10
20230523_200000,2,TUMI,0.00012570041872095317,0.0001251626672456041,5.377514753490686e-07,5.377514753490686e-07
20230523_200000,2,WHIS,9.47359126257652e-07,9.480653488935786e-07,-7.062226359266788e-10,7.062226359266788e-10
20230523_200000,2,YARD,5.94604316574987e-05,5.9027104725828394e-05,4.333269316703081e-07,4.333269316703081e-07
20230523_200000,2,ZEMA,3.6547660329233622e-06,3.6063054267287953e-06,4.8460606194566935e-08,4.8460606194566935e-08
20230523_200000,20,AEAC,0.00021304089750628918,0.0002142935700248927,-1.2526725186035037e-06,1.2526725186035037e-06
20230523_200000,20,BRCA,0.002117006340995431,0.002126384060829878,-9.377719834446907e-06,9.377719834446907e-06
20230523_200000,20,BRMA,2.370875273882689e-09,2.3425201778337623e-09,2.8355096048926498e-11,2.8355096048926498e-11
20230523_200000,20,BUVI,0.0069940946996212006,0.006975362077355385,1.8732622265815735e-05,1.8732622265815735e-05
20230523_200000,20,CAGU,2.0859330106759444e-05,2.067746208922472e-05,1.8186801753472537e-07,1.8186801753472537e-07
20230523_200000,20,CALU,0.0420210100710392,0.04187672585248947,0.0001442842185497284,0.0001442842185497284
20230523_200000,20,CAUS,3.534764800861012e-07,3.52258780367265e-07,1.2176997188362293e-09,1.2176997188362293e-09
20230523_200000,20,CCOO,9.735423418533173e-07,9.654086170485243e-07,8.133724804793019e-09,8.133724804793019e-09
20230523_200000,20,CHFA,3.7756763049401343e-06,3.7723741570516722e-06,3.302147888462059e-09,3.302147888462059e-09
20230523_200000,20,CHMI,0.0008629604708403349,0.0008584406459704041,4.519824869930744e-06,4.519824869930744e-06
20230523_200000,20,CHMI_IRREG,0.0042489576153457165,0.004243322182446718,5.6354328989982605e-06,5.6354328989982605e-06
20230523_200000,20,COAU,3.769024260691367e-06,3.762838105103583e-06,6.186155587784015e-09,6.186155587784015e-09
20230523_200000,20,COAU2,0.00016788851644378155,0.00016790989320725203,-2.1376763470470905e-08,2.1376763470470905e-08
20230523_200000,20,COCO,0.2343427985906601,0.23428654670715332,5.62518835067749e-05,5.62518835067749e-05
20230523_200000,20,CYST,9.682748350314796e-05,9.703404793981463e-05,-2.0656443666666746e-07,2.0656443666666746e-07
20230523_200000,20,DEFU,0.008152642287313938,0.008163506165146828,-1.0863877832889557e-05,1.0863877832889557e-05
20230523_200000,20,DOG,0.10900934040546417,0.10943664610385895,-0.0004273056983947754,0.0004273056983947754
20230523_200000,20,DRPU,6.967589882833636e-08,6.88898680323291e-08,7.860307960072532e-10,7.860307960072532e-10
20230523_200000,20,DRUM,0.004817147273570299,0.004832361359149218,-1.5214085578918457e-05,1.5214085578918457e-05
20230523_200000,20,FLY,0.00533729512244463,0.00533756148070097,-2.6635825634002686e-07,2.6635825634002686e-07
20230523_200000,20,FROG,0.0023535590153187513,0.0023438213393092155,9.73767600953579e-06,9.73767600953579e-06
20230523_200000,20,GLGN,0.0011893429327756166,0.0011889421148225665,4.0081795305013657e-07,4.0081795305013657e-07
20230523_200000,20,HOSA,0.25814151763916016,0.25820037722587585,-5.885958671569824e-05,5.885958671569824e-05
20230523_200000,20,HYPI,7.271984941326082e-06,7.28443410480395e-06,-1.2449163477867842e-08,1.2449163477867842e-08
20230523_200000,20,INSP,0.0006424363236874342,0.0006419020355679095,5.342881195247173e-07,5.342881195247173e-07
20230523_200000,20,IXNA,6.792378553654999e-05,6.785189179936424e-05,7.189373718574643e-08,7.189373718574643e-08
20230523_200000,20,MEKE,0.002991367131471634,0.0029883503448218107,3.0167866498231888e-06,3.0167866498231888e-06
20230523_200000,20,MYTO,9.111504883918542e-10,9.016125068761482e-10,9.537981515705951e-12,9.537981515705951e-12
20230523_200000,20,NUCO,4.904857853205158e-09,4.8970782984270045e-09,7.779554778153397e-12,7.779554778153397e-12
20230523_200000,20,OCPR,1.760716077114921e-05,1.7552230929140933e-05,5.4929842008277774e-08,5.4929842008277774e-08
20230523_200000,20,ORPI,0.0004991551395505667,0.0004983529215678573,8.022179827094078e-07,8.022179827094078e-07
20230523_200000,20,PAFA,0.0006543972995132208,0.0006577011081390083,-3.3038086257874966e-06,3.3038086257874966e-06
20230523_200000,20,PECA,4.5392211177386343e-05,4.532544335233979e-05,6.676782504655421e-08,6.676782504655421e-08
20230523_200000,20,PHNU,0.0004973048926331103,0.0004952553426846862,2.049549948424101e-06,2.049549948424101e-06
20230523_200000,20,PIMA,3.623442523803533e-08,3.625307343213535e-08,-1.864819410002383e-11,1.864819410002383e-11
20230523_200000,20,POEC,1.3385423699219245e-05,1.3309286259755027e-05,7.613743946421891e-08,7.613743946421891e-08
20230523_200000,20,PSFL,0.018786868080496788,0.01878865621984005,-1.7881393432617188e-06,1.7881393432617188e-06
20230523_200000,20,SHOT,0.2694889307022095,0.2691446542739868,0.00034427642822265625,0.00034427642822265625
20230523_200000,20,SITT,1.4862250282021705e-05,1.4826485312369186e-05,3.576496965251863e-08,3.576496965251863e-08
20230523_200000,20,SPRU,0.0010512082371860743,0.0010532670421525836,-2.058804966509342e-06,2.058804966509342e-06
20230523_200000,20,STOC,0.0023679924197494984,0.002363073406741023,4.919013008475304e-06,4.919013008475304e-06
20230523_200000,20,STOC_IRREG,0.0030020656995475292,0.0030136818531900644,-1.161615364253521e-05,1.161615364253521e-05
20230523_200000,20,STVA,0.004242624156177044,0.004246617201715708,-3.993045538663864e-06,3.993045538663864e-06
20230523_200000,20,STVA_IRREG,0.011796210892498493,0.011845900677144527,-4.968978464603424e-05,4.968978464603424e-05
20230523_200000,20,TADO1,1.7251028339160257e-06,1.7195045529661002e-06,5.598280949925538e-09,5.598280949925538e-09
20230523_200000,20,TADO2,9.152259008260444e-05,9.102396870730445e-05,4.986213752999902e-07,4.986213752999902e-07
20230523_200000,20,TAMI,3.8479844079120085e-05,3.854972601402551e-05,-6.988193490542471e-08,6.988193490542471e-08
20230523_200000,20,TUMI,0.00020097130618523806,0.00020086679433006793,1.0451185517013073e-07,1.0451185517013073e-07
20230523_200000,20,WHIS,0.0001666526950430125,0.00016694214718881994,-2.8945214580744505e-07,2.8945214580744505e-07
20230523_200000,20,YARD,0.0030986289493739605,0.003098716028034687,-8.707866072654724e-08,8.707866072654724e-08
20230523_200000,20,ZEMA,0.00011981424904661253,0.0001197979727294296,1.6276317182928324e-08,1.6276317182928324e-08
20230523_200000,21,AEAC,0.000595402845647186,0.0005951231578364968,2.796878106892109e-07,2.796878106892109e-07
20230523_200000,21,BRCA,0.00022800202714279294,0.00022985783289186656,-1.8558057490736246e-06,1.8558057490736246e-06
20230523_200000,21,BRMA,1.750764688779327e-08,1.7104271776702262e-08,4.033751110910089e-10,4.033751110910089e-10
20230523_200000,21,BUVI,0.016877036541700363,0.016927655786275864,-5.061924457550049e-05,5.061924457550049e-05
20230523_200000,21,CAGU,0.0018062377348542213,0.0017751934938132763,3.104424104094505e-05,3.104424104094505e-05
20230523_200000,21,CALU,0.09395076334476471,0.09403432160615921,-8.355826139450073e-05,8.355826139450073e-05
20230523_200000,21,CAUS,8.585255272919312e-06,8.503535354975611e-06,8.171991794370115e-08,8.171991794370115e-08
20230523_200000,21,CCOO,4.2654824937926605e-05,4.197470843791962e-05,6.801165000069886e-07,6.801165000069886e-07
20230523_200000,21,CHFA,5.154069185664412e-06,5.107941888127243e-06,4.612729753716849e-08,4.612729753716849e-08
20230523_200000,21,CHMI,0.022066809237003326,0.021930888295173645,0.0001359209418296814,0.0001359209418296814
20230523_200000,21,CHMI_IRREG,0.0011861965758726,0.0011895863572135568,-3.389781340956688e-06,3.389781340956688e-06
20230523_200000,21,COAU,6.327735900413245e-05,6.301600660663098e-05,2.6135239750146866e-07,2.6135239750146866e-07
20230523_200000,21,COAU2,0.001260434160940349,0.0012513319961726665,9.102164767682552e-06,9.102164767682552e-06
20230523_200000,21,COCO,0.5881265997886658,0.5863335132598877,0.0017930865287780762,0.0017930865287780762
20230523_200000,21,CYST,0.00032080241362564266,0.00031894893618300557,1.853477442637086e-06,1.853477442637086e-06
20230523_200000,21,DEFU,0.028039436787366867,0.028147252276539803,-0.00010781548917293549,0.00010781548917293549
20230523_200000,21,DOG,0.0121657345443964,0.012265575118362904,-9.984057396650314e-05,9.984057396650314e-05
20230523_200000,21,DRPU,2.239970209316766e-09,2.2122406129199135e-09,2.7729596396852685e-11,2.7729596396852685e-11
20230523_200000,21,DRUM,0.0034458404406905174,0.0034588330890983343,-1.2992648407816887e-05,1.2992648407816887e-05
20230523_200000,21,FLY,0.037621382623910904,0.03797953948378563,-0.00035815685987472534,0.00035815685987472534
20230523_200000,21,FROG,0.006073908414691687,0.0061187115497887135,-4.4803135097026825e-05,4.4803135097026825e-05
20230523_200000,21,GLGN,0.0021610662806779146,0.002164013683795929,-2.9474031180143356e-06,2.9474031180143356e-06
20230523_200000,21,HOSA,0.08840068429708481,0.08923216909170151,-0.0008314847946166992,0.0008314847946166992
20230523_200000,21,HYPI,3.678348730318248e-05,3.680932422867045e-05,-2.5836925487965345e-08,2.5836925487965345e-08
20230523_200000,21,INSP,0.004886879585683346,0.004914183635264635,-2.730404958128929e-05,2.730404958128929e-05
20230523_200000,21,IXNA,0.0004942884552292526,0.0004916458856314421,2.642569597810507e-06,2.642569597810507e-06
20230523_200000,21,MEKE,0.0030342633835971355,0.0030380513053387403,-3.787921741604805e-06,3.787921741604805e-06
20230523_200000,21,MYTO,5.606105446531728e-07,5.522967398974288e-07,8.313804755744059e-09,8.313804755744059e-09
20230523_200000,21,NUCO,3.714341334504212e-10,3.6934447167347173e-10,2.0896617769494696e-12,2.0896617769494696e-12
20230523_200000,21,OCPR,0.0003886105550918728,0.0003850569191854447,3.5536359064280987e-06,3.5536359064280987e-06
20230523_200000,21,ORPI,0.00018823349091690034,0.00018776181968860328,4.7167122829705477e-07,4.7167122829705477e-07
20230523_200000,21,PAFA,0.0004073598247487098,0.00040857651038095355,-1.2166856322437525e-06,1.2166856322437525e-06
20230523_200000,21,PECA,7.027315587038174e-05,6.990120164118707e-05,3.719542291946709e-07,3.719542291946709e-07
20230523_200000,21,PHNU,2.3249640435096808e-05,2.3240003429236822e-05,9.637005859985948e-09,9.637005859985948e-09
20230523_200000,21,PIMA,2.669089838036598e-07,2.6326938495913055e-07,3.639598844529246e-09,3.639598844529246e-09
20230523_200000,21,POEC,0.00601906469091773,0.005977456457912922,4.1608233004808426e-05,4.1608233004808426e-05
20230523_200000,21,PSFL,0.02022283896803856,0.020337646827101707,-0.0001148078590631485,0.0001148078590631485
20230523_200000,21,SHOT,0.03037973865866661,0.030529379844665527,-0.00014964118599891663,0.00014964118599891663
20230523_200000,21,SITT,0.00022386497585102916,0.00022267030726652592,1.1946685845032334e-06,1.1946685845032334e-06
20230523_200000,21,SPRU,0.0004543140239547938,0.00045278333709575236,1.5306868590414524e-06,1.5306868590414524e-06
20230523_200000,21,STOC,0.002794843865558505,0.002803047187626362,-8.203322067856789e-06,8.203322067856789e-06
20230523_200000,21,STOC_IRREG,0.002071262802928686,0.0020737298764288425,-2.4670735001564026e-06,2.4670735001564026e-06
20230523_200000,21,STVA,0.002252833219245076,0.00226156460121274,-8.731381967663765e-06,8.731381967663765e-06
20230523_200000,21,STVA_IRREG,0.009675330482423306,0.009750843979418278,-7.551349699497223e-05,7.551349699497223e-05
20230523_200000,21,TADO1,2.6285679268767126e-06,2.625954948598519e-06,2.612978278193623e-09,2.612978278193623e-09
20230523_200000,21,TADO2,0.0005589980282820761,0.0005576441180892289,1.3539101928472519e-06,1.3539101928472519e-06
20230523_200000,21,TAMI,1.1908778105862439e-05,1.1870059097418562e-05,3.87190084438771e-08,3.87190084438771e-08
20230523_200000,21,TUMI,0.0021685275714844465,0.0021549295634031296,1.3598008081316948e-05,1.3598008081316948e-05
20230523_200000,21,WHIS,0.0001332060492131859,0.0001333414256805554,-1.3537646736949682e-07,1.3537646736949682e-07
20230523_200000,21,YARD,0.008865400217473507,0.008914702571928501,-4.93023544549942e-05,4.93023544549942e-05
20230523_200000,21,ZEMA,0.00018850044580176473,0.00018864506273530424,-1.4461693353950977e-07,1.4461693353950977e-07
20230523_200000,22,AEAC,0.00014979201660025865,0.00015075159899424762,-9.59582393988967e-07,9.59582393988967e-07
20230523_200000,22,BRCA,0.00123204558622092,0.0012441161088645458,-1.2070522643625736e-05,1.2070522643625736e-05
20230523_200000,22,BRMA,5.215840648276071e-09,5.297654759317538e-09,-8.181411104146719e-11,8.181411104146719e-11
20230523_200000,22,BUVI,0.001927446573972702,0.0019241315312683582,3.3150427043437958e-06,3.3150427043437958e-06
20230523_200000,22,CAGU,0.00021800989634357393,0.0002187093923566863,-6.994960131123662e-07,6.994960131123662e-07
20230523_200000,22,CALU,0.0009332841727882624,0.0009458328713662922,-1.2548698578029871e-05,1.2548698578029871e-05
20230523_200000,22,CAUS,7.141162768675713e-06,7.19960098649608e-06,-5.8438217820366845e-08,5.8438217820366845e-08
20230523_200000,22,CCOO,1.3384304111241363e-05,1.3507687981473282e-05,-1.23383870231919e-07,1.23383870231919e-07
20230523_200000,22,CHFA,7.262686267495155e-06,7.309192369575612e-06,-4.650610208045691e-08,4.650610208045691e-08
20230523_200000,22,CHMI,0.007710161153227091,0.007754990365356207,-4.482921212911606e-05,4.482921212911606e-05
20230523_200000,22,CHMI_IRREG,0.003100728616118431,0.0031108639668673277,-1.0135350748896599e-05,1.0135350748896599e-05
20230523_200000,22,COAU,1.4898128938511945e-05,1.5060712030390278e-05,-1.625830918783322e-07,1.625830918783322e-07
20230523_200000,22,COAU2,0.0006623588851653039,0.0006676302291452885,-5.271343979984522e-06,5.271343979984522e-06
20230523_200000,22,COCO,0.026763977482914925,0.026929127052426338,-0.00016514956951141357,0.00016514956951141357
20230523_200000,22,CYST,0.00034528685500845313,0.0003497549914754927,-4.468136467039585e-06,4.468136467039585e-06
20230523_200000,22,DEFU,0.07806066423654556,0.07813193649053574,-7.127225399017334e-05,7.127225399017334e-05
20230523_200000,22,DOG,0.024850888177752495,0.024981291964650154,-0.0001304037868976593,0.0001304037868976593
20230523_200000,22,DRPU,3.4210380306376464e-08,3.490082534085559e-08,-6.904450344791258e-10,6.904450344791258e-10
20230523_200000,22,DRUM,0.01679103448987007,0.016812779009342194,-2.1744519472122192e-05,2.1744519472122192e-05
20230523_200000,22,FLY,0.049044977873563766,0.04941399767994881,-0.0003690198063850403,0.0003690198063850403
20230523_200000,22,FROG,0.013760678470134735,0.013781430199742317,-2.0751729607582092e-05,2.0751729607582092e-05
20230523_200000,22,GLGN,0.0006758144591003656,0.0006820555427111685,-6.241083610802889e-06,6.241083610802889e-06
20230523_200000,22,HOSA,0.4272208511829376,0.4283125400543213,-0.001091688871383667,0.001091688871383667
20230523_200000,22,HYPI,5.0625214498722926e-05,5.097490065963939e-05,-3.4968616091646254e-07,3.4968616091646254e-07
20230523_200000,22,INSP,0.022702977061271667,0.022533683106303215,0.00016929395496845245,0.00016929395496845245
20230523_200000,22,IXNA,0.0007412912091240287,0.000744494260288775,-3.2030511647462845e-06,3.2030511647462845e-06
20230523_200000,22,MEKE,0.01786329783499241,0.0178696159273386,-6.318092346191406e-06,6.318092346191406e-06
20230523_200000,22,MYTO,2.5081799748249978e-08,2.5564789396526066e-08,-4.829896482760887e-10,4.829896482760887e-10
20230523_200000,22,NUCO,1.53968446880981e-08,1.575418551169605e-08,-3.573408235979514e-10,3.573408235979514e-10
20230523_200000,22,OCPR,3.877673952956684e-05,3.9081503928173333e-05,-3.0476439860649407e-07,3.0476439860649407e-07
20230523_200000,22,ORPI,0.001760241691954434,0.0017783873481675982,-1.814565621316433e-05,1.814565621316433e-05
20230523_200000,22,PAFA,0.0005258592427708209,0.0005287069361656904,-2.847693394869566e-06,2.847693394869566e-06
20230523_200000,22,PECA,0.00026166875613853335,0.00026385512319393456,-2.186367055401206e-06,2.186367055401206e-06
20230523_200000,22,PHNU,0.00022308218467514962,0.00022603188699577004,-2.9497023206204176e-06,2.9497023206204176e-06
20230523_200000,22,PIMA,1.6738407282446133e-07,1.7084975922898593e-07,-3.465686404524604e-09,3.465686404524604e-09
20230523_200000,22,POEC,3.4406846680212766e-05,3.46496635756921e-05,-2.428168954793364e-07,2.428168954793364e-07
20230523_200000,22,PSFL,0.0012404823210090399,0.0012493785470724106,-8.896226063370705e-06,8.896226063370705e-06
20230523_200000,22,SHOT,0.04080633819103241,0.04104553535580635,-0.00023919716477394104,0.00023919716477394104
20230523_200000,22,SITT,8.848616562318057e-05,8.918365347199142e-05,-6.974878488108516e-07,6.974878488108516e-07
20230523_200000,22,SPRU,0.0010022727074101567,0.0010055326856672764,-3.2599782571196556e-06,3.2599782571196556e-06
20230523_200000,22,STOC,0.00387477595359087,0.0038449226412922144,2.985331229865551e-05,2.985331229865551e-05
20230523_200000,22,STOC_IRREG,0.0018577128648757935,0.001852615736424923,5.097128450870514e-06,5.097128450870514e-06
20230523_200000,22,STVA,0.14303794503211975,0.14147210121154785,0.0015658438205718994,0.0015658438205718994
20230523_200000,22,STVA_IRREG,0.09805577248334885,0.0975208505988121,0.0005349218845367432,0.0005349218845367432
20230523_200000,22,TADO1,1.2558339221868664e-05,1.2669056559388991e-05,-1.1071733752032742e-07,1.1071733752032742e-07
20230523_200000,22,TADO2,0.000197040440980345,0.00019818608416244388,-1.1456431820988655e-06,1.1456431820988655e-06
20230523_200000,22,TAMI,7.681283932470251e-06,7.791688403813168e-06,-1.1040447134291753e-07,1.1040447134291753e-07
20230523_200000,22,TUMI,0.0014492601621896029,0.0014635605039075017,-1.4300341717898846e-05,1.4300341717898846e-05
20230523_200000,22,WHIS,0.0003568755055312067,0.0003555488947313279,1.3266107998788357e-06,1.3266107998788357e-06
20230523_200000,22,YARD,0.010037061758339405,0.01007354911416769,-3.648735582828522e-05,3.648735582828522e-05
20230523_200000,22,ZEMA,0.0002825584961101413,0.00028376042610034347,-1.2019299902021885e-06,1.2019299902021885e-06
20230523_200000,23,AEAC,1.545049173046209e-07,1.5382430262889102e-07,6.806146757298848e-10,6.806146757298848e-10
20230523_200000,23,BRCA,1.8903817747273344e-11,1.9368902315353154e-11,-4.650845680798099e-13,4.650845680798099e-13
20230523_200000,23,BRMA,1.8889793988583663e-15,1.9076579576529813e-15,-1.8678558794615018e-17,1.8678558794615018e-17
20230523_200000,23,BUVI,0.12023326009511948,0.11745316535234451,0.0027800947427749634,0.0027800947427749634
20230523_200000,23,CAGU,2.7552373467187863e-06,2.7397795747674536e-06,1.5457771951332688e-08,1.5457771951332688e-08
20230523_200000,23,CALU,0.7483434081077576,0.750740647315979,-0.0023972392082214355,0.0023972392082214355
20230523_200000,23,CAUS,1.7910008198729344e-10,1.7924389750234582e-10,-1.4381551505238122e-13,1.4381551505238122e-13
20230523_200000,23,CCOO,6.9312777739583e-10,6.995958257149937e-10,-6.4680483191636995e-12,6.4680483191636995e-12
20230523_200000,23,CHFA,2.1929938767706325e-11,2.206587516873082e-11,-1.3593640102449456e-13,1.3593640102449456e-13
20230523_200000,23,CHMI,2.487774327164516e-05,2.4736074919928797e-05,1.4166835171636194e-07,1.4166835171636194e-07
20230523_200000,23,CHMI_IRREG,3.561201083357446e-05,3.5526616557035595e-05,8.539427653886378e-08,8.539427653886378e-08
20230523_200000,23,COAU,7.511957167416483e-10,7.510063682047985e-10,1.8934853684982045e-13,1.8934853684982045e-13
20230523_200000,23,COAU2,3.3191270176757826e-08,3.3452092651486964e-08,-2.608224747291388e-10,2.608224747291388e-10
20230523_200000,23,COCO,2.2626269128522836e-05,2.256745210615918e-05,5.881702236365527e-08,5.881702236365527e-08
20230523_200000,23,CYST,2.3756092204507695e-08,2.3789592518141944e-08,-3.3500313634249324e-11,3.3500313634249324e-11
20230523_200000,23,DEFU,0.0021594997961074114,0.0021419194526970387,1.7580343410372734e-05,1.7580343410372734e-05
20230523_200000,23,DOG,5.230466740613338e-06,5.249749847280327e-06,-1.9283106666989625e-08,1.9283106666989625e-08
20230523_200000,23,DRPU,1.1379748944716412e-15,1.1362806168188958e-15,1.6942776527454143e-18,1.6942776527454143e-18
20230523_200000,23,DRUM,1.5282677168215741e-06,1.536414174552192e-06,-8.14645773061784e-09,8.14645773061784e-09
20230523_200000,23,FLY,0.0003503949264995754,0.0003489331866148859,1.4617398846894503e-06,1.4617398846894503e-06
20230523_200000,23,FROG,4.896222162642516e-05,4.8460355174029246e-05,5.01866452395916e-07,5.01866452395916e-07
20230523_200000,23,GLGN,2.118624742308839e-08,2.1175534214989966e-08,1.071320809842291e-11,1.071320809842291e-11
20230523_200000,23,HOSA,0.00048593731480650604,0.0004906178801320493,-4.680565325543284e-06,4.680565325543284e-06
20230523_200000,23,HYPI,3.5290683708666393e-09,3.5466525272198623e-09,-1.758415635322308e-11,1.758415635322308e-11
20230523_200000,23,INSP,0.0002825874835252762,0.00028003554325550795,2.551940269768238e-06,2.551940269768238e-06
20230523_200000,23,IXNA,1.0524750848617259e-07,1.0481085865876594e-07,4.3664982740665437e-10,4.3664982740665437e-10
20230523_200000,23,MEKE,0.00018726298003457487,0.00018460862338542938,2.654356649145484e-06,2.654356649145484e-06
20230523_200000,23,MYTO,3.8526910069343334e-13,3.90086346471058e-13,-4.817245777624657e-15,4.817245777624657e-15
20230523_200000,23,NUCO,2.3149962591518907e-18,2.39212423382756e-18,-7.712797467566941e-20,7.712797467566941e-20
20230523_200000,23,OCPR,4.786263385625489e-09,4.846663959057196e-09,-6.040057343170702e-11,6.040057343170702e-11
20230523_200000,23,ORPI,6.62191865785644e-08,6.662138929414141e-08,-4.022027155770047e-10,4.022027155770047e-10
20230523_200000,23,PAFA,1.138781385634502e-06,1.1441749165896908e-06,-5.393530955188908e-09,5.393530955188908e-09
20230523_200000,23,PECA,5.655751977862167e-10,5.684355208757097e-10,-2.860323089493022e-12,2.860323089493022e-12
20230523_200000,23,PHNU,3.103465218146084e-08,3.1426527158373574e-08,-3.9187497691273165e-10,3.9187497691273165e-10
20230523_200000,23,PIMA,4.700212294093714e-16,4.810544158825099e-16,-1.10331864731385e-17,1.10331864731385e-17
20230523_200000,23,POEC,1.2003893971268553e-05,1.2139422324253246e-05,-1.355283529846929e-07,1.355283529846929e-07
20230523_200000,23,PSFL,0.12750056385993958,0.1279018670320511,-0.00040130317211151123,0.00040130317211151123
20230523_200000,23,SHOT,0.0002476415829733014,0.0002492795174475759,-1.637934474274516e-06,1.637934474274516e-06
20230523_200000,23,SITT,6.013192432874348e-07,6.000753387525037e-07,1.2439045349310618e-09,1.2439045349310618e-09
20230523_200000,23,SPRU,8.142438723268697e-09,8.196411549477034e-09,-5.397282620833721e-11,5.397282620833721e-11
20230523_200000,23,STOC,1.370512308085381e-07,1.352362204443125e-07,1.8150103642256e-09,1.8150103642256e-09
20230523_200000,23,STOC_IRREG,8.552135888351131e-09,8.584819077839256e-09,-3.268318948812521e-11,3.268318948812521e-11
20230523_200000,23,STVA,3.9813003240851685e-06,3.943492174585117e-06,3.7808149500051513e-08,3.7808149500051513e-08
20230523_200000,23,STVA_IRREG,4.6711746108485386e-05,4.686276588472538e-05,-1.510197762399912e-07,1.510197762399912e-07
20230523_200000,23,TADO1,2.1838485880776304e-11,2.203021272351169e-11,-1.9172684273538465e-13,1.9172684273538465e-13
20230523_200000,23,TADO2,9.598456252035703e-09,9.588316807196406e-09,1.013944483929663e-11,1.013944483929663e-11
20230523_200000,23,TAMI,2.9298900545288165e-12,2.969071169478532e-12,-3.9181114949715656e-14,3.9181114949715656e-14
20230523_200000,23,TUMI,1.1339847105773515e-06,1.1398424248909578e-06,-5.857714313606266e-09,5.857714313606266e-09
20230523_200000,23,WHIS,2.0312755921736425e-09,2.0257071575713326e-09,5.568434602309935e-12,5.568434602309935e-12
20230523_200000,23,YARD,1.5790975567142596e-06,1.5906609860394383e-06,-1.1563429325178731e-08,1.1563429325178731e-08
20230523_200000,23,ZEMA,9.98327749357486e-08,1.0032187702790907e-07,-4.89102092160465e-10,4.89102092160465e-10
20230523_200000,24,AEAC,1.679269553278573e-05,1.6785435946076177e-05,7.259586709551513e-09,7.259586709551513e-09
20230523_200000,24,BRCA,3.056812374779838e-06,3.0659934964205604e-06,-9.181121640722267e-09,9.181121640722267e-09
20230523_200000,24,BRMA,1.4859643293618774e-08,1.4749371501920905e-08,1.1027179169786905e-10,1.1027179169786905e-10
20230523_200000,24,BUVI,0.00019284390145912766,0.00019117073679808527,1.6731646610423923e-06,1.6731646610423923e-06
20230523_200000,24,CAGU,0.00015651430294383317,0.0001557103096274659,8.039933163672686e-07,8.039933163672686e-07
20230523_200000,24,CALU,0.6682277321815491,0.6679649949073792,0.0002627372741699219,0.0002627372741699219
20230523_200000,24,CAUS,3.920479230146157e-06,3.9060728340700734e-06,1.4406396076083183e-08,1.4406396076083183e-08
20230523_200000,24,CCOO,7.652905082977668e-07,7.619032658112701e-07,3.387242486496689e-09,3.387242486496689e-09
20230523_200000,24,CHFA,1.1712613741110545e-06,1.1709950058502727e-06,2.6636826078174636e-10,2.6636826078174636e-10
20230523_200000,24,CHMI,4.28934654337354e-05,4.2923205910483375e-05,-2.9740476747974753e-08,2.9740476747974753e-08
20230523_200000,24,CHMI_IRREG,1.1432800420152489e-05,1.1442439245001879e-05,-9.638824849389493e-09,9.638824849389493e-09
20230523_200000,24,COAU,1.2135734550611232e-06,1.2089063829989755e-06,4.667072062147781e-09,4.667072062147781e-09
20230523_200000,24,COAU2,8.961358616943471e-06,8.97313111636322e-06,-1.1772499419748783e-08,1.1772499419748783e-08
20230523_200000,24,COCO,0.32579711079597473,0.32606133818626404,-0.00026422739028930664,0.00026422739028930664
20230523_200000,24,CYST,7.068124432407785e-06,7.063398243190022e-06,4.726189217763022e-09,4.726189217763022e-09
20230523_200000,24,DEFU,0.00030388860614039004,0.00030422641430050135,-3.378081601113081e-07,3.378081601113081e-07
20230523_200000,24,DOG,0.0001613168278709054,0.00016162876272574067,-3.1193485483527184e-07,3.1193485483527184e-07
20230523_200000,24,DRPU,8.153065028659867e-11,8.190031985932933e-11,-3.696695727306576e-13,3.696695727306576e-13
20230523_200000,24,DRUM,4.983698818250559e-05,4.993159382138401e-05,-9.460563887842e-08,9.460563887842e-08
20230523_200000,24,FLY,0.0003576331364456564,0.0003580361953936517,-4.0305894799530506e-07,4.0305894799530506e-07
20230523_200000,24,FROG,0.000600738450884819,0.0006010740762576461,-3.3562537282705307e-07,3.3562537282705307e-07
20230523_200000,24,GLGN,4.42346281488426e-05,4.424077269504778e-05,-6.144546205177903e-09,6.144546205177903e-09
20230523_200000,24,HOSA,0.0012720702216029167,0.0012766387080773711,-4.568486474454403e-06,4.568486474454403e-06
20230523_200000,24,HYPI,1.7118478012889682e-07,1.7014552611271938e-07,1.0392540161774377e-09,1.0392540161774377e-09
20230523_200000,24,INSP,0.0001508018176537007,0.00015040492871776223,3.968889359384775e-07,3.968889359384775e-07
20230523_200000,24,IXNA,4.9092650442617014e-05,4.905065361526795e-05,4.1996827349066734e-08,4.1996827349066734e-08
20230523_200000,24,MEKE,4.629485192708671e-05,4.629942122846842e-05,-4.5693013817071915e-09,4.5693013817071915e-09
20230523_200000,24,MYTO,4.559526090019972e-08,4.531953123887433e-08,2.757296613253857e-10,2.757296613253857e-10
20230523_200000,24,NUCO,8.451481181559473e-11,8.470698448226344e-11,-1.921726666687107e-13,1.921726666687107e-13
20230523_200000,24,OCPR,7.37768550607143e-06,7.357552476605633e-06,2.0133029465796426e-08,2.0133029465796426e-08
20230523_200000,24,ORPI,3.6288915907789487e-06,3.6263163565308787e-06,2.5752342480700463e-09,2.5752342480700463e-09
20230523_200000,24,PAFA,2.3888182113296352e-05,2.3812204744899645e-05,7.597736839670688e-08,7.597736839670688e-08
20230523_200000,24,PECA,1.661988562773331e-06,1.6615077811366064e-06,4.807816367247142e-10,4.807816367247142e-10
20230523_200000,24,PHNU,2.009175659622997e-06,2.008375986406463e-06,7.996732165338472e-10,7.996732165338472e-10
20230523_200000,24,PIMA,3.086942612640087e-08,3.092026901185818e-08,-5.084288545731397e-11,5.084288545731397e-11
20230523_200000,24,POEC,0.00012415733363013715,0.0001239189296029508,2.3840402718633413e-07,2.3840402718633413e-07
20230523_200000,24,PSFL,0.001748245325870812,0.0017426259582862258,5.6193675845861435e-06,5.6193675845861435e-06
20230523_200000,24,SHOT,0.0001077841006917879,0.00010798015864565969,-1.960579538717866e-07,1.960579538717866e-07
20230523_200000,24,SITT,1.6776304619270377e-05,1.666491516516544e-05,1.1138945410493761e-07,1.1138945410493761e-07
20230523_200000,24,SPRU,9.363422577735037e-06,9.368778592033777e-06,-5.356014298740774e-09,5.356014298740774e-09
20230523_200000,24,STOC,2.7303492970531806e-05,2.7246233003097586e-05,5.7259967434220016e-08,5.7259967434220016e-08
20230523_200000,24,STOC_IRREG,5.044852059654659e-06,5.042026714363601e-06,2.8253452910576016e-09,2.8253452910576016e-09
20230523_200000,24,STVA,2.1137233488843776e-05,2.114115522999782e-05,-3.9217411540448666e-09,3.9217411540448666e-09
20230523_200000,24,STVA_IRREG,0.00027249607956036925,0.00027380682877264917,-1.3107492122799158e-06,1.3107492122799158e-06
20230523_200000,24,TADO1,2.1467421618126536e-08,2.1513608672307782e-08,-4.618705418124591e-11,4.618705418124591e-11
20230523_200000,24,TADO2,4.4651264033745974e-05,4.45663790742401e-05,8.488495950587094e-08,8.488495950587094e-08
20230523_200000,24,TAMI,2.1705604922317434e-06,2.1787000150652602e-06,-8.139522833516821e-09,8.139522833516821e-09
20230523_200000,24,TUMI,4.0487477235728875e-05,4.0498933230992407e-05,-1.1455995263531804e-08,1.1455995263531804e-08
20230523_200000,24,WHIS,1.1438461115176324e-05,1.144220914284233e-05,-3.748027666006237e-09,3.748027666006237e-09
20230523_200000,24,YARD,1.9609728042269126e-05,1.9544224414858036e-05,6.550362741108984e-08,6.550362741108984e-08
20230523_200000,24,ZEMA,3.1430606668436667e-06,3.1378633593703853e-06,5.1973074732813984e-09,5.1973074732813984e-09
20230523_200000,25,AEAC,0.0002573836245574057,0.00025870880926959217,-1.3251847121864557e-06,1.3251847121864557e-06
20230523_200000,25,BRCA,4.2665197952374e-07,4.3823803252962534e-07,-1.1586053005885333e-08,1.1586053005885333e-08
20230523_200000,25,BRMA,2.7328205670640315e-11,2.7988365097764145e-11,-6.601594271238298e-13,6.601594271238298e-13
20230523_200000,25,BUVI,0.2256821244955063,0.22361290454864502,0.002069219946861267,0.002069219946861267
20230523_200000,25,CAGU,0.00011359866766724735,0.00011408766295062378,-4.889952833764255e-07,4.889952833764255e-07
20230523_200000,25,CALU,0.0024053873494267464,0.002472911262884736,-6.752391345798969e-05,6.752391345798969e-05
20230523_200000,25,CAUS,2.1422906115731166e-07,2.174240592012211e-07,-3.194998043909436e-09,3.194998043909436e-09
20230523_200000,25,CCOO,1.1302715563488164e-07,1.1485449391557268e-07,-1.8273382806910377e-09,1.8273382806910377e-09
20230523_200000,25,CHFA,9.733631145536492e-08,9.877386020207268e-08,-1.4375487467077619e-09,1.4375487467077619e-09
20230523_200000,25,CHMI,0.0005544602172449231,0.0005587689811363816,-4.308763891458511e-06,4.308763891458511e-06
20230523_200000,25,CHMI_IRREG,0.00016271807544399053,0.0001648089528316632,-2.0908773876726627e-06,2.0908773876726627e-06
20230523_200000,25,COAU,1.1011697864660164e-07,1.1211133710276044e-07,-1.994358456158807e-09,1.994358456158807e-09
20230523_200000,25,COAU2,6.164297701616306e-06,6.278969976847293e-06,-1.14672275230987e-07,1.14672275230987e-07
20230523_200000,25,COCO,0.0006235712207853794,0.0006269145524129272,-3.343331627547741e-06,3.343331627547741e-06
20230523_200000,25,CYST,1.504390274931211e-05,1.520181103842333e-05,-1.5790828911121935e-07,1.5790828911121935e-07
20230523_200000,25,DEFU,0.0464850589632988,0.04651739075779915,-3.233179450035095e-05,3.233179450035095e-05
20230523_200000,25,DOG,0.0005166732589714229,0.0005237592267803848,-7.085967808961868e-06,7.085967808961868e-06
20230523_200000,25,DRPU,4.9057923522111135e-12,5.029976869047603e-12,-1.2418451683648968e-13,1.2418451683648968e-13
20230523_200000,25,DRUM,0.00048370519652962685,0.0004905784735456109,-6.873277015984058e-06,6.873277015984058e-06
20230523_200000,25,FLY,0.01355779729783535,0.013631178066134453,-7.338076829910278e-05,7.338076829910278e-05
20230523_200000,25,FROG,0.001440972089767456,0.0014544720761477947,-1.3499986380338669e-05,1.3499986380338669e-05
20230523_200000,25,GLGN,2.708801366679836e-05,2.7375137506169267e-05,-2.8712383937090635e-07,2.8712383937090635e-07
20230523_200000,25,HOSA,0.0055304099805653095,0.005627528298646212,-9.71183180809021e-05,9.71183180809021e-05
20230523_200000,25,HYPI,2.1813384591951035e-06,2.210685352110886e-06,-2.934689291578252e-08,2.934689291578252e-08
20230523_200000,25,INSP,0.006058647762984037,0.006048186682164669,1.0461080819368362e-05,1.0461080819368362e-05
20230523_200000,25,IXNA,2.7388896342017688e-05,2.768897684291005e-05,-3.000805008923635e-07,3.000805008923635e-07
20230523_200000,25,MEKE,0.08881641179323196,0.0883154645562172,0.0005009472370147705,0.0005009472370147705
20230523_200000,25,MYTO,7.27273241629689e-11,7.4952190287636e-11,-2.224866124667102e-12,2.224866124667102e-12
20230523_200000,25,NUCO,1.87171323362198e-13,1.962453772619624e-13,-9.0740538997644e-15,9.0740538997644e-15
20230523_200000,25,OCPR,8.192916993721155e-07,8.36334891118895e-07,-1.7043191746779485e-08,1.7043191746779485e-08
20230523_200000,25,ORPI,7.466056558769196e-05,7.588556763948873e-05,-1.2250020517967641e-06,1.2250020517967641e-06
20230523_200000,25,PAFA,4.7441622882615775e-05,4.8168458306463435e-05,-7.268354238476604e-07,7.268354238476604e-07
20230523_200000,25,PECA,2.3479067294829292e-06,2.3938475806062343e-06,-4.594085112330504e-08,4.594085112330504e-08
20230523_200000,25,PHNU,7.316292339965003e-06,7.511761850764742e-06,-1.954695107997395e-07,1.954695107997395e-07
20230523_200000,25,PIMA,6.086454951148568e-11,6.295112348064791e-11,-2.086573969162231e-12,2.086573969162231e-12
20230523_200000,25,POEC,4.907749826088548e-06,5.019024229113711e-06,-1.1127440302516334e-07,1.1127440302516334e-07
20230523_200000,25,PSFL,0.006514768581837416,0.00660185469314456,-8.708611130714417e-05,8.708611130714417e-05
20230523_200000,25,SHOT,0.0006655337056145072,0.0006784480647183955,-1.2914359103888273e-05,1.2914359103888273e-05
20230523_200000,25,SITT,1.703546877251938e-05,1.723113382468e-05,-1.956650521606207e-07,1.956650521606207e-07
20230523_200000,25,SPRU,1.0124397704203147e-05,1.0289631973137148e-05,-1.6523426893400028e-07,1.6523426893400028e-07
20230523_200000,25,STOC,0.0015391951892524958,0.0015247315168380737,1.4463672414422035e-05,1.4463672414422035e-05
20230523_200000,25,STOC_IRREG,4.885360976913944e-05,4.934244498144835e-05,-4.888352123089135e-07,4.888352123089135e-07
20230523_200000,25,STVA,0.5625280737876892,0.5642436146736145,-0.001715540885925293,0.001715540885925293
20230523_200000,25,STVA_IRREG,0.034925010055303574,0.03538336604833603,-0.00045835599303245544,0.00045835599303245544
20230523_200000,25,TADO1,9.941676637481578e-08,1.0193241450906498e-07,-2.5156481342492043e-09,2.5156481342492043e-09
20230523_200000,25,TADO2,6.847701115475502e-06,6.9653146965720225e-06,-1.1761358109652065e-07,1.1761358109652065e-07
20230523_200000,25,TAMI,4.552694932158374e-08,4.677584186651984e-08,-1.2488925449360977e-09,1.2488925449360977e-09
20230523_200000,25,TUMI,6.73900794936344e-05,6.831470091128722e-05,-9.246214176528156e-07,9.246214176528156e-07
20230523_200000,25,WHIS,0.00020532900816760957,0.00020669266814365983,-1.3636599760502577e-06,1.3636599760502577e-06
20230523_200000,25,YARD,0.00048548169434070587,0.0004897445323877037,-4.2628380469977856e-06,4.2628380469977856e-06
20230523_200000,25,ZEMA,8.097798854578286e-05,8.187551429728046e-05,-8.975257514975965e-07,8.975257514975965e-07
20230523_200000,26,AEAC,2.9331845325941686e-06,2.9248546979943058e-06,8.329834599862806e-09,8.329834599862806e-09
20230523_200000,26,BRCA,0.000246000534389168,0.00024525480694137514,7.457274477928877e-07,7.457274477928877e-07
20230523_200000,26,BRMA,1.1446326525499373e-10,1.1190506160607683e-10,2.5582036489169013e-12,2.5582036489169013e-12
20230523_200000,26,BUVI,2.274669532198459e-05,2.2929014448891394e-05,-1.8231912690680474e-07,1.8231912690680474e-07
20230523_200000,26,CAGU,6.0493703131214716e-06,5.933699867455289e-06,1.1567044566618279e-07,1.1567044566618279e-07
20230523_200000,26,CALU,0.0005916589871048927,0.0005893768393434584,2.2821477614343166e-06,2.2821477614343166e-06
20230523_200000,26,CAUS,3.24883906444029e-08,3.1852017912115116e-08,6.363727322877821e-10,6.363727322877821e-10
20230523_200000,26,CCOO,9.196164114655403e-07,9.056906264959252e-07,1.3925784969615052e-08,1.3925784969615052e-08
20230523_200000,26,CHFA,6.831128303019796e-07,6.727698291797424e-07,1.0343001122237183e-08,1.0343001122237183e-08
20230523_200000,26,CHMI,0.000547026633284986,0.0005449155578389764,2.111075446009636e-06,2.111075446009636e-06
20230523_200000,26,CHMI_IRREG,0.0007673800573684275,0.0007713307859376073,-3.950728569179773e-06,3.950728569179773e-06
20230523_200000,26,COAU,1.6131599522850593e-06,1.5947447309372365e-06,1.8415221347822808e-08,1.8415221347822808e-08
20230523_200000,26,COAU2,6.779061368433759e-05,6.728718290105462e-05,5.034307832829654e-07,5.034307832829654e-07
20230523_200000,26,COCO,0.17526337504386902,0.17463992536067963,0.0006234496831893921,0.0006234496831893921
20230523_200000,26,CYST,2.044097891484853e-05,2.0211602532071993e-05,2.2937638277653605e-07,2.2937638277653605e-07
20230523_200000,26,DEFU,0.0008402740932069719,0.0008387453854084015,1.5287077985703945e-06,1.5287077985703945e-06
20230523_200000,26,DOG,0.09148676693439484,0.09182940423488617,-0.000342637300491333,0.000342637300491333
20230523_200000,26,DRPU,3.247408031370469e-08,3.220013766735974e-08,2.73942646344949e-10,2.73942646344949e-10
20230523_200000,26,DRUM,0.0019208878511562943,0.0019158897921442986,4.998059011995792e-06,4.998059011995792e-06
20230523_200000,26,FLY,0.0005378815694712102,0.0005368650890886784,1.0164803825318813e-06,1.0164803825318813e-06
20230523_200000,26,FROG,0.001305504352785647,0.0012986889341846108,6.815418601036072e-06,6.815418601036072e-06
20230523_200000,26,GLGN,0.00023419599165208638,0.00023313671408686787,1.0592775652185082e-06,1.0592775652185082e-06
20230523_200000,26,HOSA,0.029933957383036613,0.030025413259863853,-9.145587682723999e-05,9.145587682723999e-05
20230523_200000,26,HYPI,6.501657594526478e-07,6.407736350411142e-07,9.392124411533587e-09,9.392124411533587e-09
20230523_200000,26,INSP,1.0581465176073834e-05,1.0643942914612126e-05,-6.24777385382913e-08,6.24777385382913e-08
20230523_200000,26,IXNA,1.258574593521189e-05,1.2423823136487044e-05,1.6192279872484505e-07,1.6192279872484505e-07
20230523_200000,26,MEKE,7.971804006956518e-05,7.970519072841853e-05,1.284934114664793e-08,1.284934114664793e-08
20230523_200000,26,MYTO,2.3228524659302252e-10,2.2574724034551963e-10,6.538006247502892e-12,6.538006247502892e-12
20230523_200000,26,NUCO,6.80522260765315e-09,6.666238228092425e-09,1.3898437956072485e-10,1.3898437956072485e-10
20230523_200000,26,OCPR,7.457028004864696e-06,7.380187980743358e-06,7.68400241213385e-08,7.68400241213385e-08
20230523_200000,26,ORPI,0.00017600155842956156,0.0001746525667840615,1.348991645500064e-06,1.348991645500064e-06
20230523_200000,26,PAFA,7.65381810197141e-06,7.64384003559826e-06,9.978066373150796e-09,9.978066373150796e-09
20230523_200000,26,PECA,4.6622449190181214e-06,4.613798864738783e-06,4.844605427933857e-08,4.844605427933857e-08
20230523_200000,26,PHNU,5.015393253415823e-05,5.008166772313416e-05,7.226481102406979e-08,7.226481102406979e-08
20230523_200000,26,PIMA,4.339819170695591e-09,4.242114215458059e-09,9.770495523753198e-11,9.770495523753198e-11
20230523_200000,26,POEC,3.611596184782684e-06,3.556356432454777e-06,5.52397523279069e-08,5.52397523279069e-08
20230523_200000,26,PSFL,0.0003332118794787675,0.00033496564719825983,-1.7537677194923162e-06,1.7537677194923162e-06
20230523_200000,26,SHOT,0.6945722699165344,0.6947810053825378,-0.00020873546600341797,0.00020873546600341797
20230523_200000,26,SITT,5.305655577103607e-06,5.216982572164852e-06,8.867300493875518e-08,8.867300493875518e-08
20230523_200000,26,SPRU,0.0003144327783957124,0.0003121639892924577,2.268789103254676e-06,2.268789103254676e-06
20230523_200000,26,STOC,2.1165482394280843e-05,2.12165541597642e-05,-5.107176548335701e-08,5.107176548335701e-08
20230523_200000,26,STOC_IRREG,6.1016700783511624e-05,6.102287079556845e-05,-6.170012056827545e-09,6.170012056827545e-09
20230523_200000,26,STVA,8.297724320982525e-07,8.351414635399124e-07,-5.3690314416598994e-09,5.3690314416598994e-09
20230523_200000,26,STVA_IRREG,3.7329078622860834e-05,3.754966746782884e-05,-2.2058884496800601e-07,2.2058884496800601e-07
20230523_200000,26,TADO1,8.664078450237866e-07,8.585363957536174e-07,7.87144927016925e-09,7.87144927016925e-09
20230523_200000,26,TADO2,1.1734583495126572e-05,1.1639246622507926e-05,9.533687261864543e-08,9.533687261864543e-08
20230523_200000,26,TAMI,3.965348241763422e-06,3.918548827641644e-06,4.679941412177868e-08,4.679941412177868e-08
20230523_200000,26,TUMI,4.515923137660138e-05,4.457390241441317e-05,5.853289621882141e-07,5.853289621882141e-07
20230523_200000,26,WHIS,4.9717334604793e-07,4.956219754603808e-07,1.5513705875491723e-09,1.5513705875491723e-09
20230523_200000,26,YARD,0.0004407201486174017,0.0004414813593029976,-7.6121068559587e-07,7.6121068559587e-07
20230523_200000,26,ZEMA,3.0127347372399527e-07,3.015160814356932e-07,-2.426077116979286e-10,2.426077116979286e-10
20230523_200000,27,AEAC,2.644730727752176e-07,2.6598544877742825e-07,-1.512376002210658e-09,1.512376002210658e-09
20230523_200000,27,BRCA,3.5052910574151497e-10,3.5095867878531806e-10,-4.295730438030887e-13,4.295730438030887e-13
20230523_200000,27,BRMA,9.594014391798873e-15,9.559657041392344e-15,3.435735040652893e-17,3.435735040652893e-17
20230523_200000,27,BUVI,0.0017814543098211288,0.0017846933333203197,-3.2390234991908073e-06,3.2390234991908073e-06
20230523_200000,27,CAGU,1.6630310994969477e-07,1.655669876754473e-07,7.361222742474638e-10,7.361222742474638e-10
20230523_200000,27,CALU,0.8817772269248962,0.8811739087104797,0.0006033182144165039,0.0006033182144165039
20230523_200000,27,CAUS,1.7766423054954572e-10,1.7691324794011365e-10,7.509826094320715e-13,7.509826094320715e-13
20230523_200000,27,CCOO,7.875251145650353e-11,7.798051093743652e-11,7.720005190670065e-13,7.720005190670065e-13
20230523_200000,27,CHFA,3.492702307927864e-11,3.474762491628702e-11,1.7939816299161748e-13,1.7939816299161748e-13
20230523_200000,27,CHMI,1.1272088613623055e-06,1.1268663229202502e-06,3.425384420552291e-10,3.425384420552291e-10
20230523_200000,27,CHMI_IRREG,1.699152562650852e-06,1.7071071169993957e-06,-7.954554348543752e-09,7.954554348543752e-09
20230523_200000,27,COAU,1.136607141738466e-09,1.1304263081157728e-09,6.1808336226931715e-12,6.1808336226931715e-12
20230523_200000,27,COAU2,1.637898705553198e-08,1.6320987228368722e-08,5.799982716325758e-11,5.799982716325758e-11
20230523_200000,27,COCO,1.2004209565930068e-05,1.1986801837338135e-05,1.7407728591933846e-08,1.7407728591933846e-08
20230523_200000,27,CYST,1.5219649540654245e-08,1.513936709329755e-08,8.028244735669432e-11,8.028244735669432e-11
20230523_200000,27,DEFU,2.7874926672666334e-05,2.781542389129754e-05,5.950278136879206e-08,5.950278136879206e-08
20230523_200000,27,DOG,1.8182421399615123e-06,1.8223254301119596e-06,-4.083290150447283e-09,4.083290150447283e-09
20230523_200000,27,DRPU,3.4563065063263846e-15,3.481509124638989e-15,-2.5202618312604452e-17,2.5202618312604452e-17
20230523_200000,27,DRUM,9.045474484992155e-07,9.019066169457801e-07,2.6408315534354188e-09,2.6408315534354188e-09
20230523_200000,27,FLY,2.2877478841110133e-05,2.289171243319288e-05,-1.4233592082746327e-08,1.4233592082746327e-08
20230523_200000,27,FROG,1.2140279977757018e-05,1.2196798707009293e-05,-5.651872925227508e-08,5.651872925227508e-08
20230523_200000,27,GLGN,7.84882203674897e-09,7.859115136454875e-09,-1.0293099705904751e-11,1.0293099705904751e-11
20230523_200000,27,HOSA,0.00015939200238790363,0.00015994143905118108,-5.494366632774472e-07,5.494366632774472e-07
20230523_200000,27,HYPI,2.906276608261038e-10,2.8843480381901543e-10,2.192857007088378e-12,2.192857007088378e-12
20230523_200000,27,INSP,7.1330655373458285e-06,7.150209512474248e-06,-1.7143975128419697e-08,1.7143975128419697e-08
20230523_200000,27,IXNA,2.2564341506381425e-08,2.2485638240254957e-08,7.87032661264675e-11,7.87032661264675e-11
20230523_200000,27,MEKE,9.815880730457138e-06,9.841031896939967e-06,-2.5151166482828557e-08,2.5151166482828557e-08
20230523_200000,27,MYTO,6.358594206723467e-13,6.306862584265494e-13,5.173162245797336e-15,5.173162245797336e-15
20230523_200000,27,NUCO,4.288315061094974e-17,4.2601333484975373e-17,2.818171259743663e-19,2.818171259743663e-19
20230523_200000,27,OCPR,7.443371252691122e-09,7.44056283252803e-09,2.808420163091796e-12,2.808420163091796e-12
20230523_200000,27,ORPI,1.1578410230583813e-08,1.154876994036158e-08,2.964029022223258e-11,2.964029022223258e-11
20230523_200000,27,PAFA,3.117906999250408e-07,3.115004290066281e-07,2.9027091841271613e-10,2.9027091841271613e-10
20230523_200000,27,PECA,5.678796322072799e-10,5.669544278497085e-10,9.252043575713742e-13,9.252043575713742e-13
20230523_200000,27,PHNU,1.7613822933526535e-07,1.772754529838494e-07,-1.1372236485840403e-09,1.1372236485840403e-09
20230523_200000,27,PIMA,3.46789044420974e-14,3.455854106029256e-14,1.2036338180483608e-16,1.2036338180483608e-16
20230523_200000,27,POEC,9.033732339958078e-07,8.939530857787759e-07,9.420148217031965e-09,9.420148217031965e-09
20230523_200000,27,PSFL,0.11616475880146027,0.11676410585641861,-0.0005993470549583435,0.0005993470549583435
20230523_200000,27,SHOT,1.6075797475423315e-06,1.6056633285188582e-06,1.9164190234732814e-09,1.9164190234732814e-09
20230523_200000,27,SITT,1.5649811757612042e-07,1.5537123942976905e-07,1.1268781463513733e-09,1.1268781463513733e-09
20230523_200000,27,SPRU,8.28379675965607e-09,8.25643020618827e-09,2.736655346780026e-11,2.736655346780026e-11
20230523_200000,27,STOC,2.9482638552735807e-09,2.967174506096626e-09,-1.8910650823045216e-11,1.8910650823045216e-11
20230523_200000,27,STOC_IRREG,1.1064196225873957e-09,1.1170199210042142e-09,-1.0600298416818532e-11,1.0600298416818532e-11
20230523_200000,27,STVA,8.28513179840229e-07,8.347934112862276e-07,-6.280231445998652e-09,6.280231445998652e-09
20230523_200000,27,STVA_IRREG,1.4705271496495698e-05,1.484465701651061e-05,-1.393855200149119e-07,1.393855200149119e-07
20230523_200000,27,TADO1,3.1173876414297697e-12,3.118256737891234e-12,-8.690964614643804e-16,8.690964614643804e-16
20230523_200000,27,TADO2,9.14850328825878e-09,9.099760056585637e-09,4.874323167314287e-11,4.874323167314287e-11
20230523_200000,27,TAMI,7.797960888122901e-11,7.82312409297603e-11,-2.5163204853129173e-13,2.5163204853129173e-13
20230523_200000,27,TUMI,5.860237592969497e-07,5.847890065524552e-07,1.2347527444944717e-09,1.2347527444944717e-09
20230523_200000,27,WHIS,9.98153226738907e-10,1.0068131883755882e-09,-8.659961636681146e-12,8.659961636681146e-12
20230523_200000,27,YARD,5.722085916204378e-08,5.703313377125596e-08,1.8772539078781847e-10,1.8772539078781847e-10
20230523_200000,27,ZEMA,2.590782166578265e-08,2.5898440725313776e-08,9.380940468872723e-12,9.380940468872723e-12
20230523_200000,28,AEAC,5.8919837897519756e-08,5.8914089606787456e-08,5.7482907322992105e-12,5.7482907322992105e-12
20230523_200000,28,BRCA,2.295790918482865e-10,2.2865864757193322e-10,9.204442763532938e-13,9.204442763532938e-13
20230523_200000,28,BRMA,1.0097033377855311e-14,1.0024819583937146e-14,7.221379391816538e-17,7.221379391816538e-17
20230523_200000,28,BUVI,0.0008827872225083411,0.0008784342207945883,4.353001713752747e-06,4.353001713752747e-06
20230523_200000,28,CAGU,8.455792794848094e-07,8.389946515308111e-07,6.584627953998279e-09,6.584627953998279e-09
20230523_200000,28,CALU,0.002175327390432358,0.00214839493855834,2.6932451874017715e-05,2.6932451874017715e-05
20230523_200000,28,CAUS,6.444958455809058e-10,6.368667260225891e-10,7.629119558316688e-12,7.629119558316688e-12
20230523_200000,28,CCOO,6.731246809943414e-11,6.707905064740061e-11,2.3341745203353526e-13,2.3341745203353526e-13
20230523_200000,28,CHFA,1.024367830143591e-11,1.0255150027782545e-11,-1.1471726346634625e-14,1.1471726346634625e-14
20230523_200000,28,CHMI,1.7965047618417884e-06,1.7938214114110451e-06,2.683350430743303e-09,2.683350430743303e-09
20230523_200000,28,CHMI_IRREG,1.186650592899241e-06,1.183932795356668e-06,2.717797542572953e-09,2.717797542572953e-09
20230523_200000,28,COAU,3.6490581389880816e-11,3.619209792971034e-11,2.9848346017047334e-13,2.9848346017047334e-13
20230523_200000,28,COAU2,5.566744842866456e-09,5.56575541210691e-09,9.894307595459395e-13,9.894307595459395e-13
20230523_200000,28,COCO,1.1689911616485915e-06,1.162066041615617e-06,6.925120032974519e-09,6.925120032974519e-09
20230523_200000,28,CYST,1.4601218012444406e-08,1.4531116754312734e-08,7.010125813167178e-11,7.010125813167178e-11
20230523_200000,28,DEFU,4.37982271250803e-05,4.366204666439444e-05,1.361804606858641e-07,1.361804606858641e-07
20230523_200000,28,DOG,1.0213416317128576e-06,1.0171877420361852e-06,4.1538896766724065e-09,4.1538896766724065e-09
20230523_200000,28,DRPU,1.0527149634422446e-17,1.046953733193874e-17,5.761230248370582e-20,5.761230248370582e-20
20230523_200000,28,DRUM,1.746203395214252e-07,1.7428735077373858e-07,3.3298874768661335e-10,3.3298874768661335e-10
20230523_200000,28,FLY,1.1000108315784018e-05,1.0996685887221247e-05,3.422428562771529e-09,3.422428562771529e-09
20230523_200000,28,FROG,2.3680913727730513e-06,2.338888180020149e-06,2.9203192752902396e-08,2.9203192752902396e-08
20230523_200000,28,GLGN,1.1074215322537384e-08,1.104295233034236e-08,3.126299219502471e-11,3.126299219502471e-11
20230523_200000,28,HOSA,0.00014601943257730454,0.00014537910465151072,6.403279257938266e-07,6.403279257938266e-07
20230523_200000,28,HYPI,7.717869399126442e-11,7.652577876937627e-11,6.529152218881507e-13,6.529152218881507e-13
20230523_200000,28,INSP,1.0613014183036285e-06,1.0556420875218464e-06,5.659330781782046e-09,5.659330781782046e-09
20230523_200000,28,IXNA,2.2488990225610905e-08,2.2368773500147654e-08,1.2021672546325135e-10,1.2021672546325135e-10
20230523_200000,28,MEKE,2.1709345219278475e-06,2.1615589957946213e-06,9.37552613322623e-09,9.37552613322623e-09
20230523_200000,28,MYTO,2.0204651753757963e-12,1.996967261691518e-12,2.3497913684278338e-14,2.3497913684278338e-14
20230523_200000,28,NUCO,5.86695981252262e-17,5.766675743779142e-17,1.0028406874347886e-18,1.0028406874347886e-18
20230523_200000,28,OCPR,9.618618790341316e-09,9.590952920746076e-09,2.76658695952392e-11,2.76658695952392e-11
20230523_200000,28,ORPI,1.726966658566198e-08,1.7218154013676212e-08,5.151257198576786e-11,5.151257198576786e-11
20230523_200000,28,PAFA,9.185283289525614e-08,9.167060710524311e-08,1.822257900130353e-10,1.822257900130353e-10
20230523_200000,28,PECA,1.3704111456736e-10,1.365075968928764e-10,5.33517674483619e-13,5.33517674483619e-13
20230523_200000,28,PHNU,6.23622497641918e-07,6.209825187397655e-07,2.6399789021525066e-09,2.6399789021525066e-09
20230523_200000,28,PIMA,6.629191553336744e-14,6.59609424914255e-14,3.3097304194193433e-16,3.3097304194193433e-16
20230523_200000,28,POEC,2.253036939237063e-07,2.249036867851828e-07,4.00007138523506e-10,4.00007138523506e-10
20230523_200000,28,PSFL,0.9967220425605774,0.996753990650177,-3.1948089599609375e-05,3.1948089599609375e-05
20230523_200000,28,SHOT,2.053724301731563e-06,2.0397069420141634e-06,1.4017359717399813e-08,1.4017359717399813e-08
20230523_200000,28,SITT,7.523294698330574e-08,7.454956119090639e-08,6.833857923993492e-10,6.833857923993492e-10
20230523_200000,28,SPRU,8.522449412851074e-10,8.514046134777686e-10,8.40327807338781e-13,8.40327807338781e-13
20230523_200000,28,STOC,2.415210698103465e-09,2.3949615624019316e-09,2.0249135701533305e-11,2.0249135701533305e-11
20230523_200000,28,STOC_IRREG,4.526169716800865e-10,4.4740508520213496e-10,5.211886477951566e-12,5.211886477951566e-12
20230523_200000,28,STVA,4.637523076667094e-08,4.621292148954126e-08,1.6230927712967969e-10,1.6230927712967969e-10
20230523_200000,28,STVA_IRREG,2.8749489047186216e-06,2.872631966965855e-06,2.3169377527665347e-09,2.3169377527665347e-09
20230523_200000,28,TADO1,1.24613622372316e-12,1.2425114105998891e-12,3.624813123270787e-15,3.624813123270787e-15
20230523_200000,28,TADO2,1.6161173510553795e-09,1.5991844515284015e-09,1.6932899526977963e-11,1.6932899526977963e-11
20230523_200000,28,TAMI,1.374919102181682e-11,1.3785370414631792e-11,-3.617939281497229e-14,3.617939281497229e-14
20230523_200000,28,TUMI,1.0950145679089474e-06,1.092097249966173e-06,2.917317942774389e-09,2.917317942774389e-09
20230523_200000,28,WHIS,1.3145701194261505e-10,1.3036084711703921e-10,1.0961648255758405e-12,1.0961648255758405e-12
20230523_200000,28,YARD,6.375956473902988e-08,6.382707340435445e-08,-6.750866532456712e-11,6.750866532456712e-11
20230523_200000,28,ZEMA,3.9222207703915046e-08,3.922032476566528e-08,1.8829382497642655e-12,1.8829382497642655e-12
20230523_200000,29,AEAC,1.1856929660325477e-07,1.181633351166056e-07,4.0596148664917564e-10,4.0596148664917564e-10
20230523_200000,29,BRCA,1.0437897941806273e-11,1.0442265975518783e-11,-4.3680337125096e-15,4.3680337125096e-15
20230523_200000,29,BRMA,4.950962633842957e-16,4.800544934882762e-16,1.5041769896019476e-17,1.5041769896019476e-17
20230523_200000,29,BUVI,0.12799742817878723,0.1274733692407608,0.0005240589380264282,0.0005240589380264282
20230523_200000,29,CAGU,9.263636968626088e-08,9.059049688175946e-08,2.045872804501414e-09,2.045872804501414e-09
20230523_200000,29,CALU,0.00537308631464839,0.00535252271220088,2.0563602447509766e-05,2.0563602447509766e-05
20230523_200000,29,CAUS,1.7078193026431876e-11,1.673019361936312e-11,3.479994070687553e-13,3.479994070687553e-13
20230523_200000,29,CCOO,1.2435537625685167e-12,1.215742025280353e-12,2.7811737288163663e-14,2.7811737288163663e-14
20230523_200000,29,CHFA,3.457021778216496e-12,3.392765885942839e-12,6.425589227365691e-14,6.425589227365691e-14
20230523_200000,29,CHMI,5.263922275844379e-07,5.197624659558642e-07,6.62976162857376e-09,6.62976162857376e-09
20230523_200000,29,CHMI_IRREG,7.74455565988319e-06,7.685082891839556e-06,5.947276804363355e-08,5.947276804363355e-08
20230523_200000,29,COAU,2.5436000528067382e-11,2.5063695910376715e-11,3.7230461769066636e-13,3.7230461769066636e-13
20230523_200000,29,COAU2,2.916843155897908e-10,2.882378502544469e-10,3.4464653353438734e-12,3.4464653353438734e-12
20230523_200000,29,COCO,6.996666570557863e-07,6.944797519281565e-07,5.1869051276298705e-09,5.1869051276298705e-09
20230523_200000,29,CYST,3.4936769033322435e-09,3.4495335476947275e-09,4.4143355637515924e-11,4.4143355637515924e-11
20230523_200000,29,DEFU,5.265599611448124e-05,5.223659172770567e-05,4.1940438677556813e-07,4.1940438677556813e-07
20230523_200000,29,DOG,1.9558106032491196e-06,1.948545332197682e-06,7.265271051437594e-09,7.265271051437594e-09
20230523_200000,29,DRPU,1.1861885127551684e-16,1.1616322335208782e-16,2.4556279234290218e-18,2.4556279234290218e-18
20230523_200000,29,DRUM,1.8977556237587123e-07,1.8821785374711908e-07,1.5577086287521524e-09,1.5577086287521524e-09
20230523_200000,29,FLY,2.5387365894857794e-05,2.521447640901897e-05,1.7288948583882302e-07,1.7288948583882302e-07
20230523_200000,29,FROG,3.50914228874899e-06,3.506114126139437e-06,3.0281626095529646e-09,3.0281626095529646e-09
20230523_200000,29,GLGN,6.167482635710542e-10,6.142117925378443e-10,2.536471033209864e-12,2.536471033209864e-12
20230523_200000,29,HOSA,4.1227023757528514e-05,4.120527592021972e-05,2.174783730879426e-08,2.174783730879426e-08
20230523_200000,29,HYPI,1.3057392840576387e-11,1.2929299991748522e-11,1.2809284882786542e-13,1.2809284882786542e-13
20230523_200000,29,INSP,3.1322226277552545e-05,3.1188206776278093e-05,1.3401950127445161e-07,1.3401950127445161e-07
20230523_200000,29,IXNA,1.0811894490814211e-08,1.0647668524654819e-08,1.6422596615939256e-10,1.6422596615939256e-10
20230523_200000,29,MEKE,3.890007428708486e-05,3.850164284813218e-05,3.984314389526844e-07,3.984314389526844e-07
20230523_200000,29,MYTO,3.850186567678528e-15,3.7266950931994815e-15,1.234914744790462e-16,1.234914744790462e-16
20230523_200000,29,NUCO,1.3110321570476785e-19,1.2821976748698457e-19,2.8834482177832853e-21,2.8834482177832853e-21
20230523_200000,29,OCPR,1.5839012046381384e-10,1.5632202476911772e-10,2.068095694696126e-12,2.068095694696126e-12
20230523_200000,29,ORPI,1.721888742700628e-09,1.7068939595077381e-09,1.4994783192889827e-11,1.4994783192889827e-11
20230523_200000,29,PAFA,7.672969672967156e-07,7.630060281371698e-07,4.290939159545815e-09,4.290939159545815e-09
20230523_200000,29,PECA,6.813170166930504e-11,6.72843239457599e-11,8.473777235451507e-13,8.473777235451507e-13
20230523_200000,29,PHNU,1.2055231479735085e-07,1.2017531503261125e-07,3.7699976473959396e-10,3.7699976473959396e-10
20230523_200000,29,PIMA,8.624480204520425e-17,8.490257907860631e-17,1.3422229665979453e-18,1.3422229665979453e-18
20230523_200000,29,POEC,1.7340271440957622e-09,1.6984535999853279e-09,3.557354411043434e-11,3.557354411043434e-11
20230523_200000,29,PSFL,0.8662833571434021,0.8668293356895447,-0.0005459785461425781,0.0005459785461425781
20230523_200000,29,SHOT,7.512128377129557e-07,7.47644662624225e-07,3.5681750887306407e-09,3.5681750887306407e-09
20230523_200000,29,SITT,4.0436269443944184e-08,3.9554173270062165e-08,8.820961738820188e-10,8.820961738820188e-10
20230523_200000,29,SPRU,5.755923515593508e-10,5.689844151390844e-10,6.607936420266469e-12,6.607936420266469e-12
20230523_200000,29,STOC,1.999363341553817e-08,1.9925462169112507e-08,6.817124642566341e-11,6.817124642566341e-11
20230523_200000,29,STOC_IRREG,8.956824171235667e-10,8.918711880134822e-10,3.811229110084469e-12,3.811229110084469e-12
20230523_200000,29,STVA,2.278788451803848e-05,2.2632351829088293e-05,1.5553268895018846e-07,1.5553268895018846e-07
20230523_200000,29,STVA_IRREG,0.00011697941226884723,0.00011712169361999258,-1.422813511453569e-07,1.422813511453569e-07
20230523_200000,29,TADO1,4.4475545208505496e-13,4.388394758258335e-13,5.915976259221467e-15,5.915976259221467e-15
20230523_200000,29,TADO2,1.637703306300864e-09,1.6172481132059602e-09,2.0455193094903734e-11,2.0455193094903734e-11
20230523_200000,29,TAMI,3.9938950584239574e-12,3.983954225544872e-12,9.940832879085093e-15,9.940832879085093e-15
20230523_200000,29,TUMI,1.3005336541027646e-07,1.2818948391668528e-07,1.8638814935911796e-09,1.8638814935911796e-09
20230523_200000,29,WHIS,2.328430503961698e-10,2.3221385925253912e-10,6.291911436306918e-13,6.291911436306918e-13
20230523_200000,29,YARD,5.551269222081601e-09,5.520767398792259e-09,3.05018232893417e-11,3.05018232893417e-11
20230523_200000,29,ZEMA,1.2529481807632692e-07,1.244858225390999e-07,8.089955372270197e-10,8.089955372270197e-10
20230523_200000,3,AEAC,0.015474475920200348,0.01531369797885418,0.00016077794134616852,0.00016077794134616852
20230523_200000,3,BRCA,0.00013546750415116549,0.00013507330731954426,3.9419683162122965e-07,3.9419683162122965e-07
20230523_200000,3,BRMA,5.990695439717086e-11,6.078002684484218e-11,-8.730724476713192e-13,8.730724476713192e-13
20230523_200000,3,BUVI,0.02205684967339039,0.02207006886601448,-1.3219192624092102e-05,1.3219192624092102e-05
20230523_200000,3,CAGU,0.00024063528690021485,0.00024310113803949207,-2.4658511392772198e-06,2.4658511392772198e-06
20230523_200000,3,CALU,0.019010890275239944,0.019055623561143875,-4.4733285903930664e-05,4.4733285903930664e-05
20230523_200000,3,CAUS,3.1875237027634284e-07,3.202461300588766e-07,-1.4937597825337434e-09,1.4937597825337434e-09
20230523_200000,3,CCOO,2.7232749744143803e-06,2.756133881121059e-06,-3.285890670667868e-08,3.285890670667868e-08
20230523_200000,3,CHFA,1.8758627220449853e-06,1.8997537836185074e-06,-2.3891061573522165e-08,2.3891061573522165e-08
20230523_200000,3,CHMI,0.001970032462850213,0.001982670510187745,-1.2638047337532043e-05,1.2638047337532043e-05
20230523_200000,3,CHMI_IRREG,0.00032913003815338016,0.0003311328182462603,-2.00278009288013e-06,2.00278009288013e-06
20230523_200000,3,COAU,3.8711397792212665e-05,3.882809687638655e-05,-1.1669908417388797e-07,1.1669908417388797e-07
20230523_200000,3,COAU2,0.0005582349258475006,0.0005613892572000623,-3.1543313525617123e-06,3.1543313525617123e-06
20230523_200000,3,COCO,0.14508208632469177,0.1451801210641861,-9.803473949432373e-05,9.803473949432373e-05
20230523_200000,3,CYST,0.00011107942555099726,0.00011128049663966522,-2.0107108866795897e-07,2.0107108866795897e-07
20230523_200000,3,DEFU,0.13960552215576172,0.14008036255836487,-0.0004748404026031494,0.0004748404026031494
20230523_200000,3,DOG,0.0033535936381667852,0.0033661036286503077,-1.2509990483522415e-05,1.2509990483522415e-05
20230523_200000,3,DRPU,1.3073350561831898e-11,1.3273798726842756e-11,-2.0044816501085805e-13,2.0044816501085805e-13
20230523_200000,3,DRUM,0.12216495722532272,0.1224295124411583,-0.0002645552158355713,0.0002645552158355713
20230523_200000,3,FLY,0.034076739102602005,0.03407018631696701,6.552785634994507e-06,6.552785634994507e-06
20230523_200000,3,FROG,0.020898345857858658,0.020714474841952324,0.00018387101590633392,0.00018387101590633392
20230523_200000,3,GLGN,0.017956271767616272,0.01793248951435089,2.378225326538086e-05,2.378225326538086e-05
20230523_200000,3,HOSA,0.06339387595653534,0.06336881220340729,2.5063753128051758e-05,2.5063753128051758e-05
20230523_200000,3,HYPI,4.008790710940957e-05,4.0222410461865366e-05,-1.345033524557948e-07,1.345033524557948e-07
20230523_200000,3,INSP,0.0006070230738259852,0.0006042486056685448,2.774468157440424e-06,2.774468157440424e-06
20230523_200000,3,IXNA,0.00022537914628628641,0.0002269740798510611,-1.594933564774692e-06,1.594933564774692e-06
20230523_200000,3,MEKE,0.32156819105148315,0.3206162750720978,0.000951915979385376,0.000951915979385376
20230523_200000,3,MYTO,1.0394803906521588e-09,1.054028087033032e-09,-1.4547696380873276e-11,1.4547696380873276e-11
20230523_200000,3,NUCO,8.282074570424569e-13,8.307224266118629e-13,-2.5149695694060004e-15,2.5149695694060004e-15
20230523_200000,3,OCPR,2.0107621821807697e-05,2.0222052626195364e-05,-1.1443080438766629e-07,1.1443080438766629e-07
20230523_200000,3,ORPI,0.002254295628517866,0.0022550446446985006,-7.490161806344986e-07,7.490161806344986e-07
20230523_200000,3,PAFA,0.00041360376053489745,0.00041642310679890215,-2.8193462640047073e-06,2.8193462640047073e-06
20230523_200000,3,PECA,3.2651281799189746e-05,3.2709511287976056e-05,-5.822948878630996e-08,5.822948878630996e-08
20230523_200000,3,PHNU,5.387312558013946e-05,5.3681742429034784e-05,1.9138315110467374e-07,1.9138315110467374e-07
20230523_200000,3,PIMA,3.9428044162903575e-10,3.9835226783857536e-10,-4.0718262095396085e-12,4.0718262095396085e-12
20230523_200000,3,POEC,0.0002535214589443058,0.0002574353420641273,-3.9138831198215485e-06,3.9138831198215485e-06
20230523_200000,3,PSFL,0.007487293798476458,0.007515124045312405,-2.7830246835947037e-05,2.7830246835947037e-05
20230523_200000,3,SHOT,0.046414729207754135,0.046739496290683746,-0.0003247670829296112,0.0003247670829296112
20230523_200000,3,SITT,8.478618110530078e-05,8.540441922377795e-05,-6.182381184771657e-07,6.182381184771657e-07
20230523_200000,3,SPRU,0.0011920304968953133,0.0012017755070701241,-9.745010174810886e-06,9.745010174810886e-06
20230523_200000,3,STOC,8.030104800127447e-05,8.06699536042288e-05,-3.6890560295432806e-07,3.6890560295432806e-07
20230523_200000,3,STOC_IRREG,6.8148787249811e-05,6.840744754299521e-05,-2.586602931842208e-07,2.586602931842208e-07
20230523_200000,3,STVA,0.00015355926007032394,0.000153870671056211,-3.1141098588705063e-07,3.1141098588705063e-07
20230523_200000,3,STVA_IRREG,0.003947065677493811,0.003957802429795265,-1.0736752301454544e-05,1.0736752301454544e-05
20230523_200000,3,TADO1,3.1258671242540004e-06,3.1543231671093963e-06,-2.8456042855395935e-08,2.8456042855395935e-08
20230523_200000,3,TADO2,3.568996544345282e-05,3.5737044527195394e-05,-4.707908374257386e-08,4.707908374257386e-08
20230523_200000,3,TAMI,1.9966144463978708e-05,2.0050641978741623e-05,-8.449751476291567e-08,8.449751476291567e-08
20230523_200000,3,TUMI,0.0013364044716581702,0.0013398389564827085,-3.434484824538231e-06,3.434484824538231e-06
20230523_200000,3,WHIS,2.3303015041165054e-05,2.3275704734260216e-05,2.731030690483749e-08,2.731030690483749e-08
20230523_200000,3,YARD,0.007222247309982777,0.007261533290147781,-3.928598016500473e-05,3.928598016500473e-05
20230523_200000,3,ZEMA,7.539318858107436e-07,7.58695477998117e-07,-4.763592187373433e-09,4.763592187373433e-09
20230523_200000,30,AEAC,5.251085894997232e-06,5.254422376310686e-06,-3.3364813134539872e-09,3.3364813134539872e-09
20230523_200000,30,BRCA,0.0001179333557956852,0.00011773299775086343,2.00358044821769e-07,2.00358044821769e-07
20230523_200000,30,BRMA,9.361924568906943e-09,9.334110373515614e-09,2.7814195391329122e-11,2.7814195391329122e-11
20230523_200000,30,BUVI,0.0016072139842435718,0.001611111918464303,-3.897934220731258e-06,3.897934220731258e-06
20230523_200000,30,CAGU,0.00026673590764403343,0.0002655617136042565,1.1741940397769213e-06,1.1741940397769213e-06
20230523_200000,30,CALU,0.005736250896006823,0.005695574916899204,4.067597910761833e-05,4.067597910761833e-05
20230523_200000,30,CAUS,4.062847438035533e-06,4.049494691571454e-06,1.3352746464079246e-08,1.3352746464079246e-08
20230523_200000,30,CCOO,1.474730197514873e-05,1.4720338185725268e-05,2.6963789423462003e-08,2.6963789423462003e-08
20230523_200000,30,CHFA,2.90596608465421e-06,2.895302031902247e-06,1.0664052751963027e-08,1.0664052751963027e-08
20230523_200000,30,CHMI,0.006742274854332209,0.006745683494955301,-3.4086406230926514e-06,3.4086406230926514e-06
20230523_200000,30,CHMI_IRREG,0.004818256478756666,0.004837511572986841,-1.925509423017502e-05,1.925509423017502e-05
20230523_200000,30,COAU,8.868982149579097e-06,8.846748642099556e-06,2.2233507479541004e-08,2.2233507479541004e-08
20230523_200000,30,COAU2,0.00010927990661002696,0.00010908187687164173,1.980297383852303e-07,1.980297383852303e-07
20230523_200000,30,COCO,0.008177891373634338,0.008165797218680382,1.2094154953956604e-05,1.2094154953956604e-05
20230523_200000,30,CYST,0.00023279299784917384,0.00023243427858687937,3.5871926229447126e-07,3.5871926229447126e-07
20230523_200000,30,DEFU,0.010545321740210056,0.010560955852270126,-1.5634112060070038e-05,1.5634112060070038e-05
20230523_200000,30,DOG,0.02041131630539894,0.02040860988199711,2.7064234018325806e-06,2.7064234018325806e-06
20230523_200000,30,DRPU,7.3657289156869865e-09,7.32144034287785e-09,4.4288572809136895e-11,4.4288572809136895e-11
20230523_200000,30,DRUM,0.0026078405790030956,0.0026068235747516155,1.0170042514801025e-06,1.0170042514801025e-06
20230523_200000,30,FLY,0.007755997125059366,0.007752026431262493,3.970693796873093e-06,3.970693796873093e-06
20230523_200000,30,FROG,0.016492873430252075,0.01643715426325798,5.571916699409485e-05,5.571916699409485e-05
20230523_200000,30,GLGN,6.65640109218657e-05,6.659924838459119e-05,-3.523746272549033e-08,3.523746272549033e-08
20230523_200000,30,HOSA,0.41211116313934326,0.4121439754962921,-3.281235694885254e-05,3.281235694885254e-05
20230523_200000,30,HYPI,2.3129758119466715e-05,2.3106786102289334e-05,2.297201717738062e-08,2.297201717738062e-08
20230523_200000,30,INSP,0.0016214950010180473,0.0016267922474071383,-5.297246389091015e-06,5.297246389091015e-06
20230523_200000,30,IXNA,0.0003510703973006457,0.00035065750125795603,4.1289604268968105e-07,4.1289604268968105e-07
20230523_200000,30,MEKE,0.0016113270539790392,0.0016156187048181891,-4.291650839149952e-06,4.291650839149952e-06
20230523_200000,30,MYTO,3.2063186949926603e-07,3.1900805197437876e-07,1.6238175248872722e-09,1.6238175248872722e-09
20230523_200000,30,NUCO,1.7651906603077805e-07,1.7520855521979684e-07,1.3105108109812136e-09,1.3105108109812136e-09
20230523_200000,30,OCPR,1.2974272067367565e-05,1.2942672583449166e-05,3.159948391839862e-08,3.159948391839862e-08
20230523_200000,30,ORPI,0.00021076934353914112,0.00021031996584497392,4.4937769416719675e-07,4.4937769416719675e-07
20230523_200000,30,PAFA,0.0008387539419345558,0.0008386317058466375,1.2223608791828156e-07,1.2223608791828156e-07
20230523_200000,30,PECA,2.863035479094833e-05,2.8610509616555646e-05,1.9845174392685294e-08,1.9845174392685294e-08
20230523_200000,30,PHNU,3.428301351959817e-05,3.419181302888319e-05,9.120049071498215e-08,9.120049071498215e-08
20230523_200000,30,PIMA,1.1028682678215773e-07,1.0982773090972842e-07,4.5909587242931593e-10,4.5909587242931593e-10
20230523_200000,30,POEC,8.221612370107323e-05,8.199124567909166e-05,2.2487802198156714e-07,2.2487802198156714e-07
20230523_200000,30,PSFL,0.004063958302140236,0.004072159994393587,-8.201692253351212e-06,8.201692253351212e-06
20230523_200000,30,SHOT,0.48077234625816345,0.4808007776737213,-2.8431415557861328e-05,2.8431415557861328e-05
20230523_200000,30,SITT,0.0002432549954392016,0.0002424196427455172,8.353526936843991e-07,8.353526936843991e-07
20230523_200000,30,SPRU,0.00023178925039246678,0.00023125183361116797,5.374167812988162e-07,5.374167812988162e-07
20230523_200000,30,STOC,0.0008053581696003675,0.000808871234767139,-3.513065166771412e-06,3.513065166771412e-06
20230523_200000,30,STOC_IRREG,0.00027813701308332384,0.0002788264537230134,-6.894406396895647e-07,6.894406396895647e-07
20230523_200000,30,STVA,0.001229424960911274,0.0012284498661756516,9.75094735622406e-07,9.75094735622406e-07
20230523_200000,30,STVA_IRREG,0.003554712049663067,0.0035602455027401447,-5.533453077077866e-06,5.533453077077866e-06
20230523_200000,30,TADO1,3.635067059803987e-06,3.61278944183141e-06,2.227761797257699e-08,2.227761797257699e-08
20230523_200000,30,TADO2,4.226754390401766e-05,4.2030711483675987e-05,2.368324203416705e-07,2.368324203416705e-07
20230523_200000,30,TAMI,1.76170630084016e-07,1.7511666783320834e-07,1.0539622508076718e-09,1.0539622508076718e-09
20230523_200000,30,TUMI,0.001770957838743925,0.0017712432891130447,-2.8545036911964417e-07,2.8545036911964417e-07
20230523_200000,30,WHIS,8.94547611096641e-06,8.932509445003234e-06,1.2966665963176638e-08,1.2966665963176638e-08
20230523_200000,30,YARD,0.004269402474164963,0.004260214511305094,9.187962859869003e-06,9.187962859869003e-06
20230523_200000,30,ZEMA,7.491890573874116e-05,7.496179750887677e-05,-4.2891770135611296e-08,4.2891770135611296e-08
20230523_200000,31,AEAC,1.6000234123736412e-11,1.5827920571420684e-11,1.723135523157282e-13,1.723135523157282e-13
20230523_200000,31,BRCA,2.4441783673227486e-15,2.3921356042522603e-15,5.204276307048828e-17,5.204276307048828e-17
20230523_200000,31,BRMA,3.1994480138847344e-20,3.0601175176358464e-20,1.3933049624888805e-21,1.3933049624888805e-21
20230523_200000,31,BUVI,1.0533759450481739e-05,1.0565794582362287e-05,-3.203513188054785e-08,3.203513188054785e-08
20230523_200000,31,CAGU,1.3492489348010395e-09,1.3151687516810284e-09,3.408018312001104e-11,3.408018312001104e-11
20230523_200000,31,CALU,0.9999140501022339,0.9999141693115234,-1.1920928955078125e-07,1.1920928955078125e-07
20230523_200000,31,CAUS,2.652438442767458e-14,2.5622456969174624e-14,9.01927458499957e-16,9.01927458499957e-16
20230523_200000,31,CCOO,9.667950711918574e-14,9.288839093518284e-14,3.791116184002907e-15,3.791116184002907e-15
20230523_200000,31,CHFA,2.6416780750187184e-15,2.573524110016743e-15,6.815396500197551e-17,6.815396500197551e-17
20230523_200000,31,CHMI,4.4235020091321076e-09,4.351750959585843e-09,7.175104954626477e-11,7.175104954626477e-11
20230523_200000,31,CHMI_IRREG,7.31906979467567e-09,7.2606312073730805e-09,5.843858730258944e-11,5.843858730258944e-11
20230523_200000,31,COAU,2.276281105880601e-13,2.211011999571702e-13,6.526910630889893e-15,6.526910630889893e-15
20230523_200000,31,COAU2,3.3897296861790105e-12,3.31458797041273e-12,7.514171576628037e-14,7.514171576628037e-14
20230523_200000,31,COCO,5.429486193975208e-08,5.361862775998816e-08,6.762341797639237e-10,6.762341797639237e-10
20230523_200000,31,CYST,2.789145433709783e-12,2.715047154114303e-12,7.409827959548032e-14,7.409827959548032e-14
20230523_200000,31,DEFU,1.3499279702955391e-06,1.3409605799097335e-06,8.96739038580563e-09,8.96739038580563e-09
20230523_200000,31,DOG,9.472623796469293e-10,9.407211676304428e-10,6.541212016486497e-12,6.541212016486497e-12
20230523_200000,31,DRPU,1.191513088833833e-19,1.1562471481464296e-19,3.5265940687403355e-21,3.5265940687403355e-21
20230523_200000,31,DRUM,1.7343412261894287e-09,1.7150383335717834e-09,1.9302892617645284e-11,1.9302892617645284e-11
20230523_200000,31,FLY,3.2969947483252326e-07,3.271041180141765e-07,2.5953568183467723e-09,2.5953568183467723e-09
20230523_200000,31,FROG,3.956576222208241e-08,3.893007516353464e-08,6.356870585477736e-10,6.356870585477736e-10
20230523_200000,31,GLGN,1.4755232626006975e-12,1.4454726478263513e-12,3.005061477434623e-14,3.005061477434623e-14
20230523_200000,31,HOSA,1.3265997722555767e-06,1.318510044256982e-06,8.089727998594753e-09,8.089727998594753e-09
20230523_200000,31,HYPI,8.570301044362461e-13,8.28314359376664e-13,2.8715745059582076e-14,2.8715745059582076e-14
20230523_200000,31,INSP,4.8932456309103145e-08,4.861866287342309e-08,3.1379343568005424e-10,3.1379343568005424e-10
20230523_200000,31,IXNA,3.3158347595430016e-11,3.254027949872729e-11,6.180680967027286e-13,6.180680967027286e-13
20230523_200000,31,MEKE,6.870585878004931e-08,6.856932799337301e-08,1.3653078667630325e-10,1.3653078667630325e-10
20230523_200000,31,MYTO,1.361687386679155e-16,1.2947594753985505e-16,6.6927911280604516e-18,6.6927911280604516e-18
20230523_200000,31,NUCO,2.551997340132651e-22,2.4024426915836998e-22,1.495546485489513e-23,1.495546485489513e-23
20230523_200000,31,OCPR,1.1938141989721596e-13,1.1590703982537753e-13,3.4743800718384232e-15,3.4743800718384232e-15
20230523_200000,31,ORPI,1.5316414803123735e-11,1.4961898039955734e-11,3.545167631680002e-13,3.545167631680002e-13
20230523_200000,31,PAFA,3.816147398083558e-10,3.7855260592856155e-10,3.06213387979426e-12,3.06213387979426e-12
20230523_200000,31,PECA,1.9373405332236138e-14,1.8875705713088456e-14,4.976996191476818e-16,4.976996191476818e-16
20230523_200000,31,PHNU,4.567918526071635e-12,4.465986174623238e-12,1.0193235144839718e-13,1.0193235144839718e-13
20230523_200000,31,PIMA,1.0827221492680167e-20,1.0358756153813856e-20,4.68465338866311e-22,4.68465338866311e-22
20230523_200000,31,POEC,1.7638454608004395e-07,1.713745234610542e-07,5.010022618989751e-09,5.010022618989751e-09
20230523_200000,31,PSFL,7.159855158533901e-05,7.141097012208775e-05,1.875814632512629e-07,1.875814632512629e-07
20230523_200000,31,SHOT,4.613993667135219e-07,4.5754953248433594e-07,3.8498342291859444e-09,3.8498342291859444e-09
20230523_200000,31,SITT,3.947602245091275e-10,3.847355212194259e-10,1.002470328970162e-11,1.002470328970162e-11
20230523_200000,31,SPRU,3.1587861666626527e-12,3.1118434652005478e-12,4.6942701462104885e-14,4.6942701462104885e-14
20230523_200000,31,STOC,6.65155430734643e-13,6.649119731368114e-13,2.4345759783162e-16,2.4345759783162e-16
20230523_200000,31,STOC_IRREG,4.1090647052467733e-13,4.1032541947538803e-13,5.81051049289294e-16,5.81051049289294e-16
20230523_200000,31,STVA,3.188504738016462e-10,3.201228726545935e-10,-1.2723988529472763e-12,1.2723988529472763e-12
20230523_200000,31,STVA_IRREG,1.3648209673533529e-08,1.368520141653562e-08,-3.6991743002090516e-11,3.6991743002090516e-11
20230523_200000,31,TADO1,1.1858880542869096e-15,1.1500470197941463e-15,3.5841034492763244e-17,3.5841034492763244e-17
20230523_200000,31,TADO2,8.072995939280292e-13,7.864581924067748e-13,2.0841401521254355e-14,2.0841401521254355e-14
20230523_200000,31,TAMI,1.7573010068369725e-16,1.7166065000262217e-16,4.069450681075078e-18,4.069450681075078e-18
20230523_200000,31,TUMI,6.457230306011752e-10,6.311344225018445e-10,1.4588608099330713e-11,1.4588608099330713e-11
20230523_200000,31,WHIS,7.27969320566367e-14,7.215042907744718e-14,6.465029791895283e-16,6.465029791895283e-16
20230523_200000,31,YARD,6.490557535876462e-10,6.427702814448821e-10,6.2854721427640925e-12,6.2854721427640925e-12
20230523_200000,31,ZEMA,1.3779043010753167e-12,1.3468661949622707e-12,3.1038106113046027e-14,3.1038106113046027e-14
20230523_200000,32,AEAC,7.91531965660397e-06,7.851126611058135e-06,6.419304554583505e-08,6.419304554583505e-08
20230523_200000,32,BRCA,1.067214157046692e-07,1.0799602989663981e-07,-1.2746141919706133e-09,1.2746141919706133e-09
20230523_200000,32,BRMA,2.305856026951769e-12,2.339519203364837e-12,-3.366317641306793e-14,3.366317641306793e-14
20230523_200000,32,BUVI,0.5368520617485046,0.5340085625648499,0.002843499183654785,0.002843499183654785
20230523_200000,32,CAGU,4.0378123230766505e-05,4.038796032546088e-05,-9.837094694375992e-09,9.837094694375992e-09
20230523_200000,32,CALU,0.1275540292263031,0.12866027653217316,-0.0011062473058700562,0.0011062473058700562
20230523_200000,32,CAUS,2.4173328228016544e-08,2.440904722789128e-08,-2.3571899987473444e-10,2.3571899987473444e-10
20230523_200000,32,CCOO,3.6780795653612586e-07,3.700954778196319e-07,-2.2875212835060665e-09,2.2875212835060665e-09
20230523_200000,32,CHFA,3.5671121167979436e-08,3.626124822631027e-08,-5.90127058330836e-10,5.90127058330836e-10
20230523_200000,32,CHMI,0.003470751689746976,0.0034771419595927,-6.390269845724106e-06,6.390269845724106e-06
20230523_200000,32,CHMI_IRREG,0.00844818726181984,0.008469095453619957,-2.0908191800117493e-05,2.0908191800117493e-05
20230523_200000,32,COAU,3.812441775608022e-07,3.844173477318691e-07,-3.173170171066886e-09,3.173170171066886e-09
20230523_200000,32,COAU2,3.981653935625218e-05,4.009246185887605e-05,-2.7592250262387097e-07,2.7592250262387097e-07
20230523_200000,32,COCO,0.002298500621691346,0.002307817805558443,-9.317183867096901e-06,9.317183867096901e-06
20230523_200000,32,CYST,4.307755261834245e-06,4.359055310487747e-06,-5.130004865350202e-08,5.130004865350202e-08
20230523_200000,32,DEFU,0.0332036130130291,0.03309021517634392,0.00011339783668518066,0.00011339783668518066
20230523_200000,32,DOG,0.0011607349151745439,0.0011691347463056445,-8.399831131100655e-06,8.399831131100655e-06
20230523_200000,32,DRPU,2.4700144707345828e-11,2.4990998853668955e-11,-2.9085414632312734e-13,2.9085414632312734e-13
20230523_200000,32,DRUM,0.0003657213819678873,0.0003686741110868752,-2.952729118987918e-06,2.952729118987918e-06
20230523_200000,32,FLY,0.022162776440382004,0.022206062451004982,-4.328601062297821e-05,4.328601062297821e-05
20230523_200000,32,FROG,0.0006561035988852382,0.0006514423293992877,4.66126948595047e-06,4.66126948595047e-06
20230523_200000,32,GLGN,5.471290478453739e-06,5.491339379659621e-06,-2.004890120588243e-08,2.004890120588243e-08
20230523_200000,32,HOSA,0.04966748505830765,0.05008649080991745,-0.00041900575160980225,0.00041900575160980225
20230523_200000,32,HYPI,1.336821469521965e-06,1.3560918432631297e-06,-1.9270373741164804e-08,1.9270373741164804e-08
20230523_200000,32,INSP,0.0009551962139084935,0.0009499525185674429,5.243695341050625e-06,5.243695341050625e-06
20230523_200000,32,IXNA,2.132405097654555e-05,2.1445217498694547e-05,-1.211665221489966e-07,1.211665221489966e-07
20230523_200000,32,MEKE,0.004852181766182184,0.004831927362829447,2.0254403352737427e-05,2.0254403352737427e-05
20230523_200000,32,MYTO,1.4183591801053552e-10,1.4332419973062116e-10,-1.488281720085638e-12,1.488281720085638e-12
20230523_200000,32,NUCO,4.122532393582845e-14,4.216406683434787e-14,-9.38742898519418e-16,9.38742898519418e-16
20230523_200000,32,OCPR,9.528827717986132e-07,9.565898153596208e-07,-3.7070435610075947e-09,3.7070435610075947e-09
20230523_200000,32,ORPI,2.510776357667055e-05,2.528088771214243e-05,-1.7312413547188044e-07,1.7312413547188044e-07
20230523_200000,32,PAFA,0.00017768425459507853,0.00018056808039546013,-2.883825800381601e-06,2.883825800381601e-06
20230523_200000,32,PECA,3.831241599527857e-07,3.8592853002228367e-07,-2.8043700694979634e-09,2.8043700694979634e-09
20230523_200000,32,PHNU,1.474334453632764e-06,1.4755601114302408e-06,-1.2256577974767424e-09,1.2256577974767424e-09
20230523_200000,32,PIMA,7.489936622306903e-12,7.66294493137476e-12,-1.7300830906785691e-13,1.7300830906785691e-13
20230523_200000,32,POEC,0.0006707383436150849,0.0006758642848581076,-5.12594124302268e-06,5.12594124302268e-06
20230523_200000,32,PSFL,0.06217329204082489,0.062515988945961,-0.0003426969051361084,0.0003426969051361084
20230523_200000,32,SHOT,0.13940101861953735,0.14039869606494904,-0.0009976774454116821,0.0009976774454116821
20230523_200000,32,SITT,1.0109974937222432e-05,1.0149518857360817e-05,-3.954392013838515e-08,3.954392013838515e-08
20230523_200000,32,SPRU,1.3888348803448025e-05,1.4090887816564646e-05,-2.0253901311662048e-07,2.0253901311662048e-07
20230523_200000,32,STOC,4.473954322747886e-05,4.4612974306801334e-05,1.2656892067752779e-07,1.2656892067752779e-07
20230523_200000,32,STOC_IRREG,2.2572445232071914e-05,2.259345092170406e-05,-2.100568963214755e-08,2.100568963214755e-08
20230523_200000,32,STVA,0.0005056836525909603,0.000504464958794415,1.218693796545267e-06,1.218693796545267e-06
20230523_200000,32,STVA_IRREG,0.004565071780234575,0.004580334760248661,-1.526298001408577e-05,1.526298001408577e-05
20230523_200000,32,TADO1,2.6389569640627997e-08,2.6842375433488996e-08,-4.5280579286099965e-10,4.5280579286099965e-10
20230523_200000,32,TADO2,1.48952710787853e-06,1.4976823194956523e-06,-8.155211617122404e-09,8.155211617122404e-09
20230523_200000,32,TAMI,1.1028729929307701e-08,1.1200327776350605e-08,-1.715978470429036e-10,1.715978470429036e-10
20230523_200000,32,TUMI,0.00012131212133681402,0.00012205869279569015,-7.46571458876133e-07,7.46571458876133e-07
20230523_200000,32,WHIS,4.1772568692977075e-07,4.1779711068556935e-07,-7.142375579860527e-11,7.142375579860527e-11
20230523_200000,32,YARD,0.0004919766215607524,0.0004986124695278704,-6.635847967118025e-06,6.635847967118025e-06
20230523_200000,32,ZEMA,3.221581664547557e-06,3.244290155635099e-06,-2.2708491087541915e-08,2.2708491087541915e-08
20230523_200000,33,AEAC,0.00037407473428174853,0.000375615170923993,-1.5404366422444582e-06,1.5404366422444582e-06
20230523_200000,33,BRCA,6.1198161347419955e-06,6.0955158005526755e-06,2.4300334189319983e-08,2.4300334189319983e-08
20230523_200000,33,BRMA,2.031045644168561e-11,1.9621805916192336e-11,6.886505254932729e-13,6.886505254932729e-13
20230523_200000,33,BUVI,0.22910073399543762,0.22873006761074066,0.00037066638469696045,0.00037066638469696045
20230523_200000,33,CAGU,0.0005716712912544608,0.0005616395501419902,1.0031741112470627e-05,1.0031741112470627e-05
20230523_200000,33,CALU,0.055144332349300385,0.055013444274663925,0.00013088807463645935,0.00013088807463645935
20230523_200000,33,CAUS,4.0166320047774207e-08,3.9331180090584894e-08,8.351399571893126e-10,8.351399571893126e-10
20230523_200000,33,CCOO,6.875334435108016e-08,6.703999133605976e-08,1.7133530150204024e-09,1.7133530150204024e-09
20230523_200000,33,CHFA,3.281009952615932e-08,3.224867484163951e-08,5.614246845198068e-10,5.614246845198068e-10
20230523_200000,33,CHMI,0.006969045847654343,0.0069530075415968895,1.6038306057453156e-05,1.6038306057453156e-05
20230523_200000,33,CHMI_IRREG,0.018766013905405998,0.018660221248865128,0.00010579265654087067,0.00010579265654087067
20230523_200000,33,COAU,2.9470348295035365e-07,2.897971569382207e-07,4.906326012132922e-09,4.906326012132922e-09
20230523_200000,33,COAU2,1.4276926776801702e-05,1.4134030607237946e-05,1.428961695637554e-07,1.428961695637554e-07
20230523_200000,33,COCO,0.29267632961273193,0.2932423949241638,-0.0005660653114318848,0.0005660653114318848
20230523_200000,33,CYST,2.9946618269605096e-06,2.9691650524910074e-06,2.549677446950227e-08,2.549677446950227e-08
20230523_200000,33,DEFU,0.014619222842156887,0.014663823880255222,-4.4601038098335266e-05,4.4601038098335266e-05
20230523_200000,33,DOG,0.014696975238621235,0.01473285909742117,-3.588385879993439e-05,3.588385879993439e-05
20230523_200000,33,DRPU,7.393967382807176e-12,7.235469601934996e-12,1.5849778087217992e-13,1.5849778087217992e-13
20230523_200000,33,DRUM,0.0029743979685008526,0.0029764671344310045,-2.0691659301519394e-06,2.0691659301519394e-06
20230523_200000,33,FLY,0.003469592658802867,0.0034697717055678368,-1.7904676496982574e-07,1.7904676496982574e-07
20230523_200000,33,FROG,0.11908234655857086,0.11875574290752411,0.00032660365104675293,0.00032660365104675293
20230523_200000,33,GLGN,9.766747825779021e-05,9.757532097864896e-05,9.215727914124727e-08,9.215727914124727e-08
20230523_200000,33,HOSA,0.061950620263814926,0.06224168837070465,-0.00029106810688972473,0.00029106810688972473
20230523_200000,33,HYPI,1.9115553584470035e-07,1.8870019857786247e-07,2.455337266837887e-09,2.455337266837887e-09
20230523_200000,33,INSP,0.006423407234251499,0.006476862821727991,-5.345558747649193e-05,5.345558747649193e-05
20230523_200000,33,IXNA,5.8954050473403186e-05,5.846426574862562e-05,4.897847247775644e-07,4.897847247775644e-07
20230523_200000,33,MEKE,0.006215712521225214,0.006241606082767248,-2.589356154203415e-05,2.589356154203415e-05
20230523_200000,33,MYTO,7.90369644732003e-11,7.627038584034906e-11,2.7665786328512354e-12,2.7665786328512354e-12
20230523_200000,33,NUCO,1.9345194391708065e-13,1.8722168455310995e-13,6.230259363970703e-15,6.230259363970703e-15
20230523_200000,33,OCPR,6.79998674968374e-06,6.706180101900827e-06,9.380664778291248e-08,9.380664778291248e-08
20230523_200000,33,ORPI,2.7421514460002072e-05,2.704911275941413e-05,3.724017005879432e-07,3.724017005879432e-07
20230523_200000,33,PAFA,3.356525849085301e-05,3.3536020055180416e-05,2.9238435672596097e-08,2.9238435672596097e-08
20230523_200000,33,PECA,1.5528784160778741e-06,1.531409452582011e-06,2.1468963495863136e-08,2.1468963495863136e-08
20230523_200000,33,PHNU,0.00029278051806613803,0.00028902784106321633,3.7526770029217005e-06,3.7526770029217005e-06
20230523_200000,33,PIMA,4.222531352349179e-11,4.137363021627927e-11,8.516833072125252e-13,8.516833072125252e-13
20230523_200000,33,POEC,2.1245916286716238e-05,2.077811586786993e-05,4.678004188463092e-07,4.678004188463092e-07
20230523_200000,33,PSFL,0.11155780404806137,0.11158771812915802,-2.991408109664917e-05,2.991408109664917e-05
20230523_200000,33,SHOT,0.05098928138613701,0.05086776241660118,0.00012151896953582764,0.00012151896953582764
20230523_200000,33,SITT,5.146192052052356e-06,5.063847765995888e-06,8.234428605646826e-08,8.234428605646826e-08
20230523_200000,33,SPRU,2.2257121599977836e-05,2.2193749828147702e-05,6.33717718301341e-08,6.33717718301341e-08
20230523_200000,33,STOC,5.598845746135339e-05,5.622175012831576e-05,-2.3329266696237028e-07,2.3329266696237028e-07
20230523_200000,33,STOC_IRREG,3.128954631392844e-05,3.121640838799067e-05,7.31379259377718e-08,7.31379259377718e-08
20230523_200000,33,STVA,2.420715827611275e-05,2.4445322196697816e-05,-2.3816392058506608e-07,2.3816392058506608e-07
20230523_200000,33,STVA_IRREG,0.0033444450236856937,0.003381142858415842,-3.6697834730148315e-05,3.6697834730148315e-05
20230523_200000,33,TADO1,1.284445350080432e-08,1.2752109590508098e-08,9.234391029622202e-11,9.234391029622202e-11
20230523_200000,33,TADO2,4.822301343665458e-05,4.7757388529134914e-05,4.6562490751966834e-07,4.6562490751966834e-07
20230523_200000,33,TAMI,7.700144806221942e-07,7.672203992115101e-07,2.794081410684157e-09,2.794081410684157e-09
20230523_200000,33,TUMI,7.979799556778744e-05,7.916418690001592e-05,6.338086677715182e-07,6.338086677715182e-07
20230523_200000,33,WHIS,2.0384927665872965e-06,2.0411696368682897e-06,-2.676870280993171e-09,2.676870280993171e-09
20230523_200000,33,YARD,0.00023801640782039613,0.00023854909522924572,-5.32687408849597e-07,5.32687408849597e-07
20230523_200000,33,ZEMA,2.2893786990607623e-06,2.2836527477920754e-06,5.725951268686913e-09,5.725951268686913e-09
20230523_200000,34,AEAC,0.00014620878209825605,0.00014613641542382538,7.236667443066835e-08,7.236667443066835e-08
20230523_200000,34,BRCA,3.4919498830277007e-06,3.5408629628363997e-06,-4.891307980869897e-08,4.891307980869897e-08
20230523_200000,34,BRMA,1.0620224699664504e-09,1.0444628495420716e-09,1.7559620424378863e-11,1.7559620424378863e-11
20230523_200000,34,BUVI,0.15104466676712036,0.1502382755279541,0.0008063912391662598,0.0008063912391662598
20230523_200000,34,CAGU,0.0007245051674544811,0.0007113238680176437,1.3181299436837435e-05,1.3181299436837435e-05
20230523_200000,34,CALU,0.003280892036855221,0.0033125076442956924,-3.161560744047165e-05,3.161560744047165e-05
20230523_200000,34,CAUS,2.3058159968059044e-06,2.2802435069024796e-06,2.5572489903424866e-08,2.5572489903424866e-08
20230523_200000,34,CCOO,6.697140634059906e-06,6.603630026802421e-06,9.351060725748539e-08,9.351060725748539e-08
20230523_200000,34,CHFA,2.0023383058287436e-06,1.9891256215487374e-06,1.3212684280006215e-08,1.3212684280006215e-08
20230523_200000,34,CHMI,0.006100181024521589,0.006074126344174147,2.6054680347442627e-05,2.6054680347442627e-05
20230523_200000,34,CHMI_IRREG,0.005588538013398647,0.005617059767246246,-2.852175384759903e-05,2.852175384759903e-05
20230523_200000,34,COAU,1.566398896102328e-05,1.5553001503576525e-05,1.1098745744675398e-07,1.1098745744675398e-07
20230523_200000,34,COAU2,0.00021601826301775873,0.00021546111383941025,5.571491783484817e-07,5.571491783484817e-07
20230523_200000,34,COCO,0.008446983061730862,0.008409173227846622,3.78098338842392e-05,3.78098338842392e-05
20230523_200000,34,CYST,0.00020122563000768423,0.00019952701404690742,1.6986159607768059e-06,1.6986159607768059e-06
20230523_200000,34,DEFU,0.18361800909042358,0.18293701112270355,0.0006809979677200317,0.0006809979677200317
20230523_200000,34,DOG,0.005518922116607428,0.005566149950027466,-4.722783342003822e-05,4.722783342003822e-05
20230523_200000,34,DRPU,2.713085311967234e-10,2.70935662793903e-10,3.728684028203588e-13,3.728684028203588e-13
20230523_200000,34,DRUM,0.013700860552489758,0.013711877167224884,-1.1016614735126495e-05,1.1016614735126495e-05
20230523_200000,34,FLY,0.03499811887741089,0.03496455401182175,3.3564865589141846e-05,3.3564865589141846e-05
20230523_200000,34,FROG,0.010357211343944073,0.01036550011485815,-8.288770914077759e-06,8.288770914077759e-06
20230523_200000,34,GLGN,0.00021573623234871775,0.000216210974031128,-4.7474168241024017e-07,4.7474168241024017e-07
20230523_200000,34,HOSA,0.1126168817281723,0.11370738595724106,-0.001090504229068756,0.001090504229068756
20230523_200000,34,HYPI,4.46473277406767e-05,4.4608168536797166e-05,3.91592038795352e-08,3.91592038795352e-08
20230523_200000,34,INSP,0.02785273641347885,0.027971001341938972,-0.00011826492846012115,0.00011826492846012115
20230523_200000,34,IXNA,0.00020837827469222248,0.00020688171207439154,1.4965626178309321e-06,1.4965626178309321e-06
20230523_200000,34,MEKE,0.20253688097000122,0.2013317048549652,0.0012051761150360107,0.0012051761150360107
20230523_200000,34,MYTO,6.464116797388897e-09,6.370202143557435e-09,9.391465383146169e-11,9.391465383146169e-11
20230523_200000,34,NUCO,1.19333473658223e-10,1.1990682058371505e-10,-5.733469254920465e-13,5.733469254920465e-13
20230523_200000,34,OCPR,1.5268336937879212e-05,1.5235433238558471e-05,3.2903699320741e-08,3.2903699320741e-08
20230523_200000,34,ORPI,0.0006179988849908113,0.0006160504417493939,1.948443241417408e-06,1.948443241417408e-06
20230523_200000,34,PAFA,0.0002803766692522913,0.00028116919565945864,-7.925264071673155e-07,7.925264071673155e-07
20230523_200000,34,PECA,1.0231260603177361e-05,1.0210808795818593e-05,2.0451807358767837e-08,2.0451807358767837e-08
20230523_200000,34,PHNU,8.738700671528932e-06,8.8161459643743e-06,-7.744529284536839e-08,7.744529284536839e-08
20230523_200000,34,PIMA,1.4881240684161412e-09,1.4916505808315605e-09,-3.5265124154193472e-12,3.5265124154193472e-12
20230523_200000,34,POEC,0.0010430238908156753,0.0010356730781495571,7.350812666118145e-06,7.350812666118145e-06
20230523_200000,34,PSFL,0.008106498047709465,0.008194142021238804,-8.764397352933884e-05,8.764397352933884e-05
20230523_200000,34,SHOT,0.1403607726097107,0.14124485850334167,-0.0008840858936309814,0.0008840858936309814
20230523_200000,34,SITT,9.859873534878716e-05,9.762870467966422e-05,9.700306691229343e-07,9.700306691229343e-07
20230523_200000,34,SPRU,0.001027812366373837,0.001023582648485899,4.229717887938023e-06,4.229717887938023e-06
20230523_200000,34,STOC,0.0016942464280873537,0.0016983828973025084,-4.136469215154648e-06,4.136469215154648e-06
20230523_200000,34,STOC_IRREG,0.00011067309242207557,0.00011145870666950941,-7.856142474338412e-07,7.856142474338412e-07
20230523_200000,34,STVA,0.024826377630233765,0.024887913838028908,-6.153620779514313e-05,6.153620779514313e-05
20230523_200000,34,STVA_IRREG,0.041216589510440826,0.04156969487667084,-0.000353105366230011,0.000353105366230011
20230523_200000,34,TADO1,1.8504266563468263e-06,1.847051976255898e-06,3.3746800909284502e-09,3.3746800909284502e-09
20230523_200000,34,TADO2,2.3488657461712137e-05,2.3448459614883177e-05,4.019784682895988e-08,4.019784682895988e-08
20230523_200000,34,TAMI,2.0959392088570894e-07,2.1063107169538853e-07,-1.0371508096795878e-09,1.0371508096795878e-09
20230523_200000,34,TUMI,0.0010300457943230867,0.0010255505330860615,4.495261237025261e-06,4.495261237025261e-06
20230523_200000,34,WHIS,5.10290265083313e-05,5.133712329552509e-05,-3.080967871937901e-07,3.080967871937901e-07
20230523_200000,34,YARD,0.011876809410750866,0.011974058113992214,-9.724870324134827e-05,9.724870324134827e-05
20230523_200000,34,ZEMA,0.00015158210590016097,0.00015237924526445568,-7.971393642947078e-07,7.971393642947078e-07
20230523_200000,35,AEAC,4.85731379740173e-06,4.847636773774866e-06,9.677023626863956e-09,9.677023626863956e-09
20230523_200000,35,BRCA,4.6694307798134105e-07,4.7506452460766013e-07,-8.121446626319084e-09,8.121446626319084e-09
20230523_200000,35,BRMA,1.0572953103304972e-11,1.0982237688694774e-11,-4.0928458538980195e-13,4.0928458538980195e-13
20230523_200000,35,BUVI,0.4500894546508789,0.44541582465171814,0.004673629999160767,0.004673629999160767
20230523_200000,35,CAGU,0.00014384712267201394,0.00014624801406171173,-2.40089138969779e-06,2.40089138969779e-06
20230523_200000,35,CALU,0.004824164789170027,0.004855467472225428,-3.130268305540085e-05,3.130268305540085e-05
20230523_200000,35,CAUS,3.8622440001745417e-07,3.940790236356406e-07,-7.854623618186451e-09,7.854623618186451e-09
20230523_200000,35,CCOO,1.3427385283648618e-06,1.3807226650897064e-06,-3.7984136724844575e-08,3.7984136724844575e-08
20230523_200000,35,CHFA,3.138742670216743e-07,3.2318698117705935e-07,-9.312714155385038e-09,9.312714155385038e-09
20230523_200000,35,CHMI,0.003670882200822234,0.0037135861348360777,-4.2703934013843536e-05,4.2703934013843536e-05
20230523_200000,35,CHMI_IRREG,0.00516547029837966,0.0052100010216236115,-4.45307232439518e-05,4.45307232439518e-05
20230523_200000,35,COAU,1.8929247858068265e-07,1.9419634611494985e-07,-4.903867534267192e-09,4.903867534267192e-09
20230523_200000,35,COAU2,5.7985678722616285e-05,5.9425165090942755e-05,-1.4394863683264703e-06,1.4394863683264703e-06
20230523_200000,35,COCO,0.0008607212221249938,0.0008665449568070471,-5.8237346820533276e-06,5.8237346820533276e-06
20230523_200000,35,CYST,6.467696221079677e-05,6.583991489605978e-05,-1.1629526852630079e-06,1.1629526852630079e-06
20230523_200000,35,DEFU,0.03438020870089531,0.03442899137735367,-4.8782676458358765e-05,4.8782676458358765e-05
20230523_200000,35,DOG,0.004812557715922594,0.004839702975004911,-2.7145259082317352e-05,2.7145259082317352e-05
20230523_200000,35,DRPU,2.1325795296345262e-11,2.181139643897545e-11,-4.856011426301876e-13,4.856011426301876e-13
20230523_200000,35,DRUM,0.0012353730853646994,0.001254921779036522,-1.9548693671822548e-05,1.9548693671822548e-05
20230523_200000,35,FLY,0.041871149092912674,0.042186103761196136,-0.0003149546682834625,0.0003149546682834625
20230523_200000,35,FROG,0.00232216389849782,0.0023164108861237764,5.753012374043465e-06,5.753012374043465e-06
20230523_200000,35,GLGN,6.418395514629083e-06,6.4747155192890204e-06,-5.6320004659937695e-08,5.6320004659937695e-08
20230523_200000,35,HOSA,0.060262832790613174,0.060564205050468445,-0.0003013722598552704,0.0003013722598552704
20230523_200000,35,HYPI,1.5819003920114483e-06,1.608158981980523e-06,-2.625858996907482e-08,2.625858996907482e-08
20230523_200000,35,INSP,0.00034807799966074526,0.00034510716795921326,2.9708317015320063e-06,2.9708317015320063e-06
20230523_200000,35,IXNA,6.209160346770659e-05,6.323267007246614e-05,-1.1410666047595441e-06,1.1410666047595441e-06
20230523_200000,35,MEKE,0.006911919452250004,0.006856402847915888,5.551660433411598e-05,5.551660433411598e-05
20230523_200000,35,MYTO,1.7908736993366148e-10,1.8587485717258545e-10,-6.787487238923973e-12,6.787487238923973e-12
20230523_200000,35,NUCO,3.164494360996528e-11,3.306479742781754e-11,-1.4198538178522568e-12,1.4198538178522568e-12
20230523_200000,35,OCPR,2.2050867301004473e-06,2.2568081021745456e-06,-5.1721372074098326e-08,5.1721372074098326e-08
20230523_200000,35,ORPI,9.922067692968994e-05,0.00010072368604596704,-1.5030091162770987e-06,1.5030091162770987e-06
20230523_200000,35,PAFA,0.00038728833897039294,0.00039380387170240283,-6.515532732009888e-06,6.515532732009888e-06
20230523_200000,35,PECA,3.6071367048862157e-06,3.6675514820672106e-06,-6.041477718099486e-08,6.041477718099486e-08
20230523_200000,35,PHNU,3.886805279762484e-05,3.921090319636278e-05,-3.428503987379372e-07,3.428503987379372e-07
20230523_200000,35,PIMA,7.165387172491933e-10,7.476982366583229e-10,-3.1159519409129643e-11,3.1159519409129643e-11
20230523_200000,35,POEC,0.00011193790123797953,0.00011514288780745119,-3.2049865694716573e-06,3.2049865694716573e-06
20230523_200000,35,PSFL,0.11892910301685333,0.1193174421787262,-0.00038833916187286377,0.00038833916187286377
20230523_200000,35,SHOT,0.2591513991355896,0.26263976097106934,-0.0034883618354797363,0.0034883618354797363
20230523_200000,35,SITT,3.5209825000492856e-05,3.594497684389353e-05,-7.351518434006721e-07,7.351518434006721e-07
20230523_200000,35,SPRU,7.14346970198676e-05,7.289760833373293e-05,-1.4629113138653338e-06,1.4629113138653338e-06
20230523_200000,35,STOC,0.00022681600239593536,0.00022371794329956174,3.0980590963736176e-06,3.0980590963736176e-06
20230523_200000,35,STOC_IRREG,9.845863132795785e-06,9.845401109487284e-06,4.6202330850064754e-10,4.6202330850064754e-10
20230523_200000,35,STVA,0.0005408533033914864,0.0005347311380319297,6.122165359556675e-06,6.122165359556675e-06
20230523_200000,35,STVA_IRREG,0.0021291354205459356,0.002127323066815734,1.8123537302017212e-06,1.8123537302017212e-06
20230523_200000,35,TADO1,2.048008838073656e-07,2.1113615389367624e-07,-6.335270086310629e-09,6.335270086310629e-09
20230523_200000,35,TADO2,9.268369467463344e-06,9.374749424750917e-06,-1.0637995728757232e-07,1.0637995728757232e-07
20230523_200000,35,TAMI,4.6551026144925345e-08,4.7809216141558863e-08,-1.2581899966335186e-09,1.2581899966335186e-09
20230523_200000,35,TUMI,0.00038219158886931837,0.00038964301347732544,-7.451424608007073e-06,7.451424608007073e-06
20230523_200000,35,WHIS,1.0838007256097626e-06,1.0799695928653819e-06,3.8311327443807386e-09,3.8311327443807386e-09
20230523_200000,35,YARD,0.0006699207006022334,0.0006770919426344335,-7.171242032200098e-06,7.171242032200098e-06
20230523_200000,35,ZEMA,0.00010114675387740135,0.00010230702901026234,-1.1602751328609884e-06,1.1602751328609884e-06
20230523_200000,36,AEAC,0.00018211279530078173,0.00018277610070072114,-6.633053999394178e-07,6.633053999394178e-07
20230523_200000,36,BRCA,0.0002794592874124646,0.00027848375611938536,9.75531293079257e-07,9.75531293079257e-07
20230523_200000,36,BRMA,1.7977022093162986e-09,1.7528540841027507e-09,4.4848125213547974e-11,4.4848125213547974e-11
20230523_200000,36,BUVI,0.002740356372669339,0.0027772218454629183,-3.68654727935791e-05,3.68654727935791e-05
20230523_200000,36,CAGU,2.340180435567163e-05,2.2947855541133322e-05,4.539488145383075e-07,4.539488145383075e-07
20230523_200000,36,CALU,0.3285897970199585,0.3274320065975189,0.0011577904224395752,0.0011577904224395752
20230523_200000,36,CAUS,1.4979689240135485e-06,1.4711796438859892e-06,2.6789280127559323e-08,2.6789280127559323e-08
20230523_200000,36,CCOO,1.7803705532060121e-06,1.7443253454985097e-06,3.6045207707502414e-08,3.6045207707502414e-08
20230523_200000,36,CHFA,2.0900749859720236e-06,2.0559371023409767e-06,3.413788363104686e-08,3.413788363104686e-08
20230523_200000,36,CHMI,0.0006364677101373672,0.0006316353683359921,4.832341801375151e-06,4.832341801375151e-06
20230523_200000,36,CHMI_IRREG,0.0028781720902770758,0.0028837148565799,-5.54276630282402e-06,5.54276630282402e-06
20230523_200000,36,COAU,6.30773683951702e-06,6.237370598682901e-06,7.03662408341188e-08,7.03662408341188e-08
20230523_200000,36,COAU2,0.0001031181964208372,0.0001020021882141009,1.1160082067362964e-06,1.1160082067362964e-06
20230523_200000,36,COCO,0.07526231557130814,0.07460491359233856,0.000657401978969574,0.000657401978969574
20230523_200000,36,CYST,7.548102439614013e-05,7.498609920730814e-05,4.94925188831985e-07,4.94925188831985e-07
20230523_200000,36,DEFU,0.006694869138300419,0.006674908567219973,1.9960571080446243e-05,1.9960571080446243e-05
20230523_200000,36,DOG,0.04646768048405647,0.04652504250407219,-5.736202001571655e-05,5.736202001571655e-05
20230523_200000,36,DRPU,8.862873102088997e-09,8.764370562630575e-09,9.850253945842269e-11,9.850253945842269e-11
20230523_200000,36,DRUM,0.008939199149608612,0.008905638940632343,3.356020897626877e-05,3.356020897626877e-05
20230523_200000,36,FLY,0.011266288347542286,0.011245152913033962,2.113543450832367e-05,2.113543450832367e-05
20230523_200000,36,FROG,0.0021966840140521526,0.002185036428272724,1.1647585779428482e-05,1.1647585779428482e-05
20230523_200000,36,GLGN,0.00023281389439944178,0.00023175595561042428,1.0579387890174985e-06,1.0579387890174985e-06
20230523_200000,36,HOSA,0.16006800532341003,0.1598946899175644,0.0001733154058456421,0.0001733154058456421
20230523_200000,36,HYPI,2.168279570469167e-05,2.1666299289790913e-05,1.6496414900757372e-08,1.6496414900757372e-08
20230523_200000,36,INSP,0.011660697869956493,0.011761336587369442,-0.00010063871741294861,0.00010063871741294861
20230523_200000,36,IXNA,0.00012472389789763838,0.00012306224380154163,1.661654096096754e-06,1.661654096096754e-06
20230523_200000,36,MEKE,0.007563547231256962,0.007597644813358784,-3.40975821018219e-05,3.40975821018219e-05
20230523_200000,36,MYTO,3.999834241597e-09,3.901335698941466e-09,9.849854265553404e-11,9.849854265553404e-11
20230523_200000,36,NUCO,4.488077021136405e-09,4.410685594535835e-09,7.739142660057041e-11,7.739142660057041e-11
20230523_200000,36,OCPR,2.018290979322046e-05,1.993284240597859e-05,2.5006738724187016e-07,2.5006738724187016e-07
20230523_200000,36,ORPI,0.00033252884168177843,0.0003302610421087593,2.267799573019147e-06,2.267799573019147e-06
20230523_200000,36,PAFA,0.0013520517386496067,0.0013577903155237436,-5.738576874136925e-06,5.738576874136925e-06
20230523_200000,36,PECA,5.95575911574997e-05,5.9061028878204525e-05,4.965622792951763e-07,4.965622792951763e-07
20230523_200000,36,PHNU,2.6843354135053232e-05,2.6711019017966464e-05,1.3233511708676815e-07,1.3233511708676815e-07
20230523_200000,36,PIMA,1.95908551603452e-08,1.913938518782743e-08,4.5146997251777066e-10,4.5146997251777066e-10
20230523_200000,36,POEC,8.431173046119511e-05,8.307030657306314e-05,1.2414238881319761e-06,1.2414238881319761e-06
20230523_200000,36,PSFL,0.006773307919502258,0.006819606758654118,-4.6298839151859283e-05,4.6298839151859283e-05
20230523_200000,36,SHOT,0.08503331989049911,0.08495495468378067,7.836520671844482e-05,7.836520671844482e-05
20230523_200000,36,SITT,6.0313166613923386e-05,5.9469097323017195e-05,8.440692909061909e-07,8.440692909061909e-07
20230523_200000,36,SPRU,0.0009000397403724492,0.0008937063976190984,6.333342753350735e-06,6.333342753350735e-06
20230523_200000,36,STOC,0.0013202843256294727,0.0013316236436367035,-1.1339318007230759e-05,1.1339318007230759e-05
20230523_200000,36,STOC_IRREG,0.003629461396485567,0.003647133708000183,-1.7672311514616013e-05,1.7672311514616013e-05
20230523_200000,36,STVA,0.0732593908905983,0.07385224848985672,-0.0005928575992584229,0.0005928575992584229
20230523_200000,36,STVA_IRREG,0.15670546889305115,0.15796683728694916,-0.0012613683938980103,0.0012613683938980103
20230523_200000,36,TADO1,3.469892590146628e-06,3.422840109124081e-06,4.7052481022547e-08,4.7052481022547e-08
20230523_200000,36,TADO2,2.1186577214393765e-05,2.093255170620978e-05,2.5402550818398595e-07,2.5402550818398595e-07
20230523_200000,36,TAMI,2.7436681193648838e-06,2.7166179279447533e-06,2.705019142013043e-08,2.705019142013043e-08
20230523_200000,36,TUMI,0.00018340308452025056,0.0001816067670006305,1.796317519620061e-06,1.796317519620061e-06
20230523_200000,36,WHIS,0.0003735589561983943,0.0003752690681722015,-1.7101119738072157e-06,1.7101119738072157e-06
20230523_200000,36,YARD,0.0037504269275814295,0.003755882615223527,-5.455687642097473e-06,5.455687642097473e-06
20230523_200000,36,ZEMA,8.950942719820887e-05,8.966259338194504e-05,-1.531661837361753e-07,1.531661837361753e-07
20230523_200000,37,AEAC,3.3532977283812215e-08,3.361533984502785e-08,-8.236256121563201e-11,8.236256121563201e-11
20230523_200000,37,BRCA,1.3027047973332428e-12,1.3515282643039583e-12,-4.882346697071549e-14,4.882346697071549e-14
20230523_200000,37,BRMA,3.3652963101548175e-17,3.405194208948455e-17,-3.9897898793637716e-19,3.9897898793637716e-19
20230523_200000,37,BUVI,0.026376429945230484,0.02570437639951706,0.0006720535457134247,0.0006720535457134247
20230523_200000,37,CAGU,1.3109129781696538e-08,1.293872742280655e-08,1.7040235888998723e-10,1.7040235888998723e-10
20230523_200000,37,CALU,0.00040509775863029063,0.00040248630102723837,2.6114576030522585e-06,2.6114576030522585e-06
20230523_200000,37,CAUS,9.158509454293418e-13,9.24824778390787e-13,-8.973832961445272e-15,8.973832961445272e-15
20230523_200000,37,CCOO,6.31726184492816e-14,6.390633871698401e-14,-7.337202677024091e-16,7.337202677024091e-16
20230523_200000,37,CHFA,3.705273392794195e-13,3.7865362429757854e-13,-8.12628501815904e-15,8.12628501815904e-15
20230523_200000,37,CHMI,1.9893148461846977e-08,1.986748898730184e-08,2.5659474545136618e-11,2.5659474545136618e-11
20230523_200000,37,CHMI_IRREG,1.3324721237495396e-07,1.3391340303314792e-07,-6.661906581939547e-10,6.661906581939547e-10
20230523_200000,37,COAU,4.146333016513681e-12,4.215496007820008e-12,-6.91629913063263e-14,6.91629913063263e-14
20230523_200000,37,COAU2,7.001350194046907e-11,7.128448525905995e-11,-1.2709833185908792e-12,1.2709833185908792e-12
20230523_200000,37,COCO,3.7459926716110203e-08,3.755975086505714e-08,-9.982414894693648e-11,9.982414894693648e-11
20230523_200000,37,CYST,7.245761768359671e-10,7.328882500878819e-10,-8.312073251914853e-12,8.312073251914853e-12
20230523_200000,37,DEFU,4.008204541605664e-06,4.003151843789965e-06,5.052697815699503e-09,5.052697815699503e-09
20230523_200000,37,DOG,2.1553699980358942e-07,2.1856541820852726e-07,-3.028418404937838e-09,3.028418404937838e-09
20230523_200000,37,DRPU,3.5870133052351635e-18,3.695046401957039e-18,-1.0803309672187563e-19,1.0803309672187563e-19
20230523_200000,37,DRUM,2.4481270344267614e-08,2.482879679632788e-08,-3.47526452060265e-10,3.47526452060265e-10
20230523_200000,37,FLY,3.868875865009613e-06,3.874471531162271e-06,-5.595666152657941e-09,5.595666152657941e-09
20230523_200000,37,FROG,3.588765196127497e-07,3.594771555981424e-07,-6.006359853927279e-10,6.006359853927279e-10
20230523_200000,37,GLGN,4.235257283768945e-11,4.281621238111377e-11,-4.636395434243212e-13,4.636395434243212e-13
20230523_200000,37,HOSA,9.855260941549204e-06,9.961095202015713e-06,-1.0583426046650857e-07,1.0583426046650857e-07
20230523_200000,37,HYPI,1.5105617494695633e-12,1.5230606489544107e-12,-1.2498899484847392e-14,1.2498899484847392e-14
20230523_200000,37,INSP,1.108039214159362e-06,1.0939543244603556e-06,1.4084889699006453e-08,1.4084889699006453e-08
20230523_200000,37,IXNA,1.2130941806631768e-09,1.218679268610856e-09,-5.5850879476793125e-12,5.5850879476793125e-12
20230523_200000,37,MEKE,2.429226242384175e-06,2.3926904759719037e-06,3.653576641227119e-08,3.653576641227119e-08
20230523_200000,37,MYTO,3.2236716072805104e-16,3.2948684322663786e-16,-7.119682498586818e-18,7.119682498586818e-18
20230523_200000,37,NUCO,2.4526969834118506e-20,2.574060696703432e-20,-1.2136371329158148e-21,1.2136371329158148e-21
20230523_200000,37,OCPR,2.6860720245269754e-11,2.7229867666234142e-11,-3.6914742096438857e-13,3.6914742096438857e-13
20230523_200000,37,ORPI,3.707399665042743e-10,3.7521766249604127e-10,-4.47769599176695e-12,4.47769599176695e-12
20230523_200000,37,PAFA,7.855477690554835e-08,7.98040460381344e-08,-1.2492691325860505e-09,1.2492691325860505e-09
20230523_200000,37,PECA,7.866001253131749e-12,7.982016957119864e-12,-1.160157039881149e-13,1.160157039881149e-13
20230523_200000,37,PHNU,2.894866923952577e-08,2.9213206076406095e-08,-2.645368368803247e-10,2.645368368803247e-10
20230523_200000,37,PIMA,4.1963666568203145e-17,4.372722556033355e-17,-1.7635589921304056e-18,1.7635589921304056e-18
20230523_200000,37,POEC,4.707574330353737e-10,4.738213710275829e-10,-3.0639379922092758e-12,3.0639379922092758e-12
20230523_200000,37,PSFL,0.9731870889663696,0.973861575126648,-0.0006744861602783203,0.0006744861602783203
20230523_200000,37,SHOT,2.7053260964748915e-08,2.755708727875117e-08,-5.038263140022536e-10,5.038263140022536e-10
20230523_200000,37,SITT,5.109782819090469e-09,5.119217938442944e-09,-9.43511935247443e-12,9.43511935247443e-12
20230523_200000,37,SPRU,1.1887932305221227e-10,1.2097575718961195e-10,-2.096434137399683e-12,2.096434137399683e-12
20230523_200000,37,STOC,1.776954555721133e-10,1.7492861326129372e-10,2.766842310819584e-12,2.766842310819584e-12
20230523_200000,37,STOC_IRREG,1.7176175412525474e-11,1.725051698708846e-11,-7.434157456298607e-14,7.434157456298607e-14
20230523_200000,37,STVA,2.6100136096829374e-07,2.5873950448840333e-07,2.2618564798904117e-09,2.2618564798904117e-09
20230523_200000,37,STVA_IRREG,8.83194115885999e-06,8.904220521799289e-06,-7.227936293929815e-08,7.227936293929815e-08
20230523_200000,37,TADO1,2.453340807416493e-14,2.5277745052828225e-14,-7.443369786632945e-16,7.443369786632945e-16
20230523_200000,37,TADO2,9.676810047709594e-11,9.783210352942717e-11,-1.0640030523312305e-12,1.0640030523312305e-12
20230523_200000,37,TAMI,6.773609993217244e-13,6.981942693266852e-13,-2.0833270004960713e-14,2.0833270004960713e-14
20230523_200000,37,TUMI,1.7928003970268946e-08,1.8142351621008856e-08,-2.1434765073991002e-10,2.1434765073991002e-10
20230523_200000,37,WHIS,6.794407918231382e-12,6.793426064743979e-12,9.818534874028728e-16,9.818534874028728e-16
20230523_200000,37,YARD,4.4401396448456865e-10,4.494872252180926e-10,-5.473260733523944e-12,5.473260733523944e-12
20230523_200000,37,ZEMA,1.0410544426520119e-08,1.0479719314560043e-08,-6.917488803992455e-11,6.917488803992455e-11
20230523_200000,38,AEAC,0.0002083317522192374,0.000208839206607081,-5.074543878436089e-07,5.074543878436089e-07
20230523_200000,38,BRCA,0.0012722228420898318,0.0012703678803518414,1.8549617379903793e-06,1.8549617379903793e-06
20230523_200000,38,BRMA,7.844565516279545e-06,7.586957053717924e-06,2.576084625616204e-07,2.576084625616204e-07
20230523_200000,38,BUVI,0.01664738543331623,0.016823213547468185,-0.00017582811415195465,0.00017582811415195465
20230523_200000,38,CAGU,0.006385219283401966,0.006203131750226021,0.00018208753317594528,0.00018208753317594528
20230523_200000,38,CALU,0.03212391212582588,0.03175080940127373,0.00037310272455215454,0.00037310272455215454
20230523_200000,38,CAUS,0.0003317544760648161,0.00032610067864879966,5.6537974160164595e-06,5.6537974160164595e-06
20230523_200000,38,CCOO,0.0007632540073245764,0.000744498975109309,1.875503221526742e-05,1.875503221526742e-05
20230523_200000,38,CHFA,0.000297613994916901,0.0002915171498898417,6.096845027059317e-06,6.096845027059317e-06
20230523_200000,38,CHMI,0.008008947595953941,0.007950264029204845,5.868356674909592e-05,5.868356674909592e-05
20230523_200000,38,CHMI_IRREG,0.006708191707730293,0.006697960663586855,1.023104414343834e-05,1.023104414343834e-05
20230523_200000,38,COAU,0.0008134627714753151,0.0007993922336027026,1.4070537872612476e-05,1.4070537872612476e-05
20230523_200000,38,COAU2,0.009055540896952152,0.008922488428652287,0.00013305246829986572,0.00013305246829986572
20230523_200000,38,COCO,0.4536246657371521,0.4538421034812927,-0.000217437744140625,0.000217437744140625
20230523_200000,38,CYST,0.0025699534453451633,0.0025399255100637674,3.0027935281395912e-05,3.0027935281395912e-05
20230523_200000,38,DEFU,0.012679816223680973,0.012693403288722038,-1.3587065041065216e-05,1.3587065041065216e-05
20230523_200000,38,DOG,0.05517347529530525,0.055383242666721344,-0.00020976737141609192,0.00020976737141609192
20230523_200000,38,DRPU,1.773709072949714e-07,1.70930690046589e-07,6.440217248382396e-09,6.440217248382396e-09
20230523_200000,38,DRUM,0.007176313083618879,0.0071507650427520275,2.5548040866851807e-05,2.5548040866851807e-05
20230523_200000,38,FLY,0.02738082967698574,0.027372580021619797,8.249655365943909e-06,8.249655365943909e-06
20230523_200000,38,FROG,0.0031007553916424513,0.0031096262391656637,-8.870847523212433e-06,8.870847523212433e-06
20230523_200000,38,GLGN,0.0013245864538475871,0.001322442083619535,2.1443702280521393e-06,2.1443702280521393e-06
20230523_200000,38,HOSA,0.09061938524246216,0.09083634614944458,-0.00021696090698242188,0.00021696090698242188
20230523_200000,38,HYPI,0.00016275072994176298,0.0001626551675144583,9.556242730468512e-08,9.556242730468512e-08
20230523_200000,38,INSP,0.0033054715022444725,0.003329697297886014,-2.422579564154148e-05,2.422579564154148e-05
20230523_200000,38,IXNA,0.00197258940897882,0.0019389482913538814,3.364111762493849e-05,3.364111762493849e-05
20230523_200000,38,MEKE,0.000755373272113502,0.0007628828752785921,-7.509603165090084e-06,7.509603165090084e-06
20230523_200000,38,MYTO,5.591150693362579e-05,5.3995187045075e-05,1.916319888550788e-06,1.916319888550788e-06
20230523_200000,38,NUCO,4.2688661778811365e-06,4.120219273318071e-06,1.4864690456306562e-07,1.4864690456306562e-07
20230523_200000,38,OCPR,0.0029045529663562775,0.0028588552959263325,4.569767042994499e-05,4.569767042994499e-05
20230523_200000,38,ORPI,0.0020128365140408278,0.00200295215472579,9.884359315037727e-06,9.884359315037727e-06
20230523_200000,38,PAFA,0.013520416803658009,0.013506298884749413,1.4117918908596039e-05,1.4117918908596039e-05
20230523_200000,38,PECA,0.00106041319668293,0.0010518941562622786,8.519040420651436e-06,8.519040420651436e-06
20230523_200000,38,PHNU,0.0003985030634794384,0.00039585199556313455,2.651067916303873e-06,2.651067916303873e-06
20230523_200000,38,PIMA,9.293491893913597e-05,8.994036761578172e-05,2.9945513233542442e-06,2.9945513233542442e-06
20230523_200000,38,POEC,0.00624848110601306,0.006124621257185936,0.00012385984882712364,0.00012385984882712364
20230523_200000,38,PSFL,0.12788020074367523,0.12820525467395782,-0.0003250539302825928,0.0003250539302825928
20230523_200000,38,SHOT,0.037294432520866394,0.03731158375740051,-1.7151236534118652e-05,1.7151236534118652e-05
20230523_200000,38,SITT,0.0021579000167548656,0.002123979851603508,3.392016515135765e-05,3.392016515135765e-05
20230523_200000,38,SPRU,0.00545105617493391,0.0054019782692193985,4.907790571451187e-05,4.907790571451187e-05
20230523_200000,38,STOC,0.0033040123526006937,0.0033288225531578064,-2.4810200557112694e-05,2.4810200557112694e-05
20230523_200000,38,STOC_IRREG,0.001960864057764411,0.0019612025935202837,-3.3853575587272644e-07,3.3853575587272644e-07
20230523_200000,38,STVA,0.003541746409609914,0.0035660951398313046,-2.4348730221390724e-05,2.4348730221390724e-05
20230523_200000,38,STVA_IRREG,0.02047877013683319,0.020629864186048508,-0.00015109404921531677,0.00015109404921531677
20230523_200000,38,TADO1,7.844031642889604e-05,7.744174217805266e-05,9.98574250843376e-07,9.98574250843376e-07
20230523_200000,38,TADO2,0.00407465361058712,0.00401383126154542,6.082234904170036e-05,6.082234904170036e-05
20230523_200000,38,TAMI,0.0005260646576061845,0.0005178629071451724,8.201750461012125e-06,8.201750461012125e-06
20230523_200000,38,TUMI,0.011900708079338074,0.01178429089486599,0.00011641718447208405,0.00011641718447208405
20230523_200000,38,WHIS,0.00023587231407873333,0.00023654384131077677,-6.715272320434451e-07,6.715272320434451e-07
20230523_200000,38,YARD,0.0070669641718268394,0.007066856604069471,1.0756775736808777e-07,1.0756775736808777e-07
20230523_200000,38,ZEMA,0.005280239973217249,0.005244797561317682,3.544241189956665e-05,3.544241189956665e-05
20230523_200000,39,AEAC,5.4546114824916e-07,5.468012318488036e-07,-1.340083599643549e-09,1.340083599643549e-09
20230523_200000,39,BRCA,2.3393393178139377e-07,2.3696090067915065e-07,-3.0269688977568876e-09,3.0269688977568876e-09
20230523_200000,39,BRMA,2.0571198824231862e-12,2.0921524061801033e-12,-3.503252375691712e-14,3.503252375691712e-14
20230523_200000,39,BUVI,0.00023177600814960897,0.00023103273997548968,7.432681741192937e-07,7.432681741192937e-07
20230523_200000,39,CAGU,3.292457861903131e-08,3.306911011691227e-08,-1.4453149788096198e-10,1.4453149788096198e-10
20230523_200000,39,CALU,0.9974850416183472,0.9974744915962219,1.055002212524414e-05,1.055002212524414e-05
20230523_200000,39,CAUS,1.2838939911219427e-09,1.2950981398418548e-09,-1.1204148719912155e-11,1.1204148719912155e-11
20230523_200000,39,CCOO,5.5427813450137364e-09,5.621273224676315e-09,-7.849187966257887e-11,7.849187966257887e-11
20230523_200000,39,CHFA,5.454527940429443e-09,5.514241951942722e-09,-5.971401151327882e-11,5.971401151327882e-11
20230523_200000,39,CHMI,1.0102770602316014e-06,1.0141218353965087e-06,-3.8447751649073325e-09,3.8447751649073325e-09
20230523_200000,39,CHMI_IRREG,6.346094778564293e-06,6.366303750837687e-06,-2.0208972273394465e-08,2.0208972273394465e-08
20230523_200000,39,COAU,3.0355792546288285e-08,3.072108611945623e-08,-3.652935731679463e-10,3.652935731679463e-10
20230523_200000,39,COAU2,5.895434469493921e-07,5.950303716417693e-07,-5.486924692377215e-09,5.486924692377215e-09
20230523_200000,39,COCO,0.0001689023047219962,0.00016926461830735207,-3.623135853558779e-07,3.623135853558779e-07
20230523_200000,39,CYST,2.4643443907734763e-07,2.489890391643712e-07,-2.554600087023573e-09,2.554600087023573e-09
20230523_200000,39,DEFU,4.141043609706685e-05,4.148537846049294e-05,-7.494236342608929e-08,7.494236342608929e-08
20230523_200000,39,DOG,0.0005630022496916354,0.000567020324524492,-4.018074832856655e-06,4.018074832856655e-06
20230523_200000,39,DRPU,6.655277717815267e-11,6.778552025243911e-11,-1.2327430742864465e-12,1.2327430742864465e-12
20230523_200000,39,DRUM,1.3220142136560753e-05,1.3300392311066389e-05,-8.02501745056361e-08,8.02501745056361e-08
20230523_200000,39,FLY,5.69334915780928e-05,5.723371577914804e-05,-3.002242010552436e-07,3.002242010552436e-07
20230523_200000,39,FROG,4.0515020373277366e-05,4.062505468027666e-05,-1.1003430699929595e-07,1.1003430699929595e-07
20230523_200000,39,GLGN,1.8447319405368034e-07,1.8560132275524666e-07,-1.128128701566311e-09,1.128128701566311e-09
20230523_200000,39,HOSA,0.0006357968086376786,0.000639649573713541,-3.852765075862408e-06,3.852765075862408e-06
20230523_200000,39,HYPI,1.0176046671972472e-08,1.0252914073305419e-08,-7.686740133294734e-11,7.686740133294734e-11
20230523_200000,39,INSP,1.893067565106321e-05,1.895423156383913e-05,-2.355591277591884e-08,2.355591277591884e-08
20230523_200000,39,IXNA,6.4359632290234e-08,6.478137493104441e-08,-4.2174264081040747e-10,4.2174264081040747e-10
20230523_200000,39,MEKE,5.283046266413294e-05,5.270033216220327e-05,1.3013050192967057e-07,1.3013050192967057e-07
20230523_200000,39,MYTO,1.1519016643313229e-11,1.1707145669559438e-11,-1.8812902624620875e-13,1.8812902624620875e-13
20230523_200000,39,NUCO,8.727256113963411e-13,8.949130499147362e-13,-2.2187438518395108e-14,2.2187438518395108e-14
20230523_200000,39,OCPR,4.9288200187902476e-08,4.977857770427363e-08,-4.903775163711543e-10,4.903775163711543e-10
20230523_200000,39,ORPI,1.2445572110664216e-06,1.2571181287057698e-06,-1.256091763934819e-08,1.256091763934819e-08
20230523_200000,39,PAFA,4.070465820404934e-06,4.100305886822753e-06,-2.984006641781889e-08,2.984006641781889e-08
20230523_200000,39,PECA,2.792567954656988e-08,2.819431799139238e-08,-2.686384448224999e-10,2.686384448224999e-10
20230523_200000,39,PHNU,3.9656018202549603e-07,4.0158840874937596e-07,-5.028226723879925e-09,5.028226723879925e-09
20230523_200000,39,PIMA,7.798990619978241e-12,7.95881242854346e-12,-1.5982180856521921e-13,1.5982180856521921e-13
20230523_200000,39,POEC,1.1492667226775666e-06,1.158540044343681e-06,-9.273321666114498e-09,9.273321666114498e-09
20230523_200000,39,PSFL,0.00024513626703992486,0.00024621374905109406,-1.0774820111691952e-06,1.0774820111691952e-06
20230523_200000,39,SHOT,0.00028393487446010113,0.00028520627529360354,-1.2714008335024118e-06,1.2714008335024118e-06
20230523_200000,39,SITT,1.9481372248719708e-07,1.964043860880338e-07,-1.5906636008367059e-09,1.5906636008367059e-09
20230523_200000,39,SPRU,2.5471399567322806e-06,2.5644574179750634e-06,-1.7317461242782883e-08,1.7317461242782883e-08
20230523_200000,39,STOC,3.995301938175544e-07,3.9943910223882995e-07,9.109157872444484e-11,9.109157872444484e-11
20230523_200000,39,STOC_IRREG,1.3431306342681637e-06,1.3508251868188381e-06,-7.694552550674416e-09,7.694552550674416e-09
20230523_200000,39,STVA,4.081012957612984e-05,4.0752292989054695e-05,5.783658707514405e-08,5.783658707514405e-08
20230523_200000,39,STVA_IRREG,9.271991439163685e-05,9.286556451115757e-05,-1.4565011952072382e-07,1.4565011952072382e-07
20230523_200000,39,TADO1,2.023901712888687e-09,2.0521320198696458e-09,-2.823030698095863e-11,2.823030698095863e-11
20230523_200000,39,TADO2,2.1109734404944902e-07,2.1222285795374773e-07,-1.1255139042987139e-09,1.1255139042987139e-09
20230523_200000,39,TAMI,5.6892698552246657e-08,5.75025822513453e-08,-6.098836990986456e-10,6.098836990986456e-10
20230523_200000,39,TUMI,7.530537118327629e-07,7.588499784105807e-07,-5.7962665778177325e-09,5.7962665778177325e-09
20230523_200000,39,WHIS,1.5629528604677034e-07,1.5618380189152958e-07,1.1148415524075972e-10,1.1148415524075972e-10
20230523_200000,39,YARD,6.687462246190989e-06,6.721797490172321e-06,-3.433524398133159e-08,3.433524398133159e-08
20230523_200000,39,ZEMA,3.1395722999150166e-07,3.1627357088837016e-07,-2.316340896868496e-09,2.316340896868496e-09
20230523_200000,4,AEAC,5.113037332193926e-05,5.125928873894736e-05,-1.2891541700810194e-07,1.2891541700810194e-07
20230523_200000,4,BRCA,0.0025563151575624943,0.0025437751319259405,1.2540025636553764e-05,1.2540025636553764e-05
20230523_200000,4,BRMA,1.0190039034796428e-08,1.0016296236869948e-08,1.737427979264794e-10,1.737427979264794e-10
20230523_200000,4,BUVI,0.0020543488208204508,0.0020470377057790756,7.31111504137516e-06,7.31111504137516e-06
20230523_200000,4,CAGU,1.2341577530605718e-05,1.2192670510557946e-05,1.4890702004777268e-07,1.4890702004777268e-07
20230523_200000,4,CALU,0.44052183628082275,0.4425453543663025,-0.0020235180854797363,0.0020235180854797363
20230523_200000,4,CAUS,2.092302565870341e-06,2.0641325590986526e-06,2.817000677168835e-08,2.817000677168835e-08
20230523_200000,4,CCOO,5.109364337840816e-06,5.0506882871559355e-06,5.8676050684880465e-08,5.8676050684880465e-08
20230523_200000,4,CHFA,8.238553164119367e-06,8.176417395588942e-06,6.213576853042468e-08,6.213576853042468e-08
20230523_200000,4,CHMI,0.0004884846275672317,0.0004845901275984943,3.894499968737364e-06,3.894499968737364e-06
20230523_200000,4,CHMI_IRREG,0.0004214801883790642,0.0004200634721200913,1.4167162589728832e-06,1.4167162589728832e-06
20230523_200000,4,COAU,2.3857035557739437e-05,2.36469986703014e-05,2.100368874380365e-07,2.100368874380365e-07
20230523_200000,4,COAU2,0.00022356717090588063,0.00022199464729055762,1.5725236153230071e-06,1.5725236153230071e-06
20230523_200000,4,COCO,0.06014543026685715,0.0600009448826313,0.00014448538422584534,0.00014448538422584534
20230523_200000,4,CYST,0.00048511839122511446,0.00048262125346809626,2.4971377570182085e-06,2.4971377570182085e-06
20230523_200000,4,DEFU,0.002307866234332323,0.0023024221882224083,5.44404610991478e-06,5.44404610991478e-06
20230523_200000,4,DOG,0.0921483039855957,0.09193272143602371,0.00021558254957199097,0.00021558254957199097
20230523_200000,4,DRPU,9.941989986828048e-08,9.878050377665204e-08,6.393960916284414e-10,6.393960916284414e-10
20230523_200000,4,DRUM,0.003413730999454856,0.003405155148357153,8.57585109770298e-06,8.57585109770298e-06
20230523_200000,4,FLY,0.002659932477399707,0.002653432311490178,6.500165909528732e-06,6.500165909528732e-06
20230523_200000,4,FROG,0.004902878310531378,0.004857813939452171,4.506437107920647e-05,4.506437107920647e-05
20230523_200000,4,GLGN,0.0004713471862487495,0.00046873846440576017,2.6087218429893255e-06,2.6087218429893255e-06
20230523_200000,4,HOSA,0.1736191064119339,0.17316555976867676,0.0004535466432571411,0.0004535466432571411
20230523_200000,4,HYPI,7.625330908922479e-05,7.532838208135217e-05,9.249270078726113e-07,9.249270078726113e-07
20230523_200000,4,INSP,0.00023618711566086859,0.00023548980243504047,6.973132258281112e-07,6.973132258281112e-07
20230523_200000,4,IXNA,9.279216465074569e-05,9.213113662553951e-05,6.610280252061784e-07,6.610280252061784e-07
20230523_200000,4,MEKE,0.0007233449723571539,0.0007220475235953927,1.2974487617611885e-06,1.2974487617611885e-06
20230523_200000,4,MYTO,5.6738067577555285e-09,5.57126300648747e-09,1.0254375126805826e-10,1.0254375126805826e-10
20230523_200000,4,NUCO,7.183080441564016e-08,7.10277134885473e-08,8.030909270928532e-10,8.030909270928532e-10
20230523_200000,4,OCPR,1.7958001990336925e-05,1.7768032193998806e-05,1.899697963381186e-07,1.899697963381186e-07
20230523_200000,4,ORPI,0.0004620034887921065,0.0004582335823215544,3.769906470552087e-06,3.769906470552087e-06
20230523_200000,4,PAFA,0.0012789909960702062,0.0012766799191012979,2.31107696890831e-06,2.31107696890831e-06
20230523_200000,4,PECA,6.333647615974769e-05,6.27206391072832e-05,6.158370524644852e-07,6.158370524644852e-07
20230523_200000,4,PHNU,7.306235056603327e-05,7.251116767292842e-05,5.511828931048512e-07,5.511828931048512e-07
20230523_200000,4,PIMA,3.7644082340193563e-07,3.733526909854845e-07,3.088132416451117e-09,3.088132416451117e-09
20230523_200000,4,POEC,7.270536298165098e-05,7.186137372627854e-05,8.439892553724349e-07,8.439892553724349e-07
20230523_200000,4,PSFL,0.0025845346972346306,0.0025857319124042988,-1.1972151696681976e-06,1.1972151696681976e-06
20230523_200000,4,SHOT,0.1910777986049652,0.1900176703929901,0.0010601282119750977,0.0010601282119750977
20230523_200000,4,SITT,5.8937865105690435e-05,5.8316618378739804e-05,6.212467269506305e-07,6.212467269506305e-07
20230523_200000,4,SPRU,0.003336455440148711,0.003319509094581008,1.6946345567703247e-05,1.6946345567703247e-05
20230523_200000,4,STOC,0.0004293380188755691,0.00042598610161803663,3.3519172575324774e-06,3.3519172575324774e-06
20230523_200000,4,STOC_IRREG,0.0006267817807383835,0.0006237428169697523,3.03896376863122e-06,3.03896376863122e-06
20230523_200000,4,STVA,0.0025694305077195168,0.002562647918239236,6.782589480280876e-06,6.782589480280876e-06
20230523_200000,4,STVA_IRREG,0.002962220460176468,0.002954967552796006,7.252907380461693e-06,7.252907380461693e-06
20230523_200000,4,TADO1,1.4253881090553477e-05,1.4116915735939983e-05,1.3696535461349413e-07,1.3696535461349413e-07
20230523_200000,4,TADO2,0.0001707186020212248,0.00016833758854772896,2.381013473495841e-06,2.381013473495841e-06
20230523_200000,4,TAMI,6.88594882376492e-05,6.830691563664004e-05,5.525726010091603e-07,5.525726010091603e-07
20230523_200000,4,TUMI,0.00015769463789183646,0.00015668045671191067,1.0141811799257994e-06,1.0141811799257994e-06
20230523_200000,4,WHIS,0.00012535217683762312,0.00012459007848519832,7.620983524248004e-07,7.620983524248004e-07
20230523_200000,4,YARD,0.006113100331276655,0.006115044932812452,-1.944601535797119e-06,1.944601535797119e-06
20230523_200000,4,ZEMA,8.491399785270914e-05,8.443970000371337e-05,4.74297848995775e-07,4.74297848995775e-07
20230523_200000,40,AEAC,6.436444527935237e-05,6.462058809120208e-05,-2.561428118497133e-07,2.561428118497133e-07
20230523_200000,40,BRCA,2.7228174985793885e-06,2.7586822852754267e-06,-3.586478669603821e-08,3.586478669603821e-08
20230523_200000,40,BRMA,2.1662577981418352e-11,2.1754884352298554e-11,-9.230637088020188e-14,9.230637088020188e-14
20230523_200000,40,BUVI,0.24545307457447052,0.24474720656871796,0.0007058680057525635,0.0007058680057525635
20230523_200000,40,CAGU,8.01411624706816e-06,7.935118446766865e-06,7.899780030129477e-08,7.899780030129477e-08
20230523_200000,40,CALU,0.5010567903518677,0.5009758472442627,8.094310760498047e-05,8.094310760498047e-05
20230523_200000,40,CAUS,1.5124555829970632e-08,1.5129986152828678e-08,-5.430322858046566e-12,5.430322858046566e-12
20230523_200000,40,CCOO,1.138950835866126e-07,1.1376174313681986e-07,1.333404497927404e-10,1.333404497927404e-10
20230523_200000,40,CHFA,1.1207071537455704e-07,1.1196213733910554e-07,1.0857803545150091e-10,1.0857803545150091e-10
20230523_200000,40,CHMI,0.0002896525838878006,0.00028888569795526564,7.668859325349331e-07,7.668859325349331e-07
20230523_200000,40,CHMI_IRREG,0.0013856478035449982,0.0013867175439372659,-1.069740392267704e-06,1.069740392267704e-06
20230523_200000,40,COAU,3.636143617313792e-07,3.6428758676265716e-07,-6.732250312779797e-10,6.732250312779797e-10
20230523_200000,40,COAU2,1.3711628525925335e-05,1.3676729395228904e-05,3.48991306964308e-08,3.48991306964308e-08
20230523_200000,40,COCO,0.0012037811102345586,0.0011981404386460781,5.6406715884804726e-06,5.6406715884804726e-06
20230523_200000,40,CYST,8.964357220975216e-06,8.999887540994678e-06,-3.5530320019461215e-08,3.5530320019461215e-08
20230523_200000,40,DEFU,0.011984962970018387,0.011968906037509441,1.6056932508945465e-05,1.6056932508945465e-05
20230523_200000,40,DOG,0.006697753444314003,0.006723648402839899,-2.5894958525896072e-05,2.5894958525896072e-05
20230523_200000,40,DRPU,4.4795309128708993e-10,4.5292605777014217e-10,-4.9729664830522324e-12,4.9729664830522324e-12
20230523_200000,40,DRUM,0.0006761318072676659,0.0006758649833500385,2.668239176273346e-07,2.668239176273346e-07
20230523_200000,40,FLY,0.00861717015504837,0.008620738983154297,-3.5688281059265137e-06,3.5688281059265137e-06
20230523_200000,40,FROG,0.001284924102947116,0.0012876488035544753,-2.7247006073594093e-06,2.7247006073594093e-06
20230523_200000,40,GLGN,8.920795153244399e-06,8.972309842647519e-06,-5.151468940312043e-08,5.151468940312043e-08
20230523_200000,40,HOSA,0.03560812398791313,0.035749971866607666,-0.0001418478786945343,0.0001418478786945343
20230523_200000,40,HYPI,1.0036956155090593e-06,1.0104355396833853e-06,-6.739924174326006e-09,6.739924174326006e-09
20230523_200000,40,INSP,0.0021484680473804474,0.0021538392174988985,-5.3711701184511185e-06,5.3711701184511185e-06
20230523_200000,40,IXNA,7.75288663135143e-06,7.730085599177983e-06,2.280103217344731e-08,2.280103217344731e-08
20230523_200000,40,MEKE,0.010158070363104343,0.010118440724909306,3.962963819503784e-05,3.962963819503784e-05
20230523_200000,40,MYTO,1.176337638408853e-10,1.173622171668498e-10,2.715466740355055e-13,2.715466740355055e-13
20230523_200000,40,NUCO,1.2984406952409877e-11,1.3180365653064907e-11,-1.9595870065503007e-13,1.9595870065503007e-13
20230523_200000,40,OCPR,9.223755341736251e-07,9.210004918713821e-07,1.3750423022429459e-09,1.3750423022429459e-09
20230523_200000,40,ORPI,5.3643689170712605e-05,5.3769206715514883e-05,-1.2551754480227828e-07,1.2551754480227828e-07
20230523_200000,40,PAFA,0.00026862777303904295,0.0002700623881537467,-1.4346151147037745e-06,1.4346151147037745e-06
20230523_200000,40,PECA,7.244352673296817e-07,7.251290412568778e-07,-6.937739271961618e-10,6.937739271961618e-10
20230523_200000,40,PHNU,4.404032733873464e-05,4.4486456317827106e-05,-4.4612897909246385e-07,4.4612897909246385e-07
20230523_200000,40,PIMA,8.533955486722533e-11,8.595808786981962e-11,-6.185330025942903e-13,6.185330025942903e-13
20230523_200000,40,POEC,2.5626810383982956e-05,2.545692586863879e-05,1.6988451534416527e-07,1.6988451534416527e-07
20230523_200000,40,PSFL,0.11071009933948517,0.11136651039123535,-0.0006564110517501831,0.0006564110517501831
20230523_200000,40,SHOT,0.030170045793056488,0.030136534944176674,3.351084887981415e-05,3.351084887981415e-05
20230523_200000,40,SITT,8.582016562286299e-06,8.581038855481893e-06,9.777068044058979e-10,9.777068044058979e-10
20230523_200000,40,SPRU,4.337119389674626e-05,4.327858914621174e-05,9.260475053451955e-08,9.260475053451955e-08
20230523_200000,40,STOC,2.383579521847423e-05,2.3893733668955974e-05,-5.793845048174262e-08,5.793845048174262e-08
20230523_200000,40,STOC_IRREG,2.1550240489887074e-05,2.1604930225294083e-05,-5.468973540700972e-08,5.468973540700972e-08
20230523_200000,40,STVA,0.013835516758263111,0.013831178657710552,4.338100552558899e-06,4.338100552558899e-06
20230523_200000,40,STVA_IRREG,0.017650632187724113,0.01769641414284706,-4.578195512294769e-05,4.578195512294769e-05
20230523_200000,40,TADO1,3.77108790416969e-07,3.803767754106957e-07,-3.2679849937267136e-09,3.2679849937267136e-09
20230523_200000,40,TADO2,6.0580032368307e-06,6.058648523321608e-06,-6.452864909078926e-10,6.452864909078926e-10
20230523_200000,40,TAMI,3.0978026188677177e-07,3.1097303576643753e-07,-1.192773879665765e-09,1.192773879665765e-09
20230523_200000,40,TUMI,5.415828854893334e-05,5.406135824159719e-05,9.69303073361516e-08,9.69303073361516e-08
20230523_200000,40,WHIS,3.572964487830177e-06,3.5911025406676345e-06,-1.8138052837457508e-08,1.8138052837457508e-08
20230523_200000,40,YARD,0.00033166701905429363,0.0003334873472340405,-1.8203281797468662e-06,1.8203281797468662e-06
20230523_200000,40,ZEMA,6.605432281503454e-05,6.652629235759377e-05,-4.719695425592363e-07,4.719695425592363e-07
20230523_200000,41,AEAC,0.0019108939450234175,0.0019012133125215769,9.680632501840591e-06,9.680632501840591e-06
20230523_200000,41,BRCA,0.00014843609824310988,0.00014864990953356028,-2.1381129045039415e-07,2.1381129045039415e-07
20230523_200000,41,BRMA,1.2136738836154848e-10,1.2029328921858706e-10,1.0740991429614155e-12,1.0740991429614155e-12
20230523_200000,41,BUVI,0.011809633113443851,0.011851766146719456,-4.213303327560425e-05,4.213303327560425e-05
20230523_200000,41,CAGU,0.0003562549245543778,0.00035130229662172496,4.952627932652831e-06,4.952627932652831e-06
20230523_200000,41,CALU,0.2048206478357315,0.2045518159866333,0.00026883184909820557,0.00026883184909820557
20230523_200000,41,CAUS,3.4539374382802634e-07,3.4280714089618414e-07,2.586602931842208e-09,2.586602931842208e-09
20230523_200000,41,CCOO,4.0648993149261514e-07,4.039725638449454e-07,2.5173676476697437e-09,2.5173676476697437e-09
20230523_200000,41,CHFA,4.0643254806127516e-07,4.060512992509757e-07,3.8124881029943936e-10,3.8124881029943936e-10
20230523_200000,41,CHMI,0.0021182189229875803,0.0021094423718750477,8.776551112532616e-06,8.776551112532616e-06
20230523_200000,41,CHMI_IRREG,0.007279854267835617,0.007282461505383253,-2.607237547636032e-06,2.607237547636032e-06
20230523_200000,41,COAU,7.58330372718774e-07,7.615074650857423e-07,-3.1770923669682816e-09,3.1770923669682816e-09
20230523_200000,41,COAU2,2.1190049665165134e-05,2.1210991690168157e-05,-2.0942025003023446e-08,2.0942025003023446e-08
20230523_200000,41,COCO,0.13284723460674286,0.13252238929271698,0.0003248453140258789,0.0003248453140258789
20230523_200000,41,CYST,9.511163625575136e-06,9.47612352319993e-06,3.5040102375205606e-08,3.5040102375205606e-08
20230523_200000,41,DEFU,0.08330335468053818,0.08297623693943024,0.0003271177411079407,0.0003271177411079407
20230523_200000,41,DOG,0.006459589581936598,0.006478391122072935,-1.880154013633728e-05,1.880154013633728e-05
20230523_200000,41,DRPU,2.3859225706246434e-10,2.408736821113422e-10,-2.28142504887785e-12,2.28142504887785e-12
20230523_200000,41,DRUM,0.01654192805290222,0.016521770507097244,2.0157545804977417e-05,2.0157545804977417e-05
20230523_200000,41,FLY,0.0043594082817435265,0.004350741859525442,8.666422218084335e-06,8.666422218084335e-06
20230523_200000,41,FROG,0.017071126028895378,0.017040017992258072,3.110803663730621e-05,3.110803663730621e-05
20230523_200000,41,GLGN,0.0011324220104143023,0.001126578776165843,5.843234248459339e-06,5.843234248459339e-06
20230523_200000,41,HOSA,0.10619287937879562,0.10613703727722168,5.584210157394409e-05,5.584210157394409e-05
20230523_200000,41,HYPI,5.217373768573452e-07,5.232930675447278e-07,-1.5556906873825938e-09,1.5556906873825938e-09
20230523_200000,41,INSP,0.005210591945797205,0.0051765721291303635,3.401981666684151e-05,3.401981666684151e-05
20230523_200000,41,IXNA,7.523788372054696e-05,7.471330172847956e-05,5.245819920673966e-07,5.245819920673966e-07
20230523_200000,41,MEKE,0.02048482559621334,0.020400533452630043,8.429214358329773e-05,8.429214358329773e-05
20230523_200000,41,MYTO,2.3530140058625193e-09,2.325229786492855e-09,2.7784219369664243e-11,2.7784219369664243e-11
20230523_200000,41,NUCO,1.3989931609004191e-11,1.392142651157613e-11,6.85050974280621e-14,6.85050974280621e-14
20230523_200000,41,OCPR,7.299267053895164e-06,7.260567599587375e-06,3.869945430778898e-08,3.869945430778898e-08
20230523_200000,41,ORPI,0.00012140723993070424,0.00012123627675464377,1.7096317606046796e-07,1.7096317606046796e-07
20230523_200000,41,PAFA,0.00011402327072573826,0.00011412720050429925,-1.0392977856099606e-07,1.0392977856099606e-07
20230523_200000,41,PECA,5.613700523099396e-06,5.597662038780982e-06,1.6038484318414703e-08,1.6038484318414703e-08
20230523_200000,41,PHNU,0.0005893126362934709,0.0005887959850952029,5.166511982679367e-07,5.166511982679367e-07
20230523_200000,41,PIMA,9.191364891414366e-10,9.155836089291824e-10,3.5528802122541947e-12,3.5528802122541947e-12
20230523_200000,41,POEC,0.0001360321621177718,0.00013564008986577392,3.920722519978881e-07,3.920722519978881e-07
20230523_200000,41,PSFL,0.1942104697227478,0.19441160559654236,-0.00020113587379455566,0.00020113587379455566
20230523_200000,41,SHOT,0.1701977699995041,0.17111583054065704,-0.0009180605411529541,0.0009180605411529541
20230523_200000,41,SITT,1.752563548507169e-05,1.738155333441682e-05,1.440821506548673e-07,1.440821506548673e-07
20230523_200000,41,SPRU,7.365961209870875e-05,7.39866663934663e-05,-3.27054294757545e-07,3.27054294757545e-07
20230523_200000,41,STOC,0.0004478737246245146,0.0004476851026993245,1.8862192519009113e-07,1.8862192519009113e-07
20230523_200000,41,STOC_IRREG,6.970435060793534e-05,6.975843280088156e-05,-5.4082192946225405e-08,5.4082192946225405e-08
20230523_200000,41,STVA,0.00028901651967316866,0.0002889769384637475,3.958120942115784e-08,3.958120942115784e-08
20230523_200000,41,STVA_IRREG,0.010654229670763016,0.010655807331204414,-1.5776604413986206e-06,1.5776604413986206e-06
20230523_200000,41,TADO1,9.288559965625609e-08,9.361481545511197e-08,-7.292157988558756e-10,7.292157988558756e-10
20230523_200000,41,TADO2,6.902668974362314e-05,6.922097963979468e-05,-1.9428989617154002e-07,1.9428989617154002e-07
20230523_200000,41,TAMI,4.847904619964538e-06,4.8908682401815895e-06,-4.296362021705136e-08,4.296362021705136e-08
20230523_200000,41,TUMI,0.0003033576358575374,0.00030251327552832663,8.443603292107582e-07,8.443603292107582e-07
20230523_200000,41,WHIS,1.3144709555490408e-05,1.3048436812823638e-05,9.627274266676977e-08,9.627274266676977e-08
20230523_200000,41,YARD,0.00050846126396209,0.0005103780422359705,-1.9167782738804817e-06,1.9167782738804817e-06
20230523_200000,41,ZEMA,1.1384588106011506e-05,1.1416638699301984e-05,-3.205059329047799e-08,3.205059329047799e-08
20230523_200000,42,AEAC,2.6223831994798275e-08,2.6196902425112967e-08,2.6929569685307797e-11,2.6929569685307797e-11
20230523_200000,42,BRCA,5.744240803504108e-13,5.807013940886674e-13,-6.2773137382565736e-15,6.2773137382565736e-15
20230523_200000,42,BRMA,4.9852843668927475e-22,5.015234323129241e-22,-2.9949956236493352e-24,2.9949956236493352e-24
20230523_200000,42,BUVI,0.8875434398651123,0.8870972394943237,0.0004462003707885742,0.0004462003707885742
20230523_200000,42,CAGU,1.1346097750219997e-07,1.1199041693998879e-07,1.4705605622111761e-09,1.4705605622111761e-09
20230523_200000,42,CALU,0.02582584321498871,0.026049772277474403,-0.00022392906248569489,0.00022392906248569489
20230523_200000,42,CAUS,2.9980643076639446e-14,3.0059451022051986e-14,-7.88079454125401e-17,7.88079454125401e-17
20230523_200000,42,CCOO,2.811229507103559e-15,2.8206624895206565e-15,-9.432982417097516e-18,9.432982417097516e-18
20230523_200000,42,CHFA,3.0731956218656327e-15,3.0763410787152615e-15,-3.1454568496288443e-18,3.1454568496288443e-18
20230523_200000,42,CHMI,1.3332817161426647e-06,1.3274085404191283e-06,5.873175723536406e-09,5.873175723536406e-09
20230523_200000,42,CHMI_IRREG,3.599840056267567e-06,3.6124363305134466e-06,-1.2596274245879613e-08,1.2596274245879613e-08
20230523_200000,42,COAU,1.2862249243114632e-12,1.3033748342758389e-12,-1.714990996437571e-14,1.714990996437571e-14
20230523_200000,42,COAU2,1.0687862921077151e-11,1.0745267522982438e-11,-5.740460190528651e-14,5.740460190528651e-14
20230523_200000,42,COCO,0.010986695997416973,0.010883597657084465,0.00010309834033250809,0.00010309834033250809
20230523_200000,42,CYST,7.827021669681855e-11,7.853076522401636e-11,-2.605485271978125e-13,2.605485271978125e-13
20230523_200000,42,DEFU,7.97841767052887e-06,7.913436093076598e-06,6.498157745227218e-08,6.498157745227218e-08
20230523_200000,42,DOG,5.540998699871125e-07,5.588617000285012e-07,-4.761830041388748e-09,4.761830041388748e-09
20230523_200000,42,DRPU,4.705718221508369e-21,4.838420125305609e-21,-1.3270190379723997e-22,1.3270190379723997e-22
20230523_200000,42,DRUM,1.3811668964081036e-07,1.3778604568415176e-07,3.30643956658605e-10,3.30643956658605e-10
20230523_200000,42,FLY,5.901097210880835e-07,5.869803771929583e-07,3.129343895125203e-09,3.129343895125203e-09
20230523_200000,42,FROG,0.06922633945941925,0.06955136358737946,-0.0003250241279602051,0.0003250241279602051
20230523_200000,42,GLGN,2.4492835537515134e-10,2.4550053656646753e-10,-5.721811913161901e-13,5.721811913161901e-13
20230523_200000,42,HOSA,8.705953405296896e-06,8.727690328669269e-06,-2.1736923372372985e-08,2.1736923372372985e-08
20230523_200000,42,HYPI,1.4388657095226048e-14,1.459352726011255e-14,-2.0487016488650311e-16,2.0487016488650311e-16
20230523_200000,42,INSP,1.279438350820783e-07,1.2765164569827903e-07,2.921893837992684e-10,2.921893837992684e-10
20230523_200000,42,IXNA,2.265084120267602e-09,2.259261000503443e-09,5.823119764158946e-12,5.823119764158946e-12
20230523_200000,42,MEKE,5.075619810668286e-06,5.059645900473697e-06,1.5973910194588825e-08,1.5973910194588825e-08
20230523_200000,42,MYTO,9.590458845529813e-21,9.643660937642465e-21,-5.320209211265132e-23,5.320209211265132e-23
20230523_200000,42,NUCO,6.460712142230261e-25,6.621400643433452e-25,-1.606885012031913e-26,1.606885012031913e-26
20230523_200000,42,OCPR,1.8935423975324772e-12,1.8930959230778477e-12,4.464744546295307e-16,4.464744546295307e-16
20230523_200000,42,ORPI,2.6130972385907114e-11,2.6335033112556694e-11,-2.0406072664957975e-13,2.0406072664957975e-13
20230523_200000,42,PAFA,1.0870646605098955e-09,1.0927488913736738e-09,-5.684230863778339e-12,5.684230863778339e-12
20230523_200000,42,PECA,6.146986674011867e-13,6.169496337415925e-13,-2.25096634040578e-15,2.25096634040578e-15
20230523_200000,42,PHNU,2.4689281730161383e-09,2.5045736595785684e-09,-3.564548656243005e-11,3.564548656243005e-11
20230523_200000,42,PIMA,1.3331850272430968e-21,1.3507754389827239e-21,-1.759041173962711e-23,1.759041173962711e-23
20230523_200000,42,POEC,3.1810083456207394e-09,3.1945814882305967e-09,-1.3573142609857314e-11,1.3573142609857314e-11
20230523_200000,42,PSFL,0.006378070916980505,0.00637846440076828,-3.9348378777503967e-07,3.9348378777503967e-07
20230523_200000,42,SHOT,1.1055955837946385e-05,1.1123034710180946e-05,-6.707887223456055e-08,6.707887223456055e-08
20230523_200000,42,SITT,2.2472204652679295e-10,2.235026330676959e-10,1.2194134590970407e-12,1.2194134590970407e-12
20230523_200000,42,SPRU,7.534327328695412e-11,7.564974341400799e-11,-3.0647012705387056e-13,3.0647012705387056e-13
20230523_200000,42,STOC,6.876763047891643e-10,6.905315763638953e-10,-2.8552715747309776e-12,2.8552715747309776e-12
20230523_200000,42,STOC_IRREG,1.523311754514367e-10,1.5329604252656281e-10,-9.64867075126108e-13,9.64867075126108e-13
20230523_200000,42,STVA,5.131826075199797e-10,5.149508042201489e-10,-1.7681967001692556e-12,1.7681967001692556e-12
20230523_200000,42,STVA_IRREG,1.1366848440275135e-07,1.1413739287036151e-07,-4.689084676101629e-10,4.689084676101629e-10
20230523_200000,42,TADO1,2.027911522959695e-17,2.0552013694206768e-17,-2.7289846460981957e-19,2.7289846460981957e-19
20230523_200000,42,TADO2,3.3393302012463266e-10,3.378882174054354e-10,-3.955197280802736e-12,3.955197280802736e-12
20230523_200000,42,TAMI,4.962438659728832e-15,5.039281912220216e-15,-7.684325249138375e-17,7.684325249138375e-17
20230523_200000,42,TUMI,3.866969677801535e-08,3.866323083911993e-08,6.465938895416912e-12,6.465938895416912e-12
20230523_200000,42,WHIS,3.0002394882724936e-13,3.0216278155796583e-13,-2.1388327307164667e-15,2.1388327307164667e-15
20230523_200000,42,YARD,4.867181310763691e-11,4.852205789940278e-11,1.497552082341258e-13,1.497552082341258e-13
20230523_200000,42,ZEMA,1.428345180846946e-12,1.437507339725752e-12,-9.162158878806004e-15,9.162158878806004e-15
20230523_200000,43,AEAC,5.6625104605245724e-08,5.644448108910183e-08,1.8062351614389627e-10,1.8062351614389627e-10
20230523_200000,43,BRCA,3.935914962005516e-12,3.969237265255554e-12,-3.332230325003849e-14,3.332230325003849e-14
20230523_200000,43,BRMA,5.515166515448718e-16,5.508300254620038e-16,6.866260828680172e-19,6.866260828680172e-19
20230523_200000,43,BUVI,0.006223884876817465,0.006190603133291006,3.328174352645874e-05,3.328174352645874e-05
20230523_200000,43,CAGU,1.1046389545299462e-06,1.096345613404992e-06,8.293341124954168e-09,8.293341124954168e-09
20230523_200000,43,CALU,0.9721678495407104,0.9721398949623108,2.7954578399658203e-05,2.7954578399658203e-05
20230523_200000,43,CAUS,5.0084953545637134e-11,5.001497827006318e-11,6.997527557395244e-14,6.997527557395244e-14
20230523_200000,43,CCOO,5.215237963707153e-11,5.194370281125238e-11,2.0867682581915403e-13,2.0867682581915403e-13
20230523_200000,43,CHFA,4.043002044262778e-12,4.062643450819525e-12,-1.9641406556747398e-14,1.9641406556747398e-14
20230523_200000,43,CHMI,1.5772631059007836e-06,1.5706553995187278e-06,6.607706382055767e-09,6.607706382055767e-09
20230523_200000,43,CHMI_IRREG,8.393061534661683e-07,8.380119425055454e-07,1.2942109606228769e-09,1.2942109606228769e-09
20230523_200000,43,COAU,9.602559719601444e-11,9.628748492973571e-11,-2.618877337212666e-13,2.618877337212666e-13
20230523_200000,43,COAU2,2.094330930901833e-09,2.102243046309127e-09,-7.91211540729364e-12,7.91211540729364e-12
20230523_200000,43,COCO,3.2401137559645576e-06,3.2371294764743652e-06,2.9842794901924208e-09,2.9842794901924208e-09
20230523_200000,43,CYST,3.780246782270069e-09,3.7892555759810875e-09,-9.00879371101837e-12,9.00879371101837e-12
20230523_200000,43,DEFU,0.00013490996207110584,0.00013471297279465944,1.9698927644640207e-07,1.9698927644640207e-07
20230523_200000,43,DOG,3.844661762286705e-07,3.867262137191574e-07,-2.260037490486866e-09,2.260037490486866e-09
20230523_200000,43,DRPU,3.37560020126037e-16,3.3892705189356664e-16,-1.3670317675296357e-18,1.3670317675296357e-18
20230523_200000,43,DRUM,7.552966962975916e-07,7.564225938949676e-07,-1.1258975973760244e-09,1.1258975973760244e-09
20230523_200000,43,FLY,6.690346344839782e-05,6.714634218951687e-05,-2.4287874111905694e-07,2.4287874111905694e-07
20230523_200000,43,FROG,9.320227945863735e-06,9.314469025412109e-06,5.758920451626182e-09,5.758920451626182e-09
20230523_200000,43,GLGN,3.211596544261397e-09,3.2174025665909767e-09,-5.806022329579719e-12,5.806022329579719e-12
20230523_200000,43,HOSA,0.00013159087393432856,0.00013207942538429052,-4.885514499619603e-07,4.885514499619603e-07
20230523_200000,43,HYPI,1.1758936047101542e-09,1.17532850119062e-09,5.651035195342047e-13,5.651035195342047e-13
20230523_200000,43,INSP,4.33967070421204e-05,4.304502726881765e-05,3.516797733027488e-07,3.516797733027488e-07
20230523_200000,43,IXNA,2.059021042555287e-08,2.0543447831755657e-08,4.6762593797211593e-11,4.6762593797211593e-11
20230523_200000,43,MEKE,0.0002250239922432229,0.0002238059969386086,1.2179953046143055e-06,1.2179953046143055e-06
20230523_200000,43,MYTO,2.4464946127983334e-13,2.433983190778394e-13,1.25114220199396e-15,1.25114220199396e-15
20230523_200000,43,NUCO,1.1673540899720913e-18,1.171299327903663e-18,-3.9452379315716655e-21,3.9452379315716655e-21
20230523_200000,43,OCPR,3.7738476232895835e-10,3.771911394334637e-10,1.936228954946273e-13,1.936228954946273e-13
20230523_200000,43,ORPI,1.8806478152555428e-08,1.884687428344023e-08,-4.0396130884801096e-11,4.0396130884801096e-11
20230523_200000,43,PAFA,6.703281485442858e-08,6.74025528724087e-08,-3.6973801798012573e-10,3.6973801798012573e-10
20230523_200000,43,PECA,6.740220187539947e-11,6.749661940474994e-11,-9.441752935046566e-14,9.441752935046566e-14
20230523_200000,43,PHNU,5.822942128475006e-09,5.829775773236179e-09,-6.8336447611727635e-12,6.8336447611727635e-12
20230523_200000,43,PIMA,1.2404882215833954e-16,1.248156384385109e-16,-7.668162801713579e-19,7.668162801713579e-19
20230523_200000,43,POEC,2.9885729873058153e-06,2.9814727895427495e-06,7.1001977630658075e-09,7.1001977630658075e-09
20230523_200000,43,PSFL,0.02096002735197544,0.021022163331508636,-6.21359795331955e-05,6.21359795331955e-05
20230523_200000,43,SHOT,5.203849468671251e-06,5.234508989815367e-06,-3.06595211441163e-08,3.06595211441163e-08
20230523_200000,43,SITT,1.113903280725026e-07,1.111320457880538e-07,2.582822844487964e-10,2.582822844487964e-10
20230523_200000,43,SPRU,3.3180276304278777e-09,3.330105302623565e-09,-1.2077672195687228e-11,1.2077672195687228e-11
20230523_200000,43,STOC,6.9166561367239865e-09,6.886983427989435e-09,2.9672708734551634e-11,2.9672708734551634e-11
20230523_200000,43,STOC_IRREG,7.004486990425107e-10,7.004593016723959e-10,-1.0602629885170245e-14,1.0602629885170245e-14
20230523_200000,43,STVA,1.2132085203120369e-06,1.2107071825084859e-06,2.501337803550996e-09,2.501337803550996e-09
20230523_200000,43,STVA_IRREG,1.864265141193755e-05,1.8715756596066058e-05,-7.310518412850797e-08,7.310518412850797e-08
20230523_200000,43,TADO1,1.4893529118320536e-12,1.494691414909155e-12,-5.338503077101375e-15,5.338503077101375e-15
20230523_200000,43,TADO2,1.1534754262854108e-09,1.1530816301785762e-09,3.93796106834543e-13,3.93796106834543e-13
20230523_200000,43,TAMI,9.494768252876762e-13,9.614717876027523e-13,-1.199496231507613e-14,1.199496231507613e-14
20230523_200000,43,TUMI,3.7403879105113447e-07,3.744848982023541e-07,-4.461071512196213e-10,4.461071512196213e-10
20230523_200000,43,WHIS,8.04449729052692e-10,8.036704635117076e-10,7.792655409843974e-13,7.792655409843974e-13
20230523_200000,43,YARD,4.657945567032584e-07,4.660459751448798e-07,-2.5141844162135385e-10,2.5141844162135385e-10
20230523_200000,43,ZEMA,1.7558074105750165e-08,1.7552414632859836e-08,5.659472890329198e-12,5.659472890329198e-12
20230523_200000,44,AEAC,7.064420969982166e-06,7.069301318551879e-06,-4.880348569713533e-09,4.880348569713533e-09
20230523_200000,44,BRCA,2.0904971620439028e-07,2.1041226716533856e-07,-1.3625509609482833e-09,1.3625509609482833e-09
20230523_200000,44,BRMA,1.3441298074567953e-09,1.3453623770587342e-09,-1.2325696019388488e-12,1.2325696019388488e-12
20230523_200000,44,BUVI,0.0016052578575909138,0.0016144660767167807,-9.20821912586689e-06,9.20821912586689e-06
20230523_200000,44,CAGU,0.00010214748181169853,0.00010198124800808728,1.6623380361124873e-07,1.6623380361124873e-07
20230523_200000,44,CALU,0.16544702649116516,0.16494958102703094,0.0004974454641342163,0.0004974454641342163
20230523_200000,44,CAUS,3.9266997191589326e-06,3.925180408259621e-06,1.5193108993116766e-09,1.5193108993116766e-09
20230523_200000,44,CCOO,9.384080499330594e-07,9.376281582262891e-07,7.79891706770286e-10,7.79891706770286e-10
20230523_200000,44,CHFA,2.794637339320616e-07,2.806809504818375e-07,-1.2172165497759124e-09,1.2172165497759124e-09
20230523_200000,44,CHMI,4.16315597249195e-05,4.177306982455775e-05,-1.4151009963825345e-07,1.4151009963825345e-07
20230523_200000,44,CHMI_IRREG,7.765018381178379e-06,7.80561731517082e-06,-4.0598933992441744e-08,4.0598933992441744e-08
20230523_200000,44,COAU,8.37380753182515e-07,8.520973437953216e-07,-1.4716590612806613e-08,1.4716590612806613e-08
20230523_200000,44,COAU2,3.7041932955617085e-05,3.728496085386723e-05,-2.430278982501477e-07,2.430278982501477e-07
20230523_200000,44,COCO,0.0007707570912316442,0.0007668090984225273,3.94799280911684e-06,3.94799280911684e-06
20230523_200000,44,CYST,1.3018439858569764e-05,1.3109501196595374e-05,-9.10613380256109e-08,9.10613380256109e-08
20230523_200000,44,DEFU,0.00015366652223747224,0.000153436791151762,2.297310857102275e-07,2.297310857102275e-07
20230523_200000,44,DOG,3.6884957808069885e-05,3.7101439374964684e-05,-2.1648156689479947e-07,2.1648156689479947e-07
20230523_200000,44,DRPU,2.2921189685859433e-12,2.3133263967606288e-12,-2.120742817468546e-14,2.120742817468546e-14
20230523_200000,44,DRUM,4.0681868995307013e-05,4.090935181011446e-05,-2.274828148074448e-07,2.274828148074448e-07
20230523_200000,44,FLY,0.0001871846179710701,0.00018714749603532255,3.712193574756384e-08,3.712193574756384e-08
20230523_200000,44,FROG,0.0005686800577677786,0.0005683022900484502,3.7776771932840347e-07,3.7776771932840347e-07
20230523_200000,44,GLGN,2.7751605102821486e-06,2.784229764074553e-06,-9.069253792404197e-09,9.069253792404197e-09
20230523_200000,44,HOSA,0.0027655253652483225,0.0027696089819073677,-4.083616659045219e-06,4.083616659045219e-06
20230523_200000,44,HYPI,3.0332071077054934e-08,3.0910186410437746e-08,-5.781153333828115e-10,5.781153333828115e-10
20230523_200000,44,INSP,2.2130521756480448e-05,2.221777685917914e-05,-8.725510269869119e-08,8.725510269869119e-08
20230523_200000,44,IXNA,1.1622228157648351e-05,1.1658219591481611e-05,-3.599143383326009e-08,3.599143383326009e-08
20230523_200000,44,MEKE,2.1169760657357983e-05,2.118959673680365e-05,-1.9836079445667565e-08,1.9836079445667565e-08
20230523_200000,44,MYTO,1.0133327776884471e-07,1.0198672839578649e-07,-6.534506269417761e-10,6.534506269417761e-10
20230523_200000,44,NUCO,1.6050891171737192e-10,1.6296772265000925e-10,-2.458810932637334e-12,2.458810932637334e-12
20230523_200000,44,OCPR,1.0937311344605405e-05,1.0974498763971496e-05,-3.718741936609149e-08,3.718741936609149e-08
20230523_200000,44,ORPI,4.4541935494635254e-05,4.473026274354197e-05,-1.883272489067167e-07,1.883272489067167e-07
20230523_200000,44,PAFA,1.1760103006963618e-05,1.18503285193583e-05,-9.022551239468157e-08,9.022551239468157e-08
20230523_200000,44,PECA,1.754773620632477e-05,1.767064895830117e-05,-1.2291275197640061e-07,1.2291275197640061e-07
20230523_200000,44,PHNU,0.002094763331115246,0.0020916652865707874,3.0980445444583893e-06,3.0980445444583893e-06
20230523_200000,44,PIMA,4.255860730495442e-08,4.2961467272562004e-08,-4.028599676075828e-10,4.028599676075828e-10
20230523_200000,44,POEC,5.9384346968727186e-05,5.981068534310907e-05,-4.2633837438188493e-07,4.2633837438188493e-07
20230523_200000,44,PSFL,0.825415849685669,0.8259033560752869,-0.0004875063896179199,0.0004875063896179199
20230523_200000,44,SHOT,8.549792255507782e-06,8.577700100431684e-06,-2.7907844923902303e-08,2.7907844923902303e-08
20230523_200000,44,SITT,3.560925688361749e-05,3.568640386220068e-05,-7.714697858318686e-08,7.714697858318686e-08
20230523_200000,44,SPRU,2.4172506982722552e-06,2.431688244541874e-06,-1.4437546269618906e-08,1.4437546269618906e-08
20230523_200000,44,STOC,2.1155015517138054e-08,2.1355553769808466e-08,-2.0053825267041248e-10,2.0053825267041248e-10
20230523_200000,44,STOC_IRREG,1.0011140361143589e-08,1.0075265954867518e-08,-6.412559372392934e-11,6.412559372392934e-11
20230523_200000,44,STVA,9.7676013410819e-07,9.834845968725858e-07,-6.7244627643958665e-09,6.7244627643958665e-09
20230523_200000,44,STVA_IRREG,6.0392500017769635e-05,6.070629387977533e-05,-3.137938620056957e-07,3.137938620056957e-07
20230523_200000,44,TADO1,3.056023345493486e-08,3.0851634136297434e-08,-2.914006813625747e-10,2.914006813625747e-10
20230523_200000,44,TADO2,7.752095552859828e-05,7.826797809684649e-05,-7.470225682482123e-07,7.470225682482123e-07
20230523_200000,44,TAMI,2.609176135592861e-06,2.6216625883535016e-06,-1.2486452760640532e-08,1.2486452760640532e-08
20230523_200000,44,TUMI,0.0003037125279661268,0.0003049553488381207,-1.2428208719938993e-06,1.2428208719938993e-06
20230523_200000,44,WHIS,2.7616875897251703e-08,2.7916023270790902e-08,-2.991473735391992e-10,2.991473735391992e-10
20230523_200000,44,YARD,5.226424946158659e-07,5.275742864796484e-07,-4.931791863782564e-09,4.931791863782564e-09
20230523_200000,44,ZEMA,4.389344667288242e-06,4.444564183359034e-06,-5.521951607079245e-08,5.521951607079245e-08
20230523_200000,45,AEAC,0.0001834038703236729,0.00018176982121076435,1.6340491129085422e-06,1.6340491129085422e-06
20230523_200000,45,BRCA,8.358084596693516e-05,8.324966620421037e-05,3.31179762724787e-07,3.31179762724787e-07
20230523_200000,45,BRMA,2.0213751668052282e-06,2.029030838457402e-06,-7.655671652173623e-09,7.655671652173623e-09
20230523_200000,45,BUVI,0.00897783413529396,0.008998787961900234,-2.095382660627365e-05,2.095382660627365e-05
20230523_200000,45,CAGU,0.007540164049714804,0.007549423724412918,-9.259674698114395e-06,9.259674698114395e-06
20230523_200000,45,CALU,0.679542601108551,0.6802259087562561,-0.0006833076477050781,0.0006833076477050781
20230523_200000,45,CAUS,0.0004737494164146483,0.00047566802822984755,-1.918611815199256e-06,1.918611815199256e-06
20230523_200000,45,CCOO,0.0007108533172868192,0.0007103511015884578,5.022156983613968e-07,5.022156983613968e-07
20230523_200000,45,CHFA,3.968952296418138e-05,3.9543796447105706e-05,1.4572651707567275e-07,1.4572651707567275e-07
20230523_200000,45,CHMI,0.00606875354424119,0.006069266237318516,-5.126930773258209e-07,5.126930773258209e-07
20230523_200000,45,CHMI_IRREG,0.0025993180461227894,0.00259829917922616,1.0188668966293335e-06,1.0188668966293335e-06
20230523_200000,45,COAU,7.172013283707201e-05,7.1451831900049e-05,2.6830093702301383e-07,2.6830093702301383e-07
20230523_200000,45,COAU2,0.0025211190804839134,0.0025157558266073465,5.363253876566887e-06,5.363253876566887e-06
20230523_200000,45,COCO,0.015025164000689983,0.014967280440032482,5.788356065750122e-05,5.788356065750122e-05
20230523_200000,45,CYST,0.0004654910007957369,0.0004638239333871752,1.6670674085617065e-06,1.6670674085617065e-06
20230523_200000,45,DEFU,0.011356225237250328,0.011313039809465408,4.318542778491974e-05,4.318542778491974e-05
20230523_200000,45,DOG,0.004274097736924887,0.0042650336399674416,9.064096957445145e-06,9.064096957445145e-06
20230523_200000,45,DRPU,6.816752495808487e-09,6.759305559711493e-09,5.744693609699425e-11,5.744693609699425e-11
20230523_200000,45,DRUM,0.0023822833318263292,0.002370099537074566,1.2183794751763344e-05,1.2183794751763344e-05
20230523_200000,45,FLY,0.008214273490011692,0.008166813291609287,4.7460198402404785e-05,4.7460198402404785e-05
20230523_200000,45,FROG,0.002716807881370187,0.002731114625930786,-1.4306744560599327e-05,1.4306744560599327e-05
20230523_200000,45,GLGN,0.0002565691829659045,0.00025516143068671227,1.4077522791922092e-06,1.4077522791922092e-06
20230523_200000,45,HOSA,0.059680964797735214,0.059459585696458817,0.0002213791012763977,0.0002213791012763977
20230523_200000,45,HYPI,8.903262641979381e-05,8.896395593183115e-05,6.867048796266317e-08,6.867048796266317e-08
20230523_200000,45,INSP,0.00463904719799757,0.0046324883587658405,6.5588392317295074e-06,6.5588392317295074e-06
20230523_200000,45,IXNA,0.0010880375048145652,0.0010862095514312387,1.8279533833265305e-06,1.8279533833265305e-06
20230523_200000,45,MEKE,0.001379950437694788,0.0013743540039286017,5.596433766186237e-06,5.596433766186237e-06
20230523_200000,45,MYTO,6.108615343691781e-05,6.108854722697288e-05,-2.393790055066347e-09,2.393790055066347e-09
20230523_200000,45,NUCO,1.711915871283054e-07,1.712500079520396e-07,-5.842082373419544e-11,5.842082373419544e-11
20230523_200000,45,OCPR,0.0021203646901994944,0.0021185080986469984,1.8565915524959564e-06,1.8565915524959564e-06
20230523_200000,45,ORPI,0.0016889278776943684,0.0016864249482750893,2.5029294192790985e-06,2.5029294192790985e-06
20230523_200000,45,PAFA,0.0011136048706248403,0.0011098315007984638,3.773369826376438e-06,3.773369826376438e-06
20230523_200000,45,PECA,0.00015329492453020066,0.000152952314238064,3.4261029213666916e-07,3.4261029213666916e-07
20230523_200000,45,PHNU,0.00041944661643356085,0.00041955901542678475,-1.1239899322390556e-07,1.1239899322390556e-07
20230523_200000,45,PIMA,1.0554101208981592e-05,1.0566326636762824e-05,-1.2225427781231701e-08,1.2225427781231701e-08
20230523_200000,45,POEC,0.015869153663516045,0.015886327251791954,-1.7173588275909424e-05,1.7173588275909424e-05
20230523_200000,45,PSFL,0.13079944252967834,0.13056114315986633,0.00023829936981201172,0.00023829936981201172
20230523_200000,45,SHOT,0.005056865978986025,0.005045754369348288,1.1111609637737274e-05,1.1111609637737274e-05
20230523_200000,45,SITT,0.0017289911629632115,0.0017211311496794224,7.860013283789158e-06,7.860013283789158e-06
20230523_200000,45,SPRU,0.00037899267044849694,0.0003779725811909884,1.0200892575085163e-06,1.0200892575085163e-06
20230523_200000,45,STOC,0.00020594531088136137,0.00020635266264434904,-4.073517629876733e-07,4.073517629876733e-07
20230523_200000,45,STOC_IRREG,0.00019031722331419587,0.00019018619786947966,1.3102544471621513e-07,1.3102544471621513e-07
20230523_200000,45,STVA,0.002967656822875142,0.0029572497587651014,1.0407064110040665e-05,1.0407064110040665e-05
20230523_200000,45,STVA_IRREG,0.010304000228643417,0.01026871893554926,3.528129309415817e-05,3.528129309415817e-05
20230523_200000,45,TADO1,1.0217384442512412e-05,1.0215006113867275e-05,2.3783286451362073e-09,2.3783286451362073e-09
20230523_200000,45,TADO2,0.00036968165659345686,0.000371839152649045,-2.157496055588126e-06,2.157496055588126e-06
20230523_200000,45,TAMI,2.4951617888291366e-05,2.496454180800356e-05,-1.292391971219331e-08,1.292391971219331e-08
20230523_200000,45,TUMI,0.0036740361247211695,0.003661747556179762,1.2288568541407585e-05,1.2288568541407585e-05
20230523_200000,45,WHIS,0.0003809625341091305,0.00038087350549176335,8.90286173671484e-08,8.90286173671484e-08
20230523_200000,45,YARD,0.0014508792664855719,0.0014417193597182631,9.159906767308712e-06,9.159906767308712e-06
20230523_200000,45,ZEMA,0.0006378072430379689,0.000639156496617943,-1.3492535799741745e-06,1.3492535799741745e-06
20230523_200000,46,AEAC,7.050659434071349e-08,7.115873046359411e-08,-6.5213612288062e-10,6.5213612288062e-10
20230523_200000,46,BRCA,1.1810717334692633e-11,1.1803846962366027e-11,6.8703723266061445e-15,6.8703723266061445e-15
20230523_200000,46,BRMA,2.173454567160776e-15,2.1448614877185492e-15,2.85930794422266e-17,2.85930794422266e-17
20230523_200000,46,BUVI,0.0028206566348671913,0.002833907725289464,-1.3251090422272682e-05,1.3251090422272682e-05
20230523_200000,46,CAGU,1.0383554638337955e-07,1.0287725871194198e-07,9.582876714375743e-10,9.582876714375743e-10
20230523_200000,46,CALU,5.899727511859965e-06,5.974425675958628e-06,-7.469816409866326e-08,7.469816409866326e-08
20230523_200000,46,CAUS,5.10740720549574e-11,5.0351143393578823e-11,7.229286613785746e-13,7.229286613785746e-13
20230523_200000,46,CCOO,2.252494414947681e-12,2.2283633271946712e-12,2.4131087753009872e-14,2.4131087753009872e-14
20230523_200000,46,CHFA,9.785659262073754e-12,9.697439032341215e-12,8.822022973253851e-14,8.822022973253851e-14
20230523_200000,46,CHMI,1.5615161430559965e-07,1.554821551508212e-07,6.694591547784512e-10,6.694591547784512e-10
20230523_200000,46,CHMI_IRREG,6.474595011241036e-07,6.455788934545126e-07,1.8806076695909724e-09,1.8806076695909724e-09
20230523_200000,46,COAU,1.4020036867568031e-11,1.401340588708111e-11,6.630980486921345e-15,6.630980486921345e-15
20230523_200000,46,COAU2,4.922712237842575e-10,4.906373085589166e-10,1.6339152253408429e-12,1.6339152253408429e-12
20230523_200000,46,COCO,4.6798867003872147e-08,4.6794934149829714e-08,3.9328540424321545e-12,3.9328540424321545e-12
20230523_200000,46,CYST,5.839471128865625e-09,5.819334791823394e-09,2.013633704223139e-11,2.013633704223139e-11
20230523_200000,46,DEFU,1.863819306890946e-05,1.8669556084205396e-05,-3.136301529593766e-08,3.136301529593766e-08
20230523_200000,46,DOG,3.0694360475536087e-07,3.0684785201628983e-07,9.57527390710311e-11,9.57527390710311e-11
20230523_200000,46,DRPU,9.31998540951971e-18,9.3412886190154e-18,-2.1303209495690675e-20,2.1303209495690675e-20
20230523_200000,46,DRUM,1.5506060435654945e-07,1.5482963533486327e-07,2.3096902168617817e-10,2.3096902168617817e-10
20230523_200000,46,FLY,7.193610599642852e-06,7.199100309662754e-06,-5.489710019901395e-09,5.489710019901395e-09
20230523_200000,46,FROG,5.353431333787739e-07,5.358176053960051e-07,-4.744720172311645e-10,4.744720172311645e-10
20230523_200000,46,GLGN,3.305437867862082e-10,3.3044228464618186e-10,1.0150214002635494e-13,1.0150214002635494e-13
20230523_200000,46,HOSA,1.2147342204116285e-05,1.2163071005488746e-05,-1.572880137246102e-08,1.572880137246102e-08
20230523_200000,46,HYPI,2.1040938089078587e-12,2.1099088188397674e-12,-5.8150099319087545e-15,5.8150099319087545e-15
20230523_200000,46,INSP,5.4820334298710804e-06,5.497110578289721e-06,-1.5077148418640718e-08,1.5077148418640718e-08
20230523_200000,46,IXNA,1.1415306033768502e-08,1.1337234262498441e-08,7.807177127006071e-11,7.807177127006071e-11
20230523_200000,46,MEKE,2.573406391093158e-06,2.583909690656583e-06,-1.0503299563424662e-08,1.0503299563424662e-08
20230523_200000,46,MYTO,4.671700953330898e-15,4.610154268833979e-15,6.154668449691834e-17,6.154668449691834e-17
20230523_200000,46,NUCO,4.950163631137971e-19,4.893714758185821e-19,5.644887295214999e-21,5.644887295214999e-21
20230523_200000,46,OCPR,6.099131755199494e-10,6.069202362901649e-10,2.992939229784497e-12,2.992939229784497e-12
20230523_200000,46,ORPI,1.2530966264634458e-09,1.2456853326625605e-09,7.411293800885232e-12,7.411293800885232e-12
20230523_200000,46,PAFA,1.3293046663420682e-07,1.3253993813577836e-07,3.9052849842846626e-10,3.9052849842846626e-10
20230523_200000,46,PECA,4.62883446850082e-11,4.600790928788179e-11,2.8043539712641063e-13,2.8043539712641063e-13
20230523_200000,46,PHNU,1.2743096533540665e-07,1.2701634943823592e-07,4.1461589717073366e-10,4.1461589717073366e-10
20230523_200000,46,PIMA,3.1072906038167496e-15,3.0644248074550512e-15,4.286579636169838e-17,4.286579636169838e-17
20230523_200000,46,POEC,4.407668396932962e-10,4.3921175030270376e-10,1.5550893905924568e-12,1.5550893905924568e-12
20230523_200000,46,PSFL,0.997093915939331,0.9970805048942566,1.341104507446289e-05,1.341104507446289e-05
20230523_200000,46,SHOT,2.1311715059368908e-08,2.129923792892896e-08,1.247713043994736e-11,1.247713043994736e-11
20230523_200000,46,SITT,4.1316162935345346e-08,4.1132324213322136e-08,1.8383872202321072e-10,1.8383872202321072e-10
20230523_200000,46,SPRU,2.4097870920947173e-10,2.395630638307722e-10,1.4156453786995371e-12,1.4156453786995371e-12
20230523_200000,46,STOC,5.586830997827974e-10,5.590134466437746e-10,-3.3034686097721533e-13,3.3034686097721533e-13
20230523_200000,46,STOC_IRREG,4.4918575803354344e-11,4.497729619301616e-11,-5.872038966181492e-14,5.872038966181492e-14
20230523_200000,46,STVA,8.621402685093926e-07,8.656433010401088e-07,-3.5030325307161547e-09,3.5030325307161547e-09
20230523_200000,46,STVA_IRREG,2.984840830322355e-05,2.993835005327128e-05,-8.994175004772842e-08,8.994175004772842e-08
20230523_200000,46,TADO1,5.29178697389332e-13,5.273750728652937e-13,1.803624524038261e-15,1.803624524038261e-15
20230523_200000,46,TADO2,3.345109467201013e-10,3.333975040487047e-10,1.1134426713965695e-12,1.1134426713965695e-12
20230523_200000,46,TAMI,5.054472031890134e-12,5.052264162586084e-12,2.2078693040494812e-15,2.2078693040494812e-15
20230523_200000,46,TUMI,2.6854792167796404e-07,2.671351069238881e-07,1.4128147540759528e-09,1.4128147540759528e-09
20230523_200000,46,WHIS,3.2322176185539675e-11,3.2350979534134794e-11,-2.8803348595118905e-14,2.8803348595118905e-14
20230523_200000,46,YARD,7.364931442488398e-10,7.370509758075627e-10,-5.578315587229099e-13,5.578315587229099e-13
20230523_200000,46,ZEMA,8.286438202276258e-08,8.249251948200254e-08,3.7186254076004843e-10,3.7186254076004843e-10
20230523_200000,47,AEAC,1.465877744522004e-06,1.4642245105278562e-06,1.6532339941477403e-09,1.6532339941477403e-09
20230523_200000,47,BRCA,7.641674848457569e-09,7.821122416373782e-09,-1.794475679162133e-10,1.794475679162133e-10
20230523_200000,47,BRMA,4.2690235569665946e-13,4.2809885410916015e-13,-1.1964984125006906e-15,1.1964984125006906e-15
20230523_200000,47,BUVI,0.12665234506130219,0.12439396232366562,0.002258382737636566,0.002258382737636566
20230523_200000,47,CAGU,1.4795017705182545e-05,1.4674615158583038e-05,1.2040254659950733e-07,1.2040254659950733e-07
20230523_200000,47,CALU,0.3431871235370636,0.343967080116272,-0.000779956579208374,0.000779956579208374
20230523_200000,47,CAUS,7.3863346550240294e-09,7.4307529018824425e-09,-4.441824685841311e-11,4.441824685841311e-11
20230523_200000,47,CCOO,2.1961688023708348e-09,2.2002328847747776e-09,-4.064082403942848e-12,4.064082403942848e-12
20230523_200000,47,CHFA,1.815022132589661e-09,1.8275744251283754e-09,-1.2552292538714482e-11,1.2552292538714482e-11
20230523_200000,47,CHMI,2.158325514756143e-05,2.1560848836088553e-05,2.240631147287786e-08,2.240631147287786e-08
20230523_200000,47,CHMI_IRREG,5.955521555733867e-05,5.982519724057056e-05,-2.699816832318902e-07,2.699816832318902e-07
20230523_200000,47,COAU,7.145029901067801e-09,7.207271668363546e-09,-6.224176729574538e-11,6.224176729574538e-11
20230523_200000,47,COAU2,1.8163591164466197e-07,1.8299918735920073e-07,-1.3632757145387586e-09,1.3632757145387586e-09
20230523_200000,47,COCO,0.0007013081340119243,0.0007048139814287424,-3.505847416818142e-06,3.505847416818142e-06
20230523_200000,47,CYST,2.601263418000599e-07,2.616641836539202e-07,-1.5378418538603e-09,1.5378418538603e-09
20230523_200000,47,DEFU,0.004453147761523724,0.004399990662932396,5.315709859132767e-05,5.315709859132767e-05
20230523_200000,47,DOG,0.00010468545951880515,0.00010650724289007485,-1.821783371269703e-06,1.821783371269703e-06
20230523_200000,47,DRPU,1.0337167048995316e-13,1.0452106031805936e-13,-1.1493898281061954e-15,1.1493898281061954e-15
20230523_200000,47,DRUM,0.0002882723056245595,0.0002906844893004745,-2.412183675915003e-06,2.412183675915003e-06
20230523_200000,47,FLY,0.0004539240035228431,0.00045437607332132757,-4.520697984844446e-07,4.520697984844446e-07
20230523_200000,47,FROG,0.0003477240679785609,0.00034928444074466825,-1.5603727661073208e-06,1.5603727661073208e-06
20230523_200000,47,GLGN,1.739676775969201e-07,1.7481633562965726e-07,-8.486580327371485e-10,8.486580327371485e-10
20230523_200000,47,HOSA,0.001068906276486814,0.0010826587677001953,-1.375249121338129e-05,1.375249121338129e-05
20230523_200000,47,HYPI,3.321216013318917e-08,3.3256874587550556e-08,-4.4714454361383105e-11,4.4714454361383105e-11
20230523_200000,47,INSP,0.0008232830441556871,0.0008187345811165869,4.54846303910017e-06,4.54846303910017e-06
20230523_200000,47,IXNA,1.0644562280504033e-06,1.070573489414528e-06,-6.117261364124715e-09,6.117261364124715e-09
20230523_200000,47,MEKE,0.0034661246463656425,0.0034467908553779125,1.9333790987730026e-05,1.9333790987730026e-05
20230523_200000,47,MYTO,1.576105045086873e-11,1.588828374421425e-11,-1.2723329334551892e-13,1.2723329334551892e-13
20230523_200000,47,NUCO,1.1172485276479205e-15,1.1574844984666311e-15,-4.023597081871059e-17,4.023597081871059e-17
20230523_200000,47,OCPR,3.033371598348822e-08,3.0727793642881807e-08,-3.9407765939358796e-10,3.9407765939358796e-10
20230523_200000,47,ORPI,1.8166441577704973e-06,1.8292774939254741e-06,-1.263333615497686e-08,1.263333615497686e-08
20230523_200000,47,PAFA,9.456447514821775e-06,9.508688890491612e-06,-5.2241375669837e-08,5.2241375669837e-08
20230523_200000,47,PECA,6.835231047830348e-09,6.902511007211842e-09,-6.727995938149434e-11,6.727995938149434e-11
20230523_200000,47,PHNU,8.885200486474787e-07,9.012880468617368e-07,-1.2767998214258114e-08,1.2767998214258114e-08
20230523_200000,47,PIMA,1.225753439720867e-13,1.2509629020596852e-13,-2.5209462338818267e-15,2.5209462338818267e-15
20230523_200000,47,POEC,9.324019629275426e-06,9.35184652917087e-06,-2.7826899895444512e-08,2.7826899895444512e-08
20230523_200000,47,PSFL,0.5156002640724182,0.517116367816925,-0.001516103744506836,0.001516103744506836
20230523_200000,47,SHOT,0.0005293110152706504,0.0005376622430048883,-8.35122773423791e-06,8.35122773423791e-06
20230523_200000,47,SITT,4.741063094115816e-06,4.738996267406037e-06,2.0668267097789794e-09,2.0668267097789794e-09
20230523_200000,47,SPRU,3.3768590128602227e-06,3.4114314075850416e-06,-3.457239472481888e-08,3.457239472481888e-08
20230523_200000,47,STOC,2.153905597879202e-06,2.163533963539521e-06,-9.628365660319105e-09,9.628365660319105e-09
20230523_200000,47,STOC_IRREG,2.0203094663884258e-07,2.042461630935577e-07,-2.2152164547151187e-09,2.2152164547151187e-09
20230523_200000,47,STVA,0.0007213570061139762,0.0007171335746534169,4.223431460559368e-06,4.223431460559368e-06
20230523_200000,47,STVA_IRREG,0.0014418179634958506,0.0014531119959428906,-1.1294032447040081e-05,1.1294032447040081e-05
20230523_200000,47,TADO1,3.817038629616576e-10,3.8631478571637956e-10,-4.610922754721969e-12,4.610922754721969e-12
20230523_200000,47,TADO2,2.0660561403929023e-06,2.074278654617956e-06,-8.222514225053601e-09,8.222514225053601e-09
20230523_200000,47,TAMI,7.735760365612521e-10,7.908663168798569e-10,-1.72902803186048e-11,1.72902803186048e-11
20230523_200000,47,TUMI,1.831181361922063e-05,1.8402106434223242e-05,-9.029281500261277e-08,9.029281500261277e-08
20230523_200000,47,WHIS,1.4106105084010778e-07,1.417013208993012e-07,-6.402700591934263e-10,6.402700591934263e-10
20230523_200000,47,YARD,3.2069176540971966e-06,3.267633246650803e-06,-6.071559255360626e-08,6.071559255360626e-08
20230523_200000,47,ZEMA,5.556805263040587e-06,5.561453690461349e-06,-4.648427420761436e-09,4.648427420761436e-09
20230523_200000,48,AEAC,0.00019714362861122936,0.00019694403454195708,1.9959406927227974e-07,1.9959406927227974e-07
20230523_200000,48,BRCA,6.519096496049315e-05,6.520550232380629e-05,-1.4537363313138485e-08,1.4537363313138485e-08
20230523_200000,48,BRMA,8.639297277568403e-09,8.382154526032082e-09,2.5714275153632116e-10,2.5714275153632116e-10
20230523_200000,48,BUVI,0.07330068200826645,0.07353807240724564,-0.000237390398979187,0.000237390398979187
20230523_200000,48,CAGU,7.49322134652175e-05,7.328092033276334e-05,1.6512931324541569e-06,1.6512931324541569e-06
20230523_200000,48,CALU,0.2707637548446655,0.2691408693790436,0.0016228854656219482,0.0016228854656219482
20230523_200000,48,CAUS,1.1963301176365349e-06,1.174460408037703e-06,2.1869709598831832e-08,2.1869709598831832e-08
20230523_200000,48,CCOO,5.304656951921061e-06,5.17987700732192e-06,1.2477994459914044e-07,1.2477994459914044e-07
20230523_200000,48,CHFA,1.6942287857091287e-06,1.6666836017975584e-06,2.7545183911570348e-08,2.7545183911570348e-08
20230523_200000,48,CHMI,0.001783548854291439,0.0017711496911942959,1.2399163097143173e-05,1.2399163097143173e-05
20230523_200000,48,CHMI_IRREG,0.005050933454185724,0.005050658248364925,2.752058207988739e-07,2.752058207988739e-07
20230523_200000,48,COAU,5.4050947255746e-06,5.302785211824812e-06,1.0230951374978758e-07,1.0230951374978758e-07
20230523_200000,48,COAU2,0.00017437896167393774,0.00017234424012713134,2.034721546806395e-06,2.034721546806395e-06
20230523_200000,48,COCO,0.009256844408810139,0.009211085736751556,4.5758672058582306e-05,4.5758672058582306e-05
20230523_200000,48,CYST,7.459326297976077e-05,7.37403825041838e-05,8.52880475576967e-07,8.52880475576967e-07
20230523_200000,48,DEFU,0.013489710167050362,0.013449117541313171,4.0592625737190247e-05,4.0592625737190247e-05
20230523_200000,48,DOG,0.010338900610804558,0.010371256619691849,-3.2356008887290955e-05,3.2356008887290955e-05
20230523_200000,48,DRPU,4.271284215207061e-09,4.193057900891972e-09,7.822631431508853e-11,7.822631431508853e-11
20230523_200000,48,DRUM,0.002031638752669096,0.002025214023888111,6.4247287809848785e-06,6.4247287809848785e-06
20230523_200000,48,FLY,0.016802214086055756,0.016727197915315628,7.501617074012756e-05,7.501617074012756e-05
20230523_200000,48,FROG,0.001372271915897727,0.001369466190226376,2.805725671350956e-06,2.805725671350956e-06
20230523_200000,48,GLGN,0.00010533550812397152,0.00010485581151442602,4.796966095454991e-07,4.796966095454991e-07
20230523_200000,48,HOSA,0.1069825291633606,0.10742094367742538,-0.0004384145140647888,0.0004384145140647888
20230523_200000,48,HYPI,1.3077443327347282e-05,1.2893000530311838e-05,1.8444279703544453e-07,1.8444279703544453e-07
20230523_200000,48,INSP,0.0028250766918063164,0.002837645821273327,-1.2569129467010498e-05,1.2569129467010498e-05
20230523_200000,48,IXNA,4.318131323088892e-05,4.265642201062292e-05,5.248912202659994e-07,5.248912202659994e-07
20230523_200000,48,MEKE,0.0034620100632309914,0.003455518279224634,6.491784006357193e-06,6.491784006357193e-06
20230523_200000,48,MYTO,4.4963783807361324e-08,4.343061021927497e-08,1.5331735880863562e-09,1.5331735880863562e-09
20230523_200000,48,NUCO,1.2014871320076281e-09,1.1706700053792929e-09,3.0817126628335245e-11,3.0817126628335245e-11
20230523_200000,48,OCPR,4.8362711822846904e-05,4.771801468450576e-05,6.446971383411437e-07,6.446971383411437e-07
20230523_200000,48,ORPI,0.0002489691833034158,0.00024629136896692216,2.6778143364936113e-06,2.6778143364936113e-06
20230523_200000,48,PAFA,0.001759377191774547,0.0017612857045605779,-1.9085127860307693e-06,1.9085127860307693e-06
20230523_200000,48,PECA,1.993912155739963e-05,1.9718851035577245e-05,2.202705218223855e-07,2.202705218223855e-07
20230523_200000,48,PHNU,0.00016411049000453204,0.00016328104538843036,8.294446161016822e-07,8.294446161016822e-07
20230523_200000,48,PIMA,7.188180717321302e-08,7.052873485235978e-08,1.3530723208532436e-09,1.3530723208532436e-09
20230523_200000,48,POEC,0.00030704206437803805,0.0003004424215760082,6.599642802029848e-06,6.599642802029848e-06
20230523_200000,48,PSFL,0.3751293420791626,0.37597957253456116,-0.0008502304553985596,0.0008502304553985596
20230523_200000,48,SHOT,0.0626220703125,0.06267176568508148,-4.9695372581481934e-05,4.9695372581481934e-05
20230523_200000,48,SITT,0.00012389228504616767,0.00012177925236755982,2.1130326786078513e-06,2.1130326786078513e-06
20230523_200000,48,SPRU,0.00021474072127602994,0.00021329564333427697,1.4450779417529702e-06,1.4450779417529702e-06
20230523_200000,48,STOC,0.0006603688816539943,0.0006640772335231304,-3.708351869136095e-06,3.708351869136095e-06
20230523_200000,48,STOC_IRREG,0.0001598068483872339,0.00016063191287685186,-8.250644896179438e-07,8.250644896179438e-07
20230523_200000,48,STVA,0.010417376644909382,0.010457275435328484,-3.9898790419101715e-05,3.9898790419101715e-05
20230523_200000,48,STVA_IRREG,0.026709184050559998,0.026880977675318718,-0.0001717936247587204,0.0001717936247587204
20230523_200000,48,TADO1,2.4944220058387145e-06,2.4535347620258108e-06,4.088724381290376e-08,4.088724381290376e-08
20230523_200000,48,TADO2,0.00011246254871366546,0.00011131758947158232,1.1449592420831323e-06,1.1449592420831323e-06
20230523_200000,48,TAMI,4.261566118657356e-06,4.2321457840444054e-06,2.9420334612950683e-08,2.9420334612950683e-08
20230523_200000,48,TUMI,0.0003055302076973021,0.00030215122387744486,3.3789838198572397e-06,3.3789838198572397e-06
20230523_200000,48,WHIS,5.3122639656066895e-05,5.323643563315272e-05,-1.1379597708582878e-07,1.1379597708582878e-07
20230523_200000,48,YARD,0.002245495095849037,0.0022460154723376036,-5.203764885663986e-07,5.203764885663986e-07
20230523_200000,48,ZEMA,0.00047036586329340935,0.00046889547957107425,1.4703837223351002e-06,1.4703837223351002e-06
20230523_200000,49,AEAC,5.5862787121441215e-05,5.591183798969723e-05,-4.9050868256017566e-08,4.9050868256017566e-08
20230523_200000,49,BRCA,2.6674658215597447e-07,2.725712704432226e-07,-5.8246882872481365e-09,5.8246882872481365e-09
20230523_200000,49,BRMA,6.29333390955722e-11,6.31834029540812e-11,-2.500638585090087e-13,2.500638585090087e-13
20230523_200000,49,BUVI,0.2216530293226242,0.21909727156162262,0.002555757761001587,0.002555757761001587
20230523_200000,49,CAGU,1.4448217370954808e-05,1.4304455362434965e-05,1.4376200851984322e-07,1.4376200851984322e-07
20230523_200000,49,CALU,0.43737876415252686,0.43821725249290466,-0.0008384883403778076,0.0008384883403778076
20230523_200000,49,CAUS,2.1466053112817463e-07,2.146921076473518e-07,-3.157651917717885e-11,3.157651917717885e-11
20230523_200000,49,CCOO,4.013728727159105e-08,4.015506149812609e-08,-1.7774226535038906e-11,1.7774226535038906e-11
20230523_200000,49,CHFA,2.9337634543935565e-08,2.951049893340496e-08,-1.7286438946939597e-10,1.7286438946939597e-10
20230523_200000,49,CHMI,7.566044951090589e-05,7.567288412246853e-05,-1.2434611562639475e-08,1.2434611562639475e-08
20230523_200000,49,CHMI_IRREG,0.0003886720514856279,0.0003926035715267062,-3.931520041078329e-06,3.931520041078329e-06
20230523_200000,49,COAU,6.506530070282679e-08,6.563181642604832e-08,-5.665157232215279e-10,5.665157232215279e-10
20230523_200000,49,COAU2,2.772954758256674e-06,2.786666527754278e-06,-1.371176949760411e-08,1.371176949760411e-08
20230523_200000,49,COCO,0.00021648913389071822,0.00021662218205165118,-1.3304816093295813e-07,1.3304816093295813e-07
20230523_200000,49,CYST,5.623022843792569e-06,5.645937108056387e-06,-2.291426426381804e-08,2.291426426381804e-08
20230523_200000,49,DEFU,0.005492255557328463,0.005454569589346647,3.768596798181534e-05,3.768596798181534e-05
20230523_200000,49,DOG,0.0005249282694421709,0.0005305025260895491,-5.574256647378206e-06,5.574256647378206e-06
20230523_200000,49,DRPU,3.361119759251463e-12,3.442770374340043e-12,-8.165061508857985e-14,8.165061508857985e-14
20230523_200000,49,DRUM,0.00016073338338173926,0.00016155130288098007,-8.179194992408156e-07,8.179194992408156e-07
20230523_200000,49,FLY,0.0036880045663565397,0.0036857309751212597,2.273591235280037e-06,2.273591235280037e-06
20230523_200000,49,FROG,0.00044791802065446973,0.0004485952958930284,-6.7727523855865e-07,6.7727523855865e-07
20230523_200000,49,GLGN,3.2075613489723764e-06,3.228119794584927e-06,-2.0558445612550713e-08,2.0558445612550713e-08
20230523_200000,49,HOSA,0.006248751189559698,0.006318577099591494,-6.98259100317955e-05,6.98259100317955e-05
20230523_200000,49,HYPI,5.295467531141185e-07,5.332423143045162e-07,-3.6955611903977115e-09,3.6955611903977115e-09
20230523_200000,49,INSP,0.0018265149556100368,0.0018241496291011572,2.3653265088796616e-06,2.3653265088796616e-06
20230523_200000,49,IXNA,5.571856945607578e-06,5.596499704552116e-06,-2.464275894453749e-08,2.464275894453749e-08
20230523_200000,49,MEKE,0.008721918798983097,0.008614704012870789,0.0001072147861123085,0.0001072147861123085
20230523_200000,49,MYTO,1.8024660930482383e-10,1.8028550874404914e-10,-3.889943922530392e-14,3.889943922530392e-14
20230523_200000,49,NUCO,6.452334326556564e-13,6.646510056738941e-13,-1.9417573018237766e-14,1.9417573018237766e-14
20230523_200000,49,OCPR,3.7875474845350254e-07,3.814146793956752e-07,-2.6599309421726502e-09,2.6599309421726502e-09
20230523_200000,49,ORPI,2.132821100531146e-05,2.144197787856683e-05,-1.1376687325537205e-07,1.1376687325537205e-07
20230523_200000,49,PAFA,0.0004575192288029939,0.0004624738357961178,-4.954606993123889e-06,4.954606993123889e-06
20230523_200000,49,PECA,6.914341383890132e-07,6.976739541642019e-07,-6.239815775188617e-09,6.239815775188617e-09
20230523_200000,49,PHNU,2.142216544598341e-05,2.1643190848408267e-05,-2.2102540242485702e-07,2.2102540242485702e-07
20230523_200000,49,PIMA,6.961211468370365e-11,7.126266243773216e-11,-1.6505477540285085e-12,1.6505477540285085e-12
20230523_200000,49,POEC,8.609786164015532e-06,8.614938451501075e-06,-5.1522874855436385e-09,5.1522874855436385e-09
20230523_200000,49,PSFL,0.25431540608406067,0.2563629150390625,-0.002047508955001831,0.002047508955001831
20230523_200000,49,SHOT,0.0005875744973309338,0.0005929329781793058,-5.3584808483719826e-06,5.3584808483719826e-06
20230523_200000,49,SITT,2.052528907370288e-05,2.0408730051713064e-05,1.1655902198981494e-07,1.1655902198981494e-07
20230523_200000,49,SPRU,8.441462341579609e-06,8.490473192068748e-06,-4.901085048913956e-08,4.901085048913956e-08
20230523_200000,49,STOC,6.425972969736904e-05,6.406962347682565e-05,1.9010622054338455e-07,1.9010622054338455e-07
20230523_200000,49,STOC_IRREG,7.032505891402252e-06,7.0965047598292585e-06,-6.399886842700653e-08,6.399886842700653e-08
20230523_200000,49,STVA,0.03764284774661064,0.03723989427089691,0.00040295347571372986,0.00040295347571372986
20230523_200000,49,STVA_IRREG,0.019682176411151886,0.019811466336250305,-0.0001292899250984192,0.0001292899250984192
20230523_200000,49,TADO1,1.615681632927135e-08,1.640271207747901e-08,-2.4589574820765847e-10,2.4589574820765847e-10
20230523_200000,49,TADO2,4.079257905686973e-06,4.1007351683219895e-06,-2.1477262635016814e-08,2.1477262635016814e-08
20230523_200000,49,TAMI,3.6373577927406586e-08,3.6931734115341897e-08,-5.581561879353103e-10,5.581561879353103e-10
20230523_200000,49,TUMI,2.9426280889310874e-05,2.949360350612551e-05,-6.73226168146357e-08,6.73226168146357e-08
20230523_200000,49,WHIS,1.4459645171882585e-05,1.445737507310696e-05,2.270098775625229e-09,2.270098775625229e-09
20230523_200000,49,YARD,0.0001343859184999019,0.00013529974967241287,-9.138311725109816e-07,9.138311725109816e-07
20230523_200000,49,ZEMA,6.706482236040756e-05,6.755358481314033e-05,-4.887624527327716e-07,4.887624527327716e-07
20230523_200000,5,AEAC,1.2318465451244265e-05,1.2339650311332662e-05,-2.1184860088396817e-08,2.1184860088396817e-08
20230523_200000,5,BRCA,0.00012781227997038513,0.00012762310507241637,1.8917489796876907e-07,1.8917489796876907e-07
20230523_200000,5,BRMA,3.9853575799497776e-06,3.999101409135619e-06,-1.3743829185841605e-08,1.3743829185841605e-08
20230523_200000,5,BUVI,5.089835212856997e-06,5.10141489939997e-06,-1.1579686542972922e-08,1.1579686542972922e-08
20230523_200000,5,CAGU,0.005488256458193064,0.005500215571373701,-1.195911318063736e-05,1.195911318063736e-05
20230523_200000,5,CALU,0.01270354725420475,0.012684931047260761,1.86162069439888e-05,1.86162069439888e-05
20230523_200000,5,CAUS,0.006065921392291784,0.006092602852731943,-2.6681460440158844e-05,2.6681460440158844e-05
20230523_200000,5,CCOO,9.502614557277411e-05,9.506790956947953e-05,-4.1763996705412865e-08,4.1763996705412865e-08
20230523_200000,5,CHFA,0.0006950949318706989,0.0006966613000258803,-1.566368155181408e-06,1.566368155181408e-06
20230523_200000,5,CHMI,5.891805631108582e-05,5.9026140661444515e-05,-1.0808435035869479e-07,1.0808435035869479e-07
20230523_200000,5,CHMI_IRREG,2.2672146826607786e-07,2.2789072318118997e-07,-1.1692549151121057e-09,1.1692549151121057e-09
20230523_200000,5,COAU,0.00029557113884948194,0.0002968059270642698,-1.2347882147878408e-06,1.2347882147878408e-06
20230523_200000,5,COAU2,0.0006357682286761701,0.0006363701540976763,-6.019254215061665e-07,6.019254215061665e-07
20230523_200000,5,COCO,0.7262807488441467,0.7266693115234375,-0.0003885626792907715,0.0003885626792907715
20230523_200000,5,CYST,0.004671567119657993,0.004657073877751827,1.4493241906166077e-05,1.4493241906166077e-05
20230523_200000,5,DEFU,0.0009365725563839078,0.000933825911488384,2.7466448955237865e-06,2.7466448955237865e-06
20230523_200000,5,DOG,0.0008889301097951829,0.0008905315771698952,-1.6014673747122288e-06,1.6014673747122288e-06
20230523_200000,5,DRPU,1.4597461017729074e-09,1.4593909414273298e-09,3.551603455775876e-13,3.551603455775876e-13
20230523_200000,5,DRUM,0.0015276664635166526,0.0015264293178915977,1.2371456250548363e-06,1.2371456250548363e-06
20230523_200000,5,FLY,0.15742987394332886,0.15711930394172668,0.00031057000160217285,0.00031057000160217285
20230523_200000,5,FROG,0.00034670476452447474,0.00034517605672590435,1.5287077985703945e-06,1.5287077985703945e-06
20230523_200000,5,GLGN,0.00039024249417707324,0.0003903840552084148,-1.4156103134155273e-07,1.4156103134155273e-07
20230523_200000,5,HOSA,0.007347040809690952,0.007379538379609585,-3.249756991863251e-05,3.249756991863251e-05
20230523_200000,5,HYPI,7.485231617465615e-05,7.457164610968903e-05,2.8067006496712565e-07,2.8067006496712565e-07
20230523_200000,5,INSP,1.1277861631242558e-05,1.1368751984264236e-05,-9.089035302167758e-08,9.089035302167758e-08
20230523_200000,5,IXNA,0.019829560071229935,0.019881481304764748,-5.192123353481293e-05,5.192123353481293e-05
20230523_200000,5,MEKE,1.897198126243893e-05,1.8992306650034152e-05,-2.03253875952214e-08,2.03253875952214e-08
20230523_200000,5,MYTO,7.335527334362268e-05,7.326395279960707e-05,9.132054401561618e-08,9.132054401561618e-08
20230523_200000,5,NUCO,5.1814645019021555e-08,5.160913474355766e-08,2.0551027546389378e-10,2.0551027546389378e-10
20230523_200000,5,OCPR,7.077587360981852e-05,7.081677904352546e-05,-4.090543370693922e-08,4.090543370693922e-08
20230523_200000,5,ORPI,0.00011729441030183807,0.0001168602830148302,4.341272870078683e-07,4.341272870078683e-07
20230523_200000,5,PAFA,0.0011039949022233486,0.0011075326474383473,-3.537745214998722e-06,3.537745214998722e-06
20230523_200000,5,PECA,8.93903779797256e-05,8.91812305781059e-05,2.0914740161970258e-07,2.0914740161970258e-07
20230523_200000,5,PHNU,2.062455806139951e-08,2.0494345776000955e-08,1.3021228539855656e-10,1.3021228539855656e-10
20230523_200000,5,PIMA,0.000177255438757129,0.00017705555364955217,1.9988510757684708e-07,1.9988510757684708e-07
20230523_200000,5,POEC,0.00037659076042473316,0.00037562925717793405,9.615032467991114e-07,9.615032467991114e-07
20230523_200000,5,PSFL,3.093800842179917e-05,3.103294511674903e-05,-9.493669494986534e-08,9.493669494986534e-08
20230523_200000,5,SHOT,9.030746150529012e-05,8.991934737423435e-05,3.881141310557723e-07,3.881141310557723e-07
20230523_200000,5,SITT,0.032984670251607895,0.03289739787578583,8.727237582206726e-05,8.727237582206726e-05
20230523_200000,5,SPRU,0.0007612804183736444,0.0007606212748214602,6.591435521841049e-07,6.591435521841049e-07
20230523_200000,5,STOC,5.703053375327727e-06,5.734351361752488e-06,-3.129798642476089e-08,3.129798642476089e-08
20230523_200000,5,STOC_IRREG,1.1667905710055493e-05,1.1731883205357008e-05,-6.397749530151486e-08,6.397749530151486e-08
20230523_200000,5,STVA,4.7177571104839444e-05,4.730263026431203e-05,-1.2505915947258472e-07,1.2505915947258472e-07
20230523_200000,5,STVA_IRREG,7.640395051566884e-05,7.674936205148697e-05,-3.454115358181298e-07,3.454115358181298e-07
20230523_200000,5,TADO1,8.128027729981113e-06,8.101444109342992e-06,2.658362063812092e-08,2.658362063812092e-08
20230523_200000,5,TADO2,0.000124184851301834,0.00012368912575766444,4.957255441695452e-07,4.957255441695452e-07
20230523_200000,5,TAMI,5.7353234296897426e-05,5.726069139200263e-05,9.2542904894799e-08,9.2542904894799e-08
20230523_200000,5,TUMI,0.01686847023665905,0.016787389293313026,8.108094334602356e-05,8.108094334602356e-05
20230523_200000,5,WHIS,1.5388128304039128e-05,1.5423020158777945e-05,-3.489185473881662e-08,3.489185473881662e-08
20230523_200000,5,YARD,0.0009628089028410614,0.0009629406267777085,-1.3172393664717674e-07,1.3172393664717674e-07
20230523_200000,5,ZEMA,5.320709078660002e-06,5.3303278946259525e-06,-9.618815965950489e-09,9.618815965950489e-09
20230523_200000,50,AEAC,1.301315387536306e-05,1.2909804354421794e-05,1.0334952094126493e-07,1.0334952094126493e-07
20230523_200000,50,BRCA,2.599960247096078e-09,2.56453080993424e-09,3.5429437161837996e-11,3.5429437161837996e-11
20230523_200000,50,BRMA,8.546185135439865e-13,8.301079550306067e-13,2.45105585133798e-14,2.45105585133798e-14
20230523_200000,50,BUVI,0.3195832669734955,0.3199355900287628,-0.000352323055267334,0.000352323055267334
20230523_200000,50,CAGU,1.9606823116191663e-05,1.9270548364147544e-05,3.3627475204411894e-07,3.3627475204411894e-07
20230523_200000,50,CALU,0.5984699726104736,0.5981213450431824,0.00034862756729125977,0.00034862756729125977
20230523_200000,50,CAUS,5.784216661197661e-09,5.681364267928757e-09,1.0285239326890405e-10,1.0285239326890405e-10
20230523_200000,50,CCOO,1.922290593370235e-08,1.8742916552128008e-08,4.799893815743417e-10,4.799893815743417e-10
20230523_200000,50,CHFA,2.169168178411951e-09,2.1360291313499147e-09,3.31390470620363e-11,3.31390470620363e-11
20230523_200000,50,CHMI,8.062105916906148e-05,7.993745384737849e-05,6.836053216829896e-07,6.836053216829896e-07
20230523_200000,50,CHMI_IRREG,9.571458940627053e-05,9.542967018205673e-05,2.849192242138088e-07,2.849192242138088e-07
20230523_200000,50,COAU,2.341792537663423e-08,2.299612589240496e-08,4.2179948422926827e-10,4.2179948422926827e-10
20230523_200000,50,COAU2,5.617901592813723e-07,5.524973403225886e-07,9.292818958783755e-09,9.292818958783755e-09
20230523_200000,50,COCO,8.68127535795793e-05,8.630351658212021e-05,5.092369974590838e-07,5.092369974590838e-07
20230523_200000,50,CYST,3.369414969256468e-07,3.329600986035075e-07,3.9813983221392846e-09,3.9813983221392846e-09
20230523_200000,50,DEFU,0.007586703635752201,0.007536965887993574,4.973774775862694e-05,4.973774775862694e-05
20230523_200000,50,DOG,3.7109017284819856e-05,3.7052366678835824e-05,5.6650605984032154e-08,5.6650605984032154e-08
20230523_200000,50,DRPU,8.421910087721973e-13,8.314644003686034e-13,1.0726608403593962e-14,1.0726608403593962e-14
20230523_200000,50,DRUM,3.9276543247979134e-05,3.904354161932133e-05,2.3300162865780294e-07,2.3300162865780294e-07
20230523_200000,50,FLY,0.001658885390497744,0.0016490097623318434,9.875628165900707e-06,9.875628165900707e-06
20230523_200000,50,FROG,0.0001582079567015171,0.00015790978795848787,2.981687430292368e-07,2.981687430292368e-07
20230523_200000,50,GLGN,5.211729217080574e-07,5.157085638529679e-07,5.4643578550894745e-09,5.4643578550894745e-09
20230523_200000,50,HOSA,0.0014895317144691944,0.0014874166809022427,2.1150335669517517e-06,2.1150335669517517e-06
20230523_200000,50,HYPI,9.165166403590774e-08,9.066651784905844e-08,9.851461868493061e-10,9.851461868493061e-10
20230523_200000,50,INSP,0.002949315356090665,0.002950668102130294,-1.3527460396289825e-06,1.3527460396289825e-06
20230523_200000,50,IXNA,8.076827384684293e-07,7.983521186361031e-07,9.330619832326192e-09,9.330619832326192e-09
20230523_200000,50,MEKE,0.01157332956790924,0.011572799645364285,5.299225449562073e-07,5.299225449562073e-07
20230523_200000,50,MYTO,3.61103300039467e-11,3.4912558954935946e-11,1.197771049010754e-12,1.197771049010754e-12
20230523_200000,50,NUCO,2.4770523512803984e-15,2.407318458073557e-15,6.97338932068416e-17,6.97338932068416e-17
20230523_200000,50,OCPR,1.195670904508006e-07,1.1738691796381318e-07,2.1801724869874306e-09,2.1801724869874306e-09
20230523_200000,50,ORPI,2.8304905299592065e-06,2.8018714601785177e-06,2.8619069780688733e-08,2.8619069780688733e-08
20230523_200000,50,PAFA,5.367538051359588e-06,5.354306267690845e-06,1.3231783668743446e-08,1.3231783668743446e-08
20230523_200000,50,PECA,3.3835590329545084e-08,3.330101350229597e-08,5.345768272491114e-10,5.345768272491114e-10
20230523_200000,50,PHNU,8.89770376488741e-07,8.82410120084387e-07,7.360256404354004e-09,7.360256404354004e-09
20230523_200000,50,PIMA,1.69414138208486e-13,1.6530651630528026e-13,4.107621903205738e-15,4.107621903205738e-15
20230523_200000,50,POEC,4.714942770078778e-05,4.606454967870377e-05,1.0848780220840126e-06,1.0848780220840126e-06
20230523_200000,50,PSFL,0.05216948688030243,0.05221094563603401,-4.145875573158264e-05,4.145875573158264e-05
20230523_200000,50,SHOT,0.0002801623195409775,0.00027760377270169556,2.5585468392819166e-06,2.5585468392819166e-06
20230523_200000,50,SITT,4.663922027248191e-06,4.586082923196955e-06,7.783910405123606e-08,7.783910405123606e-08
20230523_200000,50,SPRU,4.071179944276082e-07,4.036178324895445e-07,3.500161938063684e-09,3.500161938063684e-09
20230523_200000,50,STOC,6.796225534344558e-06,6.796549314458389e-06,-3.2378011383116245e-10,3.2378011383116245e-10
20230523_200000,50,STOC_IRREG,5.796276809633127e-07,5.791160901935655e-07,5.115907697472721e-10,5.115907697472721e-10
20230523_200000,50,STVA,0.0015776010695844889,0.001588972401805222,-1.1371332220733166e-05,1.1371332220733166e-05
20230523_200000,50,STVA_IRREG,0.00203327857889235,0.0020442581735551357,-1.097959466278553e-05,1.097959466278553e-05
20230523_200000,50,TADO1,1.7310947120208198e-09,1.7068997326674662e-09,2.4194979353353574e-11,2.4194979353353574e-11
20230523_200000,50,TADO2,2.9518949418161355e-07,2.9021362024650443e-07,4.975873935109121e-09,4.975873935109121e-09
20230523_200000,50,TAMI,5.604926522906339e-10,5.520519597013163e-10,8.440692589317678e-12,8.440692589317678e-12
20230523_200000,50,TUMI,7.660113624297082e-06,7.552121587650618e-06,1.0799203664646484e-07,1.0799203664646484e-07
20230523_200000,50,WHIS,4.5658583758267923e-07,4.562793662898912e-07,3.064712927880464e-10,3.064712927880464e-10
20230523_200000,50,YARD,1.4695605386805255e-05,1.459245595469838e-05,1.0314943210687488e-07,1.0314943210687488e-07
20230523_200000,50,ZEMA,3.8011771721357945e-06,3.784964292208315e-06,1.6212879927479662e-08,1.6212879927479662e-08
20230523_200000,6,AEAC,0.0004904922097921371,0.0004918075283057988,-1.315318513661623e-06,1.315318513661623e-06
20230523_200000,6,BRCA,1.1039190212613903e-05,1.1073480891354848e-05,-3.4290678740944713e-08,3.4290678740944713e-08
20230523_200000,6,BRMA,2.5787633139984223e-10,2.60689303477335e-10,-2.812972077492759e-12,2.812972077492759e-12
20230523_200000,6,BUVI,0.01788077875971794,0.017968714237213135,-8.793547749519348e-05,8.793547749519348e-05
20230523_200000,6,CAGU,3.999790351372212e-05,4.0398561395704746e-05,-4.0065788198262453e-07,4.0065788198262453e-07
20230523_200000,6,CALU,0.6148940324783325,0.6143583655357361,0.0005356669425964355,0.0005356669425964355
20230523_200000,6,CAUS,4.315016042255593e-07,4.338363055467198e-07,-2.334701321160537e-09,2.334701321160537e-09
20230523_200000,6,CCOO,3.211550279047515e-07,3.241911201712355e-07,-3.0360922664840473e-09,3.0360922664840473e-09
20230523_200000,6,CHFA,2.479715988101816e-07,2.487874155576719e-07,-8.158167474903166e-10,8.158167474903166e-10
20230523_200000,6,CHMI,0.0008809539722278714,0.0008860670495778322,-5.113077349960804e-06,5.113077349960804e-06
20230523_200000,6,CHMI_IRREG,0.001573215122334659,0.0015846609603613615,-1.1445838026702404e-05,1.1445838026702404e-05
20230523_200000,6,COAU,2.8609063065232476e-06,2.8904430564580252e-06,-2.9536749934777617e-08,2.9536749934777617e-08
20230523_200000,6,COAU2,1.5253271158144344e-05,1.5335815987782553e-05,-8.25448296382092e-08,8.25448296382092e-08
20230523_200000,6,COCO,0.04743162915110588,0.047381140291690826,5.048885941505432e-05,5.048885941505432e-05
20230523_200000,6,CYST,9.693082574813161e-06,9.691309060144704e-06,1.77351466845721e-09,1.77351466845721e-09
20230523_200000,6,DEFU,0.010835946537554264,0.010881004855036736,-4.5058317482471466e-05,4.5058317482471466e-05
20230523_200000,6,DOG,0.003401847556233406,0.0034046100918203592,-2.762535586953163e-06,2.762535586953163e-06
20230523_200000,6,DRPU,5.206225450749002e-10,5.264140234828574e-10,-5.791478407957129e-12,5.791478407957129e-12
20230523_200000,6,DRUM,0.0031773787923157215,0.003186398185789585,-9.019393473863602e-06,9.019393473863602e-06
20230523_200000,6,FLY,0.00934799574315548,0.009367317892611027,-1.9322149455547333e-05,1.9322149455547333e-05
20230523_200000,6,FROG,0.002605902496725321,0.002627053065225482,-2.115056850016117e-05,2.115056850016117e-05
20230523_200000,6,GLGN,0.0002924279833678156,0.0002932935894932598,-8.656061254441738e-07,8.656061254441738e-07
20230523_200000,6,HOSA,0.05697343125939369,0.05699621140956879,-2.2780150175094604e-05,2.2780150175094604e-05
20230523_200000,6,HYPI,1.2394211807986721e-05,1.2485849765653256e-05,-9.163795766653493e-08,9.163795766653493e-08
20230523_200000,6,INSP,0.1030186265707016,0.10301810503005981,5.21540641784668e-07,5.21540641784668e-07
20230523_200000,6,IXNA,3.4746706660371274e-05,3.49397087120451e-05,-1.9300205167382956e-07,1.9300205167382956e-07
20230523_200000,6,MEKE,0.0228164903819561,0.022926010191440582,-0.00010951980948448181,0.00010951980948448181
20230523_200000,6,MYTO,4.0760230746172965e-09,4.125888075634521e-09,-4.986500101722413e-11,4.986500101722413e-11
20230523_200000,6,NUCO,8.391598180224058e-12,8.438708933022898e-12,-4.711075279884014e-14,4.711075279884014e-14
20230523_200000,6,OCPR,4.451966105989413e-06,4.48179480372346e-06,-2.982869773404673e-08,2.982869773404673e-08
20230523_200000,6,ORPI,4.3908876250498e-05,4.428353349794634e-05,-3.7465724744834006e-07,3.7465724744834006e-07
20230523_200000,6,PAFA,0.0002811177109833807,0.00028112661675550044,-8.905772119760513e-09,8.905772119760513e-09
20230523_200000,6,PECA,3.966471467720112e-06,3.9876968003227375e-06,-2.1225332602625713e-08,2.1225332602625713e-08
20230523_200000,6,PHNU,7.32258558855392e-06,7.393587111437228e-06,-7.100152288330719e-08,7.100152288330719e-08
20230523_200000,6,PIMA,1.7349954806178403e-10,1.7395122842156496e-10,-4.516803597809371e-13,4.516803597809371e-13
20230523_200000,6,POEC,0.00012978406448382884,0.00013133636093698442,-1.5522964531555772e-06,1.5522964531555772e-06
20230523_200000,6,PSFL,0.008261986076831818,0.008282972499728203,-2.0986422896385193e-05,2.0986422896385193e-05
20230523_200000,6,SHOT,0.016617057844996452,0.01669534109532833,-7.828325033187866e-05,7.828325033187866e-05
20230523_200000,6,SITT,2.647876135597471e-05,2.6621497454470955e-05,-1.4273609849624336e-07,1.4273609849624336e-07
20230523_200000,6,SPRU,0.00010330673103453591,0.00010386064241174608,-5.5391137721017e-07,5.5391137721017e-07
20230523_200000,6,STOC,0.0009334111236967146,0.0009382127900607884,-4.801666364073753e-06,4.801666364073753e-06
20230523_200000,6,STOC_IRREG,0.0005093511426821351,0.0005123811424709857,-3.029999788850546e-06,3.029999788850546e-06
20230523_200000,6,STVA,0.006657756399363279,0.006691347807645798,-3.359140828251839e-05,3.359140828251839e-05
20230523_200000,6,STVA_IRREG,0.06856576353311539,0.068672314286232,-0.00010655075311660767,0.00010655075311660767
20230523_200000,6,TADO1,3.7637315131178184e-07,3.7937724073344725e-07,-3.0040894216654124e-09,3.0040894216654124e-09
20230523_200000,6,TADO2,1.0254624612571206e-05,1.0326326446374878e-05,-7.170183380367234e-08,7.170183380367234e-08
20230523_200000,6,TAMI,5.209282676332805e-07,5.233763431533589e-07,-2.4480755200784188e-09,2.4480755200784188e-09
20230523_200000,6,TUMI,0.00010129130532732233,0.00010173142072744668,-4.4011540012434125e-07,4.4011540012434125e-07
20230523_200000,6,WHIS,0.00015365319268312305,0.00015409155457746238,-4.3836189433932304e-07,4.3836189433932304e-07
20230523_200000,6,YARD,0.0018296856433153152,0.0018282297533005476,1.4558900147676468e-06,1.4558900147676468e-06
20230523_200000,6,ZEMA,1.0470830602571368e-05,1.0518250746827107e-05,-4.7420144255738705e-08,4.7420144255738705e-08
20230523_200000,7,AEAC,1.0088071711322755e-08,1.0076138146075664e-08,1.1933565247090883e-11,1.1933565247090883e-11
20230523_200000,7,BRCA,7.431584102442212e-13,7.416877442073533e-13,1.4706660368679625e-15,1.4706660368679625e-15
20230523_200000,7,BRMA,2.3751600581376593e-16,2.324739627858959e-16,5.042043027870028e-18,5.042043027870028e-18
20230523_200000,7,BUVI,0.002521459013223648,0.002535696141421795,-1.423712819814682e-05,1.423712819814682e-05
20230523_200000,7,CAGU,6.00419269858321e-08,5.946517944721563e-08,5.767475386164733e-10,5.767475386164733e-10
20230523_200000,7,CALU,3.24739703501109e-05,3.2511983590666205e-05,-3.801324055530131e-08,3.801324055530131e-08
20230523_200000,7,CAUS,3.1765460487692687e-12,3.136907400502764e-12,3.963864826650454e-14,3.963864826650454e-14
20230523_200000,7,CCOO,1.9490183392981836e-13,1.922525317112414e-13,2.6493022185769544e-15,2.6493022185769544e-15
20230523_200000,7,CHFA,2.3435555796327834e-13,2.3179822319398247e-13,2.5573347692958714e-15,2.5573347692958714e-15
20230523_200000,7,CHMI,6.063716284643306e-08,6.031400801020936e-08,3.2315483622369356e-10,3.2315483622369356e-10
20230523_200000,7,CHMI_IRREG,2.1630260960137093e-07,2.1600925492748502e-07,2.9335467388591496e-10,2.9335467388591496e-10
20230523_200000,7,COAU,8.367579632656552e-13,8.217129776090515e-13,1.5044985656603727e-14,1.5044985656603727e-14
20230523_200000,7,COAU2,2.8296160553553662e-11,2.7883221773161715e-11,4.129387803919471e-13,4.129387803919471e-13
20230523_200000,7,COCO,2.8172451038699364e-08,2.8090111570122644e-08,8.233946857671981e-11,8.233946857671981e-11
20230523_200000,7,CYST,1.5566867239691362e-10,1.5407251863219784e-10,1.5961537647157797e-12,1.5961537647157797e-12
20230523_200000,7,DEFU,6.871490768389776e-06,6.86323846821324e-06,8.252300176536664e-09,8.252300176536664e-09
20230523_200000,7,DOG,5.40060263176656e-08,5.40598712461815e-08,-5.384492851590039e-11,5.384492851590039e-11
20230523_200000,7,DRPU,4.268360269735079e-19,4.2193438730806593e-19,4.9016396654419615e-21,4.9016396654419615e-21
20230523_200000,7,DRUM,6.610431757536617e-09,6.5781753377791574e-09,3.22564197574593e-11,3.22564197574593e-11
20230523_200000,7,FLY,7.305430358428566e-07,7.272369089150743e-07,3.3061269277823158e-09,3.3061269277823158e-09
20230523_200000,7,FROG,9.826589320027779e-08,9.858624849812259e-08,-3.2035529784479877e-10,3.2035529784479877e-10
20230523_200000,7,GLGN,1.1032520730314133e-10,1.0995514915235205e-10,3.700581507892764e-13,3.700581507892764e-13
20230523_200000,7,HOSA,5.851546575286193e-06,5.8416826504981145e-06,9.863924788078293e-09,9.863924788078293e-09
20230523_200000,7,HYPI,6.362368856586975e-13,6.294478284950278e-13,6.789057163669732e-15,6.789057163669732e-15
20230523_200000,7,INSP,1.3866987274013809e-06,1.3941959196017706e-06,-7.49719220038969e-09,7.49719220038969e-09
20230523_200000,7,IXNA,9.404312883987131e-10,9.317602245317858e-10,8.671063866927398e-12,8.671063866927398e-12
20230523_200000,7,MEKE,1.076688590728736e-06,1.0804275234477245e-06,-3.738932718988508e-09,3.738932718988508e-09
20230523_200000,7,MYTO,4.177771054314971e-15,4.0680493709429645e-15,1.0972168337200668e-16,1.0972168337200668e-16
20230523_200000,7,NUCO,2.0936938120978742e-20,2.0305957641139904e-20,6.309804798388386e-22,6.309804798388386e-22
20230523_200000,7,OCPR,6.916694300640458e-11,6.831582521904522e-11,8.511177873593567e-13,8.511177873593567e-13
20230523_200000,7,ORPI,1.654494596881051e-10,1.645718283871389e-10,8.776313009661862e-13,8.776313009661862e-13
20230523_200000,7,PAFA,9.998021077706198e-09,9.963022407077915e-09,3.4998670628283435e-11,3.4998670628283435e-11
20230523_200000,7,PECA,1.4532279459661401e-12,1.4357644847334816e-12,1.7463461232658517e-14,1.7463461232658517e-14
20230523_200000,7,PHNU,2.1708407516030093e-08,2.1646615167014716e-08,6.179234901537711e-11,6.179234901537711e-11
20230523_200000,7,PIMA,8.48088760588163e-17,8.288291504266214e-17,1.9259610161541667e-18,1.9259610161541667e-18
20230523_200000,7,POEC,1.3622312167171913e-09,1.3408572030471078e-09,2.1374013670083514e-11,2.1374013670083514e-11
20230523_200000,7,PSFL,0.9974272847175598,0.9974129796028137,1.430511474609375e-05,1.430511474609375e-05
20230523_200000,7,SHOT,1.5207961112650992e-08,1.5160301458649883e-08,4.765965400110872e-11,4.765965400110872e-11
20230523_200000,7,SITT,6.559826903895782e-09,6.476141400924007e-09,8.368550297177535e-11,8.368550297177535e-11
20230523_200000,7,SPRU,2.7054717841035192e-11,2.685659507284388e-11,1.9812276819131114e-13,1.9812276819131114e-13
20230523_200000,7,STOC,1.8948453917033703e-09,1.9150154795255503e-09,-2.0170087822179994e-11,2.0170087822179994e-11
20230523_200000,7,STOC_IRREG,2.7418465067818865e-11,2.754723012199367e-11,-1.2876505417480644e-13,1.2876505417480644e-13
20230523_200000,7,STVA,7.20681825328029e-08,7.256342371420033e-08,-4.952411813974322e-10,4.952411813974322e-10
20230523_200000,7,STVA_IRREG,2.1141927390999626e-06,2.1217731500655646e-06,-7.580410965601914e-09,7.580410965601914e-09
20230523_200000,7,TADO1,8.252390436313314e-15,8.162790444119807e-15,8.959999219350714e-17,8.959999219350714e-17
20230523_200000,7,TADO2,3.016617858286885e-11,2.991661085527397e-11,2.4956772759487933e-13,2.4956772759487933e-13
20230523_200000,7,TAMI,9.592850737935935e-14,9.540271675954892e-14,5.257906198104234e-16,5.257906198104234e-16
20230523_200000,7,TUMI,2.0075960449617014e-08,1.9827558261908962e-08,2.484021877080522e-10,2.484021877080522e-10
20230523_200000,7,WHIS,2.0112762150192864e-11,2.022518610922397e-11,-1.1242395903110491e-13,1.1242395903110491e-13
20230523_200000,7,YARD,8.345246715890653e-10,8.311148991246853e-10,3.409772464380012e-12,3.409772464380012e-12
20230523_200000,7,ZEMA,7.2481975976756985e-09,7.2289307873063535e-09,1.9266810369344967e-11,1.9266810369344967e-11
20230523_200000,8,AEAC,5.399443398346193e-05,5.37532614544034e-05,2.4117252905853093e-07,2.4117252905853093e-07
20230523_200000,8,BRCA,5.220242371706263e-08,5.2511143877609356e-08,-3.0872016054672713e-10,3.0872016054672713e-10
20230523_200000,8,BRMA,5.356202634199114e-11,5.264183186581839e-11,9.201944761727532e-13,9.201944761727532e-13
20230523_200000,8,BUVI,0.5169816017150879,0.5162490010261536,0.0007326006889343262,0.0007326006889343262
20230523_200000,8,CAGU,0.00045327641419135034,0.00044624623842537403,7.03017576597631e-06,7.03017576597631e-06
20230523_200000,8,CALU,0.16432993113994598,0.16457733511924744,-0.00024740397930145264,0.00024740397930145264
20230523_200000,8,CAUS,2.6142865294787043e-07,2.5889696075864777e-07,2.5316921892226674e-09,2.5316921892226674e-09
20230523_200000,8,CCOO,3.103719166119845e-07,3.061609277210664e-07,4.210988890918088e-09,4.210988890918088e-09
20230523_200000,8,CHFA,2.4757833116950678e-08,2.4548937105350888e-08,2.0889601159979065e-10,2.0889601159979065e-10
20230523_200000,8,CHMI,0.0010208130115643144,0.0010178241645917296,2.9888469725847244e-06,2.9888469725847244e-06
20230523_200000,8,CHMI_IRREG,0.00046378886327147484,0.0004659729893319309,-2.1841260604560375e-06,2.1841260604560375e-06
20230523_200000,8,COAU,3.1107120435081015e-07,3.0806936024418974e-07,3.0018441066204105e-09,3.0018441066204105e-09
20230523_200000,8,COAU2,4.531314061750891e-06,4.516515673458343e-06,1.4798388292547315e-08,1.4798388292547315e-08
20230523_200000,8,COCO,0.0009350404725410044,0.0009316985378973186,3.3419346436858177e-06,3.3419346436858177e-06
20230523_200000,8,CYST,3.891980213666102e-06,3.869286501867464e-06,2.2693711798638105e-08,2.2693711798638105e-08
20230523_200000,8,DEFU,0.03438880667090416,0.034310560673475266,7.824599742889404e-05,7.824599742889404e-05
20230523_200000,8,DOG,0.00022825320775154978,0.00022953793813940138,-1.2847303878515959e-06,1.2847303878515959e-06
20230523_200000,8,DRPU,1.5454979960735638e-12,1.5295172897319964e-12,1.598070634156734e-14,1.598070634156734e-14
20230523_200000,8,DRUM,0.00022733210062142462,0.00022754521341994405,-2.1311279851943254e-07,2.1311279851943254e-07
20230523_200000,8,FLY,0.006764773745089769,0.006764660589396954,1.1315569281578064e-07,1.1315569281578064e-07
20230523_200000,8,FROG,0.0020090085454285145,0.0019989721477031708,1.0036397725343704e-05,1.0036397725343704e-05
20230523_200000,8,GLGN,3.424248643568717e-05,3.416921754251234e-05,7.32688931748271e-08,7.32688931748271e-08
20230523_200000,8,HOSA,0.008498541079461575,0.008552116341888905,-5.357526242733002e-05,5.357526242733002e-05
20230523_200000,8,HYPI,1.056285896083864e-06,1.0497883522475604e-06,6.497543836303521e-09,6.497543836303521e-09
20230523_200000,8,INSP,0.0663263127207756,0.06613893806934357,0.00018737465143203735,0.00018737465143203735
20230523_200000,8,IXNA,1.678053922660183e-05,1.6639698515064083e-05,1.4084071153774858e-07,1.4084071153774858e-07
20230523_200000,8,MEKE,0.041972823441028595,0.04177449271082878,0.00019833073019981384,0.00019833073019981384
20230523_200000,8,MYTO,2.922759145818077e-09,2.8739823854095903e-09,4.877676040848655e-11,4.877676040848655e-11
20230523_200000,8,NUCO,2.0728893523002355e-14,2.0575682203502997e-14,1.5321131949935785e-16,1.5321131949935785e-16
20230523_200000,8,OCPR,2.654919853739557e-06,2.642124400153989e-06,1.2795453585567884e-08,1.2795453585567884e-08
20230523_200000,8,ORPI,2.1918744096183218e-05,2.1810315956827253e-05,1.0842813935596496e-07,1.0842813935596496e-07
20230523_200000,8,PAFA,3.9671700506005436e-05,3.985919465776533e-05,-1.874941517598927e-07,1.874941517598927e-07
20230523_200000,8,PECA,3.5816921695186466e-07,3.559150911769393e-07,2.254125774925342e-09,2.254125774925342e-09
20230523_200000,8,PHNU,3.5187410958315013e-06,3.5175798984710127e-06,1.1611973604885861e-09,1.1611973604885861e-09
20230523_200000,8,PIMA,4.8900089706649386e-12,4.873309655123448e-12,1.6699315541490733e-14,1.6699315541490733e-14
20230523_200000,8,POEC,0.00020538429089356214,0.0002040706021944061,1.313688699156046e-06,1.313688699156046e-06
20230523_200000,8,PSFL,0.14488919079303741,0.14576657116413116,-0.00087738037109375,0.00087738037109375
20230523_200000,8,SHOT,0.0007119459914974868,0.0007147185388021171,-2.7725473046302795e-06,2.7725473046302795e-06
20230523_200000,8,SITT,3.191105497535318e-05,3.1541083444608375e-05,3.6997153074480593e-07,3.6997153074480593e-07
20230523_200000,8,SPRU,3.1301403851102805e-06,3.1292806852434296e-06,8.596998668508604e-10,8.596998668508604e-10
20230523_200000,8,STOC,0.0001253424707101658,0.00012547403457574546,-1.315638655796647e-07,1.315638655796647e-07
20230523_200000,8,STOC_IRREG,4.9914856390387286e-06,5.002636953577166e-06,-1.1151314538437873e-08,1.1151314538437873e-08
20230523_200000,8,STVA,0.002350920345634222,0.002352628158405423,-1.7078127712011337e-06,1.7078127712011337e-06
20230523_200000,8,STVA_IRREG,0.0059118084609508514,0.005943881813436747,-3.207335248589516e-05,3.207335248589516e-05
20230523_200000,8,TADO1,1.3304922497070493e-08,1.323517828666354e-08,6.974421040695233e-11,6.974421040695233e-11
20230523_200000,8,TADO2,4.979741333954735e-06,4.946477019984741e-06,3.3264313969993964e-08,3.3264313969993964e-08
20230523_200000,8,TAMI,9.033056969087738e-09,9.012945945130468e-09,2.0111023957269936e-11,2.0111023957269936e-11
20230523_200000,8,TUMI,0.00011665790225379169,0.00011618402641033754,4.7387584345415235e-07,4.7387584345415235e-07
20230523_200000,8,WHIS,1.0091081094287802e-05,1.009063907986274e-05,4.420144250616431e-10,4.420144250616431e-10
20230523_200000,8,YARD,0.0008052255143411458,0.0008092289790511131,-4.003464709967375e-06,4.003464709967375e-06
20230523_200000,8,ZEMA,4.44324869022239e-05,4.447564424481243e-05,-4.315734258852899e-08,4.315734258852899e-08
20230523_200000,9,AEAC,3.413922797790292e-07,3.383892135389033e-07,3.003066240125918e-09,3.003066240125918e-09
20230523_200000,9,BRCA,6.712321809487776e-10,6.659180984414093e-10,5.314082507368312e-12,5.314082507368312e-12
20230523_200000,9,BRMA,2.9132673310945482e-15,2.813038769478894e-15,1.002285616156541e-16,1.002285616156541e-16
20230523_200000,9,BUVI,0.0005265534273348749,0.0005254144198261201,1.1390075087547302e-06,1.1390075087547302e-06
20230523_200000,9,CAGU,3.285600769231678e-06,3.2087202725961106e-06,7.68804966355674e-08,7.68804966355674e-08
20230523_200000,9,CALU,0.9452188014984131,0.9456420540809631,-0.00042325258255004883,0.00042325258255004883
20230523_200000,9,CAUS,2.3241009117214162e-10,2.2732038473805005e-10,5.089706434091568e-12,5.089706434091568e-12
20230523_200000,9,CCOO,7.550188946270353e-11,7.324005985021032e-11,2.2618296124932158e-12,2.2618296124932158e-12
20230523_200000,9,CHFA,4.512094690933832e-12,4.396704788439676e-12,1.1538990249415626e-13,1.1538990249415626e-13
20230523_200000,9,CHMI,5.825802873005159e-06,5.7246152209700085e-06,1.0118765203515068e-07,1.0118765203515068e-07
20230523_200000,9,CHMI_IRREG,1.0990632290486246e-05,1.0831650797626935e-05,1.589814928593114e-07,1.589814928593114e-07
20230523_200000,9,COAU,2.6936283065159827e-11,2.625904355069153e-11,6.772395144682974e-13,6.772395144682974e-13
20230523_200000,9,COAU2,3.103586720953899e-09,3.039999585396913e-09,6.358713555698614e-11,6.358713555698614e-11
20230523_200000,9,COCO,0.0015505856135860085,0.0015357518568634987,1.4833756722509861e-05,1.4833756722509861e-05
20230523_200000,9,CYST,2.9426960868050855e-09,2.8976911981004605e-09,4.5004888704625046e-11,4.5004888704625046e-11
20230523_200000,9,DEFU,2.0074357962585054e-05,1.992695797525812e-05,1.4739998732693493e-07,1.4739998732693493e-07
20230523_200000,9,DOG,2.297609398738132e-06,2.2818317120254505e-06,1.5777686712681316e-08,1.5777686712681316e-08
20230523_200000,9,DRPU,2.695511293686135e-17,2.5982409747864317e-17,9.727031889970316e-19,9.727031889970316e-19
20230523_200000,9,DRUM,3.196372233560396e-07,3.158227741550945e-07,3.8144492009450914e-09,3.8144492009450914e-09
20230523_200000,9,FLY,1.4014486851010588e-06,1.3934236449131276e-06,8.025040187931154e-09,8.025040187931154e-09
20230523_200000,9,FROG,0.0019286421593278646,0.0019224232528358698,6.218906491994858e-06,6.218906491994858e-06
20230523_200000,9,GLGN,1.0065234867795425e-08,9.971844683320796e-09,9.339018447462877e-11,9.339018447462877e-11
20230523_200000,9,HOSA,9.934215631801635e-05,9.897621930576861e-05,3.659370122477412e-07,3.659370122477412e-07
20230523_200000,9,HYPI,1.4591545203015976e-12,1.4322062416236014e-12,2.6948278677996207e-14,2.6948278677996207e-14
20230523_200000,9,INSP,3.1450107940145244e-07,3.1396331223731977e-07,5.377671641326742e-10,5.377671641326742e-10
20230523_200000,9,IXNA,9.875191864239241e-08,9.687915536460423e-08,1.872763277788181e-09,1.872763277788181e-09
20230523_200000,9,MEKE,3.4638717352208914e-06,3.4401634820824256e-06,2.3708253138465807e-08,2.3708253138465807e-08
20230523_200000,9,MYTO,7.545664613972658e-12,7.2593029677714416e-12,2.863616462012164e-13,2.863616462012164e-13
20230523_200000,9,NUCO,4.4859940221384065e-18,4.33534333948688e-18,1.5065068265152644e-19,1.5065068265152644e-19
20230523_200000,9,OCPR,9.401389888807898e-09,9.240495479900801e-09,1.6089440890709739e-10,1.6089440890709739e-10
20230523_200000,9,ORPI,3.2113467440808563e-09,3.1644895592819466e-09,4.685718479890966e-11,4.685718479890966e-11
20230523_200000,9,PAFA,5.8112529899290166e-08,5.761958732364292e-08,4.929425756472483e-10,4.929425756472483e-10
20230523_200000,9,PECA,2.01638122865333e-10,1.9854863586576954e-10,3.089486999563462e-12,3.089486999563462e-12
20230523_200000,9,PHNU,4.3522638293325144e-07,4.29729141160351e-07,5.497241772900452e-09,5.497241772900452e-09
20230523_200000,9,PIMA,5.987476004365097e-14,5.826748453304983e-14,1.607275510601136e-15,1.607275510601136e-15
20230523_200000,9,POEC,2.706760142245912e-06,2.6374964363640174e-06,6.926370588189457e-08,6.926370588189457e-08
20230523_200000,9,PSFL,0.05060572177171707,0.05020579323172569,0.0003999285399913788,0.0003999285399913788
20230523_200000,9,SHOT,1.2252112355781719e-05,1.2133882592024747e-05,1.182297637569718e-07,1.182297637569718e-07
20230523_200000,9,SITT,8.866327050327527e-08,8.724651223701585e-08,1.4167582662594214e-09,1.4167582662594214e-09
20230523_200000,9,SPRU,1.1829691670683928e-09,1.1644460951032443e-09,1.8523071965148574e-11,1.8523071965148574e-11
20230523_200000,9,STOC,7.152982561819954e-08,7.156322112678026e-08,-3.339550858072471e-11,3.339550858072471e-11
20230523_200000,9,STOC_IRREG,2.0740390738183123e-08,2.0641362397100238e-08,9.902834108288516e-11,9.902834108288516e-11
20230523_200000,9,STVA,9.036988046773331e-09,9.016666524530592e-09,2.0321522242738865e-11,2.0321522242738865e-11
20230523_200000,9,STVA_IRREG,5.713672180718277e-06,5.6902536016423255e-06,2.341857907595113e-08,2.341857907595113e-08
20230523_200000,9,TADO1,2.6256013896798318e-14,2.5748556458098266e-14,5.074574387000513e-16,5.074574387000513e-16
20230523_200000,9,TADO2,7.445603245059829e-08,7.365287046923186e-08,8.031619813664292e-10,8.031619813664292e-10
20230523_200000,9,TAMI,8.888274838358967e-11,8.759603459251863e-11,1.2867137910710369e-12,1.2867137910710369e-12
20230523_200000,9,TUMI,3.715389027547644e-07,3.6405032233233214e-07,7.488580422432278e-09,7.488580422432278e-09
20230523_200000,9,WHIS,7.016604519627379e-10,6.993086110185232e-10,2.3518409442147004e-12,2.3518409442147004e-12
20230523_200000,9,YARD,2.567258761132507e-08,2.5659014468715213e-08,1.3573142609857314e-11,1.3573142609857314e-11
20230523_200000,9,ZEMA,1.6358308041475311e-09,1.6164050098410598e-09,1.942579430647129e-11,1.942579430647129e-11
20230526_200000,1,AEAC,8.105551230208619e-10,8.142416740852809e-10,-3.6865510644190636e-12,3.6865510644190636e-12
20230526_200000,1,BRCA,1.0390263953038992e-12,1.0476553435542768e-12,-8.628948250377633e-15,8.628948250377633e-15
20230526_200000,1,BRMA,3.373331128320167e-11,3.354193658933191e-11,1.9137469386976136e-13,1.9137469386976136e-13
20230526_200000,1,BUVI,8.769062696956098e-05,8.732811693334952e-05,3.6251003621146083e-07,3.6251003621146083e-07
20230526_200000,1,CAGU,0.0009001571452245116,0.00088886747835204,1.1289666872471571e-05,1.1289666872471571e-05
20230526_200000,1,CALU,5.771670252840977e-09,5.770152355921709e-09,1.517896919267514e-12,1.517896919267514e-12
20230526_200000,1,CAUS,4.7862727114988957e-08,4.7809088243866427e-08,5.363887112252996e-11,5.363887112252996e-11
20230526_200000,1,CCOO,2.9791387134991965e-09,2.9507671861495055e-09,2.837152734969095e-11,2.837152734969095e-11
20230526_200000,1,CHFA,2.1476518341501105e-09,2.1413615325371893e-09,6.290301612921212e-12,6.290301612921212e-12
20230526_200000,1,CHMI,7.433126825162617e-07,7.390956398012349e-07,4.217042715026764e-09,4.217042715026764e-09
20230526_200000,1,CHMI_IRREG,1.5395680463825556e-07,1.5418603993566649e-07,-2.2923529741092352e-10,2.2923529741092352e-10
20230526_200000,1,COAU,3.097268830298816e-10,3.089681843704284e-10,7.586986594532164e-13,7.586986594532164e-13
20230526_200000,1,COAU2,1.1734456961676187e-08,1.1639766483995118e-08,9.469047768106975e-11,9.469047768106975e-11
20230526_200000,1,COCO,4.675478848525927e-08,4.666143382792143e-08,9.335465733784076e-11,9.335465733784076e-11
20230526_200000,1,CYST,3.7270691422008895e-08,3.715217289368411e-08,1.185185283247847e-10,1.185185283247847e-10
20230526_200000,1,DEFU,2.6435209292685613e-06,2.6301909201720264e-06,1.3330009096534923e-08,1.3330009096534923e-08
20230526_200000,1,DOG,1.931256043974372e-08,1.935198135072369e-08,-3.942091097997036e-11,3.942091097997036e-11
20230526_200000,1,DRPU,5.372793511905071e-17,5.389401313371666e-17,-1.6607801466594668e-19,1.6607801466594668e-19
20230526_200000,1,DRUM,3.310242391307838e-08,3.3093972007236516e-08,8.451905841866392e-12,8.451905841866392e-12
20230526_200000,1,FLY,2.6499483851694094e-07,2.6433133371028816e-07,6.635048066527816e-10,6.635048066527816e-10
20230526_200000,1,FROG,1.1314227776892949e-08,1.1329649218794202e-08,-1.5421441901253274e-11,1.5421441901253274e-11
20230526_200000,1,GLGN,2.0815586754263649e-10,2.0929930011348574e-10,-1.1434325708492565e-12,1.1434325708492565e-12
20230526_200000,1,HOSA,7.708197813371953e-07,7.704775271122344e-07,3.4225422496092506e-10,3.4225422496092506e-10
20230526_200000,1,HYPI,4.4588885535212786e-12,4.455506276423993e-12,3.3822770972857796e-15,3.3822770972857796e-15
20230526_200000,1,INSP,3.466227127546517e-08,3.4573140794691426e-08,8.913048077374697e-11,8.913048077374697e-11
20230526_200000,1,IXNA,1.0431668897581403e-06,1.0368986522735213e-06,6.2682374846190214e-09,6.2682374846190214e-09
20230526_200000,1,MEKE,8.5574995978277e-09,8.566630071982217e-09,-9.130474154517287e-12,9.130474154517287e-12
20230526_200000,1,MYTO,3.6287504112664237e-09,3.6004570436176664e-09,2.829336764875734e-11,2.829336764875734e-11
20230526_200000,1,NUCO,5.454598259884997e-15,5.454433088460282e-15,1.6517142471458857e-19,1.6517142471458857e-19
20230526_200000,1,OCPR,2.8611447433490866e-08,2.8463183809890324e-08,1.482636236005419e-10,1.482636236005419e-10
20230526_200000,1,ORPI,3.3203140237247908e-09,3.316915631046413e-09,3.398392678377604e-12,3.398392678377604e-12
20230526_200000,1,PAFA,7.251987454992559e-08,7.247591327086411e-08,4.39612790614774e-11,4.39612790614774e-11
20230526_200000,1,PECA,1.9230644854317802e-10,1.9132051498615965e-10,9.859335570183703e-13,9.859335570183703e-13
20230526_200000,1,PHNU,1.8873311091738287e-07,1.8942250790132675e-07,-6.893969839438796e-10,6.893969839438796e-10
20230526_200000,1,PIMA,9.748257062680565e-11,9.718054833074419e-11,3.02022296061466e-13,3.02022296061466e-13
20230526_200000,1,POEC,5.142445616002078e-07,5.089593173579487e-07,5.2852442422590684e-09,5.2852442422590684e-09
20230526_200000,1,PSFL,0.9989956021308899,0.9990072846412659,-1.1682510375976562e-05,1.1682510375976562e-05
20230526_200000,1,SHOT,1.0600829103424303e-09,1.0577907438857892e-09,2.292166456641098e-12,2.292166456641098e-12
20230526_200000,1,SITT,1.6912950968617224e-06,1.6800375988168526e-06,1.1257498044869862e-08,1.1257498044869862e-08
20230526_200000,1,SPRU,2.228413675808838e-09,2.2216406492248097e-09,6.77302658402823e-12,6.77302658402823e-12
20230526_200000,1,STOC,5.923724705203526e-11,5.920573753481762e-11,3.1509517217642724e-14,3.1509517217642724e-14
20230526_200000,1,STOC_IRREG,4.53290877056034e-12,4.5362307660168355e-12,-3.3219954564955856e-15,3.3219954564955856e-15
20230526_200000,1,STVA,2.5434530037671266e-09,2.5404089942782093e-09,3.0440094889172542e-12,3.0440094889172542e-12
20230526_200000,1,STVA_IRREG,5.857179985468974e-07,5.857147584720224e-07,3.240074875066057e-12,3.240074875066057e-12
20230526_200000,1,TADO1,3.221445245976673e-12,3.2215319821504718e-12,-8.673617379884035e-17,8.673617379884035e-17
20230526_200000,1,TADO2,2.1616906042964956e-09,2.149365352366317e-09,1.2325251930178638e-11,1.2325251930178638e-11
20230526_200000,1,TAMI,8.278600895084143e-12,8.304253985846888e-12,-2.5653090762745023e-14,2.5653090762745023e-14
20230526_200000,1,TUMI,7.5090970312885474e-06,7.481128704966977e-06,2.7968326321570203e-08,2.7968326321570203e-08
20230526_200000,1,WHIS,2.9847305182961748e-12,2.9928433863124493e-12,-8.112868016274533e-15,8.112868016274533e-15
20230526_200000,1,YARD,4.626707003629882e-11,4.6331105618691026e-11,-6.403558239220786e-14,6.403558239220786e-14
20230526_200000,1,ZEMA,1.5175621115304239e-07,1.5111862694539013e-07,6.375842076522531e-10,6.375842076522531e-10
20230526_200000,10,AEAC,3.257276404156073e-08,3.276122129136638e-08,-1.8845724980565137e-10,1.8845724980565137e-10
20230526_200000,10,BRCA,1.9098453287597073e-12,1.913169492620548e-12,-3.3241638608405566e-15,3.3241638608405566e-15
20230526_200000,10,BRMA,3.5918228311015673e-16,3.557145566938772e-16,3.467726416279504e-18,3.467726416279504e-18
20230526_200000,10,BUVI,0.003241998143494129,0.0032498869113624096,-7.88876786828041e-06,7.88876786828041e-06
20230526_200000,10,CAGU,3.802828629773103e-08,3.78798610256581e-08,1.4842527207292733e-10,1.4842527207292733e-10
20230526_200000,10,CALU,2.1392372218542732e-05,2.1545281924773008e-05,-1.5290970623027533e-07,1.5290970623027533e-07
20230526_200000,10,CAUS,4.000370781159779e-12,3.980844733714184e-12,1.952604744559494e-14,1.952604744559494e-14
20230526_200000,10,CCOO,1.9669399301588258e-13,1.9423888495892494e-13,2.4551080569576444e-15,2.4551080569576444e-15
20230526_200000,10,CHFA,6.8883662879618e-13,6.832867605055526e-13,5.549868290627424e-15,5.549868290627424e-15
20230526_200000,10,CHMI,3.567401662962766e-08,3.552346328206113e-08,1.5055334756652883e-10,1.5055334756652883e-10
20230526_200000,10,CHMI_IRREG,2.1035319264228747e-07,2.0994244209759927e-07,4.107505446881987e-10,4.107505446881987e-10
20230526_200000,10,COAU,2.8288747212779075e-12,2.810769629199572e-12,1.810509207833544e-14,1.810509207833544e-14
20230526_200000,10,COAU2,3.092999814602315e-11,3.068284515350683e-11,2.471529925163196e-13,2.471529925163196e-13
20230526_200000,10,COCO,4.5361019829215365e-08,4.546207321709517e-08,-1.0105338787980145e-10,1.0105338787980145e-10
20230526_200000,10,CYST,3.539642745575833e-10,3.513247748276882e-10,2.6394997298950784e-12,2.6394997298950784e-12
20230526_200000,10,DEFU,3.3441572213632753e-06,3.3402252483938355e-06,3.931972969439812e-09,3.931972969439812e-09
20230526_200000,10,DOG,8.634598458456821e-08,8.629177727925708e-08,5.420730531113804e-11,5.420730531113804e-11
20230526_200000,10,DRPU,5.968900972187227e-18,5.936131798630632e-18,3.276917355659447e-20,3.276917355659447e-20
20230526_200000,10,DRUM,1.1494444507320623e-08,1.1489110995910323e-08,5.333511410299252e-12,5.333511410299252e-12
20230526_200000,10,FLY,9.065320227819029e-07,9.046228797160438e-07,1.909143065859098e-09,1.909143065859098e-09
20230526_200000,10,FROG,1.8784808730742952e-07,1.878934909882446e-07,-4.54036808150704e-11,4.54036808150704e-11
20230526_200000,10,GLGN,1.8970354453973215e-10,1.897725587785004e-10,-6.901423876826129e-14,6.901423876826129e-14
20230526_200000,10,HOSA,2.455047251714859e-06,2.4587598090874963e-06,-3.712557372637093e-09,3.712557372637093e-09
20230526_200000,10,HYPI,5.512653593157946e-13,5.493841059162063e-13,1.881253399588223e-15,1.881253399588223e-15
20230526_200000,10,INSP,5.78178230625781e-07,5.806766125715512e-07,-2.498381945770234e-09,2.498381945770234e-09
20230526_200000,10,IXNA,1.2703784690870634e-09,1.2675072103007778e-09,2.87125878628558e-12,2.87125878628558e-12
20230526_200000,10,MEKE,4.942115765516064e-07,4.954509336130286e-07,-1.2393570614221971e-09,1.2393570614221971e-09
20230526_200000,10,MYTO,2.783403627753308e-15,2.7378254201362645e-15,4.557820761704346e-17,4.557820761704346e-17
20230526_200000,10,NUCO,1.4747867764693286e-20,1.4616409055195577e-20,1.3145870949770959e-22,1.3145870949770959e-22
20230526_200000,10,OCPR,7.037256194442065e-11,6.986963091426546e-11,5.029310301551959e-13,5.029310301551959e-13
20230526_200000,10,ORPI,2.086659456335127e-10,2.0780077658599794e-10,8.651690475147689e-13,8.651690475147689e-13
20230526_200000,10,PAFA,1.5070881431711314e-08,1.505584634742263e-08,1.503508428868372e-11,1.503508428868372e-11
20230526_200000,10,PECA,5.245115539814771e-12,5.218906903858844e-12,2.6208635955926596e-14,2.6208635955926596e-14
20230526_200000,10,PHNU,1.0855113430352503e-07,1.0879461598278795e-07,-2.4348167926291353e-10,2.4348167926291353e-10
20230526_200000,10,PIMA,2.1096799477845623e-16,2.0883958627046338e-16,2.128408507992845e-18,2.128408507992845e-18
20230526_200000,10,POEC,1.4067057241273773e-10,1.3906266416174873e-10,1.6079082509889986e-12,1.6079082509889986e-12
20230526_200000,10,PSFL,0.99672532081604,0.9967171549797058,8.165836334228516e-06,8.165836334228516e-06
20230526_200000,10,SHOT,6.081178227645978e-09,6.065466795490693e-09,1.5711432155285365e-11,1.5711432155285365e-11
20230526_200000,10,SITT,1.0358805369037327e-08,1.0255686966331723e-08,1.0311840270560424e-10,1.0311840270560424e-10
20230526_200000,10,SPRU,3.758733602143849e-11,3.750423929749225e-11,8.309672394624101e-14,8.309672394624101e-14
20230526_200000,10,STOC,1.3145626809318856e-09,1.3223425687769463e-09,-7.779887845060784e-12,7.779887845060784e-12
20230526_200000,10,STOC_IRREG,1.7176924813067096e-11,1.7319498266110678e-11,-1.4257345304358182e-13,1.4257345304358182e-13
20230526_200000,10,STVA,1.9058913380831655e-07,1.9160319197908393e-07,-1.0140581707673846e-09,1.0140581707673846e-09
20230526_200000,10,STVA_IRREG,2.4737998955970397e-06,2.486077846697299e-06,-1.2277951100259088e-08,1.2277951100259088e-08
20230526_200000,10,TADO1,3.3535359141327256e-14,3.346633273238961e-14,6.902640893764744e-17,6.902640893764744e-17
20230526_200000,10,TADO2,1.801247206945078e-10,1.789172698885011e-10,1.2074508060067046e-12,1.2074508060067046e-12
20230526_200000,10,TAMI,6.12530805157302e-13,6.130154977385116e-13,-4.846925812096448e-16,4.846925812096448e-16
20230526_200000,10,TUMI,1.931798188081757e-08,1.9154226649220618e-08,1.637552315969515e-10,1.637552315969515e-10
20230526_200000,10,WHIS,1.4221226626864869e-11,1.4330406652995897e-11,-1.0918002613102828e-13,1.0918002613102828e-13
20230526_200000,10,YARD,1.2992172615522435e-10,1.2979953223357654e-10,1.221939216478063e-13,1.221939216478063e-13
20230526_200000,10,ZEMA,1.0383136128666592e-08,1.0352597890062043e-08,3.0538238604549406e-11,3.0538238604549406e-11
20230526_200000,11,AEAC,3.3077802072511986e-05,3.375444794073701e-05,-6.766458682250232e-07,6.766458682250232e-07
20230526_200000,11,BRCA,3.987764785051695e-09,4.019000687804919e-09,-3.1235902753223854e-11,3.1235902753223854e-11
20230526_200000,11,BRMA,1.2896129476802631e-12,1.2773939891963515e-12,1.2218958483911635e-14,1.2218958483911635e-14
20230526_200000,11,BUVI,0.0007524507818743587,0.0007631774060428143,-1.07266241684556e-05,1.07266241684556e-05
20230526_200000,11,CAGU,3.799380920099793e-06,3.7962749956932385e-06,3.10592440655455e-09,3.10592440655455e-09
20230526_200000,11,CALU,4.254189843777567e-05,4.334335244493559e-05,-8.014540071599185e-07,8.014540071599185e-07
20230526_200000,11,CAUS,1.1888013906613537e-09,1.1869000227093807e-09,1.901367951973043e-12,1.901367951973043e-12
20230526_200000,11,CCOO,3.1087528384876606e-11,3.108970719756243e-11,-2.1788126858268697e-15,2.1788126858268697e-15
20230526_200000,11,CHFA,1.0545217477009317e-10,1.054969861469246e-10,-4.481137683143288e-14,4.481137683143288e-14
20230526_200000,11,CHMI,2.0456268430280033e-06,2.048331225523725e-06,-2.704382495721802e-09,2.704382495721802e-09
20230526_200000,11,CHMI_IRREG,1.1560508937691338e-05,1.1527684364409652e-05,3.282457328168675e-08,3.282457328168675e-08
20230526_200000,11,COAU,5.115299850366739e-11,5.124213206531003e-11,-8.91335616426403e-14,8.91335616426403e-14
20230526_200000,11,COAU2,1.9121537686572765e-09,1.9229384751184853e-09,-1.078470646120877e-11,1.078470646120877e-11
20230526_200000,11,COCO,3.613842636696063e-05,3.659774665720761e-05,-4.593202902469784e-07,4.593202902469784e-07
20230526_200000,11,CYST,1.1999875759727274e-08,1.2036478480581536e-08,-3.660272085426186e-11,3.660272085426186e-11
20230526_200000,11,DEFU,4.1520208469592035e-05,4.1964289266616106e-05,-4.440807970240712e-07,4.440807970240712e-07
20230526_200000,11,DOG,5.376358558351058e-07,5.406203058555548e-07,-2.984450020449003e-09,2.984450020449003e-09
20230526_200000,11,DRPU,2.96865460375727e-16,2.9535906521859444e-16,1.5063951571325698e-18,1.5063951571325698e-18
20230526_200000,11,DRUM,3.5321755831319024e-07,3.549138227754156e-07,-1.696264462225372e-09,1.696264462225372e-09
20230526_200000,11,FLY,1.494012735747674e-06,1.5148787042562617e-06,-2.0865968508587684e-08,2.0865968508587684e-08
20230526_200000,11,FROG,4.158434421697166e-06,4.226497367199045e-06,-6.806294550187886e-08,6.806294550187886e-08
20230526_200000,11,GLGN,3.1182906923277187e-07,3.1563737934448e-07,-3.808310111708124e-09,3.808310111708124e-09
20230526_200000,11,HOSA,2.8535196179291233e-05,2.885096000682097e-05,-3.1576382752973586e-07,3.1576382752973586e-07
20230526_200000,11,HYPI,2.6281634854519176e-11,2.6323812921114076e-11,-4.217806659490009e-14,4.217806659490009e-14
20230526_200000,11,INSP,4.9677141760184895e-06,5.051565949543146e-06,-8.385177352465689e-08,8.385177352465689e-08
20230526_200000,11,IXNA,2.9292678505044023e-07,2.9413595825644734e-07,-1.209173206007108e-09,1.209173206007108e-09
20230526_200000,11,MEKE,1.1186587016709382e-06,1.1390562804081128e-06,-2.0397578737174626e-08,2.0397578737174626e-08
20230526_200000,11,MYTO,1.4038542897609751e-11,1.3872839509099233e-11,1.6570338851051858e-13,1.6570338851051858e-13
20230526_200000,11,NUCO,1.207147284243792e-16,1.1831324443512545e-16,2.4014839892537508e-18,2.4014839892537508e-18
20230526_200000,11,OCPR,4.8354333870292976e-08,4.828270760981468e-08,7.16262604782969e-11,7.16262604782969e-11
20230526_200000,11,ORPI,4.0501606513032584e-09,4.069176107179828e-09,-1.901545587656983e-11,1.901545587656983e-11
20230526_200000,11,PAFA,1.4727253301316523e-06,1.484707354393322e-06,-1.1982024261669721e-08,1.1982024261669721e-08
20230526_200000,11,PECA,2.2257782283929828e-09,2.2405914901213464e-09,-1.4813261728363614e-11,1.4813261728363614e-11
20230526_200000,11,PHNU,3.375828100615763e-06,3.3723288197506918e-06,3.4992808650713414e-09,3.4992808650713414e-09
20230526_200000,11,PIMA,2.4081518029683835e-12,2.3914893503007573e-12,1.6662452667626226e-14,1.6662452667626226e-14
20230526_200000,11,POEC,2.644070917767749e-08,2.63142148071438e-08,1.2649437053369184e-10,1.2649437053369184e-10
20230526_200000,11,PSFL,0.9990139007568359,0.9990001320838928,1.3768672943115234e-05,1.3768672943115234e-05
20230526_200000,11,SHOT,2.445695770347811e-07,2.4740000981182675e-07,-2.830432777045644e-09,2.830432777045644e-09
20230526_200000,11,SITT,2.843113406925113e-07,2.8440095434234536e-07,-8.961364983406384e-11,8.961364983406384e-11
20230526_200000,11,SPRU,1.2079255373720343e-09,1.2126409876245248e-09,-4.715450252490427e-12,4.715450252490427e-12
20230526_200000,11,STOC,1.7724351764059065e-08,1.8167625626119843e-08,-4.432738620607779e-10,4.432738620607779e-10
20230526_200000,11,STOC_IRREG,3.1143643219877504e-09,3.168533879716051e-09,-5.416955772830079e-11,5.416955772830079e-11
20230526_200000,11,STVA,2.772543084006429e-08,2.8316398115180164e-08,-5.909672751158723e-10,5.909672751158723e-10
20230526_200000,11,STVA_IRREG,1.4725309483765159e-05,1.4904394447512459e-05,-1.790849637473002e-07,1.790849637473002e-07
20230526_200000,11,TADO1,1.3809531860045632e-12,1.3810500052585661e-12,-9.681925400295555e-17,9.681925400295555e-17
20230526_200000,11,TADO2,8.299140263900995e-10,8.367976866985316e-10,-6.883660308432127e-12,6.883660308432127e-12
20230526_200000,11,TAMI,2.9942881507594166e-10,3.047635754871436e-10,-5.334760411201955e-12,5.334760411201955e-12
20230526_200000,11,TUMI,8.341874604411714e-07,8.339500254805898e-07,2.374349605815951e-10,2.374349605815951e-10
20230526_200000,11,WHIS,3.3431823975860198e-09,3.4123002201624786e-09,-6.911782257645882e-11,6.911782257645882e-11
20230526_200000,11,YARD,7.974407800759309e-09,8.081957325600797e-09,-1.0754952484148816e-10,1.0754952484148816e-10
20230526_200000,11,ZEMA,3.699424055980671e-08,3.704471041032775e-08,-5.0469850521039916e-11,5.0469850521039916e-11
20230526_200000,12,AEAC,7.089023768003244e-08,7.158422477004933e-08,-6.939870900168899e-10,6.939870900168899e-10
20230526_200000,12,BRCA,1.0062536220933893e-10,1.0088568175303791e-10,-2.603195436989836e-13,2.603195436989836e-13
20230526_200000,12,BRMA,4.332665428280523e-15,4.325272524716888e-15,7.392903563635533e-18,7.392903563635533e-18
20230526_200000,12,BUVI,0.003136283252388239,0.0031601935625076294,-2.3910310119390488e-05,2.3910310119390488e-05
20230526_200000,12,CAGU,1.5142168763304653e-07,1.526163373455347e-07,-1.1946497124881716e-09,1.1946497124881716e-09
20230526_200000,12,CALU,7.639268733328208e-05,7.789309893269092e-05,-1.5004115994088352e-06,1.5004115994088352e-06
20230526_200000,12,CAUS,4.3319226677995815e-11,4.353330543271916e-11,-2.140787547233458e-13,2.140787547233458e-13
20230526_200000,12,CCOO,4.625337439445598e-12,4.6125950281528105e-12,1.2742411292787637e-14,1.2742411292787637e-14
20230526_200000,12,CHFA,1.296050506499613e-11,1.2915213169761852e-11,4.5291895234278456e-14,4.5291895234278456e-14
20230526_200000,12,CHMI,2.8968386800443113e-07,2.891639212521113e-07,5.199467523198109e-10,5.199467523198109e-10
20230526_200000,12,CHMI_IRREG,1.8524508504924597e-06,1.8447998400006327e-06,7.651010491827037e-09,7.651010491827037e-09
20230526_200000,12,COAU,4.572203032848776e-11,4.580648707563917e-11,-8.445674715140683e-14,8.445674715140683e-14
20230526_200000,12,COAU2,1.0474088263379144e-09,1.043103825537628e-09,4.305000800286507e-12,4.305000800286507e-12
20230526_200000,12,COCO,2.5786502533264866e-07,2.606629436741059e-07,-2.7979183414572617e-09,2.7979183414572617e-09
20230526_200000,12,CYST,2.629421791411346e-09,2.632099205257532e-09,-2.6774138461860275e-12,2.6774138461860275e-12
20230526_200000,12,DEFU,1.3477529137162492e-05,1.3516635590349324e-05,-3.910645318683237e-08,3.910645318683237e-08
20230526_200000,12,DOG,4.1408097217754403e-07,4.128070827391639e-07,1.273889438380138e-09,1.273889438380138e-09
20230526_200000,12,DRPU,2.852485887925915e-16,2.815000974240768e-16,3.748491368514703e-18,3.748491368514703e-18
20230526_200000,12,DRUM,1.7542355124078313e-07,1.7575599997599056e-07,-3.324487352074357e-10,3.324487352074357e-10
20230526_200000,12,FLY,3.1799854696146213e-06,3.194116061422392e-06,-1.4130591807770543e-08,1.4130591807770543e-08
20230526_200000,12,FROG,6.226818527466094e-07,6.277764441620093e-07,-5.094591415399918e-09,5.094591415399918e-09
20230526_200000,12,GLGN,1.0760787816366246e-09,1.0806379124872478e-09,-4.559130850623205e-12,4.559130850623205e-12
20230526_200000,12,HOSA,1.960314330062829e-05,1.9615545170381665e-05,-1.240186975337565e-08,1.240186975337565e-08
20230526_200000,12,HYPI,3.0408096179934674e-11,3.045090915532178e-11,-4.28129753871076e-14,4.28129753871076e-14
20230526_200000,12,INSP,1.1731716540452908e-06,1.1750821613532025e-06,-1.9105073079117574e-09,1.9105073079117574e-09
20230526_200000,12,IXNA,1.6026564964022327e-08,1.60861794995526e-08,-5.96145355302724e-11,5.96145355302724e-11
20230526_200000,12,MEKE,1.261321131096338e-06,1.2699368880930706e-06,-8.61575699673267e-09,8.61575699673267e-09
20230526_200000,12,MYTO,1.3550936089380683e-13,1.3437523121127837e-13,1.134129682528462e-15,1.134129682528462e-15
20230526_200000,12,NUCO,4.232811572864911e-17,4.177777592350533e-17,5.503398051437804e-19,5.503398051437804e-19
20230526_200000,12,OCPR,1.4676866388896315e-09,1.4598765529783009e-09,7.810085911330589e-12,7.810085911330589e-12
20230526_200000,12,ORPI,2.7943585223511036e-09,2.8077664637748967e-09,-1.340794142379309e-11,1.340794142379309e-11
20230526_200000,12,PAFA,3.736003861831705e-07,3.7456049994943896e-07,-9.601137662684778e-10,9.601137662684778e-10
20230526_200000,12,PECA,2.2768847918186452e-10,2.2782298270129786e-10,-1.3450351943333771e-13,1.3450351943333771e-13
20230526_200000,12,PHNU,4.6592705871262297e-07,4.691871140494186e-07,-3.260055336795631e-09,3.260055336795631e-09
20230526_200000,12,PIMA,3.443226538851589e-14,3.4220957773230254e-14,2.113076152856358e-16,2.113076152856358e-16
20230526_200000,12,POEC,1.5837704481214132e-08,1.5859637159110207e-08,-2.1932677896074892e-11,2.1932677896074892e-11
20230526_200000,12,PSFL,0.996736466884613,0.996711015701294,2.5451183319091797e-05,2.5451183319091797e-05
20230526_200000,12,SHOT,5.313032147569174e-07,5.297465577314142e-07,1.5566570255032275e-09,1.5566570255032275e-09
20230526_200000,12,SITT,2.4391676234358783e-08,2.4456365821379222e-08,-6.468958702043892e-11,6.468958702043892e-11
20230526_200000,12,SPRU,1.2037199015324518e-09,1.2060032972271983e-09,-2.2833956947465595e-12,2.2833956947465595e-12
20230526_200000,12,STOC,1.8736943108166315e-09,1.883043720951605e-09,-9.349410134973368e-12,9.349410134973368e-12
20230526_200000,12,STOC_IRREG,2.367933626956642e-10,2.3818241823292396e-10,-1.3890555372597646e-12,1.3890555372597646e-12
20230526_200000,12,STVA,6.735837132509914e-08,6.788545192648598e-08,-5.270806013868423e-10,5.270806013868423e-10
20230526_200000,12,STVA_IRREG,6.65772449792712e-06,6.67186759528704e-06,-1.414309735991992e-08,1.414309735991992e-08
20230526_200000,12,TADO1,1.5890230754475598e-12,1.5857156083001755e-12,3.30746714738428e-15,3.30746714738428e-15
20230526_200000,12,TADO2,7.873796614710216e-10,7.88444587396242e-10,-1.0649259252204502e-12,1.0649259252204502e-12
20230526_200000,12,TAMI,1.6746536449230298e-11,1.6778013006701897e-11,-3.1476557471599165e-14,3.1476557471599165e-14
20230526_200000,12,TUMI,1.7137655561327847e-07,1.7103647564908897e-07,3.4007996418949915e-10,3.4007996418949915e-10
20230526_200000,12,WHIS,5.628369645349629e-11,5.68091129693471e-11,-5.254165158508073e-13,5.254165158508073e-13
20230526_200000,12,YARD,2.5521904589709266e-09,2.547956956533426e-09,4.233502437500647e-12,4.233502437500647e-12
20230526_200000,12,ZEMA,2.8478114089125484e-08,2.8412063812766064e-08,6.605027635941951e-11,6.605027635941951e-11
20230526_200000,13,AEAC,1.928285087160475e-08,1.9339847057153747e-08,-5.6996185548996436e-11,5.6996185548996436e-11
20230526_200000,13,BRCA,3.202832790649701e-11,3.233286208215169e-11,-3.0453417565468044e-13,3.0453417565468044e-13
20230526_200000,13,BRMA,2.8129488145798957e-14,2.864691855041998e-14,-5.174304046210235e-16,5.174304046210235e-16
20230526_200000,13,BUVI,0.0008247814257629216,0.0008231623214669526,1.6191042959690094e-06,1.6191042959690094e-06
20230526_200000,13,CAGU,7.255861191879376e-07,7.341635637203581e-07,-8.577444532420486e-09,8.577444532420486e-09
20230526_200000,13,CALU,0.00043164321687072515,0.00043208120041526854,-4.379835445433855e-07,4.379835445433855e-07
20230526_200000,13,CAUS,3.300944240169912e-10,3.3613370420404465e-10,-6.039280187053464e-12,6.039280187053464e-12
20230526_200000,13,CCOO,4.4420984252058204e-11,4.5082101246540773e-11,-6.61116994482569e-13,6.61116994482569e-13
20230526_200000,13,CHFA,5.087628929256738e-11,5.184832077564927e-11,-9.720314830818921e-13,9.720314830818921e-13
20230526_200000,13,CHMI,1.9137899016641313e-06,1.9272758891020203e-06,-1.348598743788898e-08,1.348598743788898e-08
20230526_200000,13,CHMI_IRREG,1.5539338846792816e-06,1.5541147604380967e-06,-1.808757588150911e-10,1.808757588150911e-10
20230526_200000,13,COAU,1.254767262315326e-10,1.2676427962876602e-10,-1.2875533972334097e-12,1.2875533972334097e-12
20230526_200000,13,COAU2,2.8753328606967443e-09,2.9162237069613184e-09,-4.0890846264574066e-11,4.0890846264574066e-11
20230526_200000,13,COCO,8.851811230670137e-07,8.9259515334561e-07,-7.4140302785963286e-09,7.4140302785963286e-09
20230526_200000,13,CYST,1.1248079800907362e-08,1.1394645227369438e-08,-1.4656542646207527e-10,1.4656542646207527e-10
20230526_200000,13,DEFU,1.4642399037256837e-05,1.4709663446410559e-05,-6.726440915372223e-08,6.726440915372223e-08
20230526_200000,13,DOG,6.516343091789167e-07,6.536016599056893e-07,-1.9673507267725654e-09,1.9673507267725654e-09
20230526_200000,13,DRPU,9.813989483475525e-16,9.853650742439523e-16,-3.9661258963998546e-18,3.9661258963998546e-18
20230526_200000,13,DRUM,1.56799472961211e-07,1.5801148833816114e-07,-1.2120153769501485e-09,1.2120153769501485e-09
20230526_200000,13,FLY,9.806030902836937e-06,9.890483852359466e-06,-8.44529495225288e-08,8.44529495225288e-08
20230526_200000,13,FROG,5.445938313641818e-07,5.455502218865149e-07,-9.563905223330949e-10,9.563905223330949e-10
20230526_200000,13,GLGN,1.1864232929426066e-09,1.1958072310136458e-09,-9.38393807103921e-12,9.38393807103921e-12
20230526_200000,13,HOSA,3.954367639380507e-05,3.9689020923106e-05,-1.4534452930092812e-07,1.4534452930092812e-07
20230526_200000,13,HYPI,1.7355670720031746e-11,1.74534831032247e-11,-9.781238319295227e-14,9.781238319295227e-14
20230526_200000,13,INSP,3.231635673728306e-06,3.236635393477627e-06,-4.99971974932123e-09,4.99971974932123e-09
20230526_200000,13,IXNA,6.14148660815772e-08,6.219127612894226e-08,-7.764100473650615e-10,7.764100473650615e-10
20230526_200000,13,MEKE,9.74278805188078e-07,9.754280654306058e-07,-1.1492602425278164e-09,1.1492602425278164e-09
20230526_200000,13,MYTO,4.438048453042631e-12,4.52073664961028e-12,-8.268819656764848e-14,8.268819656764848e-14
20230526_200000,13,NUCO,8.319050049907875e-17,8.456352105424327e-17,-1.3730205551645196e-18,1.3730205551645196e-18
20230526_200000,13,OCPR,4.749791226998923e-09,4.80077355646813e-09,-5.098232946920689e-11,5.098232946920689e-11
20230526_200000,13,ORPI,1.596001664161406e-09,1.6126742163891095e-09,-1.6672552227703363e-11,1.6672552227703363e-11
20230526_200000,13,PAFA,2.5940920522771194e-07,2.6182053147749684e-07,-2.4113262497849064e-09,2.4113262497849064e-09
20230526_200000,13,PECA,1.705190016965119e-10,1.7263418472523995e-10,-2.1151830287280404e-12,2.1151830287280404e-12
20230526_200000,13,PHNU,7.382867295291362e-08,7.4009633976857e-08,-1.8096102394338232e-10,1.8096102394338232e-10
20230526_200000,13,PIMA,3.034871616167112e-13,3.1157758664801527e-13,-8.090425031304083e-15,8.090425031304083e-15
20230526_200000,13,POEC,1.4279150661877793e-07,1.4481418020295678e-07,-2.022673584178847e-09,2.022673584178847e-09
20230526_200000,13,PSFL,0.9986617565155029,0.9986627101898193,-9.5367431640625e-07,9.5367431640625e-07
20230526_200000,13,SHOT,2.6293275823263684e-07,2.640474860982067e-07,-1.1147278655698756e-09,1.1147278655698756e-09
20230526_200000,13,SITT,1.7961005482902692e-07,1.8170523219396273e-07,-2.0951773649358074e-09,2.0951773649358074e-09
20230526_200000,13,SPRU,1.0469409783553374e-09,1.058727550073968e-09,-1.1786571718630512e-11,1.1786571718630512e-11
20230526_200000,13,STOC,4.10216616231196e-09,4.114661056320301e-09,-1.2494894008341362e-11,1.2494894008341362e-11
20230526_200000,13,STOC_IRREG,1.8550977420872528e-10,1.864553234032229e-10,-9.455491944976302e-13,9.455491944976302e-13
20230526_200000,13,STVA,9.383242627336585e-08,9.395967026648577e-08,-1.2724399311991874e-10,1.2724399311991874e-10
20230526_200000,13,STVA_IRREG,5.194685400056187e-06,5.20735784448334e-06,-1.2672444427153096e-08,1.2672444427153096e-08
20230526_200000,13,TADO1,1.057346701513473e-12,1.0717597599338435e-12,-1.441305842037055e-14,1.441305842037055e-14
20230526_200000,13,TADO2,2.1125448057546237e-09,2.1313828479918584e-09,-1.883804223723473e-11,1.883804223723473e-11
20230526_200000,13,TAMI,6.696109812465156e-12,6.797803205754738e-12,-1.0169339328958138e-13,1.0169339328958138e-13
20230526_200000,13,TUMI,6.365677336361841e-07,6.427116545637546e-07,-6.143920927570434e-09,6.143920927570434e-09
20230526_200000,13,WHIS,5.296849764357958e-11,5.332119468182128e-11,-3.526970382417005e-13,3.526970382417005e-13
20230526_200000,13,YARD,9.235773923421675e-09,9.318468663366275e-09,-8.269473994459986e-11,8.269473994459986e-11
20230526_200000,13,ZEMA,5.528742619276272e-08,5.57729897820991e-08,-4.855635893363797e-10,4.855635893363797e-10
20230526_200000,14,AEAC,1.1894457641048461e-11,1.1760541325511742e-11,1.3391631553671957e-13,1.3391631553671957e-13
20230526_200000,14,BRCA,5.3578489018166215e-19,5.371947678369705e-19,-1.4098776553083511e-21,1.4098776553083511e-21
20230526_200000,14,BRMA,2.2353876529461816e-24,2.2416202457431065e-24,-6.232592796924909e-27,6.232592796924909e-27
20230526_200000,14,BUVI,0.0008552776998840272,0.0008405684493482113,1.4709250535815954e-05,1.4709250535815954e-05
20230526_200000,14,CAGU,5.72998289441462e-12,5.671341868351831e-12,5.864102606278898e-14,5.864102606278898e-14
20230526_200000,14,CALU,2.957182762552968e-11,2.952356414898105e-11,4.826347654862673e-14,4.826347654862673e-14
20230526_200000,14,CAUS,2.5018997865097787e-18,2.4954932726655555e-18,6.406513844223199e-21,6.406513844223199e-21
20230526_200000,14,CCOO,9.710540590430651e-21,9.608943585722246e-21,1.0159700470840512e-22,1.0159700470840512e-22
20230526_200000,14,CHFA,1.7438171894384854e-19,1.7433641788061419e-19,4.5301063234349406e-23,4.5301063234349406e-23
20230526_200000,14,CHMI,5.047740003760737e-12,5.008684873103464e-12,3.905513065727284e-14,3.905513065727284e-14
20230526_200000,14,CHMI_IRREG,1.0832924834947022e-10,1.0843565628748664e-10,-1.0640793801641735e-13,1.0640793801641735e-13
20230526_200000,14,COAU,1.676961608898594e-19,1.662945938147678e-19,1.4015670750916074e-21,1.4015670750916074e-21
20230526_200000,14,COAU2,1.5748322759843895e-17,1.56707712686946e-17,7.755149114929656e-20,7.755149114929656e-20
20230526_200000,14,COCO,1.2979031911719563e-12,1.2882542255177043e-12,9.648965654251995e-15,9.648965654251995e-15
20230526_200000,14,CYST,2.4624575500827332e-15,2.458092577547295e-15,4.364972535438223e-18,4.364972535438223e-18
20230526_200000,14,DEFU,3.768493517242177e-09,3.747246513086111e-09,2.1247004156066396e-11,2.1247004156066396e-11
20230526_200000,14,DOG,4.7243450471134985e-12,4.728137586312853e-12,-3.7925391993542945e-15,3.7925391993542945e-15
20230526_200000,14,DRPU,9.016454427686683e-27,9.038524044105405e-27,-2.2069616418722213e-29,2.2069616418722213e-29
20230526_200000,14,DRUM,3.655259688678525e-13,3.645829840283332e-13,9.429848395192675e-16,9.429848395192675e-16
20230526_200000,14,FLY,1.0744645451143953e-10,1.0715456300047776e-10,2.9189151096176147e-13,2.9189151096176147e-13
20230526_200000,14,FROG,1.8321856184999596e-11,1.8085401232159626e-11,2.3645495283997064e-13,2.3645495283997064e-13
20230526_200000,14,GLGN,1.7941587190944573e-15,1.7838528692252142e-15,1.0305849869243072e-17,1.0305849869243072e-17
20230526_200000,14,HOSA,1.5892040461373824e-10,1.5891032933978977e-10,1.0075273948473296e-14,1.0075273948473296e-14
20230526_200000,14,HYPI,3.273149806463209e-20,3.227311398948127e-20,4.58384075150821e-22,4.58384075150821e-22
20230526_200000,14,INSP,3.1927002708265206e-10,3.1674785017088425e-10,2.522176911767815e-12,2.522176911767815e-12
20230526_200000,14,IXNA,5.3691158642546824e-14,5.369799928062885e-14,-6.8406380820257295e-18,6.8406380820257295e-18
20230526_200000,14,MEKE,1.1989421955238555e-10,1.1826434276329678e-10,1.6298767890887689e-12,1.6298767890887689e-12
20230526_200000,14,MYTO,1.0552060636891356e-23,1.0530783480555735e-23,2.127715633562113e-26,2.127715633562113e-26
20230526_200000,14,NUCO,3.185754259937514e-32,3.2252734983913965e-32,-3.951923845388219e-34,3.951923845388219e-34
20230526_200000,14,OCPR,2.277087142433208e-16,2.260693349134693e-16,1.639379329851495e-18,1.639379329851495e-18
20230526_200000,14,ORPI,1.5382700657289331e-16,1.5323013951265465e-16,5.968670602386631e-19,5.968670602386631e-19
20230526_200000,14,PAFA,2.3700104379020814e-12,2.3826637277762908e-12,-1.2653289874209328e-14,1.2653289874209328e-14
20230526_200000,14,PECA,1.8243853048841863e-18,1.824962056566289e-18,-5.767516821025985e-22,5.767516821025985e-22
20230526_200000,14,PHNU,9.266522445205982e-12,9.275909033934493e-12,-9.386588728510503e-15,9.386588728510503e-15
20230526_200000,14,PIMA,2.557677367419905e-25,2.5789756257847406e-25,-2.1298258364835792e-27,2.1298258364835792e-27
20230526_200000,14,POEC,5.234576760067258e-18,5.197167516864547e-18,3.7409243202710677e-20,3.7409243202710677e-20
20230526_200000,14,PSFL,0.9991446733474731,0.9991594552993774,-1.4781951904296875e-05,1.4781951904296875e-05
20230526_200000,14,SHOT,2.5863607249257924e-14,2.580855180175229e-14,5.5055447505635013e-17,5.5055447505635013e-17
20230526_200000,14,SITT,3.951787898651138e-13,3.9152635669149893e-13,3.652433173614855e-15,3.652433173614855e-15
20230526_200000,14,SPRU,5.636164510219505e-17,5.629586108243993e-17,6.578401975511718e-20,6.578401975511718e-20
20230526_200000,14,STOC,8.212631556802144e-15,8.103304167267084e-15,1.093273895350598e-16,1.093273895350598e-16
20230526_200000,14,STOC_IRREG,6.166570586089737e-17,6.136320260216428e-17,3.0250325873309243e-19,3.0250325873309243e-19
20230526_200000,14,STVA,2.5376365939133727e-11,2.5227040942321644e-11,1.4932499681208355e-13,1.4932499681208355e-13
20230526_200000,14,STVA_IRREG,1.6574200900620895e-09,1.6634460475728474e-09,-6.025957510757962e-12,6.025957510757962e-12
20230526_200000,14,TADO1,1.2571208625729267e-21,1.2643197168931605e-21,-7.198854320233832e-24,7.198854320233832e-24
20230526_200000,14,TADO2,9.142571877175459e-17,9.07630015173118e-17,6.627172544427845e-19,6.627172544427845e-19
20230526_200000,14,TAMI,1.348540920417837e-19,1.3528423888500834e-19,-4.301468432246455e-22,4.301468432246455e-22
20230526_200000,14,TUMI,1.822543851948133e-12,1.8157804903759511e-12,6.763361572181825e-15,6.763361572181825e-15
20230526_200000,14,WHIS,6.480306626669055e-18,6.432989000498878e-18,4.731762617017712e-20,4.731762617017712e-20
20230526_200000,14,YARD,7.254751166449377e-17,7.210410976894084e-17,4.43401895552925e-19,4.43401895552925e-19
20230526_200000,14,ZEMA,2.2796676113663594e-13,2.27725444838095e-13,2.4131629854096115e-16,2.4131629854096115e-16
20230526_200000,15,AEAC,7.594139761479823e-10,7.558349501834982e-10,3.579025964484117e-12,3.579025964484117e-12
20230526_200000,15,BRCA,1.1030512813640491e-14,1.1016325011773982e-14,1.418780186650953e-17,1.418780186650953e-17
20230526_200000,15,BRMA,8.414629844280067e-20,8.404319813426418e-20,1.0310030853649222e-22,1.0310030853649222e-22
20230526_200000,15,BUVI,0.0067198798060417175,0.0066876839846372604,3.219582140445709e-05,3.219582140445709e-05
20230526_200000,15,CAGU,1.0788041571174745e-08,1.072751487640744e-08,6.052669476730443e-11,6.052669476730443e-11
20230526_200000,15,CALU,0.009769724681973457,0.009709580801427364,6.014388054609299e-05,6.014388054609299e-05
20230526_200000,15,CAUS,3.975196094605643e-14,3.9631529801615814e-14,1.2043114444061642e-16,1.2043114444061642e-16
20230526_200000,15,CCOO,3.563205028885193e-15,3.54254526002695e-15,2.0659768858242826e-17,2.0659768858242826e-17
20230526_200000,15,CHFA,3.184668334097851e-15,3.184396436521782e-15,2.718975760686304e-19,2.718975760686304e-19
20230526_200000,15,CHMI,1.8116951494562272e-08,1.805493354822829e-08,6.201794633398094e-11,6.201794633398094e-11
20230526_200000,15,CHMI_IRREG,6.189443979565112e-08,6.181424083706588e-08,8.019895858524251e-11,8.019895858524251e-11
20230526_200000,15,COAU,3.154539075702484e-14,3.1528263750831356e-14,1.7127006193481953e-17,1.7127006193481953e-17
20230526_200000,15,COAU2,1.3996808269703398e-12,1.3987287890426803e-12,9.520379276595214e-16,9.520379276595214e-16
20230526_200000,15,COCO,1.1901368779376753e-08,1.1869545346598898e-08,3.182343277785549e-11,3.182343277785549e-11
20230526_200000,15,CYST,2.1895445526110002e-11,2.1831775970371226e-11,6.366955573877675e-14,6.366955573877675e-14
20230526_200000,15,DEFU,3.6679080039903056e-06,3.6562728382705245e-06,1.1635165719781071e-08,1.1635165719781071e-08
20230526_200000,15,DOG,1.0265120309327358e-08,1.0247264370377707e-08,1.7855938949651318e-11,1.7855938949651318e-11
20230526_200000,15,DRPU,4.909724467356744e-21,4.912808623195345e-21,-3.084155838601035e-24,3.084155838601035e-24
20230526_200000,15,DRUM,2.789390052271301e-09,2.7913709121918373e-09,-1.9808599205362043e-12,1.9808599205362043e-12
20230526_200000,15,FLY,5.422473350336077e-07,5.408691094999085e-07,1.3782255336991511e-09,1.3782255336991511e-09
20230526_200000,15,FROG,6.757957038416862e-08,6.695005083656724e-08,6.29519547601376e-10,6.29519547601376e-10
20230526_200000,15,GLGN,3.1744604774702756e-12,3.1556571591928595e-12,1.8803318277416103e-14,1.8803318277416103e-14
20230526_200000,15,HOSA,2.6954535314871464e-06,2.693460828595562e-06,1.9927028915844858e-09,1.9927028915844858e-09
20230526_200000,15,HYPI,5.4236542828493134e-14,5.3927826424273254e-14,3.0871640421988034e-16,3.0871640421988034e-16
20230526_200000,15,INSP,2.2029682611446333e-07,2.190610928209935e-07,1.2357332934698206e-09,1.2357332934698206e-09
20230526_200000,15,IXNA,6.679341801874017e-11,6.680580394435864e-11,-1.2385925618474403e-14,1.2385925618474403e-14
20230526_200000,15,MEKE,8.902932222554227e-07,8.854410111780453e-07,4.852211077377433e-09,4.852211077377433e-09
20230526_200000,15,MYTO,6.8210140491735215e-18,6.790498942786134e-18,3.051510638738747e-20,3.051510638738747e-20
20230526_200000,15,NUCO,2.4141044854544544e-23,2.4181194719176673e-23,-4.0149864632128617e-26,4.0149864632128617e-26
20230526_200000,15,OCPR,1.328093559606336e-12,1.323557474557091e-12,4.5360850492448535e-15,4.5360850492448535e-15
20230526_200000,15,ORPI,1.9055484620777996e-11,1.8968281806364118e-11,8.720281441387812e-14,8.720281441387812e-14
20230526_200000,15,PAFA,9.409563128670584e-10,9.453985372331886e-10,-4.442224366130176e-12,4.442224366130176e-12
20230526_200000,15,PECA,4.491455560880382e-14,4.486423168734155e-14,5.032392146227249e-17,5.032392146227249e-17
20230526_200000,15,PHNU,2.4817676802513233e-09,2.469317639253177e-09,1.2450040998146505e-11,1.2450040998146505e-11
20230526_200000,15,PIMA,7.755144591285681e-20,7.782545595311353e-20,-2.74010040256726e-22,2.74010040256726e-22
20230526_200000,15,POEC,1.3565856216146699e-09,1.3491135986143377e-09,7.472023000332229e-12,7.472023000332229e-12
20230526_200000,15,PSFL,0.9835018515586853,0.9835942387580872,-9.238719940185547e-05,9.238719940185547e-05
20230526_200000,15,SHOT,6.806852859142509e-09,6.799472984653221e-09,7.37987448928834e-12,7.37987448928834e-12
20230526_200000,15,SITT,5.336494024454908e-10,5.320408003051114e-10,1.6086021403793893e-12,1.6086021403793893e-12
20230526_200000,15,SPRU,2.3627781588902996e-12,2.3676694285712507e-12,-4.891269680951105e-15,4.891269680951105e-15
20230526_200000,15,STOC,5.463488168822028e-12,5.423237813689807e-12,4.025035513222086e-14,4.025035513222086e-14
20230526_200000,15,STOC_IRREG,4.585944796652031e-13,4.57915498054684e-13,6.789816105190472e-16,6.789816105190472e-16
20230526_200000,15,STVA,6.231670734990757e-09,6.200656876842459e-09,3.101385814829882e-11,3.101385814829882e-11
20230526_200000,15,STVA_IRREG,3.2189012699745945e-07,3.222075406483782e-07,-3.1741365091875196e-10,3.1741365091875196e-10
20230526_200000,15,TADO1,1.4536870761517928e-16,1.455921390247972e-16,-2.234314096179234e-19,2.234314096179234e-19
20230526_200000,15,TADO2,3.219282913163868e-12,3.1997195691635394e-12,1.9563344000328442e-14,1.9563344000328442e-14
20230526_200000,15,TAMI,5.856158157211658e-16,5.860283737060378e-16,-4.1255798487204766e-19,4.1255798487204766e-19
20230526_200000,15,TUMI,3.0140769879949403e-09,3.0102060843972822e-09,3.870903597658071e-12,3.870903597658071e-12
20230526_200000,15,WHIS,2.740681217128921e-13,2.7247694660455235e-13,1.5911751083397263e-15,1.5911751083397263e-15
20230526_200000,15,YARD,5.246336698405685e-11,5.2283479629045004e-11,1.7988735501184294e-13,1.7988735501184294e-13
20230526_200000,15,ZEMA,4.3791265058601425e-10,4.365776351544781e-10,1.3350154315361351e-12,1.3350154315361351e-12
20230526_200000,16,AEAC,8.571816867419813e-11,8.637342230333189e-11,-6.552536291337674e-13,6.552536291337674e-13
20230526_200000,16,BRCA,7.161647687167348e-16,7.122627526265303e-16,3.902016090204545e-18,3.902016090204545e-18
20230526_200000,16,BRMA,2.311079462016224e-20,2.245594060924587e-20,6.548540109163701e-22,6.548540109163701e-22
20230526_200000,16,BUVI,7.789969095028937e-05,7.870559056755155e-05,-8.058996172621846e-07,8.058996172621846e-07
20230526_200000,16,CAGU,2.6083804560705914e-10,2.5729057773205e-10,3.547467875009147e-12,3.547467875009147e-12
20230526_200000,16,CALU,3.5236002560168345e-08,3.523993541421078e-08,-3.9328540424321545e-12,3.9328540424321545e-12
20230526_200000,16,CAUS,2.18072528622177e-15,2.142038962180061e-15,3.8686324041708846e-17,3.8686324041708846e-17
20230526_200000,16,CCOO,1.5583794881645873e-17,1.5218778275299698e-17,3.6501660634617495e-19,3.6501660634617495e-19
20230526_200000,16,CHFA,1.4877658585977935e-16,1.459712392082527e-16,2.805346651526641e-18,2.805346651526641e-18
20230526_200000,16,CHMI,1.8559338788026736e-10,1.8460998008063e-10,9.83407799637348e-13,9.83407799637348e-13
20230526_200000,16,CHMI_IRREG,2.055241754561621e-09,2.051077307996252e-09,4.164446565368962e-12,4.164446565368962e-12
20230526_200000,16,COAU,9.01484460268543e-17,8.918006237501602e-17,9.683836518382797e-19,9.683836518382797e-19
20230526_200000,16,COAU2,6.601801895954329e-15,6.508202637700361e-15,9.359925825396832e-17,9.359925825396832e-17
20230526_200000,16,COCO,8.017381897262865e-11,7.984290312235132e-11,3.309158502773357e-13,3.309158502773357e-13
20230526_200000,16,CYST,3.732494998839875e-13,3.6923155505297345e-13,4.017944831014031e-15,4.017944831014031e-15
20230526_200000,16,DEFU,4.825459143376065e-08,4.828225996789115e-08,-2.76685341304983e-11,2.76685341304983e-11
20230526_200000,16,DOG,2.865155612763459e-10,2.861816339461143e-10,3.3392733023163146e-13,3.3392733023163146e-13
20230526_200000,16,DRPU,3.4342968000931743e-23,3.3825853900341266e-23,5.171141005904777e-25,5.171141005904777e-25
20230526_200000,16,DRUM,3.712002233369205e-11,3.690446559456717e-11,2.1555673912487805e-13,2.1555673912487805e-13
20230526_200000,16,FLY,1.881375277790198e-09,1.8841641580280566e-09,-2.7888802378583932e-12,2.7888802378583932e-12
20230526_200000,16,FROG,3.21387527701944e-10,3.234628120907246e-10,-2.075284388780574e-12,2.075284388780574e-12
20230526_200000,16,GLGN,2.1026562923524145e-13,2.1072234940040097e-13,-4.567201651595187e-16,4.567201651595187e-16
20230526_200000,16,HOSA,1.9996077682549185e-08,1.9955180619035673e-08,4.0897063513511966e-11,4.0897063513511966e-11
20230526_200000,16,HYPI,5.776910945806628e-17,5.762643734601313e-17,1.4267211205314621e-19,1.4267211205314621e-19
20230526_200000,16,INSP,1.4657002278539721e-09,1.4779415469234891e-09,-1.2241319069516976e-11,1.2241319069516976e-11
20230526_200000,16,IXNA,2.813317504304913e-12,2.77896455846971e-12,3.435294583520321e-14,3.435294583520321e-14
20230526_200000,16,MEKE,2.4441819679310584e-09,2.4641346740850167e-09,-1.9952706153958388e-11,1.9952706153958388e-11
20230526_200000,16,MYTO,1.2722119246657114e-19,1.233252493296288e-19,3.8959431369423335e-21,3.8959431369423335e-21
20230526_200000,16,NUCO,3.347924202643777e-25,3.248582702330262e-25,9.93415003135149e-27,9.93415003135149e-27
20230526_200000,16,OCPR,4.630760971078077e-14,4.583219044627766e-14,4.754192645031047e-16,4.754192645031047e-16
20230526_200000,16,ORPI,1.5165505570097215e-13,1.503920956952981e-13,1.262960005674052e-15,1.262960005674052e-15
20230526_200000,16,PAFA,6.015424963701221e-11,5.966240002042156e-11,4.918496165906561e-13,4.918496165906561e-13
20230526_200000,16,PECA,7.861781298566111e-16,7.794169540529497e-16,6.7611758036614355e-18,6.7611758036614355e-18
20230526_200000,16,PHNU,1.108512615033419e-09,1.1076873862592151e-09,8.252287742038789e-13,8.252287742038789e-13
20230526_200000,16,PIMA,2.4319148783150227e-20,2.369053029170114e-20,6.286184914490876e-22,6.286184914490876e-22
20230526_200000,16,POEC,6.735571437621948e-14,6.593506394082099e-14,1.4206504353984906e-15,1.4206504353984906e-15
20230526_200000,16,PSFL,0.9999220371246338,0.9999212026596069,8.344650268554688e-07,8.344650268554688e-07
20230526_200000,16,SHOT,9.110213451679616e-12,9.051369029289269e-12,5.884442239034726e-14,5.884442239034726e-14
20230526_200000,16,SITT,8.675385930467794e-12,8.553986512171985e-12,1.2139941829580891e-13,1.2139941829580891e-13
20230526_200000,16,SPRU,2.477826327635952e-14,2.4481020780443147e-14,2.972424959163736e-16,2.972424959163736e-16
20230526_200000,16,STOC,4.1459096897754344e-13,4.1917855362998135e-13,-4.587584652437915e-15,4.587584652437915e-15
20230526_200000,16,STOC_IRREG,1.3164631806005488e-14,1.320886301947816e-14,-4.423121347267231e-17,4.423121347267231e-17
20230526_200000,16,STVA,2.969775814154474e-10,2.97796981518772e-10,-8.194001033245968e-13,8.194001033245968e-13
20230526_200000,16,STVA_IRREG,2.8484357983415975e-08,2.853321667828368e-08,-4.885869486770389e-11,4.885869486770389e-11
20230526_200000,16,TADO1,3.911372743703438e-18,3.85986213900823e-18,5.1510604695208416e-20,5.1510604695208416e-20
20230526_200000,16,TADO2,1.7162811970228287e-14,1.7031801384276464e-14,1.3101058595182263e-16,1.3101058595182263e-16
20230526_200000,16,TAMI,9.122292055533618e-17,9.076015601600462e-17,4.627645393315662e-19,4.627645393315662e-19
20230526_200000,16,TUMI,1.4182223451175702e-10,1.403359650709035e-10,1.4862694408535049e-12,1.4862694408535049e-12
20230526_200000,16,WHIS,4.825009258102716e-15,4.861067874183805e-15,-3.605861608108919e-17,3.605861608108919e-17
20230526_200000,16,YARD,6.495810291572146e-14,6.464582558499132e-14,3.122773307301374e-16,3.122773307301374e-16
20230526_200000,16,ZEMA,2.4358024278137158e-11,2.4203231432928796e-11,1.5479284520836245e-13,1.5479284520836245e-13
20230526_200000,17,AEAC,0.000815582403447479,0.0008101942366920412,5.388166755437851e-06,5.388166755437851e-06
20230526_200000,17,BRCA,1.767741014191415e-05,1.770085873431526e-05,-2.3448592401109636e-08,2.3448592401109636e-08
20230526_200000,17,BRMA,4.15037817447228e-08,4.119065266650068e-08,3.1312907822211855e-10,3.1312907822211855e-10
20230526_200000,17,BUVI,0.09112808108329773,0.09038322418928146,0.0007448568940162659,0.0007448568940162659
20230526_200000,17,CAGU,0.0001355566637357697,0.00013512486475519836,4.317989805713296e-07,4.317989805713296e-07
20230526_200000,17,CALU,0.0005018005613237619,0.0004975374904461205,4.2630708776414394e-06,4.2630708776414394e-06
20230526_200000,17,CAUS,2.447566293994896e-05,2.4433637008769438e-05,4.202593117952347e-08,4.202593117952347e-08
20230526_200000,17,CCOO,5.142006102687446e-06,5.121495178173063e-06,2.0510924514383078e-08,2.0510924514383078e-08
20230526_200000,17,CHFA,2.9697064746869728e-05,2.9740000172751024e-05,-4.2935425881296396e-08,4.2935425881296396e-08
20230526_200000,17,CHMI,0.002351776696741581,0.0023491797037422657,2.596992999315262e-06,2.596992999315262e-06
20230526_200000,17,CHMI_IRREG,0.0022662675473839045,0.0022564323153346777,9.835232049226761e-06,9.835232049226761e-06
20230526_200000,17,COAU,3.12393567583058e-05,3.117432788712904e-05,6.502887117676437e-08,6.502887117676437e-08
20230526_200000,17,COAU2,0.0001802644255803898,0.00018011726206168532,1.4716351870447397e-07,1.4716351870447397e-07
20230526_200000,17,COCO,0.030288884416222572,0.030451761558651924,-0.0001628771424293518,0.0001628771424293518
20230526_200000,17,CYST,0.0004455426533240825,0.0004450684937182814,4.741596058011055e-07,4.741596058011055e-07
20230526_200000,17,DEFU,0.0185798741877079,0.018484463915228844,9.541027247905731e-05,9.541027247905731e-05
20230526_200000,17,DOG,0.006078012753278017,0.00608054967597127,-2.5369226932525635e-06,2.5369226932525635e-06
20230526_200000,17,DRPU,2.2492538942486817e-09,2.2247184094936756e-09,2.453548475500611e-11,2.453548475500611e-11
20230526_200000,17,DRUM,0.02141287364065647,0.021468011662364006,-5.513802170753479e-05,5.513802170753479e-05
20230526_200000,17,FLY,0.015326445922255516,0.01529612485319376,3.0321069061756134e-05,3.0321069061756134e-05
20230526_200000,17,FROG,0.004214651882648468,0.004193504806607962,2.1147076040506363e-05,2.1147076040506363e-05
20230526_200000,17,GLGN,0.00019859614258166403,0.00019885778601747006,-2.61643435806036e-07,2.61643435806036e-07
20230526_200000,17,HOSA,0.030124135315418243,0.030215531587600708,-9.13962721824646e-05,9.13962721824646e-05
20230526_200000,17,HYPI,0.00021703435049857944,0.00021637664758600295,6.577029125764966e-07,6.577029125764966e-07
20230526_200000,17,INSP,0.2431657612323761,0.24346858263015747,-0.00030282139778137207,0.00030282139778137207
20230526_200000,17,IXNA,0.0007397540612146258,0.0007420153706334531,-2.2613094188272953e-06,2.2613094188272953e-06
20230526_200000,17,MEKE,0.17897339165210724,0.17786765098571777,0.0011057406663894653,0.0011057406663894653
20230526_200000,17,MYTO,2.981308000471472e-08,2.942623567037117e-08,3.8684433434355014e-10,3.8684433434355014e-10
20230526_200000,17,NUCO,1.2789757031228532e-09,1.2632160872882991e-09,1.5759615834554097e-11,1.5759615834554097e-11
20230526_200000,17,OCPR,1.9981825971626677e-05,1.983601032407023e-05,1.458156475564465e-07,1.458156475564465e-07
20230526_200000,17,ORPI,0.00033892932697199285,0.0003368938050698489,2.0355219021439552e-06,2.0355219021439552e-06
20230526_200000,17,PAFA,0.0023492146283388138,0.0023542034905403852,-4.9888622015714645e-06,4.9888622015714645e-06
20230526_200000,17,PECA,0.0001012392167467624,0.00010128659050678834,-4.7373760025948286e-08,4.7373760025948286e-08
20230526_200000,17,PHNU,6.328033578029135e-06,6.254029813135276e-06,7.400376489385962e-08,7.400376489385962e-08
20230526_200000,17,PIMA,3.9835839515944826e-08,3.9691393283192156e-08,1.4444623275267077e-10,1.4444623275267077e-10
20230526_200000,17,POEC,4.489210550673306e-05,4.453047949937172e-05,3.6162600736133754e-07,3.6162600736133754e-07
20230526_200000,17,PSFL,0.0007061643991619349,0.0007001382764428854,6.026122719049454e-06,6.026122719049454e-06
20230526_200000,17,SHOT,0.004925693850964308,0.004936159122735262,-1.0465271770954132e-05,1.0465271770954132e-05
20230526_200000,17,SITT,0.0001519187935627997,0.0001508489513071254,1.0698422556743026e-06,1.0698422556743026e-06
20230526_200000,17,SPRU,0.0018847542814910412,0.0018915041582658887,-6.7498767748475075e-06,6.7498767748475075e-06
20230526_200000,17,STOC,0.01861823908984661,0.01865546591579914,-3.722682595252991e-05,3.722682595252991e-05
20230526_200000,17,STOC_IRREG,0.0012826324673369527,0.0012864747550338507,-3.8422876968979836e-06,3.8422876968979836e-06
20230526_200000,17,STVA,0.11354833841323853,0.1141437441110611,-0.0005954056978225708,0.0005954056978225708
20230526_200000,17,STVA_IRREG,0.19900910556316376,0.1997290551662445,-0.0007199496030807495,0.0007199496030807495
20230526_200000,17,TADO1,6.45666295895353e-05,6.457506242441013e-05,-8.43283487483859e-09,8.43283487483859e-09
20230526_200000,17,TADO2,4.045843525091186e-05,4.044914021505974e-05,9.295035852119327e-09,9.295035852119327e-09
20230526_200000,17,TAMI,1.6340661659342004e-06,1.632946123208967e-06,1.1200427252333611e-09,1.1200427252333611e-09
20230526_200000,17,TUMI,0.0010442555649206042,0.0010408617090433836,3.3938558772206306e-06,3.3938558772206306e-06
20230526_200000,17,WHIS,0.001350676640868187,0.0013455410953611135,5.135545507073402e-06,5.135545507073402e-06
20230526_200000,17,YARD,0.007117494009435177,0.0071615916676819324,-4.40976582467556e-05,4.40976582467556e-05
20230526_200000,17,ZEMA,0.0001408194366376847,0.00014042657858226448,3.928580554202199e-07,3.928580554202199e-07
20230526_200000,18,AEAC,2.0454965124372393e-05,2.042604683083482e-05,2.8918293537572026e-08,2.8918293537572026e-08
20230526_200000,18,BRCA,9.077406559754309e-08,9.013849222583303e-08,6.35573371710052e-10,6.35573371710052e-10
20230526_200000,18,BRMA,4.849882717650189e-10,4.821578136748883e-10,2.8304580901306053e-12,2.8304580901306053e-12
20230526_200000,18,BUVI,0.03545652702450752,0.035801682621240616,-0.00034515559673309326,0.00034515559673309326
20230526_200000,18,CAGU,6.396357639459893e-05,6.4379746618215e-05,-4.161702236160636e-07,4.161702236160636e-07
20230526_200000,18,CALU,0.00010136517812497914,0.00010141520760953426,-5.0029484555125237e-08,5.0029484555125237e-08
20230526_200000,18,CAUS,2.813330581830087e-07,2.819409701260156e-07,-6.079119430069113e-10,6.079119430069113e-10
20230526_200000,18,CCOO,1.4907589829249446e-08,1.4857095997911074e-08,5.049383133837182e-11,5.049383133837182e-11
20230526_200000,18,CHFA,6.512944850101121e-08,6.495256599237109e-08,1.7688250864011934e-10,1.7688250864011934e-10
20230526_200000,18,CHMI,1.3105967809678987e-05,1.3110659892845433e-05,-4.692083166446537e-09,4.692083166446537e-09
20230526_200000,18,CHMI_IRREG,4.552945028990507e-05,4.556300336844288e-05,-3.355307853780687e-08,3.355307853780687e-08
20230526_200000,18,COAU,1.0645528192299025e-07,1.063587120597731e-07,9.656986321715522e-11,9.656986321715522e-11
20230526_200000,18,COAU2,6.001404813105182e-07,5.996126901663956e-07,5.277911441226024e-10,5.277911441226024e-10
20230526_200000,18,COCO,3.400820787646808e-05,3.4113785659428686e-05,-1.055777829606086e-07,1.055777829606086e-07
20230526_200000,18,CYST,1.7669296994426986e-06,1.7627446595724905e-06,4.185039870208129e-09,4.185039870208129e-09
20230526_200000,18,DEFU,0.0003331500047352165,0.00033383534173481166,-6.853369995951653e-07,6.853369995951653e-07
20230526_200000,18,DOG,4.486506441025995e-05,4.4810476538259536e-05,5.458787200041115e-08,5.458787200041115e-08
20230526_200000,18,DRPU,2.2184550203807607e-12,2.1961297797662427e-12,2.2325240614518016e-14,2.2325240614518016e-14
20230526_200000,18,DRUM,1.3659199794346932e-05,1.3650675100507215e-05,8.524693839717656e-09,8.524693839717656e-09
20230526_200000,18,FLY,0.0001732653472572565,0.00017343090439680964,-1.6555713955312967e-07,1.6555713955312967e-07
20230526_200000,18,FROG,5.947352838120423e-05,5.968581899651326e-05,-2.1229061530902982e-07,2.1229061530902982e-07
20230526_200000,18,GLGN,1.42437227168557e-06,1.425095547347155e-06,-7.232756615849212e-10,7.232756615849212e-10
20230526_200000,18,HOSA,0.0004990434972569346,0.0004986176500096917,4.2584724724292755e-07,4.2584724724292755e-07
20230526_200000,18,HYPI,3.255719249750655e-08,3.253541791536918e-08,2.177458213736827e-11,2.177458213736827e-11
20230526_200000,18,INSP,0.00018820015247911215,0.00018891680520027876,-7.166527211666107e-07,7.166527211666107e-07
20230526_200000,18,IXNA,7.074105269566644e-06,7.0842006607563235e-06,-1.0095391189679503e-08,1.0095391189679503e-08
20230526_200000,18,MEKE,0.00012213164882268757,0.00012251736188773066,-3.857130650430918e-07,3.857130650430918e-07
20230526_200000,18,MYTO,2.2332580229544874e-09,2.2237292007787346e-09,9.528822175752794e-12,9.528822175752794e-12
20230526_200000,18,NUCO,1.59367755537404e-12,1.5764787478916853e-12,1.7198807482354805e-14,1.7198807482354805e-14
20230526_200000,18,OCPR,8.842230840855336e-07,8.807895710560842e-07,3.4335130294493865e-09,3.4335130294493865e-09
20230526_200000,18,ORPI,3.7934278225293383e-06,3.7902977965131868e-06,3.1300260161515325e-09,3.1300260161515325e-09
20230526_200000,18,PAFA,4.333072138251737e-05,4.3462507164804265e-05,-1.317857822868973e-07,1.317857822868973e-07
20230526_200000,18,PECA,4.2132600697186717e-07,4.200483374461328e-07,1.2776695257343818e-09,1.2776695257343818e-09
20230526_200000,18,PHNU,9.986296208808199e-05,9.935212437994778e-05,5.108377081342041e-07,5.108377081342041e-07
20230526_200000,18,PIMA,5.682646575522199e-10,5.626104582212577e-10,5.6541993309622285e-12,5.6541993309622285e-12
20230526_200000,18,POEC,6.479957050942176e-07,6.499039386653749e-07,-1.908233571157325e-09,1.908233571157325e-09
20230526_200000,18,PSFL,0.9613598585128784,0.9610081911087036,0.0003516674041748047,0.0003516674041748047
20230526_200000,18,SHOT,7.787573849782348e-06,7.782283319102135e-06,5.2905306802131236e-09,5.2905306802131236e-09
20230526_200000,18,SITT,9.06260720512364e-06,9.048387255461421e-06,1.4219949662219733e-08,1.4219949662219733e-08
20230526_200000,18,SPRU,8.140951877066982e-07,8.143183549691457e-07,-2.2316726244753227e-10,2.2316726244753227e-10
20230526_200000,18,STOC,1.8976694263983518e-05,1.919683927553706e-05,-2.2014501155354083e-07,2.2014501155354083e-07
20230526_200000,18,STOC_IRREG,8.64030937464122e-07,8.716395427654788e-07,-7.608605301356874e-09,7.608605301356874e-09
20230526_200000,18,STVA,0.00010843227209988981,0.00010959534120047465,-1.1630691005848348e-06,1.1630691005848348e-06
20230526_200000,18,STVA_IRREG,0.0011175449471920729,0.0011207492789253592,-3.2043317332863808e-06,3.2043317332863808e-06
20230526_200000,18,TADO1,5.323855578609482e-09,5.296844296509562e-09,2.701128209992021e-11,2.701128209992021e-11
20230526_200000,18,TADO2,5.957508051324112e-07,5.973183192509168e-07,-1.5675141185056418e-09,1.5675141185056418e-09
20230526_200000,18,TAMI,7.553173730912022e-08,7.499301801772162e-08,5.387192913985928e-10,5.387192913985928e-10
20230526_200000,18,TUMI,2.1826297597726807e-05,2.183042852266226e-05,-4.13092493545264e-09,4.13092493545264e-09
20230526_200000,18,WHIS,1.2073903690179577e-06,1.2142893410782563e-06,-6.898972060298547e-09,6.898972060298547e-09
20230526_200000,18,YARD,1.4956219729356235e-06,1.494942239332886e-06,6.797336027375422e-10,6.797336027375422e-10
20230526_200000,18,ZEMA,2.2312146029435098e-05,2.230087739008013e-05,1.1268639354966581e-08,1.1268639354966581e-08
20230526_200000,19,AEAC,8.514224048017383e-12,8.498549086688456e-12,1.567496132892643e-14,1.567496132892643e-14
20230526_200000,19,BRCA,2.2440996428257364e-17,2.222731416933899e-17,2.1368225891837343e-19,2.1368225891837343e-19
20230526_200000,19,BRMA,1.039492894779332e-21,1.0303572544081486e-21,9.135640371183494e-24,9.135640371183494e-24
20230526_200000,19,BUVI,0.00010129902511835098,0.0001015425514196977,-2.4352630134671926e-07,2.4352630134671926e-07
20230526_200000,19,CAGU,8.388480882137728e-11,8.354834879487072e-11,3.364600265065576e-13,3.364600265065576e-13
20230526_200000,19,CALU,2.8431649395921355e-11,2.8487065137361434e-11,-5.54157414400791e-14,5.54157414400791e-14
20230526_200000,19,CAUS,6.270299564299479e-16,6.229957502604125e-16,4.034206169535419e-18,4.034206169535419e-18
20230526_200000,19,CCOO,1.0869151180995252e-18,1.0776298089284644e-18,9.285309171060874e-21,9.285309171060874e-21
20230526_200000,19,CHFA,2.971724436446577e-17,2.936643044923713e-17,3.5081391522863946e-19,3.5081391522863946e-19
20230526_200000,19,CHMI,2.8690298400912972e-11,2.8664147444512622e-11,2.6150956400350367e-14,2.6150956400350367e-14
20230526_200000,19,CHMI_IRREG,3.092291145367909e-10,3.0990332522407016e-10,-6.742106872792419e-13,6.742106872792419e-13
20230526_200000,19,COAU,1.5270482026667938e-17,1.5164594636455024e-17,1.0588739021291307e-19,1.0588739021291307e-19
20230526_200000,19,COAU2,1.0882071560183596e-15,1.0816428624353756e-15,6.564293582984014e-18,6.564293582984014e-18
20230526_200000,19,COCO,7.615334578214839e-12,7.592287909474749e-12,2.304666874008987e-14,2.304666874008987e-14
20230526_200000,19,CYST,1.2404282516507298e-13,1.230526097684148e-13,9.902153966581673e-16,9.902153966581673e-16
20230526_200000,19,DEFU,4.429445255027531e-09,4.4209875760259365e-09,8.457679001594443e-12,8.457679001594443e-12
20230526_200000,19,DOG,5.472301084497033e-11,5.4523795200989156e-11,1.9921564398117653e-13,1.9921564398117653e-13
20230526_200000,19,DRPU,3.655728606656799e-25,3.5867843822117785e-25,6.89442244450205e-27,6.89442244450205e-27
20230526_200000,19,DRUM,5.469052728052093e-12,5.452875564276871e-12,1.6177163775221715e-14,1.6177163775221715e-14
20230526_200000,19,FLY,6.866739954425327e-10,6.852503009469046e-10,1.4236944956280695e-12,1.4236944956280695e-12
20230526_200000,19,FROG,2.9127100037440457e-11,2.9066101955854684e-11,6.099808158577247e-14,6.099808158577247e-14
20230526_200000,19,GLGN,2.0678141002868772e-14,2.055529242639669e-14,1.228485764720802e-16,1.228485764720802e-16
20230526_200000,19,HOSA,1.6859194040819148e-09,1.6817151005099618e-09,4.204303571953005e-12,4.204303571953005e-12
20230526_200000,19,HYPI,1.0730480555155331e-18,1.0651320404509772e-18,7.916015064555906e-21,7.916015064555906e-21
20230526_200000,19,INSP,4.3597064847133993e-10,4.3744988187377487e-10,-1.479233402434943e-12,1.479233402434943e-12
20230526_200000,19,IXNA,1.834445356035941e-12,1.8233693634822634e-12,1.1075992553677416e-14,1.1075992553677416e-14
20230526_200000,19,MEKE,1.1593990351110861e-10,1.1653315812321097e-10,-5.932546121023563e-13,5.932546121023563e-13
20230526_200000,19,MYTO,4.9435984827930705e-21,4.918428846937374e-21,2.516963585569679e-23,2.516963585569679e-23
20230526_200000,19,NUCO,5.090654236487296e-27,5.043913072294985e-27,4.674116419231158e-29,4.674116419231158e-29
20230526_200000,19,OCPR,5.0268110461377906e-15,4.9991965015078795e-15,2.7614544629911073e-17,2.7614544629911073e-17
20230526_200000,19,ORPI,1.3751956828335094e-14,1.3662175571090875e-14,8.978125724421956e-17,8.978125724421956e-17
20230526_200000,19,PAFA,3.1714832149365435e-11,3.1602574723788024e-11,1.1225742557741114e-13,1.1225742557741114e-13
20230526_200000,19,PECA,2.2570815477080417e-16,2.242688075654027e-16,1.4393472054014715e-18,1.4393472054014715e-18
20230526_200000,19,PHNU,2.6241381290148524e-10,2.609349125659577e-10,1.4789003355275554e-12,1.4789003355275554e-12
20230526_200000,19,PIMA,2.4057356620593564e-21,2.376020975699236e-21,2.971468636012024e-23,2.971468636012024e-23
20230526_200000,19,POEC,1.6489566255069809e-15,1.6516947653880988e-15,-2.7381398811179326e-18,2.7381398811179326e-18
20230526_200000,19,PSFL,0.9998986721038818,0.9998984336853027,2.384185791015625e-07,2.384185791015625e-07
20230526_200000,19,SHOT,3.9360699487060724e-13,3.93100455615622e-13,5.065392549852277e-16,5.065392549852277e-16
20230526_200000,19,SITT,3.54694919268983e-12,3.5204465211047253e-12,2.6502671585104665e-14,2.6502671585104665e-14
20230526_200000,19,SPRU,2.7135204449895128e-15,2.6968334724121294e-15,1.6686972577383344e-17,1.6686972577383344e-17
20230526_200000,19,STOC,7.232662548300323e-14,7.249635733310583e-14,-1.6973185010260572e-16,1.6973185010260572e-16
20230526_200000,19,STOC_IRREG,6.173323291563926e-16,6.194552584200079e-16,-2.1229292636152936e-18,2.1229292636152936e-18
20230526_200000,19,STVA,1.4678636778286958e-11,1.474375656285165e-11,-6.511978456469336e-14,6.511978456469336e-14
20230526_200000,19,STVA_IRREG,5.775907307992156e-09,5.788169499254536e-09,-1.2262191262379929e-11,1.2262191262379929e-11
20230526_200000,19,TADO1,5.216051016273367e-19,5.132616926800323e-19,8.343408947304398e-21,8.343408947304398e-21
20230526_200000,19,TADO2,2.0561637973721047e-15,2.041220865633118e-15,1.494293173898674e-17,1.494293173898674e-17
20230526_200000,19,TAMI,9.98380612289964e-18,9.870538627261528e-18,1.1326749563811119e-19,1.1326749563811119e-19
20230526_200000,19,TUMI,3.7016143622503606e-11,3.6834077454805936e-11,1.820661676976698e-13,1.820661676976698e-13
20230526_200000,19,WHIS,1.2769781362533146e-16,1.276359405155125e-16,6.187310981896647e-20,6.187310981896647e-20
20230526_200000,19,YARD,1.846849462369595e-15,1.8474055394994675e-15,-5.560771298724482e-19,5.560771298724482e-19
20230526_200000,19,ZEMA,8.509807442047546e-12,8.47810103371538e-12,3.170640833216609e-14,3.170640833216609e-14
20230526_200000,2,AEAC,8.660492767376127e-09,8.641784177143563e-09,1.8708590232563438e-11,1.8708590232563438e-11
20230526_200000,2,BRCA,8.028214052747951e-13,7.95488458091298e-13,7.332947183497085e-15,7.332947183497085e-15
20230526_200000,2,BRMA,1.3558026252781058e-17,1.3520277038346588e-17,3.774921443446997e-20,3.774921443446997e-20
20230526_200000,2,BUVI,0.00034800273715518415,0.0003514602140057832,-3.4574768505990505e-06,3.4574768505990505e-06
20230526_200000,2,CAGU,4.541677256497678e-09,4.5363539591392055e-09,5.3232973584727006e-12,5.3232973584727006e-12
20230526_200000,2,CALU,3.122320846316029e-09,3.098804102208419e-09,2.3516744107610066e-11,2.3516744107610066e-11
20230526_200000,2,CAUS,3.316252708638473e-13,3.293787226472944e-13,2.2465482165529016e-15,2.2465482165529016e-15
20230526_200000,2,CCOO,7.693704444963322e-15,7.70483869305498e-15,-1.1134248091657778e-17,1.1134248091657778e-17
20230526_200000,2,CHFA,2.837730118704536e-14,2.851849819122086e-14,-1.4119700417550285e-16,1.4119700417550285e-16
20230526_200000,2,CHMI,2.0012578261230374e-08,2.007872978992964e-08,-6.615152869926533e-11,6.615152869926533e-11
20230526_200000,2,CHMI_IRREG,2.618245957819454e-07,2.6054314616885677e-07,1.2814496130886255e-09,1.2814496130886255e-09
20230526_200000,2,COAU,1.9139688613297942e-14,1.907802461473783e-14,6.166399856011306e-17,6.166399856011306e-17
20230526_200000,2,COAU2,7.392580471388133e-13,7.428753792670939e-13,-3.617332128280637e-15,3.617332128280637e-15
20230526_200000,2,COCO,2.3792907644093475e-09,2.3829156425847486e-09,-3.624878175401136e-12,3.624878175401136e-12
20230526_200000,2,CYST,1.6512595110707018e-11,1.658415765826149e-11,-7.156254755447122e-14,7.156254755447122e-14
20230526_200000,2,DEFU,4.6993605451461917e-07,4.724999769223359e-07,-2.5639224077167455e-09,2.5639224077167455e-09
20230526_200000,2,DOG,1.1161964685868497e-08,1.1111731090807098e-08,5.023359506139968e-11,5.023359506139968e-11
20230526_200000,2,DRPU,1.604474479350865e-19,1.5940429563447471e-19,1.0431523006117947e-21,1.0431523006117947e-21
20230526_200000,2,DRUM,2.9924041022866277e-09,2.999170689577113e-09,-6.766587290485404e-12,6.766587290485404e-12
20230526_200000,2,FLY,2.665798959355925e-08,2.6831129318338753e-08,-1.73139724779503e-10,1.73139724779503e-10
20230526_200000,2,FROG,7.199286944370442e-09,7.126947032531916e-09,7.233991183852595e-11,7.233991183852595e-11
20230526_200000,2,GLGN,1.0177583775750065e-10,1.0183588000645116e-10,-6.004224895050925e-14,6.004224895050925e-14
20230526_200000,2,HOSA,1.594363681078903e-07,1.5895773231022758e-07,4.786357976627187e-10,4.786357976627187e-10
20230526_200000,2,HYPI,2.9872985189043424e-14,2.9771632614706764e-14,1.0135257433666056e-16,1.0135257433666056e-16
20230526_200000,2,INSP,1.7494235748927167e-07,1.7580541111783532e-07,-8.630536285636481e-10,8.630536285636481e-10
20230526_200000,2,IXNA,2.1510386527534564e-10,2.152652223141871e-10,-1.613570388414587e-13,1.613570388414587e-13
20230526_200000,2,MEKE,5.4050453002219e-08,5.399091662638966e-08,5.95363758293388e-11,5.95363758293388e-11
20230526_200000,2,MYTO,1.961874551373259e-17,1.9512471002993002e-17,1.0627451073958789e-19,1.0627451073958789e-19
20230526_200000,2,NUCO,9.684735019089376e-22,9.5122842191918e-22,1.724507998975756e-23,1.724507998975756e-23
20230526_200000,2,OCPR,1.7866262289056856e-11,1.7782228814433587e-11,8.403347462326849e-14,8.403347462326849e-14
20230526_200000,2,ORPI,6.612150497270486e-12,6.5970735818599024e-12,1.5076915410583425e-14,1.5076915410583425e-14
20230526_200000,2,PAFA,3.5702258927017283e-09,3.596678288531052e-09,-2.6452395829323905e-11,2.6452395829323905e-11
20230526_200000,2,PECA,2.2392028823595839e-13,2.2361989647154412e-13,3.0039176441426507e-16,3.0039176441426507e-16
20230526_200000,2,PHNU,4.027290145813822e-08,3.985887531143817e-08,4.140261467000528e-10,4.140261467000528e-10
20230526_200000,2,PIMA,2.2360400912453873e-17,2.2268560703403335e-17,9.184020905053756e-20,9.184020905053756e-20
20230526_200000,2,POEC,2.737618074941106e-12,2.745855409366782e-12,-8.237334425675868e-15,8.237334425675868e-15
20230526_200000,2,PSFL,0.9996501207351685,0.9996466636657715,3.4570693969726562e-06,3.4570693969726562e-06
20230526_200000,2,SHOT,6.612208003353715e-10,6.581872269428857e-10,3.0335733924857777e-12,3.0335733924857777e-12
20230526_200000,2,SITT,1.2218692724275115e-10,1.2217112044243805e-10,1.5806800313100666e-14,1.5806800313100666e-14
20230526_200000,2,SPRU,2.136516658035603e-12,2.1391272000265138e-12,-2.6105419909105976e-15,2.6105419909105976e-15
20230526_200000,2,STOC,7.824662445754527e-11,7.780228544751466e-11,4.443390100306033e-13,4.443390100306033e-13
20230526_200000,2,STOC_IRREG,2.0446326923218017e-12,2.0285630814020905e-12,1.6069610919711153e-14,1.6069610919711153e-14
20230526_200000,2,STVA,5.355855314803648e-09,5.386005863527998e-09,-3.01505487243503e-11,3.01505487243503e-11
20230526_200000,2,STVA_IRREG,5.91231753332977e-07,5.910797540309431e-07,1.5199930203380063e-10,1.5199930203380063e-10
20230526_200000,2,TADO1,2.8633256332497243e-15,2.873985331132683e-15,-1.0659697882958556e-17,1.0659697882958556e-17
20230526_200000,2,TADO2,7.893292681797337e-13,7.876076093399353e-13,1.7216588397983568e-15,1.7216588397983568e-15
20230526_200000,2,TAMI,2.4900847578552057e-14,2.483199057620386e-14,6.885700234819658e-17,6.885700234819658e-17
20230526_200000,2,TUMI,2.9428943726372836e-09,2.9385145428051374e-09,4.3798298321462426e-12,4.3798298321462426e-12
20230526_200000,2,WHIS,7.407146185474389e-13,7.363129745675823e-13,4.401643979856651e-15,4.401643979856651e-15
20230526_200000,2,YARD,6.530942019827846e-12,6.539969520796829e-12,-9.027500968983304e-15,9.027500968983304e-15
20230526_200000,2,ZEMA,1.3392996711658611e-09,1.3442419399822825e-09,-4.942268816421347e-12,4.942268816421347e-12
20230526_200000,20,AEAC,2.6802480235232906e-09,2.663456788454255e-09,1.6791235069035793e-11,1.6791235069035793e-11
20230526_200000,20,BRCA,3.7456011057514227e-13,3.7664204979685756e-13,-2.08193922171529e-15,2.08193922171529e-15
20230526_200000,20,BRMA,1.9624899737489984e-17,1.974354390710969e-17,-1.1864416961970587e-19,1.1864416961970587e-19
20230526_200000,20,BUVI,3.1069695978658274e-05,3.0778774089412764e-05,2.909218892455101e-07,2.909218892455101e-07
20230526_200000,20,CAGU,9.976257153709867e-09,1.002606619948665e-08,-4.980904577678302e-11,4.980904577678302e-11
20230526_200000,20,CALU,8.851885446858887e-09,8.717279342818074e-09,1.3460610404081308e-10,1.3460610404081308e-10
20230526_200000,20,CAUS,3.653353119158209e-13,3.686427519581509e-13,-3.3074400423299677e-15,3.3074400423299677e-15
20230526_200000,20,CCOO,1.5018739493700105e-14,1.5196909486023258e-14,-1.7816999232315306e-16,1.7816999232315306e-16
20230526_200000,20,CHFA,3.7950460780649883e-14,3.832223709372695e-14,-3.717763130770685e-16,3.717763130770685e-16
20230526_200000,20,CHMI,3.260629810597493e-08,3.288059957640144e-08,-2.743014704265079e-10,2.743014704265079e-10
20230526_200000,20,CHMI_IRREG,4.77127912290598e-07,4.792526624441962e-07,-2.1247501535981428e-09,2.1247501535981428e-09
20230526_200000,20,COAU,1.3223033880685724e-14,1.3246135010256191e-14,-2.3101129570466533e-17,2.3101129570466533e-17
20230526_200000,20,COAU2,1.9320101074526974e-12,1.9540391440336924e-12,-2.2029036580994976e-14,2.2029036580994976e-14
20230526_200000,20,COCO,4.726889102357745e-09,4.738110348512237e-09,-1.1221246154491382e-11,1.1221246154491382e-11
20230526_200000,20,CYST,1.5248175985749235e-11,1.5332813144142143e-11,-8.463715839290842e-14,8.463715839290842e-14
20230526_200000,20,DEFU,4.259346155777166e-07,4.2698525248852093e-07,-1.0506369108043145e-09,1.0506369108043145e-09
20230526_200000,20,DOG,9.919013166381774e-09,9.95669946490807e-09,-3.7686298526296014e-11,3.7686298526296014e-11
20230526_200000,20,DRPU,6.104019064091386e-20,6.051184841169122e-20,5.283422292226397e-22,5.283422292226397e-22
20230526_200000,20,DRUM,2.301598023279894e-09,2.322209091687455e-09,-2.0611068407561106e-11,2.0611068407561106e-11
20230526_200000,20,FLY,1.494386303591e-08,1.498490931339802e-08,-4.104627748802159e-11,4.104627748802159e-11
20230526_200000,20,FROG,5.082881227025382e-09,5.0549022745371985e-09,2.7978952488183495e-11,2.7978952488183495e-11
20230526_200000,20,GLGN,5.3277424139075436e-11,5.332969829630052e-11,-5.2274157225085105e-14,5.2274157225085105e-14
20230526_200000,20,HOSA,2.833277505942533e-07,2.8376371119520627e-07,-4.3596060095296707e-10,4.3596060095296707e-10
20230526_200000,20,HYPI,3.141129358301322e-15,3.1437674424155456e-15,-2.6380841142235184e-18,2.6380841142235184e-18
20230526_200000,20,INSP,4.794639707483839e-08,4.781490403615862e-08,1.3149303867976414e-10,1.3149303867976414e-10
20230526_200000,20,IXNA,1.8255603972949785e-10,1.8403914503473118e-10,-1.4831053052333232e-12,1.4831053052333232e-12
20230526_200000,20,MEKE,5.72548497501657e-09,5.70262104204744e-09,2.2863932969130474e-11,2.2863932969130474e-11
20230526_200000,20,MYTO,8.18606058323303e-17,8.250833457407362e-17,-6.477287417433236e-19,6.477287417433236e-19
20230526_200000,20,NUCO,1.0076230353774382e-20,1.0243933145033839e-20,-1.677027912594569e-22,1.677027912594569e-22
20230526_200000,20,OCPR,3.341706772408415e-11,3.3689256245805765e-11,-2.721885217216169e-13,2.721885217216169e-13
20230526_200000,20,ORPI,4.175064807765416e-12,4.203527716878375e-12,-2.8462909112958457e-14,2.8462909112958457e-14
20230526_200000,20,PAFA,2.724798608966239e-09,2.7429558624447736e-09,-1.8157253478534585e-11,1.8157253478534585e-11
20230526_200000,20,PECA,3.087435905893554e-13,3.1045381109623404e-13,-1.7102205068786347e-15,1.7102205068786347e-15
20230526_200000,20,PHNU,3.249324365128814e-08,3.235589574046571e-08,1.3734791082242737e-10,1.3734791082242737e-10
20230526_200000,20,PIMA,2.4532189087874713e-16,2.5042494674859907e-16,-5.103055869851939e-18,5.103055869851939e-18
20230526_200000,20,POEC,1.6563424243276614e-11,1.6700724136953227e-11,-1.3729989367661233e-13,1.3729989367661233e-13
20230526_200000,20,PSFL,0.9999673366546631,0.9999675750732422,-2.384185791015625e-07,2.384185791015625e-07
20230526_200000,20,SHOT,1.8482364527727668e-09,1.8612553720487313e-09,-1.3018919275964436e-11,1.3018919275964436e-11
20230526_200000,20,SITT,2.1024981755601857e-10,2.1074691991529448e-10,-4.971023592759138e-13,4.971023592759138e-13
20230526_200000,20,SPRU,1.3922757261322638e-12,1.410628883667664e-12,-1.8353157535400122e-14,1.8353157535400122e-14
20230526_200000,20,STOC,2.20915473414518e-11,2.200995982692966e-11,8.158751452214119e-14,8.158751452214119e-14
20230526_200000,20,STOC_IRREG,3.720481225617106e-13,3.722582951528469e-13,-2.1017259113631503e-16,2.1017259113631503e-16
20230526_200000,20,STVA,2.8153751552295603e-10,2.800545628733886e-10,1.4829526495674372e-12,1.4829526495674372e-12
20230526_200000,20,STVA_IRREG,2.2479173367173644e-07,2.2497729901260755e-07,-1.8556534087110776e-10,1.8556534087110776e-10
20230526_200000,20,TADO1,1.4816095966673696e-15,1.4879988720676272e-15,-6.389275400257594e-18,6.389275400257594e-18
20230526_200000,20,TADO2,3.4227118752075403e-13,3.4147576259691004e-13,7.954249238439903e-16,7.954249238439903e-16
20230526_200000,20,TAMI,1.951987765760714e-14,1.9613034341146168e-14,-9.315668353902795e-17,9.315668353902795e-17
20230526_200000,20,TUMI,3.9495620107743434e-09,3.968788409025592e-09,-1.922639825124861e-11,1.922639825124861e-11
20230526_200000,20,WHIS,1.6371310502995978e-13,1.634856800717538e-13,2.274249582059906e-16,2.274249582059906e-16
20230526_200000,20,YARD,6.8770349657965024e-12,6.92181858705232e-12,-4.478362125581725e-14,4.478362125581725e-14
20230526_200000,20,ZEMA,4.945341913753509e-10,4.977745993173244e-10,-3.2404079419734444e-12,3.2404079419734444e-12
20230526_200000,21,AEAC,6.797558427251715e-08,6.810269326251728e-08,-1.2710899000012432e-10,1.2710899000012432e-10
20230526_200000,21,BRCA,7.069908547485682e-11,7.103476834524614e-11,-3.3568287038932e-13,3.3568287038932e-13
20230526_200000,21,BRMA,1.884804161703113e-15,1.8908987755168446e-15,-6.0946138137315045e-18,6.0946138137315045e-18
20230526_200000,21,BUVI,0.003433411940932274,0.0034311432391405106,2.2687017917633057e-06,2.2687017917633057e-06
20230526_200000,21,CAGU,3.597149600409466e-07,3.5812433907267405e-07,1.5906209682725603e-09,1.5906209682725603e-09
20230526_200000,21,CALU,0.0020557325333356857,0.0020531450863927603,2.587446942925453e-06,2.587446942925453e-06
20230526_200000,21,CAUS,1.0445698472860698e-10,1.0463933886040166e-10,-1.8235413179468196e-13,1.8235413179468196e-13
20230526_200000,21,CCOO,3.796081504692239e-12,3.796772791997416e-12,-6.912873051767576e-16,6.912873051767576e-16
20230526_200000,21,CHFA,9.69054697597116e-12,9.71841357388925e-12,-2.786659791809143e-14,2.786659791809143e-14
20230526_200000,21,CHMI,1.714750226256001e-07,1.711596979703245e-07,3.1532465527561726e-10,3.1532465527561726e-10
20230526_200000,21,CHMI_IRREG,4.906364665657748e-07,4.920135552310967e-07,-1.377088665321935e-09,1.377088665321935e-09
20230526_200000,21,COAU,9.293645020225227e-11,9.314505416968544e-11,-2.08603967433163e-13,2.08603967433163e-13
20230526_200000,21,COAU2,7.513748512266716e-10,7.521756550943337e-10,-8.008038676621254e-13,8.008038676621254e-13
20230526_200000,21,COCO,8.495234169458854e-07,8.49906655275845e-07,-3.8323832995956764e-10,3.8323832995956764e-10
20230526_200000,21,CYST,5.510342404591029e-09,5.5101478935171144e-09,1.9451107391432743e-13,1.9451107391432743e-13
20230526_200000,21,DEFU,1.2678757229878101e-05,1.264090769836912e-05,3.784953150898218e-08,3.784953150898218e-08
20230526_200000,21,DOG,5.136056984156312e-07,5.153130473445344e-07,-1.7073489289032295e-09,1.7073489289032295e-09
20230526_200000,21,DRPU,3.233633641182507e-17,3.25473733471445e-17,-2.1103693531942884e-19,2.1103693531942884e-19
20230526_200000,21,DRUM,2.4065514026005985e-07,2.413819117919047e-07,-7.267715318448609e-10,7.267715318448609e-10
20230526_200000,21,FLY,7.990628546394873e-06,7.984374860825483e-06,6.2536855693906546e-09,6.2536855693906546e-09
20230526_200000,21,FROG,1.972430254681967e-06,1.9693216017913073e-06,3.1086528906598687e-09,3.1086528906598687e-09
20230526_200000,21,GLGN,6.605966329509272e-10,6.63450905324936e-10,-2.854272374008815e-12,2.854272374008815e-12
20230526_200000,21,HOSA,4.305569746065885e-05,4.311342854634859e-05,-5.773108568973839e-08,5.773108568973839e-08
20230526_200000,21,HYPI,5.85708148648223e-11,5.839183303546491e-11,1.7898182935738305e-13,1.7898182935738305e-13
20230526_200000,21,INSP,2.107402451656526e-06,2.1124751583556645e-06,-5.072706699138507e-09,5.072706699138507e-09
20230526_200000,21,IXNA,3.0126663830287725e-08,3.010434923567118e-08,2.2314594616545946e-11,2.2314594616545946e-11
20230526_200000,21,MEKE,3.2709049264667556e-06,3.274047685408732e-06,-3.1427589419763535e-09,3.1427589419763535e-09
20230526_200000,21,MYTO,1.3720171916989377e-13,1.369035771249874e-13,2.9814204490635765e-16,2.9814204490635765e-16
20230526_200000,21,NUCO,1.562961407013641e-17,1.5649793968360254e-17,-2.0179898223843663e-20,2.0179898223843663e-20
20230526_200000,21,OCPR,6.085480452888703e-10,6.081146697312079e-10,4.3337555766242986e-13,4.3337555766242986e-13
20230526_200000,21,ORPI,4.61308236054947e-09,4.621955707051484e-09,-8.873346502014101e-12,8.873346502014101e-12
20230526_200000,21,PAFA,3.8910934563318733e-07,3.915337458693102e-07,-2.4244002361228922e-09,2.4244002361228922e-09
20230526_200000,21,PECA,1.8407368684858483e-10,1.8417815883520205e-10,-1.0447198661722723e-13,1.0447198661722723e-13
20230526_200000,21,PHNU,1.8050418759685272e-07,1.807375866746952e-07,-2.333990778424777e-10,2.333990778424777e-10
20230526_200000,21,PIMA,1.1528970527275965e-14,1.1530960207669066e-14,-1.9896803931003515e-18,1.9896803931003515e-18
20230526_200000,21,POEC,5.717134499150234e-08,5.682871773160514e-08,3.426272598971991e-10,3.426272598971991e-10
20230526_200000,21,PSFL,0.9944278001785278,0.9944325089454651,-4.708766937255859e-06,4.708766937255859e-06
20230526_200000,21,SHOT,5.669882625625178e-07,5.662629973812727e-07,7.252651812450495e-10,7.252651812450495e-10
20230526_200000,21,SITT,1.0915198345173849e-07,1.0918289916617141e-07,-3.091571443292196e-11,3.091571443292196e-11
20230526_200000,21,SPRU,1.6111890710490684e-09,1.61658986197466e-09,-5.4007909255915365e-12,5.4007909255915365e-12
20230526_200000,21,STOC,4.775512429944229e-09,4.785318363786928e-09,-9.805933842699233e-12,9.805933842699233e-12
20230526_200000,21,STOC_IRREG,6.226764104333427e-10,6.259778806416705e-10,-3.301470208327828e-12,3.301470208327828e-12
20230526_200000,21,STVA,9.587190419324543e-08,9.648285725916139e-08,-6.109530659159645e-10,6.109530659159645e-10
20230526_200000,21,STVA_IRREG,7.506458132411353e-06,7.552298939117463e-06,-4.5840806706110016e-08,4.5840806706110016e-08
20230526_200000,21,TADO1,4.5041487900521204e-13,4.516334138268685e-13,-1.2185348216564584e-15,1.2185348216564584e-15
20230526_200000,21,TADO2,1.3911880536454646e-09,1.386384229640214e-09,4.80382400525059e-12,4.80382400525059e-12
20230526_200000,21,TAMI,7.303251753354445e-12,7.323162909411707e-12,-1.9911156057261792e-14,1.9911156057261792e-14
20230526_200000,21,TUMI,2.1533031713261153e-07,2.1515583625841828e-07,1.744808741932502e-10,1.744808741932502e-10
20230526_200000,21,WHIS,1.5379492124267813e-10,1.5464399205633583e-10,-8.490708136577041e-13,8.490708136577041e-13
20230526_200000,21,YARD,9.441196269222019e-09,9.487291841026035e-09,-4.60955718040168e-11,4.60955718040168e-11
20230526_200000,21,ZEMA,3.132504033942496e-08,3.1399604694115624e-08,-7.456435469066491e-11,7.456435469066491e-11
20230526_200000,22,AEAC,1.6294245466785817e-11,1.6279991243983716e-11,1.4254222802101424e-14,1.4254222802101424e-14
20230526_200000,22,BRCA,6.369666587528657e-17,6.293970958801685e-17,7.569562872697258e-19,7.569562872697258e-19
20230526_200000,22,BRMA,1.4845239201252995e-20,1.452155793456474e-20,3.2368126668825496e-22,3.2368126668825496e-22
20230526_200000,22,BUVI,7.525487308157608e-05,7.506880501750857e-05,1.8606806406751275e-07,1.8606806406751275e-07
20230526_200000,22,CAGU,3.3688152267785654e-10,3.3286282064004524e-10,4.018702037811295e-12,4.018702037811295e-12
20230526_200000,22,CALU,8.471037760138245e-11,8.414677288293149e-11,5.636047184509607e-13,5.636047184509607e-13
20230526_200000,22,CAUS,3.4270042485490693e-15,3.366456215896964e-15,6.054803265210552e-17,6.054803265210552e-17
20230526_200000,22,CCOO,1.8227833041918548e-17,1.7813536323398914e-17,4.142967185196341e-19,4.142967185196341e-19
20230526_200000,22,CHFA,2.411951728295038e-16,2.370847601644951e-16,4.110412665008704e-18,4.110412665008704e-18
20230526_200000,22,CHMI,1.1070464683848869e-10,1.094047005767429e-10,1.299946261745788e-12,1.299946261745788e-12
20230526_200000,22,CHMI_IRREG,5.812447745334737e-10,5.776683575930974e-10,3.576416940376248e-12,3.576416940376248e-12
20230526_200000,22,COAU,4.123058602213415e-17,4.041462197868734e-17,8.159640434468086e-19,8.159640434468086e-19
20230526_200000,22,COAU2,4.896631823023698e-15,4.807825500701768e-15,8.880632232192986e-17,8.880632232192986e-17
20230526_200000,22,COCO,1.6740957578531557e-11,1.660158989447158e-11,1.3936768405997668e-13,1.3936768405997668e-13
20230526_200000,22,CYST,3.0028608180750205e-13,2.958574140884962e-13,4.428667719005852e-15,4.428667719005852e-15
20230526_200000,22,DEFU,1.0985266918339676e-08,1.0949603890253456e-08,3.566302808621913e-11,3.566302808621913e-11
20230526_200000,22,DOG,7.213588060217546e-11,7.156757131365765e-11,5.683092885178098e-13,5.683092885178098e-13
20230526_200000,22,DRPU,1.1783336825865657e-23,1.162049779122722e-23,1.6283903463843692e-25,1.6283903463843692e-25
20230526_200000,22,DRUM,1.1159584541176049e-11,1.1044731101916838e-11,1.1485343925921043e-13,1.1485343925921043e-13
20230526_200000,22,FLY,7.173445171204662e-10,7.117759159847026e-10,5.568601135763629e-12,5.568601135763629e-12
20230526_200000,22,FROG,6.864374346715607e-11,6.802012425533022e-11,6.236192118258543e-13,6.236192118258543e-13
20230526_200000,22,GLGN,3.055190242505848e-14,3.0354069409897766e-14,1.9783301516071439e-16,1.9783301516071439e-16
20230526_200000,22,HOSA,2.6119335583274506e-09,2.5964022043467594e-09,1.5531353980691165e-11,1.5531353980691165e-11
20230526_200000,22,HYPI,4.322657697612767e-18,4.2510176527110805e-18,7.164004490168634e-20,7.164004490168634e-20
20230526_200000,22,INSP,1.7093088056086003e-09,1.7060128865153956e-09,3.2959190932047022e-12,3.2959190932047022e-12
20230526_200000,22,IXNA,5.354998996315308e-12,5.292733699230334e-12,6.226529708497353e-14,6.226529708497353e-14
20230526_200000,22,MEKE,1.8097846832265674e-10,1.8019354064424675e-10,7.849276784099857e-13,7.849276784099857e-13
20230526_200000,22,MYTO,1.760457090682726e-19,1.7088017293803207e-19,5.1655361302405196e-21,5.1655361302405196e-21
20230526_200000,22,NUCO,3.1933751963247427e-26,3.099947256201749e-26,9.342794012299367e-28,9.342794012299367e-28
20230526_200000,22,OCPR,2.299773903485878e-14,2.2614482037214625e-14,3.8325699764415327e-16,3.8325699764415327e-16
20230526_200000,22,ORPI,2.3243190548248235e-14,2.2901968407644524e-14,3.4122214060371137e-16,3.4122214060371137e-16
20230526_200000,22,PAFA,1.020563425435661e-10,1.010680428237265e-10,9.882997198396026e-13,9.882997198396026e-13
20230526_200000,22,PECA,3.2537309536939934e-16,3.198427643172168e-16,5.53033105218253e-18,5.53033105218253e-18
20230526_200000,22,PHNU,3.473923371188903e-10,3.4507841029096653e-10,2.3139268279237513e-12,2.3139268279237513e-12
20230526_200000,22,PIMA,1.4393495189222473e-20,1.401610857502936e-20,3.7738661419311384e-22,3.7738661419311384e-22
20230526_200000,22,POEC,6.2445898908888246e-15,6.1093907270128294e-15,1.3519916387599515e-16,1.3519916387599515e-16
20230526_200000,22,PSFL,0.9999246597290039,0.999924898147583,-2.384185791015625e-07,2.384185791015625e-07
20230526_200000,22,SHOT,6.987962725829577e-13,6.892918310782981e-13,9.504441504659678e-15,9.504441504659678e-15
20230526_200000,22,SITT,1.397671214875551e-11,1.3767088163918473e-11,2.0962398483703737e-13,2.0962398483703737e-13
20230526_200000,22,SPRU,9.585859158582708e-15,9.45169422193531e-15,1.3416493664739765e-16,1.3416493664739765e-16
20230526_200000,22,STOC,3.843148401513202e-14,3.816334048908562e-14,2.6814352604639935e-16,2.6814352604639935e-16
20230526_200000,22,STOC_IRREG,4.479553858586865e-16,4.447289844230356e-16,3.2264014356508334e-18,3.2264014356508334e-18
20230526_200000,22,STVA,2.7056889714827115e-11,2.698067637363355e-11,7.621334119356504e-14,7.621334119356504e-14
20230526_200000,22,STVA_IRREG,1.1118257425835054e-08,1.1107005093435873e-08,1.1252332399180887e-11,1.1252332399180887e-11
20230526_200000,22,TADO1,2.4714086683601553e-18,2.4410236361240918e-18,3.0385032236063504e-20,3.0385032236063504e-20
20230526_200000,22,TADO2,6.85248256724366e-15,6.722970806092004e-15,1.2951176115165615e-16,1.2951176115165615e-16
20230526_200000,22,TAMI,4.635220051620933e-17,4.576275822914894e-17,5.894422870603871e-19,5.894422870603871e-19
20230526_200000,22,TUMI,1.2959282258417915e-10,1.277644240404996e-10,1.8283985436795547e-12,1.8283985436795547e-12
20230526_200000,22,WHIS,1.880918053950449e-16,1.8650712586474032e-16,1.5846795303045883e-18,1.5846795303045883e-18
20230526_200000,22,YARD,3.8641537174622775e-15,3.816062574848967e-15,4.8091142613310156e-17,4.8091142613310156e-17
20230526_200000,22,ZEMA,1.2330688553552349e-11,1.2193661011461465e-11,1.3702754209088397e-13,1.3702754209088397e-13
20230526_200000,23,AEAC,3.9598988223588094e-05,3.944429772673175e-05,1.5469049685634673e-07,1.5469049685634673e-07
20230526_200000,23,BRCA,2.6187274571043417e-08,2.6330084779147e-08,-1.4281020810358314e-10,1.4281020810358314e-10
20230526_200000,23,BRMA,1.5355611747425169e-12,1.544901359618045e-12,-9.340184875528124e-15,9.340184875528124e-15
20230526_200000,23,BUVI,0.009542974643409252,0.009480210952460766,6.276369094848633e-05,6.276369094848633e-05
20230526_200000,23,CAGU,1.2854173974119476e-06,1.2830313380618463e-06,2.3860593501012772e-09,2.3860593501012772e-09
20230526_200000,23,CALU,0.9729102253913879,0.9729443192481995,-3.409385681152344e-05,3.409385681152344e-05
20230526_200000,23,CAUS,1.8592407613482465e-09,1.861374610001576e-09,-2.133848653329551e-12,2.133848653329551e-12
20230526_200000,23,CCOO,9.514710130886783e-10,9.538393408448087e-10,-2.368327756130384e-12,2.368327756130384e-12
20230526_200000,23,CHFA,1.1471548155839173e-09,1.1525684850965945e-09,-5.413669512677188e-12,5.413669512677188e-12
20230526_200000,23,CHMI,2.152934030164033e-06,2.1478535927599296e-06,5.080437404103577e-09,5.080437404103577e-09
20230526_200000,23,CHMI_IRREG,4.63747210233123e-06,4.638664904632606e-06,-1.1928023013751954e-09,1.1928023013751954e-09
20230526_200000,23,COAU,5.724877016888286e-09,5.74076919335198e-09,-1.589217646369434e-11,1.589217646369434e-11
20230526_200000,23,COAU2,4.200684600164095e-08,4.2162600522033244e-08,-1.5575452039229276e-10,1.5575452039229276e-10
20230526_200000,23,COCO,7.581251702504233e-05,7.58335372665897e-05,-2.1020241547375917e-08,2.1020241547375917e-08
20230526_200000,23,CYST,5.737768660196707e-08,5.7349389237515425e-08,2.829736445164599e-11,2.829736445164599e-11
20230526_200000,23,DEFU,8.181589510058984e-05,8.146558684529737e-05,3.503082552924752e-07,3.503082552924752e-07
20230526_200000,23,DOG,5.011243047192693e-06,5.033014986111084e-06,-2.1771938918391243e-08,2.1771938918391243e-08
20230526_200000,23,DRPU,9.430645283789452e-13,9.56311744203242e-13,-1.3247215824296887e-14,1.3247215824296887e-14
20230526_200000,23,DRUM,2.9257651021907805e-06,2.930154096247861e-06,-4.3889940570807084e-09,4.3889940570807084e-09
20230526_200000,23,FLY,5.419947046902962e-05,5.413281905930489e-05,6.665140972472727e-08,6.665140972472727e-08
20230526_200000,23,FROG,3.085158095927909e-05,3.075169297517277e-05,9.988798410631716e-08,9.988798410631716e-08
20230526_200000,23,GLGN,6.118267492638552e-07,6.112375672273629e-07,5.891820364922751e-10,5.891820364922751e-10
20230526_200000,23,HOSA,0.0002347721456317231,0.0002354653988732025,-6.932532414793968e-07,6.932532414793968e-07
20230526_200000,23,HYPI,1.923617176657899e-08,1.9166197517961336e-08,6.997424861765467e-11,6.997424861765467e-11
20230526_200000,23,INSP,6.826149910921231e-05,6.776385998819023e-05,4.976391210220754e-07,4.976391210220754e-07
20230526_200000,23,IXNA,1.950897967617493e-07,1.9505645809658745e-07,3.33386651618639e-11,3.33386651618639e-11
20230526_200000,23,MEKE,0.0003021337906830013,0.00030115016852505505,9.83622157946229e-07,9.83622157946229e-07
20230526_200000,23,MYTO,4.5016181754453655e-11,4.4989949266049933e-11,2.6232488403721277e-14,2.6232488403721277e-14
20230526_200000,23,NUCO,1.935962622376668e-15,1.9531514619752994e-15,-1.7188839598631517e-17,1.7188839598631517e-17
20230526_200000,23,OCPR,2.282069822001631e-08,2.2837740587533517e-08,-1.7042367517206003e-11,1.7042367517206003e-11
20230526_200000,23,ORPI,2.613741401091829e-07,2.6142444653487473e-07,-5.030642569181509e-11,5.030642569181509e-11
20230526_200000,23,PAFA,5.4336646826413926e-06,5.457370207295753e-06,-2.3705524654360488e-08,2.3705524654360488e-08
20230526_200000,23,PECA,1.4380842294769991e-08,1.4365198808263813e-08,1.5643486506178306e-11,1.5643486506178306e-11
20230526_200000,23,PHNU,1.9117753708997043e-06,1.910076207423117e-06,1.6991634765872732e-09,1.6991634765872732e-09
20230526_200000,23,PIMA,6.856983513978121e-13,6.911691271399567e-13,-5.470775742144607e-15,5.470775742144607e-15
20230526_200000,23,POEC,1.6911130842345301e-06,1.6947307130976696e-06,-3.6176288631395437e-09,3.6176288631395437e-09
20230526_200000,23,PSFL,0.01653023064136505,0.01655997522175312,-2.9744580388069153e-05,2.9744580388069153e-05
20230526_200000,23,SHOT,8.04045885161031e-06,8.078410246525891e-06,-3.795139491558075e-08,3.795139491558075e-08
20230526_200000,23,SITT,5.99004465584585e-07,5.976502279736451e-07,1.3542376109398901e-09,1.3542376109398901e-09
20230526_200000,23,SPRU,9.595364502956727e-08,9.677899015514413e-08,-8.253451255768596e-10,8.253451255768596e-10
20230526_200000,23,STOC,6.781908723496599e-07,6.77390403325262e-07,8.004690243978985e-10,8.004690243978985e-10
20230526_200000,23,STOC_IRREG,1.9291348962724442e-07,1.936675744218519e-07,-7.540847946074791e-10,7.540847946074791e-10
20230526_200000,23,STVA,9.43569921219023e-06,9.467127711104695e-06,-3.142849891446531e-08,3.142849891446531e-08
20230526_200000,23,STVA_IRREG,7.932622247608379e-05,7.9545279731974e-05,-2.190572558902204e-07,2.190572558902204e-07
20230526_200000,23,TADO1,2.419348332782789e-10,2.4349094962516915e-10,-1.556116346890235e-12,1.556116346890235e-12
20230526_200000,23,TADO2,8.274435003841063e-08,8.27393620284056e-08,4.988010005035903e-12,4.988010005035903e-12
20230526_200000,23,TAMI,7.00709890111284e-09,7.077609165406784e-09,-7.051026429394369e-11,7.051026429394369e-11
20230526_200000,23,TUMI,6.675319355053944e-07,6.68011921334255e-07,-4.799858288606629e-10,4.799858288606629e-10
20230526_200000,23,WHIS,4.2014158907477395e-07,4.1984387166849046e-07,2.97717406283482e-10,2.97717406283482e-10
20230526_200000,23,YARD,3.0173180221026996e-06,3.0279454676929163e-06,-1.0627445590216666e-08,1.0627445590216666e-08
20230526_200000,23,ZEMA,2.2771143903810298e-07,2.286032696474649e-07,-8.918306093619321e-10,8.918306093619321e-10
20230526_200000,24,AEAC,5.496464616783214e-09,5.533370206478594e-09,-3.6905589695379604e-11,3.6905589695379604e-11
20230526_200000,24,BRCA,4.94361279343436e-13,4.972252535921651e-13,-2.8639742487290842e-15,2.8639742487290842e-15
20230526_200000,24,BRMA,1.2266325823636627e-17,1.2366270748328959e-17,-9.994492469233212e-20,9.994492469233212e-20
20230526_200000,24,BUVI,0.0006307491566985846,0.0006334414356388152,-2.692278940230608e-06,2.692278940230608e-06
20230526_200000,24,CAGU,5.728668206472776e-09,5.7551119425625075e-09,-2.644373608973183e-11,2.644373608973183e-11
20230526_200000,24,CALU,8.951834473691633e-08,9.115753840660545e-08,-1.6391936696891207e-09,1.6391936696891207e-09
20230526_200000,24,CAUS,4.4828241596225893e-13,4.5092071352878516e-13,-2.6382975665262265e-15,2.6382975665262265e-15
20230526_200000,24,CCOO,1.0774420872367626e-14,1.0864405417519186e-14,-8.99845451515606e-17,8.99845451515606e-17
20230526_200000,24,CHFA,5.2891725558796426e-14,5.337865430698682e-14,-4.869287481903961e-16,4.869287481903961e-16
20230526_200000,24,CHMI,6.281830611243322e-09,6.312127709406923e-09,-3.029709816360082e-11,3.029709816360082e-11
20230526_200000,24,CHMI_IRREG,4.827549915376039e-08,4.8337192026792763e-08,-6.16928730323707e-11,6.16928730323707e-11
20230526_200000,24,COAU,8.895520360900286e-14,8.997315425248592e-14,-1.017950643483062e-15,1.017950643483062e-15
20230526_200000,24,COAU2,2.768254809409898e-12,2.794245954410024e-12,-2.5991145000126004e-14,2.5991145000126004e-14
20230526_200000,24,COCO,3.685495242322645e-09,3.727456565627563e-09,-4.196132330491764e-11,4.196132330491764e-11
20230526_200000,24,CYST,4.153632299219723e-11,4.190424049421715e-11,-3.67917502019921e-13,3.67917502019921e-13
20230526_200000,24,DEFU,4.792711933987448e-07,4.819034415959322e-07,-2.6322481971874367e-09,2.6322481971874367e-09
20230526_200000,24,DOG,1.1283844969511847e-08,1.1329640337010005e-08,-4.579536749815816e-11,4.579536749815816e-11
20230526_200000,24,DRPU,1.2508626515496592e-19,1.2673188928485188e-19,-1.645624129885964e-21,1.645624129885964e-21
20230526_200000,24,DRUM,1.2911767210965763e-09,1.302290497662284e-09,-1.1113776565707667e-11,1.1113776565707667e-11
20230526_200000,24,FLY,6.196025026383722e-08,6.255942253119429e-08,-5.991722673570621e-10,5.991722673570621e-10
20230526_200000,24,FROG,2.6804201525010285e-08,2.6989994239556836e-08,-1.85792714546551e-10,1.85792714546551e-10
20230526_200000,24,GLGN,4.331733235996005e-11,4.363730557455092e-11,-3.19973214590874e-13,3.19973214590874e-13
20230526_200000,24,HOSA,4.169822034327808e-07,4.189225819573039e-07,-1.940378524523112e-09,1.940378524523112e-09
20230526_200000,24,HYPI,4.198309655110109e-14,4.230144202586536e-14,-3.183454747642672e-16,3.183454747642672e-16
20230526_200000,24,INSP,8.293793030134111e-08,8.343129564991614e-08,-4.933653485750256e-10,4.933653485750256e-10
20230526_200000,24,IXNA,1.7754228642807846e-10,1.788725140228209e-10,-1.3302275947424391e-12,1.3302275947424391e-12
20230526_200000,24,MEKE,2.99055571417739e-08,3.014663718658994e-08,-2.410800448160444e-10,2.410800448160444e-10
20230526_200000,24,MYTO,9.548693735137354e-17,9.600823980829425e-17,-5.213024569207189e-19,5.213024569207189e-19
20230526_200000,24,NUCO,1.777350824899508e-21,1.780392975472628e-21,-3.0421505731198264e-24,3.0421505731198264e-24
20230526_200000,24,OCPR,1.9944632750901192e-11,1.9965359226992163e-11,-2.072647609097089e-14,2.072647609097089e-14
20230526_200000,24,ORPI,1.9756158514683264e-11,1.9885891544557666e-11,-1.297330298744015e-13,1.297330298744015e-13
20230526_200000,24,PAFA,2.5704476325216774e-09,2.5912432199959312e-09,-2.0795587474253807e-11,2.0795587474253807e-11
20230526_200000,24,PECA,5.34377013125531e-13,5.387506304792289e-13,-4.373617353697901e-15,4.373617353697901e-15
20230526_200000,24,PHNU,5.065244579327555e-08,5.06145454437501e-08,3.7900349525443744e-11,3.7900349525443744e-11
20230526_200000,24,PIMA,5.203966610627488e-17,5.24088765183267e-17,-3.692104120518188e-19,3.692104120518188e-19
20230526_200000,24,POEC,3.550281813327616e-12,3.581804557811763e-12,-3.152274448414705e-14,3.152274448414705e-14
20230526_200000,24,PSFL,0.9993675351142883,0.9993647933006287,2.7418136596679688e-06,2.7418136596679688e-06
20230526_200000,24,SHOT,6.236010041682505e-10,6.276432706897594e-10,-4.042266521508964e-12,4.042266521508964e-12
20230526_200000,24,SITT,4.1034425857233714e-10,4.1384795590460044e-10,-3.5036973322633003e-12,3.5036973322633003e-12
20230526_200000,24,SPRU,2.509788600904561e-12,2.53074015736654e-12,-2.0951556461978882e-14,2.0951556461978882e-14
20230526_200000,24,STOC,9.20957823891122e-11,9.26747359408786e-11,-5.789535517664035e-13,5.789535517664035e-13
20230526_200000,24,STOC_IRREG,1.7712270452413525e-12,1.783385288403605e-12,-1.2158243162252447e-14,1.2158243162252447e-14
20230526_200000,24,STVA,4.681206977608099e-09,4.73300598713422e-09,-5.1799009526121154e-11,5.1799009526121154e-11
20230526_200000,24,STVA_IRREG,4.27930416435629e-07,4.3097512048007047e-07,-3.0447040444414597e-09,3.0447040444414597e-09
20230526_200000,24,TADO1,2.7542205898633187e-15,2.7804669645251773e-15,-2.6246374661858564e-17,2.6246374661858564e-17
20230526_200000,24,TADO2,4.618075019613421e-12,4.6694423501414395e-12,-5.136733052801823e-14,5.136733052801823e-14
20230526_200000,24,TAMI,1.2173446387216125e-13,1.2303173887659447e-13,-1.2972750044332182e-15,1.2972750044332182e-15
20230526_200000,24,TUMI,3.0647799853511515e-09,3.0740272549678593e-09,-9.247269616707854e-12,9.247269616707854e-12
20230526_200000,24,WHIS,1.2075401442657174e-12,1.2161513116004663e-12,-8.61116733474887e-15,8.61116733474887e-15
20230526_200000,24,YARD,6.918074186429424e-12,6.96556180790342e-12,-4.74876214739961e-14,4.74876214739961e-14
20230526_200000,24,ZEMA,1.6370076405536338e-09,1.648316927393978e-09,-1.1309286840344157e-11,1.1309286840344157e-11
20230526_200000,25,AEAC,3.410726145958165e-10,3.3817454392348623e-10,2.8980706723302774e-12,2.8980706723302774e-12
20230526_200000,25,BRCA,2.827199836868006e-16,2.8485972126046297e-16,-2.139737573662371e-18,2.139737573662371e-18
20230526_200000,25,BRMA,4.019816664846417e-20,4.046488069722424e-20,-2.6671404876006686e-22,2.6671404876006686e-22
20230526_200000,25,BUVI,0.0005333544686436653,0.0005312681314535439,2.0863371901214123e-06,2.0863371901214123e-06
20230526_200000,25,CAGU,6.256658480197075e-08,6.204430746947764e-08,5.22277332493104e-10,5.22277332493104e-10
20230526_200000,25,CALU,2.3823891748264714e-09,2.3754114231167023e-09,6.977751709769109e-12,6.977751709769109e-12
20230526_200000,25,CAUS,4.118405056140759e-15,4.142284185473279e-15,-2.3879129332519608e-17,2.3879129332519608e-17
20230526_200000,25,CCOO,5.624985289972304e-15,5.651904844068993e-15,-2.691955409668892e-17,2.691955409668892e-17
20230526_200000,25,CHFA,3.7842073068290684e-16,3.817257473639747e-16,-3.305016681067873e-18,3.305016681067873e-18
20230526_200000,25,CHMI,5.7722100876844706e-08,5.800055546956173e-08,-2.7845459271702566e-10,2.7845459271702566e-10
20230526_200000,25,CHMI_IRREG,1.6023415128074703e-07,1.6032711869229388e-07,-9.296741154685151e-11,9.296741154685151e-11
20230526_200000,25,COAU,8.14409473290801e-16,8.22315520001795e-16,-7.906046710994029e-18,7.906046710994029e-18
20230526_200000,25,COAU2,9.593449082009875e-13,9.70575833245113e-13,-1.1230925044125595e-14,1.1230925044125595e-14
20230526_200000,25,COCO,2.0692556557122543e-09,2.0673267542292706e-09,1.928901482983747e-12,1.928901482983747e-12
20230526_200000,25,CYST,9.926147360658777e-13,1.0012801135092508e-12,-8.665377443373146e-15,8.665377443373146e-15
20230526_200000,25,DEFU,4.384242231481039e-07,4.38006821923409e-07,4.1740122469491325e-10,4.1740122469491325e-10
20230526_200000,25,DOG,1.438797830877192e-10,1.446903014068468e-10,-8.105183191275955e-13,8.105183191275955e-13
20230526_200000,25,DRPU,5.38178698355187e-24,5.4713270350294334e-24,-8.954005147756356e-26,8.954005147756356e-26
20230526_200000,25,DRUM,4.1646339155043677e-10,4.1955058871501194e-10,-3.0871971645751728e-12,3.0871971645751728e-12
20230526_200000,25,FLY,8.280787611170126e-09,8.30770030546546e-09,-2.6912694295333495e-11,2.6912694295333495e-11
20230526_200000,25,FROG,3.203996845613233e-09,3.1984657145045503e-09,5.53113110868253e-12,5.53113110868253e-12
20230526_200000,25,GLGN,1.3305828877943626e-12,1.3302279200030909e-12,3.5496779127175415e-16,3.5496779127175415e-16
20230526_200000,25,HOSA,1.0375268644224889e-08,1.041963493264575e-08,-4.4366288420860656e-11,4.4366288420860656e-11
20230526_200000,25,HYPI,6.792760454580854e-18,6.847748940161542e-18,-5.498848558068762e-20,5.498848558068762e-20
20230526_200000,25,INSP,1.1970154867313454e-09,1.1949148337464521e-09,2.1006529848932587e-12,2.1006529848932587e-12
20230526_200000,25,IXNA,4.8171820699050016e-11,4.8294927085246186e-11,-1.231063861961701e-13,1.231063861961701e-13
20230526_200000,25,MEKE,4.994035185390544e-10,4.976635215037106e-10,1.7399970353437766e-12,1.7399970353437766e-12
20230526_200000,25,MYTO,5.394403357253835e-18,5.4235077071065135e-18,-2.910434985267828e-20,2.910434985267828e-20
20230526_200000,25,NUCO,5.497377514746837e-26,5.609003181728357e-26,-1.1162566698151978e-27,1.1162566698151978e-27
20230526_200000,25,OCPR,1.5050213679479452e-12,1.5066674036862127e-12,-1.6460357382674928e-15,1.6460357382674928e-15
20230526_200000,25,ORPI,5.176205601295503e-13,5.202287168756814e-13,-2.6081567461311295e-15,2.6081567461311295e-15
20230526_200000,25,PAFA,4.345085402590598e-11,4.4014479561038655e-11,-5.636255351326724e-13,5.636255351326724e-13
20230526_200000,25,PECA,1.6702607111523764e-14,1.6754011847026733e-14,-5.140473550296898e-17,5.140473550296898e-17
20230526_200000,25,PHNU,3.398869630188983e-09,3.3863878368123324e-09,1.2481793376650785e-11,1.2481793376650785e-11
20230526_200000,25,PIMA,9.21986302873659e-20,9.418348894127811e-20,-1.9848586539122033e-21,1.9848586539122033e-21
20230526_200000,25,POEC,2.014856510801355e-11,2.0221295124467353e-11,-7.273001645380361e-14,7.273001645380361e-14
20230526_200000,25,PSFL,0.9994658827781677,0.9994680285453796,-2.1457672119140625e-06,2.1457672119140625e-06
20230526_200000,25,SHOT,8.331985795750896e-11,8.406326329479796e-11,-7.434053372890048e-13,7.434053372890048e-13
20230526_200000,25,SITT,8.212876212443376e-11,8.198760420574658e-11,1.4115791868718475e-13,1.4115791868718475e-13
20230526_200000,25,SPRU,1.7752521390304414e-14,1.795990216084658e-14,-2.0738077054216486e-16,2.0738077054216486e-16
20230526_200000,25,STOC,3.127041336915999e-14,3.125545476731148e-14,1.4958601848510944e-17,1.4958601848510944e-17
20230526_200000,25,STOC_IRREG,4.90492480497291e-16,4.907910596111981e-16,-2.9857911390714087e-19,2.9857911390714087e-19
20230526_200000,25,STVA,3.725844719554283e-12,3.737675099979576e-12,-1.183038042529283e-14,1.183038042529283e-14
20230526_200000,25,STVA_IRREG,2.975298230012413e-09,2.990090397503309e-09,-1.4792167490895736e-11,1.4792167490895736e-11
20230526_200000,25,TADO1,1.0929043193247154e-18,1.112084052790406e-18,-1.9179733465690484e-20,1.9179733465690484e-20
20230526_200000,25,TADO2,2.8855444509506833e-14,2.906939825571969e-14,-2.1395374621285823e-16,2.1395374621285823e-16
20230526_200000,25,TAMI,3.1343216750949005e-17,3.174276483914682e-17,-3.9954808819781364e-19,3.9954808819781364e-19
20230526_200000,25,TUMI,7.982713934318042e-10,8.036414311796136e-10,-5.37003774780942e-12,5.37003774780942e-12
20230526_200000,25,WHIS,9.900884740649771e-17,9.877441118601038e-17,2.344362204873289e-19,2.344362204873289e-19
20230526_200000,25,YARD,1.1665081098603206e-14,1.1796488943007291e-14,-1.314078444040849e-16,1.314078444040849e-16
20230526_200000,25,ZEMA,6.242103188502934e-12,6.303602171492395e-12,-6.149898298946077e-14,6.149898298946077e-14
20230526_200000,26,AEAC,1.3556298483763385e-07,1.322413964999214e-07,3.3215883377124555e-09,3.3215883377124555e-09
20230526_200000,26,BRCA,1.07900850526612e-14,1.0864105567855858e-14,-7.40205151946588e-17,7.40205151946588e-17
20230526_200000,26,BRMA,4.934901272380347e-22,5.122649158080989e-22,-1.8774788570064213e-23,1.8774788570064213e-23
20230526_200000,26,BUVI,0.005971522070467472,0.0058457148261368275,0.0001258072443306446,0.0001258072443306446
20230526_200000,26,CAGU,2.2511617014941976e-09,2.2739139460270508e-09,-2.2752244532853183e-11,2.2752244532853183e-11
20230526_200000,26,CALU,5.566441085846918e-09,5.502958089209642e-09,6.34829966372763e-11,6.34829966372763e-11
20230526_200000,26,CAUS,1.2164747316496176e-15,1.229050841575739e-15,-1.257610992612141e-17,1.257610992612141e-17
20230526_200000,26,CCOO,3.7323774765918635e-18,3.8428610958784275e-18,-1.1048361928656397e-19,1.1048361928656397e-19
20230526_200000,26,CHFA,2.4193860305939704e-16,2.481528338071486e-16,-6.214230747751573e-18,6.214230747751573e-18
20230526_200000,26,CHMI,9.097496977972241e-09,9.158264369091285e-09,-6.076739111904317e-11,6.076739111904317e-11
20230526_200000,26,CHMI_IRREG,1.1174041674166801e-06,1.1243778317293618e-06,-6.973664312681649e-09,6.973664312681649e-09
20230526_200000,26,COAU,1.4065289138601037e-16,1.429011815258193e-16,-2.24829013980893e-18,2.24829013980893e-18
20230526_200000,26,COAU2,7.94667676389145e-15,8.086864951826773e-15,-1.4018818793532298e-16,1.4018818793532298e-16
20230526_200000,26,COCO,3.8048053596639875e-09,3.785111779563977e-09,1.9693580100010877e-11,1.9693580100010877e-11
20230526_200000,26,CYST,2.0797859962007337e-12,2.0956556802398385e-12,-1.5869684039104826e-14,1.5869684039104826e-14
20230526_200000,26,DEFU,1.645800352889637e-06,1.6342946764780208e-06,1.150567641161615e-08,1.150567641161615e-08
20230526_200000,26,DOG,1.908689428731236e-09,1.9194421607693357e-09,-1.0752732038099566e-11,1.0752732038099566e-11
20230526_200000,26,DRPU,1.9438453699752576e-24,2.0189612970160813e-24,-7.511592704082366e-26,7.511592704082366e-26
20230526_200000,26,DRUM,3.5788061403252414e-09,3.595269637557408e-09,-1.6463497232166446e-11,1.6463497232166446e-11
20230526_200000,26,FLY,4.0001854273441495e-08,3.977334017690737e-08,2.2851409653412702e-10,2.2851409653412702e-10
20230526_200000,26,FROG,6.169253197185753e-08,6.06916543688385e-08,1.0008776030190347e-09,1.0008776030190347e-09
20230526_200000,26,GLGN,3.058637371156081e-11,3.0412165841209315e-11,1.7420787035149488e-13,1.7420787035149488e-13
20230526_200000,26,HOSA,2.681671595894386e-08,2.680655519782249e-08,1.0160761121369433e-11,1.0160761121369433e-11
20230526_200000,26,HYPI,1.775083768732862e-17,1.7856730040625208e-17,-1.0589235329658839e-19,1.0589235329658839e-19
20230526_200000,26,INSP,1.9877100498888467e-07,1.9476991042211012e-07,4.0010945667745546e-09,4.0010945667745546e-09
20230526_200000,26,IXNA,1.0293733920807568e-10,1.0364092917214407e-10,-7.035899640683851e-13,7.035899640683851e-13
20230526_200000,26,MEKE,5.352451992735041e-08,5.2713030385120874e-08,8.114895422295376e-10,8.114895422295376e-10
20230526_200000,26,MYTO,1.384771936118639e-21,1.4308739266746156e-21,-4.610199055597668e-23,4.610199055597668e-23
20230526_200000,26,NUCO,7.962949466580979e-28,8.277983938716607e-28,-3.150344721356282e-29,3.150344721356282e-29
20230526_200000,26,OCPR,1.1407285435260234e-13,1.152967830800669e-13,-1.2239287274645738e-15,1.2239287274645738e-15
20230526_200000,26,ORPI,2.0762018948690397e-13,2.0905285423762632e-13,-1.4326647507223456e-15,1.4326647507223456e-15
20230526_200000,26,PAFA,1.6947666603428502e-09,1.705250829431293e-09,-1.048416908844274e-11,1.048416908844274e-11
20230526_200000,26,PECA,5.031790752834699e-15,5.053974545723289e-15,-2.2183792888590126e-17,2.2183792888590126e-17
20230526_200000,26,PHNU,7.42868788705664e-09,7.398277546144527e-09,3.041034091211259e-11,3.041034091211259e-11
20230526_200000,26,PIMA,8.815554189764933e-22,9.169425327379065e-22,-3.538711376141314e-23,3.538711376141314e-23
20230526_200000,26,POEC,1.8164780796062555e-14,1.8652925883565208e-14,-4.881450875026533e-16,4.881450875026533e-16
20230526_200000,26,PSFL,0.9940250515937805,0.9941508173942566,-0.00012576580047607422,0.00012576580047607422
20230526_200000,26,SHOT,2.6385177376297975e-10,2.6606086778180327e-10,-2.209094018823521e-12,2.209094018823521e-12
20230526_200000,26,SITT,3.6958585497570695e-11,3.714305599200607e-11,-1.8447049443537367e-13,1.8447049443537367e-13
20230526_200000,26,SPRU,1.1007853835268491e-14,1.1187396020966196e-14,-1.7954218569770503e-16,1.7954218569770503e-16
20230526_200000,26,STOC,5.244469680580621e-13,5.170289652141336e-13,7.418002843928573e-15,7.418002843928573e-15
20230526_200000,26,STOC_IRREG,3.705013929661792e-14,3.665772248468216e-14,3.924168119357613e-16,3.924168119357613e-16
20230526_200000,26,STVA,1.6376743017243456e-10,1.609864186402632e-10,2.7810115321713624e-12,2.7810115321713624e-12
20230526_200000,26,STVA_IRREG,1.2950619066032232e-07,1.2869259080616757e-07,8.135998541547451e-10,8.135998541547451e-10
20230526_200000,26,TADO1,1.1123406855754505e-18,1.1329701564622167e-18,-2.0629470886766234e-20,2.0629470886766234e-20
20230526_200000,26,TADO2,1.1834643542116361e-14,1.1895482530585848e-14,-6.083898846948738e-17,6.083898846948738e-17
20230526_200000,26,TAMI,1.309539670932546e-16,1.3296704677152286e-16,-2.0130796782682515e-18,2.0130796782682515e-18
20230526_200000,26,TUMI,2.8740160251672364e-10,2.903728091308011e-10,-2.9712066140774596e-12,2.9712066140774596e-12
20230526_200000,26,WHIS,3.649345738522113e-15,3.5834355637974144e-15,6.591017472469887e-17,6.591017472469887e-17
20230526_200000,26,YARD,1.4644786305948593e-13,1.4660753893443873e-13,-1.5967587495280267e-16,1.5967587495280267e-16
20230526_200000,26,ZEMA,2.620130024402756e-12,2.652756920379362e-12,-3.2626895976606285e-14,3.2626895976606285e-14
20230526_200000,27,AEAC,3.3549542877153726e-06,3.38078461936675e-06,-2.583033165137749e-08,2.583033165137749e-08
20230526_200000,27,BRCA,6.281115627615463e-10,6.303120247963534e-10,-2.2004620348070603e-12,2.2004620348070603e-12
20230526_200000,27,BRMA,6.823371078226725e-13,6.688033373641877e-13,1.3533770458484806e-14,1.3533770458484806e-14
20230526_200000,27,BUVI,0.150623619556427,0.15110281109809875,-0.00047919154167175293,0.00047919154167175293
20230526_200000,27,CAGU,6.465012575063156e-06,6.365765784721589e-06,9.924679034156725e-08,9.924679034156725e-08
20230526_200000,27,CALU,0.004772608168423176,0.004811963066458702,-3.9354898035526276e-05,3.9354898035526276e-05
20230526_200000,27,CAUS,4.191971658684679e-09,4.1481822421474135e-09,4.3789416537265424e-11,4.3789416537265424e-11
20230526_200000,27,CCOO,1.2884712741190185e-10,1.263225912762067e-10,2.5245361356951435e-12,2.5245361356951435e-12
20230526_200000,27,CHFA,2.245974656256422e-10,2.222293044029655e-10,2.36816122267669e-12,2.36816122267669e-12
20230526_200000,27,CHMI,4.788667411048664e-06,4.758675913763e-06,2.999149728566408e-08,2.999149728566408e-08
20230526_200000,27,CHMI_IRREG,1.1004543011949863e-05,1.094960498448927e-05,5.493802746059373e-08,5.493802746059373e-08
20230526_200000,27,COAU,7.315855143907868e-10,7.251139688690955e-10,6.471545521691269e-12,6.471545521691269e-12
20230526_200000,27,COAU2,5.712700534843407e-09,5.653705059671665e-09,5.899547517174142e-11,5.899547517174142e-11
20230526_200000,27,COCO,2.3075654098647647e-05,2.3126394808059558e-05,-5.0740709411911666e-08,5.0740709411911666e-08
20230526_200000,27,CYST,6.463557156166644e-08,6.439126565283004e-08,2.4430590883639525e-10,2.4430590883639525e-10
20230526_200000,27,DEFU,0.00016973908350337297,0.00017032497271429747,-5.858892109245062e-07,5.858892109245062e-07
20230526_200000,27,DOG,4.895934125670465e-06,4.894776793662459e-06,1.1573320080060512e-09,1.1573320080060512e-09
20230526_200000,27,DRPU,6.9916399160821745e-15,6.8974850042148074e-15,9.415491186736714e-17,9.415491186736714e-17
20230526_200000,27,DRUM,1.3163086123313406e-06,1.315698682446964e-06,6.0992988437647e-10,6.0992988437647e-10
20230526_200000,27,FLY,6.868342461530119e-05,6.886576011311263e-05,-1.8233549781143665e-07,1.8233549781143665e-07
20230526_200000,27,FROG,3.2404819648945704e-05,3.250426743761636e-05,-9.944778867065907e-08,9.944778867065907e-08
20230526_200000,27,GLGN,6.746633829379789e-08,6.764356896837853e-08,-1.772306745806418e-10,1.772306745806418e-10
20230526_200000,27,HOSA,8.046970469877124e-05,8.06628740974702e-05,-1.9316939869895577e-07,1.9316939869895577e-07
20230526_200000,27,HYPI,1.4945052972947792e-09,1.4926950786531279e-09,1.8102186416513177e-12,1.8102186416513177e-12
20230526_200000,27,INSP,0.00022738958068657666,0.00022917655587662011,-1.7869751900434494e-06,1.7869751900434494e-06
20230526_200000,27,IXNA,3.3156356948893517e-07,3.3016826250786835e-07,1.395306981066824e-09,1.395306981066824e-09
20230526_200000,27,MEKE,0.00016841704200487584,0.00016903092910069972,-6.13887095823884e-07,6.13887095823884e-07
20230526_200000,27,MYTO,3.2628940781903593e-12,3.182313353805588e-12,8.058072438477115e-14,8.058072438477115e-14
20230526_200000,27,NUCO,3.6166278600896644e-17,3.535394091725527e-17,8.123376836413761e-19,8.123376836413761e-19
20230526_200000,27,OCPR,1.636548319083886e-08,1.6145186521043797e-08,2.2029666979506146e-10,2.2029666979506146e-10
20230526_200000,27,ORPI,4.694689081929937e-08,4.671612430229288e-08,2.3076651700648654e-10,2.3076651700648654e-10
20230526_200000,27,PAFA,2.139752723451238e-06,2.142680841643596e-06,-2.9281181923579425e-09,2.9281181923579425e-09
20230526_200000,27,PECA,4.3278527428469715e-09,4.3121195503204035e-09,1.5733192526568018e-11,1.5733192526568018e-11
20230526_200000,27,PHNU,1.4185600321070524e-06,1.4132816659184755e-06,5.278366188576911e-09,5.278366188576911e-09
20230526_200000,27,PIMA,1.4974183188982276e-13,1.4814402959570372e-13,1.597802294119044e-15,1.597802294119044e-15
20230526_200000,27,POEC,1.846094477286897e-07,1.8240859844809165e-07,2.2008492805980495e-09,2.2008492805980495e-09
20230526_200000,27,PSFL,0.8434199690818787,0.842894971370697,0.0005249977111816406,0.0005249977111816406
20230526_200000,27,SHOT,9.646147418607143e-07,9.620919172448339e-07,2.5228246158803813e-09,2.5228246158803813e-09
20230526_200000,27,SITT,7.97561142462655e-07,7.881084229666158e-07,9.452719496039208e-09,9.452719496039208e-09
20230526_200000,27,SPRU,1.706414920477073e-08,1.6977615757696185e-08,8.65334470745438e-11,8.65334470745438e-11
20230526_200000,27,STOC,2.9637228635692736e-06,2.98582585855911e-06,-2.210299498983659e-08,2.210299498983659e-08
20230526_200000,27,STOC_IRREG,5.9436711552507404e-08,5.997268459623228e-08,-5.3597304372488e-10,5.3597304372488e-10
20230526_200000,27,STVA,0.0001470429851906374,0.00014841211668681353,-1.3691314961761236e-06,1.3691314961761236e-06
20230526_200000,27,STVA_IRREG,0.0002225835487479344,0.00022453519341070205,-1.9516446627676487e-06,1.9516446627676487e-06
20230526_200000,27,TADO1,1.2677811057903998e-11,1.2649443992263087e-11,2.8367065640910738e-14,2.8367065640910738e-14
20230526_200000,27,TADO2,1.0515540083133601e-07,1.0526436966529218e-07,-1.0896883395616896e-10,1.0896883395616896e-10
20230526_200000,27,TAMI,1.054646717180141e-10,1.0541911787953495e-10,4.5553838479150954e-14,4.5553838479150954e-14
20230526_200000,27,TUMI,1.6577624819547054e-06,1.644712824599992e-06,1.3049657354713418e-08,1.3049657354713418e-08
20230526_200000,27,WHIS,4.88190927683263e-08,4.9225409526343356e-08,-4.063167580170557e-10,4.063167580170557e-10
20230526_200000,27,YARD,8.076003155110811e-08,8.08192908152705e-08,-5.925926416239236e-11,5.925926416239236e-11
20230526_200000,27,ZEMA,1.117634155889391e-06,1.112023824134667e-06,5.6103317547240295e-09,5.6103317547240295e-09
20230526_200000,28,AEAC,1.3469399107179925e-07,1.3438479129490588e-07,3.091997768933652e-10,3.091997768933652e-10
20230526_200000,28,BRCA,1.8443654936639575e-10,1.824131817818042e-10,2.02336758459154e-12,2.02336758459154e-12
20230526_200000,28,BRMA,4.8655801881004185e-14,4.708696133741766e-14,1.568840543586525e-15,1.568840543586525e-15
20230526_200000,28,BUVI,0.0012970176758244634,0.0013037411263212562,-6.723450496792793e-06,6.723450496792793e-06
20230526_200000,28,CAGU,3.857960280129191e-07,3.775331833821838e-07,8.262844630735344e-09,8.262844630735344e-09
20230526_200000,28,CALU,4.91380035327893e-07,4.903127432953625e-07,1.0672920325305313e-09,1.0672920325305313e-09
20230526_200000,28,CAUS,1.2389216041963635e-10,1.2083596623302384e-10,3.0561941866125153e-12,3.0561941866125153e-12
20230526_200000,28,CCOO,1.827956883082571e-11,1.7669699037270448e-11,6.098697935552622e-13,6.098697935552622e-13
20230526_200000,28,CHFA,4.967831007673951e-11,4.8462994034492723e-11,1.2153160422467835e-12,1.2153160422467835e-12
20230526_200000,28,CHMI,3.8730081541871186e-07,3.8120245449135837e-07,6.098360927353497e-09,6.098360927353497e-09
20230526_200000,28,CHMI_IRREG,1.7441416275687516e-06,1.726552909531165e-06,1.758871803758666e-08,1.758871803758666e-08
20230526_200000,28,COAU,2.4691013122968286e-11,2.415479448403257e-11,5.362186389357149e-13,5.362186389357149e-13
20230526_200000,28,COAU2,1.0697813745963458e-09,1.0480729617512452e-09,2.170841284510061e-11,2.170841284510061e-11
20230526_200000,28,COCO,1.0293277341588691e-07,1.0199673283750599e-07,9.360405783809256e-10,9.360405783809256e-10
20230526_200000,28,CYST,5.204480402198897e-09,5.1048338889359e-09,9.964651326299645e-11,9.964651326299645e-11
20230526_200000,28,DEFU,7.626223577972269e-06,7.574688424938358e-06,5.153515303391032e-08,5.153515303391032e-08
20230526_200000,28,DOG,3.906799861397303e-07,3.8820758163637947e-07,2.4724045033508446e-09,2.4724045033508446e-09
20230526_200000,28,DRPU,7.048059510149363e-16,6.874824861172505e-16,1.7323464897685747e-17,1.7323464897685747e-17
20230526_200000,28,DRUM,1.0392445659590521e-07,1.0294091623563872e-07,9.835403602664883e-10,9.835403602664883e-10
20230526_200000,28,FLY,2.238744855276309e-06,2.219150246673962e-06,1.9594608602346852e-08,1.9594608602346852e-08
20230526_200000,28,FROG,3.626887519203592e-07,3.6051827123628755e-07,2.170480684071663e-09,2.170480684071663e-09
20230526_200000,28,GLGN,3.599706310808415e-09,3.5624299066228104e-09,3.7276404185604406e-11,3.7276404185604406e-11
20230526_200000,28,HOSA,8.419158803008031e-06,8.370690011361148e-06,4.846879164688289e-08,4.846879164688289e-08
20230526_200000,28,HYPI,5.922814756004202e-12,5.814769239026463e-12,1.0804551697773945e-13,1.0804551697773945e-13
20230526_200000,28,INSP,1.8451768255545176e-06,1.8456696579960408e-06,-4.928324415232055e-10,4.928324415232055e-10
20230526_200000,28,IXNA,2.210565952509569e-08,2.171403856721099e-08,3.916209578846974e-10,3.916209578846974e-10
20230526_200000,28,MEKE,5.241039389147772e-07,5.222529466664128e-07,1.8509922483644914e-09,1.8509922483644914e-09
20230526_200000,28,MYTO,2.8292269243536394e-13,2.715224150118961e-13,1.140027742346783e-14,1.140027742346783e-14
20230526_200000,28,NUCO,4.879345865803708e-17,4.7047568243790806e-17,1.745890414246273e-18,1.745890414246273e-18
20230526_200000,28,OCPR,4.180170876111333e-09,4.094150352074166e-09,8.602052403716698e-11,8.602052403716698e-11
20230526_200000,28,ORPI,3.408822335515538e-09,3.3491218687231594e-09,5.970046679237839e-11,5.970046679237839e-11
20230526_200000,28,PAFA,1.4532190562022151e-07,1.444804809125344e-07,8.414247076871106e-10,8.414247076871106e-10
20230526_200000,28,PECA,2.6581062351205276e-10,2.6090091198582854e-10,4.909711526224214e-12,4.909711526224214e-12
20230526_200000,28,PHNU,1.5512923710048199e-06,1.5397339439005009e-06,1.155842710431898e-08,1.155842710431898e-08
20230526_200000,28,PIMA,2.1276193697475354e-13,2.0601681710412378e-13,6.7451198706297566e-15,6.7451198706297566e-15
20230526_200000,28,POEC,1.4215562060826414e-09,1.3822903932592112e-09,3.9265812823430224e-11,3.9265812823430224e-11
20230526_200000,28,PSFL,0.9986674785614014,0.9986608028411865,6.67572021484375e-06,6.67572021484375e-06
20230526_200000,28,SHOT,6.03519936248631e-08,5.976371397764524e-08,5.882796472178597e-10,5.882796472178597e-10
20230526_200000,28,SITT,3.2383791648271654e-08,3.166661599607323e-08,7.171756521984207e-10,7.171756521984207e-10
20230526_200000,28,SPRU,6.268584540336519e-10,6.171664845844305e-10,9.69196944922146e-12,9.69196944922146e-12
20230526_200000,28,STOC,4.8525619078532145e-09,4.8490136350665125e-09,3.5482727867020003e-12,3.5482727867020003e-12
20230526_200000,28,STOC_IRREG,2.655860809053223e-10,2.6521376761401427e-10,3.7231329130804625e-13,3.7231329130804625e-13
20230526_200000,28,STVA,1.6220816689838102e-07,1.6260372603937867e-07,-3.9555914099764777e-10,3.9555914099764777e-10
20230526_200000,28,STVA_IRREG,8.488500498060603e-06,8.502834134560544e-06,-1.4333636499941349e-08,1.4333636499941349e-08
20230526_200000,28,TADO1,2.5607918563430587e-12,2.5154585445857913e-12,4.53333117572674e-14,4.53333117572674e-14
20230526_200000,28,TADO2,7.364745480131774e-10,7.231940601926112e-10,1.3280487820566123e-11,1.3280487820566123e-11
20230526_200000,28,TAMI,5.262590710430892e-11,5.187245771809401e-11,7.534493862149105e-13,7.534493862149105e-13
20230526_200000,28,TUMI,2.042672804236645e-07,2.0042072890191776e-07,3.846551521746733e-09,3.846551521746733e-09
20230526_200000,28,WHIS,1.434411062151142e-10,1.4305709394868416e-10,3.8401226643003383e-13,3.8401226643003383e-13
20230526_200000,28,YARD,1.9038313148200814e-09,1.8804833246122143e-09,2.3347990207867042e-11,2.3347990207867042e-11
20230526_200000,28,ZEMA,1.2776675362147216e-07,1.264273947754191e-07,1.3393588460530736e-09,1.3393588460530736e-09
20230526_200000,29,AEAC,5.146221990215416e-11,5.1849875087883746e-11,-3.8765518572958513e-13,3.8765518572958513e-13
20230526_200000,29,BRCA,1.1733836245239495e-16,1.1766457601620627e-16,-3.262135638113124e-19,3.262135638113124e-19
20230526_200000,29,BRMA,3.236633134762296e-21,3.2168747060631807e-21,1.9758428699115155e-23,1.9758428699115155e-23
20230526_200000,29,BUVI,0.0010075069731101394,0.0010043539805337787,3.1529925763607025e-06,3.1529925763607025e-06
20230526_200000,29,CAGU,3.0231114833689787e-10,2.9980046223343493e-10,2.5106861034629446e-12,2.5106861034629446e-12
20230526_200000,29,CALU,1.57066276651463e-10,1.5792619989518641e-10,-8.59923243723415e-13,8.59923243723415e-13
20230526_200000,29,CAUS,8.544182804609698e-16,8.481082026412805e-16,6.310077819689317e-18,6.310077819689317e-18
20230526_200000,29,CCOO,8.304295298449522e-18,8.256341983978598e-18,4.795331447092412e-20,4.795331447092412e-20
20230526_200000,29,CHFA,6.084160236022304e-17,6.083181515921532e-17,9.787201007727423e-21,9.787201007727423e-21
20230526_200000,29,CHMI,3.051020824873518e-10,3.034634488141563e-10,1.6386336731954998e-12,1.6386336731954998e-12
20230526_200000,29,CHMI_IRREG,5.90823079349434e-09,5.9079217074042845e-09,3.090860900556436e-13,3.090860900556436e-13
20230526_200000,29,COAU,6.214724409141144e-17,6.206167391140406e-17,8.557018000738561e-20,8.557018000738561e-20
20230526_200000,29,COAU2,4.7277914750980775e-15,4.71591819075994e-15,1.1873284338137155e-17,1.1873284338137155e-17
20230526_200000,29,COCO,3.0244480531127493e-11,3.028723452591642e-11,-4.275399478892439e-14,4.275399478892439e-14
20230526_200000,29,CYST,1.859149498847218e-13,1.8514020611731796e-13,7.747437674038293e-16,7.747437674038293e-16
20230526_200000,29,DEFU,2.861845160850862e-08,2.8569894894303616e-08,4.8556714205005846e-11,4.8556714205005846e-11
20230526_200000,29,DOG,1.5305079426042312e-10,1.5306704514994607e-10,-1.625088952295073e-14,1.625088952295073e-14
20230526_200000,29,DRPU,5.0366216833333214e-24,5.093112407186651e-24,-5.649072385332927e-26,5.649072385332927e-26
20230526_200000,29,DRUM,2.4294196862562067e-11,2.4274263155099618e-11,1.993370746244949e-14,1.993370746244949e-14
20230526_200000,29,FLY,1.5168121203501528e-09,1.5132075592561023e-09,3.6045610940504957e-12,3.6045610940504957e-12
20230526_200000,29,FROG,3.2838984309613295e-10,3.285932359542443e-10,-2.0339285811132868e-13,2.0339285811132868e-13
20230526_200000,29,GLGN,9.662964737177857e-14,9.690662036926714e-14,-2.769729974885782e-16,2.769729974885782e-16
20230526_200000,29,HOSA,4.743141879259838e-09,4.7428585503439535e-09,2.8332891588433995e-13,2.8332891588433995e-13
20230526_200000,29,HYPI,9.407343954011435e-18,9.373522193125366e-18,3.3821760886068196e-20,3.3821760886068196e-20
20230526_200000,29,INSP,2.966490386668852e-09,2.957009304083158e-09,9.481082585693912e-12,9.481082585693912e-12
20230526_200000,29,IXNA,4.408095416463809e-12,4.398845437209031e-12,9.24997925477733e-15,9.24997925477733e-15
20230526_200000,29,MEKE,6.245177708308347e-10,6.234295857332484e-10,1.0881850975863472e-12,1.0881850975863472e-12
20230526_200000,29,MYTO,8.020716096824659e-20,7.924332753356039e-20,9.63833434686202e-22,9.63833434686202e-22
20230526_200000,29,NUCO,2.2226907887652296e-26,2.2074457436230425e-26,1.5245045142187155e-28,1.5245045142187155e-28
20230526_200000,29,OCPR,2.6696321951571837e-14,2.6563734190272227e-14,1.3258776129961014e-16,1.3258776129961014e-16
20230526_200000,29,ORPI,4.964334065354903e-14,4.9583119999131037e-14,6.022065441799174e-17,6.022065441799174e-17
20230526_200000,29,PAFA,7.969407772590031e-11,7.981724309269467e-11,-1.231653667943533e-13,1.231653667943533e-13
20230526_200000,29,PECA,7.182035240812167e-16,7.188663803020024e-16,-6.628562207856934e-19,6.628562207856934e-19
20230526_200000,29,PHNU,7.568826121406858e-10,7.601038132243332e-10,-3.221201083647429e-12,3.221201083647429e-12
20230526_200000,29,PIMA,4.316414228822096e-21,4.283343160191314e-21,3.307106863078218e-23,3.307106863078218e-23
20230526_200000,29,POEC,2.3591393934403217e-14,2.337494991132543e-14,2.1644402307778587e-16,2.1644402307778587e-16
20230526_200000,29,PSFL,0.9989925026893616,0.9989956021308899,-3.0994415283203125e-06,3.0994415283203125e-06
20230526_200000,29,SHOT,5.936460958227974e-12,5.933887062270493e-12,2.5738959574805875e-15,2.5738959574805875e-15
20230526_200000,29,SITT,1.0692001103929094e-11,1.0644906831003276e-11,4.709427292581836e-14,4.709427292581836e-14
20230526_200000,29,SPRU,6.3095890816787514e-15,6.319628963202557e-15,-1.0039881523805222e-17,1.0039881523805222e-17
20230526_200000,29,STOC,2.682926038451161e-13,2.671052669409729e-13,1.187336904143188e-15,1.187336904143188e-15
20230526_200000,29,STOC_IRREG,3.4357549459271535e-15,3.435621326479724e-15,1.3361944742936588e-19,1.3361944742936588e-19
20230526_200000,29,STVA,3.4995388531466887e-11,3.5089403604970926e-11,-9.401507350403904e-14,9.401507350403904e-14
20230526_200000,29,STVA_IRREG,8.204438906034284e-09,8.242013294079698e-09,-3.75743880454138e-11,3.75743880454138e-11
20230526_200000,29,TADO1,7.777656699397224e-19,7.805530618088729e-19,-2.787391869150565e-21,2.787391869150565e-21
20230526_200000,29,TADO2,9.227163575310088e-15,9.169821138846866e-15,5.734243646322162e-17,5.734243646322162e-17
20230526_200000,29,TAMI,1.4042378551739033e-17,1.4146886204690208e-17,-1.0450765295117462e-19,1.0450765295117462e-19
20230526_200000,29,TUMI,7.687822600743743e-11,7.644346267099422e-11,4.347633364432113e-13,4.347633364432113e-13
20230526_200000,29,WHIS,5.830673053411144e-16,5.832515350071422e-16,-1.8422966602781032e-19,1.8422966602781032e-19
20230526_200000,29,YARD,1.2915112840403316e-14,1.286509554486795e-14,5.0017295535366435e-17,5.0017295535366435e-17
20230526_200000,29,ZEMA,1.5308632833610503e-11,1.5227432162423504e-11,8.120067118699836e-14,8.120067118699836e-14
20230526_200000,3,AEAC,1.5022892512206454e-06,1.5130696056075976e-06,-1.078035438695224e-08,1.078035438695224e-08
20230526_200000,3,BRCA,7.649794426384249e-13,7.671146703969178e-13,-2.1352277584929524e-15,2.1352277584929524e-15
20230526_200000,3,BRMA,6.285161924717695e-20,6.259635648002192e-20,2.552627671550359e-22,2.552627671550359e-22
20230526_200000,3,BUVI,0.36065128445625305,0.36328747868537903,-0.0026361942291259766,0.0026361942291259766
20230526_200000,3,CAGU,1.2618083928828128e-06,1.2636071460292442e-06,-1.7987531464314088e-09,1.7987531464314088e-09
20230526_200000,3,CALU,1.1238558528248177e-07,1.1279551159759649e-07,-4.09926315114717e-10,4.09926315114717e-10
20230526_200000,3,CAUS,1.8935723757225464e-13,1.897894818733703e-13,-4.322443011156585e-16,4.322443011156585e-16
20230526_200000,3,CCOO,4.647429647743799e-15,4.638576882895571e-15,8.85276484822832e-18,8.85276484822832e-18
20230526_200000,3,CHFA,1.2055802150578564e-14,1.2062319222074739e-14,-6.517071496174587e-18,6.517071496174587e-18
20230526_200000,3,CHMI,3.7500310554605676e-06,3.757189006137196e-06,-7.1579506766283885e-09,7.1579506766283885e-09
20230526_200000,3,CHMI_IRREG,1.2956528735230677e-05,1.2969307135790586e-05,-1.2778400559909642e-08,1.2778400559909642e-08
20230526_200000,3,COAU,3.195214953082351e-14,3.1958200734198694e-14,-6.051203375184722e-18,6.051203375184722e-18
20230526_200000,3,COAU2,7.25576369819958e-12,7.234280448992214e-12,2.1483249207365773e-14,2.1483249207365773e-14
20230526_200000,3,COCO,2.0879162548226304e-05,2.096827120112721e-05,-8.910865290090442e-08,8.910865290090442e-08
20230526_200000,3,CYST,9.868397765622205e-11,9.882022977691918e-11,-1.3625212069712234e-13,1.3625212069712234e-13
20230526_200000,3,DEFU,0.0001738173159537837,0.00017391044821124524,-9.313225746154785e-08,9.313225746154785e-08
20230526_200000,3,DOG,8.476192192574672e-08,8.4807190603442e-08,-4.526867769527598e-11,4.526867769527598e-11
20230526_200000,3,DRPU,4.203571424997252e-22,4.2231831381897705e-22,-1.961171319251853e-24,1.961171319251853e-24
20230526_200000,3,DRUM,1.4915048041075352e-07,1.490850252139353e-07,6.545519681822043e-11,6.545519681822043e-11
20230526_200000,3,FLY,2.1266766907501733e-06,2.1264895622152835e-06,1.8712853488977998e-10,1.8712853488977998e-10
20230526_200000,3,FROG,2.4943943571997806e-05,2.5179306248901412e-05,-2.3536267690360546e-07,2.3536267690360546e-07
20230526_200000,3,GLGN,5.62716557794829e-08,5.6674863913031004e-08,-4.0320813354810525e-10,4.0320813354810525e-10
20230526_200000,3,HOSA,5.354731001716573e-06,5.347258593246806e-06,7.472408469766378e-09,7.472408469766378e-09
20230526_200000,3,HYPI,1.8981205360734874e-14,1.9030480655408445e-14,-4.927529467357167e-17,4.927529467357167e-17
20230526_200000,3,INSP,1.1767030628107022e-05,1.1854228432639502e-05,-8.71978045324795e-08,8.71978045324795e-08
20230526_200000,3,IXNA,6.649896189259152e-09,6.65333921290312e-09,-3.4430236439675355e-12,3.4430236439675355e-12
20230526_200000,3,MEKE,1.3355172086448874e-05,1.343785334029235e-05,-8.268125384347513e-08,8.268125384347513e-08
20230526_200000,3,MYTO,6.734646467055635e-18,6.704250888266761e-18,3.0395578788873555e-20,3.0395578788873555e-20
20230526_200000,3,NUCO,1.3987619348192328e-25,1.3893608082407779e-25,9.401126578454967e-28,9.401126578454967e-28
20230526_200000,3,OCPR,4.303608858169383e-11,4.292520158766244e-11,1.1088699403138946e-13,1.1088699403138946e-13
20230526_200000,3,ORPI,2.2344734396106958e-10,2.243532720713759e-10,-9.059281103063199e-13,9.059281103063199e-13
20230526_200000,3,PAFA,5.927414559181443e-09,5.927430546392998e-09,-1.5987211554602254e-14,1.5987211554602254e-14
20230526_200000,3,PECA,1.3167033652630722e-12,1.320771400234455e-12,-4.068034971382861e-15,4.068034971382861e-15
20230526_200000,3,PHNU,1.6020597115584678e-07,1.607293000915888e-07,-5.23328935742029e-10,5.23328935742029e-10
20230526_200000,3,PIMA,1.6179181030094125e-19,1.6122202503056e-19,5.697852703812535e-22,5.697852703812535e-22
20230526_200000,3,POEC,5.658368565364391e-11,5.6333573222877575e-11,2.5011243076633605e-13,2.5011243076633605e-13
20230526_200000,3,PSFL,0.6390731334686279,0.6364363431930542,0.0026367902755737305,0.0026367902755737305
20230526_200000,3,SHOT,5.761268795367869e-08,5.761151911087836e-08,1.1688428003253648e-12,1.1688428003253648e-12
20230526_200000,3,SITT,1.1448814118963924e-09,1.139657590520926e-09,5.2238213754662866e-12,5.2238213754662866e-12
20230526_200000,3,SPRU,4.554731591888128e-12,4.5569503032139025e-12,-2.2187113257743363e-15,2.2187113257743363e-15
20230526_200000,3,STOC,1.25961474584102e-09,1.2711689478805965e-09,-1.1554202039576467e-11,1.1554202039576467e-11
20230526_200000,3,STOC_IRREG,2.930778536525125e-11,2.945716240376761e-11,-1.4937703851636286e-13,1.4937703851636286e-13
20230526_200000,3,STVA,1.8478849561631705e-09,1.8672736690206193e-09,-1.938871285744881e-11,1.938871285744881e-11
20230526_200000,3,STVA_IRREG,3.129523065581452e-06,3.1391771244670963e-06,-9.65405888564419e-09,9.65405888564419e-09
20230526_200000,3,TADO1,1.687036976884268e-16,1.6882613365397446e-16,-1.2243596554764894e-19,1.2243596554764894e-19
20230526_200000,3,TADO2,6.376595432233678e-12,6.411368831671371e-12,-3.4773399437693087e-14,3.4773399437693087e-14
20230526_200000,3,TAMI,1.2200751510710404e-14,1.225750949444002e-14,-5.675798372961616e-17,5.675798372961616e-17
20230526_200000,3,TUMI,1.0764216540337657e-07,1.0743743672492201e-07,2.0472867845455767e-10,2.0472867845455767e-10
20230526_200000,3,WHIS,2.5813158034682093e-12,2.6047059474565426e-12,-2.339014398833328e-14,2.339014398833328e-14
20230526_200000,3,YARD,2.96419638834422e-10,2.962949052776054e-10,1.2473355681663634e-13,1.2473355681663634e-13
20230526_200000,3,ZEMA,2.1746666967192851e-10,2.176664126718464e-10,-1.9974299991787348e-13,1.9974299991787348e-13
20230526_200000,30,AEAC,5.874307262843104e-09,5.855981921598641e-09,1.8325341244462834e-11,1.8325341244462834e-11
20230526_200000,30,BRCA,5.627874468533411e-13,5.558318562359776e-13,6.955590617363505e-15,6.955590617363505e-15
20230526_200000,30,BRMA,1.3470671017011783e-17,1.319725308297728e-17,2.7341793403450287e-19,2.7341793403450287e-19
20230526_200000,30,BUVI,0.0021599524188786745,0.0021578941959887743,2.0582228899002075e-06,2.0582228899002075e-06
20230526_200000,30,CAGU,1.4532617775842027e-08,1.4452563590339196e-08,8.005418550283139e-11,8.005418550283139e-11
20230526_200000,30,CALU,0.0017841323278844357,0.001773164956830442,1.0967371053993702e-05,1.0967371053993702e-05
20230526_200000,30,CAUS,3.6285658180403024e-13,3.599991398733904e-13,2.857441930639859e-15,2.857441930639859e-15
20230526_200000,30,CCOO,3.0247956510397536e-14,2.9695338663081675e-14,5.526178473158616e-16,5.526178473158616e-16
20230526_200000,30,CHFA,8.310255153291812e-14,8.197457469771852e-14,1.1279768351996067e-15,1.1279768351996067e-15
20230526_200000,30,CHMI,4.4083911632242234e-08,4.3764206481000656e-08,3.197051512415783e-10,3.197051512415783e-10
20230526_200000,30,CHMI_IRREG,3.503971299778641e-07,3.486547655029426e-07,1.7423644749214873e-09,1.7423644749214873e-09
20230526_200000,30,COAU,5.627048306477977e-13,5.5488171566212e-13,7.823114985677782e-15,7.823114985677782e-15
20230526_200000,30,COAU2,1.3934204484700174e-11,1.3754538306931519e-11,1.796661777686559e-13,1.796661777686559e-13
20230526_200000,30,COCO,1.0817315398981009e-07,1.0744992096078931e-07,7.232330290207756e-10,7.232330290207756e-10
20230526_200000,30,CYST,9.926019034489642e-11,9.8334555775903e-11,9.256345689934165e-13,9.256345689934165e-13
20230526_200000,30,DEFU,3.59353180101607e-06,3.5852679047820857e-06,8.26389623398427e-09,8.26389623398427e-09
20230526_200000,30,DOG,4.8827814680407755e-08,4.849876944490461e-08,3.290452355031448e-10,3.290452355031448e-10
20230526_200000,30,DRPU,7.508115243905874e-19,7.32916816006498e-19,1.7894708384089355e-20,1.7894708384089355e-20
20230526_200000,30,DRUM,1.5456411261993708e-08,1.5345051451731706e-08,1.113598102620017e-10,1.113598102620017e-10
20230526_200000,30,FLY,5.552763582272746e-07,5.521432626665046e-07,3.133095560770016e-09,3.133095560770016e-09
20230526_200000,30,FROG,1.1038159897225341e-07,1.1005887756709853e-07,3.227214051548799e-10,3.227214051548799e-10
20230526_200000,30,GLGN,1.9982605847790325e-11,1.98404903617444e-11,1.4211548604592394e-13,1.4211548604592394e-13
20230526_200000,30,HOSA,5.183497250982327e-06,5.158247859071707e-06,2.5249391910620034e-08,2.5249391910620034e-08
20230526_200000,30,HYPI,3.1424729897248926e-13,3.1048191903755573e-13,3.765379934933533e-15,3.765379934933533e-15
20230526_200000,30,INSP,2.125894553728358e-07,2.123251903185519e-07,2.6426505428389646e-10,2.6426505428389646e-10
20230526_200000,30,IXNA,4.37071129288924e-10,4.3450346098872217e-10,2.5676683002018308e-12,2.5676683002018308e-12
20230526_200000,30,MEKE,5.78680953822186e-07,5.777109777227452e-07,9.69976099440828e-10,9.69976099440828e-10
20230526_200000,30,MYTO,6.119007303821244e-16,6.007972401743638e-16,1.1103490207760606e-17,1.1103490207760606e-17
20230526_200000,30,NUCO,1.4774030582739543e-20,1.450140348506943e-20,2.726270976701139e-22,2.726270976701139e-22
20230526_200000,30,OCPR,8.653974238603812e-12,8.556088129663131e-12,9.788610894068128e-14,9.788610894068128e-14
20230526_200000,30,ORPI,5.6601643511067223e-11,5.6023144456851526e-11,5.784990542156976e-13,5.784990542156976e-13
20230526_200000,30,PAFA,4.023804933694919e-08,3.9919044070302334e-08,3.190052666468546e-10,3.190052666468546e-10
20230526_200000,30,PECA,2.3982361235797e-12,2.3724711431527545e-12,2.5764980426945527e-14,2.5764980426945527e-14
20230526_200000,30,PHNU,1.5289399968310136e-08,1.520642456398491e-08,8.29754043252251e-11,8.29754043252251e-11
20230526_200000,30,PIMA,1.448547935354899e-17,1.427404371717431e-17,2.114356363746794e-19,2.114356363746794e-19
20230526_200000,30,POEC,2.3690702732892532e-09,2.338166771309602e-09,3.090350197965108e-11,3.090350197965108e-11
20230526_200000,30,PSFL,0.9960435628890991,0.9960566759109497,-1.3113021850585938e-05,1.3113021850585938e-05
20230526_200000,30,SHOT,7.762346854178759e-08,7.705141769065449e-08,5.720508511330991e-10,5.720508511330991e-10
20230526_200000,30,SITT,1.3101927320846585e-09,1.2963788931230624e-09,1.3813838961596048e-11,1.3813838961596048e-11
20230526_200000,30,SPRU,2.998652021135584e-11,2.969413950837385e-11,2.9238070298198693e-13,2.9238070298198693e-13
20230526_200000,30,STOC,4.143126813849207e-11,4.143126119959817e-11,6.938893903907228e-18,6.938893903907228e-18
20230526_200000,30,STOC_IRREG,9.947032780788234e-12,9.914356662032997e-12,3.2676118755237127e-14,3.2676118755237127e-14
20230526_200000,30,STVA,1.2069031107841965e-08,1.2078355204891977e-08,-9.324097050011915e-12,9.324097050011915e-12
20230526_200000,30,STVA_IRREG,1.4254603684094036e-06,1.4272408179749618e-06,-1.7804495655582286e-09,1.7804495655582286e-09
20230526_200000,30,TADO1,5.5665578043036495e-15,5.485787707068795e-15,8.077009723485469e-17,8.077009723485469e-17
20230526_200000,30,TADO2,1.6118549203691934e-11,1.590413391261425e-11,2.144152910776853e-13,2.144152910776853e-13
20230526_200000,30,TAMI,4.8551755741895256e-14,4.810101562934335e-14,4.507401125519034e-16,4.507401125519034e-16
20230526_200000,30,TUMI,8.265714335209395e-09,8.211578084171833e-09,5.413625103756203e-11,5.413625103756203e-11
20230526_200000,30,WHIS,9.820888676945194e-13,9.814800881746688e-13,6.087795198506107e-16,6.087795198506107e-16
20230526_200000,30,YARD,1.1621149181850754e-10,1.1493120344319152e-10,1.2802883753160188e-12,1.2802883753160188e-12
20230526_200000,30,ZEMA,1.0664985561348317e-09,1.061410737079882e-09,5.087819054949705e-12,5.087819054949705e-12
20230526_200000,31,AEAC,6.089154180877188e-10,6.036942612475116e-10,5.221156840207186e-12,5.221156840207186e-12
20230526_200000,31,BRCA,6.041737781999155e-16,6.067850748971821e-16,-2.611296697266601e-18,2.611296697266601e-18
20230526_200000,31,BRMA,5.8459729634220795e-21,5.815579730465724e-21,3.039323295635514e-23,3.039323295635514e-23
20230526_200000,31,BUVI,0.00041698719724081457,0.000410966546041891,6.020651198923588e-06,6.020651198923588e-06
20230526_200000,31,CAGU,3.916522106628406e-10,3.870207487821631e-10,4.631461880677534e-12,4.631461880677534e-12
20230526_200000,31,CALU,8.480775477437419e-07,8.445909429610765e-07,3.4866047826653812e-09,3.4866047826653812e-09
20230526_200000,31,CAUS,9.58688512724007e-16,9.487910386144589e-16,9.897474109548093e-18,9.897474109548093e-18
20230526_200000,31,CCOO,1.5949570839794372e-17,1.5908104275687088e-17,4.146656410728328e-20,4.146656410728328e-20
20230526_200000,31,CHFA,8.573256548779712e-17,8.615535404248522e-17,-4.227885546881035e-19,4.227885546881035e-19
20230526_200000,31,CHMI,4.208897397273148e-10,4.1839498532425523e-10,2.4947544030595736e-12,2.4947544030595736e-12
20230526_200000,31,CHMI_IRREG,4.1331715827652715e-09,4.124832919671917e-09,8.338663093354626e-12,8.338663093354626e-12
20230526_200000,31,COAU,9.661522494178567e-16,9.703502505835674e-16,-4.198001165710719e-18,4.198001165710719e-18
20230526_200000,31,COAU2,1.360569456713501e-14,1.3697717920590612e-14,-9.20233534556017e-17,9.20233534556017e-17
20230526_200000,31,COCO,3.5123146058246846e-10,3.499723844058167e-10,1.2590761766517744e-12,1.2590761766517744e-12
20230526_200000,31,CYST,2.736422742045941e-13,2.7286576860865996e-13,7.765055959341183e-16,7.765055959341183e-16
20230526_200000,31,DEFU,1.248109384732743e-07,1.2445913455394475e-07,3.518039193295408e-10,3.518039193295408e-10
20230526_200000,31,DOG,1.971587199056657e-10,1.97675001367692e-10,-5.162814620263134e-13,5.162814620263134e-13
20230526_200000,31,DRPU,8.8342128327662e-23,8.857582679311191e-23,-2.336984654499143e-25,2.336984654499143e-25
20230526_200000,31,DRUM,1.438671543008141e-10,1.4418749527678187e-10,-3.203409759677811e-13,3.203409759677811e-13
20230526_200000,31,FLY,8.686503960575465e-09,8.656024341746615e-09,3.04796188288492e-11,3.04796188288492e-11
20230526_200000,31,FROG,1.2737544352603436e-09,1.2565306573009138e-09,1.7223777959429754e-11,1.7223777959429754e-11
20230526_200000,31,GLGN,2.7761029152556516e-13,2.754321293610418e-13,2.1781621645233784e-15,2.1781621645233784e-15
20230526_200000,31,HOSA,1.8608579566148364e-08,1.8621403086171995e-08,-1.2823520023630408e-11,1.2823520023630408e-11
20230526_200000,31,HYPI,1.670889484884947e-16,1.6596493576748824e-16,1.1240127210064565e-18,1.1240127210064565e-18
20230526_200000,31,INSP,4.506739426091144e-09,4.455254831725597e-09,5.148459436554731e-11,5.148459436554731e-11
20230526_200000,31,IXNA,4.528179047003089e-12,4.517017402477785e-12,1.1161644525303771e-14,1.1161644525303771e-14
20230526_200000,31,MEKE,5.1412754054069865e-09,5.092226196268257e-09,4.9049209138729566e-11,4.9049209138729566e-11
20230526_200000,31,MYTO,3.148006427071886e-20,3.139630577134933e-20,8.375849936952962e-23,8.375849936952962e-23
20230526_200000,31,NUCO,2.2468729192213513e-26,2.2683821670634546e-26,-2.1509247842103303e-28,2.1509247842103303e-28
20230526_200000,31,OCPR,3.715365688716776e-14,3.7088249002980786e-14,6.540788418697707e-17,6.540788418697707e-17
20230526_200000,31,ORPI,9.174245700150144e-14,9.17533261282806e-14,-1.0869126779167182e-17,1.0869126779167182e-17
20230526_200000,31,PAFA,1.1679597566871536e-10,1.1711029368477455e-10,-3.1431801605918963e-13,3.1431801605918963e-13
20230526_200000,31,PECA,1.088323093653015e-15,1.0884375489800127e-15,-1.1445532699773733e-19,1.1445532699773733e-19
20230526_200000,31,PHNU,7.834975446208148e-10,7.790421641118428e-10,4.4553805089719845e-12,4.4553805089719845e-12
20230526_200000,31,PIMA,4.437027905786768e-21,4.460099701749105e-21,-2.3071795962337207e-23,2.3071795962337207e-23
20230526_200000,31,POEC,2.975961491125112e-13,2.9971468015754787e-13,-2.1185310450366757e-15,2.1185310450366757e-15
20230526_200000,31,PSFL,0.9995819926261902,0.9995879530906677,-5.9604644775390625e-06,5.9604644775390625e-06
20230526_200000,31,SHOT,1.855560149977009e-11,1.864532660211804e-11,-8.972510234794839e-14,8.972510234794839e-14
20230526_200000,31,SITT,1.3734989708080736e-11,1.3669263637661189e-11,6.572607041954726e-14,6.572607041954726e-14
20230526_200000,31,SPRU,2.726829450173246e-14,2.739591864996116e-14,-1.2762414822869994e-16,1.2762414822869994e-16
20230526_200000,31,STOC,1.6335159136807165e-13,1.6156558512933628e-13,1.7860062387353715e-15,1.7860062387353715e-15
20230526_200000,31,STOC_IRREG,3.1286559511200553e-15,3.1210337133859506e-15,7.622237734104635e-18,7.622237734104635e-18
20230526_200000,31,STVA,5.533177249716914e-10,5.494193988653251e-10,3.898326106366312e-12,3.898326106366312e-12
20230526_200000,31,STVA_IRREG,5.3052687576382596e-08,5.309876272008296e-08,-4.6075143700363697e-11,4.6075143700363697e-11
20230526_200000,31,TADO1,6.085959022982362e-18,6.106181107417446e-18,-2.0222084435083868e-20,2.0222084435083868e-20
20230526_200000,31,TADO2,7.623158967138069e-14,7.549654803228056e-14,7.350416391001258e-16,7.350416391001258e-16
20230526_200000,31,TAMI,1.0505376420902703e-16,1.0525736313627838e-16,-2.0359892725135202e-19,2.0359892725135202e-19
20230526_200000,31,TUMI,9.962345531855377e-11,9.932388939093428e-11,2.9956592761948286e-13,2.9956592761948286e-13
20230526_200000,31,WHIS,2.7065832451515e-15,2.679529648090908e-15,2.7053597060591912e-17,2.7053597060591912e-17
20230526_200000,31,YARD,4.335988084422718e-14,4.3510503631039726e-14,-1.506227868125487e-16,1.506227868125487e-16
20230526_200000,31,ZEMA,7.649938842113624e-12,7.645725198790476e-12,4.2136433231476644e-15,4.2136433231476644e-15
20230526_200000,32,AEAC,2.3602285490614827e-12,2.3572346331823812e-12,2.993915879101472e-15,2.993915879101472e-15
20230526_200000,32,BRCA,1.7491057169860549e-19,1.7433021402602004e-19,5.803576725854469e-22,5.803576725854469e-22
20230526_200000,32,BRMA,5.715704014730485e-26,5.64676065310208e-26,6.894336162840541e-28,6.894336162840541e-28
20230526_200000,32,BUVI,0.0002461074909660965,0.0002469282189849764,-8.207280188798904e-07,8.207280188798904e-07
20230526_200000,32,CAGU,7.818638098067154e-12,7.802512108634474e-12,1.61259894326804e-14,1.61259894326804e-14
20230526_200000,32,CALU,8.597202061366715e-09,8.547326402208455e-09,4.987565915826053e-11,4.987565915826053e-11
20230526_200000,32,CAUS,7.094580772320707e-19,7.074845793868841e-19,1.9734978451866703e-21,1.9734978451866703e-21
20230526_200000,32,CCOO,8.116297281086462e-22,8.035024160574035e-22,8.127312051242754e-24,8.127312051242754e-24
20230526_200000,32,CHFA,3.477833710334895e-20,3.4615107872863244e-20,1.632292304857082e-22,1.632292304857082e-22
20230526_200000,32,CHMI,3.707661348079094e-12,3.684717895385825e-12,2.294345269326925e-14,2.294345269326925e-14
20230526_200000,32,CHMI_IRREG,1.589375575594687e-10,1.5833530320197298e-10,6.02254357495724e-13,6.02254357495724e-13
20230526_200000,32,COAU,1.1498646742387588e-19,1.1371786963225217e-19,1.2685977916237082e-21,1.2685977916237082e-21
20230526_200000,32,COAU2,4.642157863572599e-18,4.606977458530412e-18,3.5180405042186544e-20,3.5180405042186544e-20
20230526_200000,32,COCO,3.669188911037402e-11,3.6760715999006877e-11,-6.88268886328558e-14,6.88268886328558e-14
20230526_200000,32,CYST,1.0843824846241512e-15,1.0804424049908794e-15,3.940079633271785e-18,3.940079633271785e-18
20230526_200000,32,DEFU,4.439314471582634e-10,4.444385415247609e-10,-5.070943664975402e-13,5.070943664975402e-13
20230526_200000,32,DOG,6.294458444050521e-12,6.2877095023672336e-12,6.748941683287768e-15,6.748941683287768e-15
20230526_200000,32,DRPU,7.351262079181441e-28,7.230992568979319e-28,1.2026951020212191e-29,1.2026951020212191e-29
20230526_200000,32,DRUM,5.212039567298321e-13,5.192903941055038e-13,1.913562624328291e-15,1.913562624328291e-15
20230526_200000,32,FLY,3.4119221337114425e-11,3.4086473227334935e-11,3.2748109779490164e-14,3.2748109779490164e-14
20230526_200000,32,FROG,2.3186392042462423e-11,2.31447500054216e-11,4.1642037040823254e-14,4.1642037040823254e-14
20230526_200000,32,GLGN,1.2895687516186578e-16,1.2893514347281278e-16,2.1731689052993143e-20,2.1731689052993143e-20
20230526_200000,32,HOSA,2.958292777410776e-10,2.953272626449177e-10,5.020150961598802e-13,5.020150961598802e-13
20230526_200000,32,HYPI,1.2227026971950657e-21,1.2092038608462175e-21,1.3498836348848152e-23,1.3498836348848152e-23
20230526_200000,32,INSP,2.2202730973197582e-11,2.229258964925318e-11,-8.985867605559861e-14,8.985867605559861e-14
20230526_200000,32,IXNA,7.141669525721761e-14,7.143610925236868e-14,-1.9413995151068564e-17,1.9413995151068564e-17
20230526_200000,32,MEKE,1.2107018512730328e-11,1.2098836689455883e-11,8.18182327444461e-15,8.18182327444461e-15
20230526_200000,32,MYTO,2.630102687128246e-24,2.5790330154155955e-24,5.106967171265047e-26,5.106967171265047e-26
20230526_200000,32,NUCO,2.2458726172477875e-32,2.1969776358517467e-32,4.8894981396040754e-34,4.8894981396040754e-34
20230526_200000,32,OCPR,4.347418770223113e-17,4.312070033926272e-17,3.5348736296841085e-19,3.5348736296841085e-19
20230526_200000,32,ORPI,4.154052398021287e-17,4.1439829629885563e-17,1.0069435032730516e-19,1.0069435032730516e-19
20230526_200000,32,PAFA,2.357389457252612e-12,2.361730602751244e-12,-4.34114549863196e-15,4.34114549863196e-15
20230526_200000,32,PECA,7.985937675710779e-19,7.964695677580417e-19,2.124199813036175e-21,2.124199813036175e-21
20230526_200000,32,PHNU,6.733315727897038e-12,6.68814005913565e-12,4.517566876138801e-14,4.517566876138801e-14
20230526_200000,32,PIMA,1.0377356739807942e-25,1.0264002974405923e-25,1.1335376540201956e-27,1.1335376540201956e-27
20230526_200000,32,POEC,2.1927688506520848e-16,2.1725180134189086e-16,2.025083723317621e-18,2.025083723317621e-18
20230526_200000,32,PSFL,0.9997538924217224,0.9997530579566956,8.344650268554688e-07,8.344650268554688e-07
20230526_200000,32,SHOT,4.7446547152317844e-14,4.7325844957334107e-14,1.207021949837378e-16,1.207021949837378e-16
20230526_200000,32,SITT,2.8471458047088505e-13,2.8412301266052264e-13,5.915678103624034e-16,5.915678103624034e-16
20230526_200000,32,SPRU,4.298146929855779e-17,4.2840332433721545e-17,1.411368648362478e-19,1.411368648362478e-19
20230526_200000,32,STOC,1.2999261116790057e-16,1.3099504819119644e-16,-1.0024370232958628e-18,1.0024370232958628e-18
20230526_200000,32,STOC_IRREG,8.641023155026996e-18,8.695708892503489e-18,-5.468573747649321e-20,5.468573747649321e-20
20230526_200000,32,STVA,1.322213416228915e-13,1.3309619790839722e-13,-8.748562855057096e-16,8.748562855057096e-16
20230526_200000,32,STVA_IRREG,7.167898496973635e-10,7.19801995785474e-10,-3.0121460881105122e-12,3.0121460881105122e-12
20230526_200000,32,TADO1,6.434639322958098e-23,6.398359925471345e-23,3.6279397486752245e-25,3.6279397486752245e-25
20230526_200000,32,TADO2,3.8843412257477566e-17,3.848233137648592e-17,3.6108088099164764e-19,3.6108088099164764e-19
20230526_200000,32,TAMI,1.3739725237272945e-20,1.3663508298644426e-20,7.621693862851882e-23,7.621693862851882e-23
20230526_200000,32,TUMI,9.781525632870935e-13,9.698920269349265e-13,8.260536352167058e-15,8.260536352167058e-15
20230526_200000,32,WHIS,3.8715705186874e-19,3.8862312610691367e-19,-1.4660742381736724e-21,1.4660742381736724e-21
20230526_200000,32,YARD,1.881055035059888e-17,1.8807953003475463e-17,2.597347123416507e-21,2.597347123416507e-21
20230526_200000,32,ZEMA,1.2612553518677027e-14,1.2599606620078245e-14,1.294689859878198e-17,1.294689859878198e-17
20230526_200000,33,AEAC,4.077475296071498e-06,4.078701294929488e-06,-1.2259988579899073e-09,1.2259988579899073e-09
20230526_200000,33,BRCA,4.680348553165459e-08,4.65897791457337e-08,2.1370638592088653e-10,2.1370638592088653e-10
20230526_200000,33,BRMA,6.411324596222734e-12,6.316968215874796e-12,9.435638034793747e-14,9.435638034793747e-14
20230526_200000,33,BUVI,0.028962252661585808,0.028788825497031212,0.00017342716455459595,0.00017342716455459595
20230526_200000,33,CAGU,6.735474016750231e-06,6.652187948930077e-06,8.328606782015413e-08,8.328606782015413e-08
20230526_200000,33,CALU,0.0006714009796269238,0.0006649552960880101,6.445683538913727e-06,6.445683538913727e-06
20230526_200000,33,CAUS,2.3388256664702567e-08,2.3119678616012607e-08,2.6857804868996027e-10,2.6857804868996027e-10
20230526_200000,33,CCOO,4.251777596664397e-09,4.175896517466526e-09,7.588107919787035e-11,7.588107919787035e-11
20230526_200000,33,CHFA,7.233744270251918e-09,7.151181868891854e-09,8.256240136006454e-11,8.256240136006454e-11
20230526_200000,33,CHMI,3.648511119536124e-05,3.611366992117837e-05,3.71441274182871e-07,3.71441274182871e-07
20230526_200000,33,CHMI_IRREG,0.0003430031065363437,0.00034078420139849186,2.2189051378518343e-06,2.2189051378518343e-06
20230526_200000,33,COAU,2.184536995741837e-08,2.155504930101415e-08,2.9032065640421933e-10,2.9032065640421933e-10
20230526_200000,33,COAU2,2.439140018850594e-07,2.4109141349981655e-07,2.8225883852428524e-09,2.8225883852428524e-09
20230526_200000,33,COCO,2.6836552933673374e-05,2.666013824637048e-05,1.764146873028949e-07,1.764146873028949e-07
20230526_200000,33,CYST,3.5667781617121364e-07,3.535806740728731e-07,3.097142098340555e-09,3.097142098340555e-09
20230526_200000,33,DEFU,0.0005351461586542428,0.0005323529476299882,2.7932110242545605e-06,2.7932110242545605e-06
20230526_200000,33,DOG,6.603230576729402e-05,6.584020593436435e-05,1.920998329296708e-07,1.920998329296708e-07
20230526_200000,33,DRPU,3.0377965225779346e-13,3.006631944281468e-13,3.116457829646646e-15,3.116457829646646e-15
20230526_200000,33,DRUM,2.3088930902304128e-05,2.298865729244426e-05,1.0027360985986888e-07,1.0027360985986888e-07
20230526_200000,33,FLY,0.00016883132047951221,0.00016782752936705947,1.0037911124527454e-06,1.0037911124527454e-06
20230526_200000,33,FROG,4.1700299334479496e-05,4.146645369473845e-05,2.3384563974104822e-07,2.3384563974104822e-07
20230526_200000,33,GLGN,5.113536758472037e-07,5.09570554640959e-07,1.7831212062446866e-09,1.7831212062446866e-09
20230526_200000,33,HOSA,0.0010666082380339503,0.0010674067307263613,-7.984926924109459e-07,7.984926924109459e-07
20230526_200000,33,HYPI,1.3105617036046624e-08,1.2905696067377903e-08,1.999209686687209e-10,1.999209686687209e-10
20230526_200000,33,INSP,0.0002933161740656942,0.0002923410211224109,9.751529432833195e-07,9.751529432833195e-07
20230526_200000,33,IXNA,1.1672195796563756e-06,1.1598020819292287e-06,7.417497727146838e-09,7.417497727146838e-09
20230526_200000,33,MEKE,8.512119529768825e-05,8.488669118378311e-05,2.3450411390513182e-07,2.3450411390513182e-07
20230526_200000,33,MYTO,9.438459735999771e-11,9.23602097580023e-11,2.0243876019954143e-12,2.0243876019954143e-12
20230526_200000,33,NUCO,2.1250359870210456e-13,2.0980507370489676e-13,2.6985249972077963e-15,2.6985249972077963e-15
20230526_200000,33,OCPR,3.489986681870505e-07,3.450094254731084e-07,3.989242713942076e-09,3.989242713942076e-09
20230526_200000,33,ORPI,5.893080583518895e-07,5.843759822710126e-07,4.932076080876868e-09,4.932076080876868e-09
20230526_200000,33,PAFA,7.257038669195026e-05,7.234809891087934e-05,2.2228778107091784e-07,2.2228778107091784e-07
20230526_200000,33,PECA,4.784061857776578e-08,4.742158310477862e-08,4.190354729871615e-10,4.190354729871615e-10
20230526_200000,33,PHNU,1.0778696378110908e-05,1.0747729902504943e-05,3.096647560596466e-08,3.096647560596466e-08
20230526_200000,33,PIMA,3.396312744929908e-11,3.366198986221036e-11,3.0113758708871785e-13,3.0113758708871785e-13
20230526_200000,33,POEC,1.998387006096891e-06,1.9587653241615044e-06,3.962168193538673e-08,3.962168193538673e-08
20230526_200000,33,PSFL,0.9668641090393066,0.9670515060424805,-0.00018739700317382812,0.00018739700317382812
20230526_200000,33,SHOT,0.00012271440937183797,0.00012197691103210673,7.374983397312462e-07,7.374983397312462e-07
20230526_200000,33,SITT,3.2273915167024825e-06,3.1902634418656817e-06,3.7128074836800806e-08,3.7128074836800806e-08
20230526_200000,33,SPRU,2.4735700776545855e-07,2.45782302954467e-07,1.574704810991534e-09,1.574704810991534e-09
20230526_200000,33,STOC,2.707396333789802e-06,2.705251972656697e-06,2.1443611331051216e-09,2.1443611331051216e-09
20230526_200000,33,STOC_IRREG,2.3121694425753958e-07,2.3111887514914997e-07,9.806910838960903e-11,9.806910838960903e-11
20230526_200000,33,STVA,1.4086708688409999e-05,1.408029129379429e-05,6.417394615709782e-09,6.417394615709782e-09
20230526_200000,33,STVA_IRREG,0.0005583867314271629,0.0005597125273197889,-1.3257958926260471e-06,1.3257958926260471e-06
20230526_200000,33,TADO1,1.35534894418754e-09,1.3430164758077012e-09,1.2332468379838701e-11,1.2332468379838701e-11
20230526_200000,33,TADO2,6.925674256308412e-08,6.8307663525502e-08,9.490790375821234e-10,9.490790375821234e-10
20230526_200000,33,TAMI,3.4846054930426362e-09,3.472474530141767e-09,1.2130962900869235e-11,1.2130962900869235e-11
20230526_200000,33,TUMI,6.93842775945086e-06,6.876565748825669e-06,6.186201062519103e-08,6.186201062519103e-08
20230526_200000,33,WHIS,1.2820945016756014e-07,1.2794893677892105e-07,2.6051338863908313e-10,2.6051338863908313e-10
20230526_200000,33,YARD,2.784683374557062e-06,2.7754601887863828e-06,9.223185770679265e-09,9.223185770679265e-09
20230526_200000,33,ZEMA,4.970933787262766e-06,4.927351710648509e-06,4.358207661425695e-08,4.358207661425695e-08
20230526_200000,34,AEAC,3.687243577132904e-08,3.673905268897215e-08,1.33383082356886e-10,1.33383082356886e-10
20230526_200000,34,BRCA,4.202404396691506e-11,4.1719447341215243e-11,3.045966256998156e-13,3.045966256998156e-13
20230526_200000,34,BRMA,5.042250339183868e-15,4.923088897131186e-15,1.1916144205268223e-16,1.1916144205268223e-16
20230526_200000,34,BUVI,0.0011452912585809827,0.0011472818441689014,-1.9905855879187584e-06,1.9905855879187584e-06
20230526_200000,34,CAGU,9.830493041818045e-08,9.70253779541963e-08,1.279552463984146e-09,1.279552463984146e-09
20230526_200000,34,CALU,6.266711949365344e-08,6.235961080847119e-08,3.0750868518225616e-10,3.0750868518225616e-10
20230526_200000,34,CAUS,4.6373047762893194e-11,4.554972718451289e-11,8.233205783803044e-13,8.233205783803044e-13
20230526_200000,34,CCOO,1.9749531871005033e-12,1.9401002072233497e-12,3.485297987715352e-14,3.485297987715352e-14
20230526_200000,34,CHFA,1.1034161431777711e-11,1.0870180623678838e-11,1.639808080988736e-13,1.639808080988736e-13
20230526_200000,34,CHMI,1.0907691461170543e-07,1.0802121863662251e-07,1.0556959750829265e-09,1.0556959750829265e-09
20230526_200000,34,CHMI_IRREG,1.0569642654445488e-06,1.0508553032195778e-06,6.108962224971037e-09,6.108962224971037e-09
20230526_200000,34,COAU,4.5389950478758045e-12,4.462381852921027e-12,7.66131949547777e-14,7.66131949547777e-14
20230526_200000,34,COAU2,1.7261321538786234e-10,1.7014822883965053e-10,2.4649865482118116e-12,2.4649865482118116e-12
20230526_200000,34,COCO,3.892648337000537e-08,3.864515107920852e-08,2.8133229079685407e-10,2.8133229079685407e-10
20230526_200000,34,CYST,1.7663256413058548e-09,1.7489468762121874e-09,1.7378765093667425e-11,1.7378765093667425e-11
20230526_200000,34,DEFU,4.40368194176699e-06,4.3782633838418406e-06,2.54185579251498e-08,2.54185579251498e-08
20230526_200000,34,DOG,2.569716741618322e-07,2.5653412194515113e-07,4.375522166810697e-10,4.375522166810697e-10
20230526_200000,34,DRPU,2.9107115944646656e-17,2.876883216133697e-17,3.382837833096862e-19,3.382837833096862e-19
20230526_200000,34,DRUM,5.068930164497942e-08,5.0266258710962575e-08,4.2304293401684845e-10,4.2304293401684845e-10
20230526_200000,34,FLY,8.506101494276663e-07,8.454456406070676e-07,5.164508820598712e-09,5.164508820598712e-09
20230526_200000,34,FROG,1.4344824705858628e-07,1.4323704533580894e-07,2.1120172277733218e-10,2.1120172277733218e-10
20230526_200000,34,GLGN,1.146742367730269e-09,1.1415094425260008e-09,5.232925204268213e-12,5.232925204268213e-12
20230526_200000,34,HOSA,3.0628232252638554e-06,3.058800757571589e-06,4.022467692266218e-09,4.022467692266218e-09
20230526_200000,34,HYPI,9.10016311438111e-13,8.981714027037069e-13,1.1844908734404136e-14,1.1844908734404136e-14
20230526_200000,34,INSP,1.2791634844688815e-06,1.2738629493469489e-06,5.300535121932626e-09,5.300535121932626e-09
20230526_200000,34,IXNA,1.1236881647391783e-08,1.1098705066103776e-08,1.3817658128800758e-10,1.3817658128800758e-10
20230526_200000,34,MEKE,1.9384405902656e-07,1.9339260859396745e-07,4.5145043259253725e-10,4.5145043259253725e-10
20230526_200000,34,MYTO,3.7394871541755054e-14,3.626517014747484e-14,1.1297013942802164e-15,1.1297013942802164e-15
20230526_200000,34,NUCO,4.3560629730604146e-18,4.250977120861065e-18,1.0508585219934919e-19,1.0508585219934919e-19
20230526_200000,34,OCPR,9.093167330220808e-10,8.950261642937107e-10,1.429056872837009e-11,1.429056872837009e-11
20230526_200000,34,ORPI,9.117585020312902e-10,9.025776792626061e-10,9.180822768684038e-12,9.180822768684038e-12
20230526_200000,34,PAFA,2.1529922378249466e-07,2.1435292296700936e-07,9.463008154853014e-10,9.463008154853014e-10
20230526_200000,34,PECA,6.548885045365438e-11,6.45856562675462e-11,9.031941861081805e-13,9.031941861081805e-13
20230526_200000,34,PHNU,4.331583909333858e-07,4.3122534520989575e-07,1.9330457234900678e-09,1.9330457234900678e-09
20230526_200000,34,PIMA,3.673963734694523e-14,3.593130702911687e-14,8.083303178283568e-16,8.083303178283568e-16
20230526_200000,34,POEC,2.165641138640595e-10,2.1112578352244782e-10,5.438330341611675e-12,5.438330341611675e-12
20230526_200000,34,PSFL,0.998838484287262,0.9988365769386292,1.9073486328125e-06,1.9073486328125e-06
20230526_200000,34,SHOT,2.995352943457874e-08,2.9755369723716285e-08,1.9815971086245554e-10,1.9815971086245554e-10
20230526_200000,34,SITT,2.4353813188326967e-08,2.3905554868974832e-08,4.48258319352135e-10,4.48258319352135e-10
20230526_200000,34,SPRU,1.7629186999101876e-10,1.7432941201711571e-10,1.9624579739030423e-12,1.9624579739030423e-12
20230526_200000,34,STOC,1.9584884825007975e-09,1.9597590217301786e-09,-1.2705392293810291e-12,1.2705392293810291e-12
20230526_200000,34,STOC_IRREG,7.725602102492957e-11,7.705294735593782e-11,2.0307366899174895e-13,2.0307366899174895e-13
20230526_200000,34,STVA,2.661024289807301e-08,2.6564450195110112e-08,4.5792702962899057e-11,4.5792702962899057e-11
20230526_200000,34,STVA_IRREG,3.7903146221651696e-06,3.7881968637520913e-06,2.1177584130782634e-09,2.1177584130782634e-09
20230526_200000,34,TADO1,4.937528250842371e-13,4.880842908658312e-13,5.668534218405963e-15,5.668534218405963e-15
20230526_200000,34,TADO2,2.073069910180081e-10,2.0399257283365557e-10,3.314418184352519e-12,3.314418184352519e-12
20230526_200000,34,TAMI,8.909391453759685e-12,8.865825608384004e-12,4.3565845375681533e-14,4.3565845375681533e-14
20230526_200000,34,TUMI,7.872520768614777e-08,7.762141507328124e-08,1.1037926128665276e-09,1.1037926128665276e-09
20230526_200000,34,WHIS,3.752553823233029e-11,3.729926437157083e-11,2.2627386075946276e-13,2.2627386075946276e-13
20230526_200000,34,YARD,7.343281538396695e-10,7.287191405858096e-10,5.609013253859985e-12,5.609013253859985e-12
20230526_200000,34,ZEMA,3.237414603063371e-08,3.205488496860198e-08,3.192610620317282e-10,3.192610620317282e-10
20230526_200000,35,AEAC,1.6684960428392515e-05,1.661501664784737e-05,6.994378054514527e-08,6.994378054514527e-08
20230526_200000,35,BRCA,2.8703883714342737e-08,2.852391922658626e-08,1.7996448775647877e-10,1.7996448775647877e-10
20230526_200000,35,BRMA,1.3057251460613095e-11,1.2854168250642228e-11,2.0308320997086682e-13,2.0308320997086682e-13
20230526_200000,35,BUVI,0.6213362216949463,0.6214743256568909,-0.00013810396194458008,0.00013810396194458008
20230526_200000,35,CAGU,1.3681260497833136e-05,1.3602007129520644e-05,7.925336831249297e-08,7.925336831249297e-08
20230526_200000,35,CALU,0.004184624180197716,0.004151530563831329,3.3093616366386414e-05,3.3093616366386414e-05
20230526_200000,35,CAUS,2.1379753079031616e-08,2.1205750044828164e-08,1.7400303420345153e-10,1.7400303420345153e-10
20230526_200000,35,CCOO,1.1655629350570962e-08,1.1477410133409194e-08,1.7821921716176803e-10,1.7821921716176803e-10
20230526_200000,35,CHFA,6.895820359176241e-09,6.844826483387578e-09,5.099387578866299e-11,5.099387578866299e-11
20230526_200000,35,CHMI,0.00012876041000708938,0.00012845684250351042,3.035675035789609e-07,3.035675035789609e-07
20230526_200000,35,CHMI_IRREG,0.0007700158748775721,0.0007684394367970526,1.5764380805194378e-06,1.5764380805194378e-06
20230526_200000,35,COAU,6.286196452265358e-08,6.227607229902787e-08,5.858922236257058e-10,5.858922236257058e-10
20230526_200000,35,COAU2,1.1616800748015521e-06,1.1532358712429414e-06,8.444203558610752e-09,8.444203558610752e-09
20230526_200000,35,COCO,3.633787127910182e-05,3.622552321758121e-05,1.1234806152060628e-07,1.1234806152060628e-07
20230526_200000,35,CYST,5.138775804880424e-07,5.10239487994113e-07,3.6380924939294346e-09,3.6380924939294346e-09
20230526_200000,35,DEFU,0.000929824193008244,0.0009257170604541898,4.10713255405426e-06,4.10713255405426e-06
20230526_200000,35,DOG,5.067261736257933e-05,5.049851824878715e-05,1.7409911379218102e-07,1.7409911379218102e-07
20230526_200000,35,DRPU,3.1349419588044825e-12,3.0979843256701e-12,3.6957633134382384e-14,3.6957633134382384e-14
20230526_200000,35,DRUM,2.3172131477622315e-05,2.3148742911871523e-05,2.3388565750792623e-08,2.3388565750792623e-08
20230526_200000,35,FLY,0.0006628545233979821,0.000660778081510216,2.076441887766123e-06,2.076441887766123e-06
20230526_200000,35,FROG,0.00011609835928538814,0.00011566304601728916,4.353132680989802e-07,4.353132680989802e-07
20230526_200000,35,GLGN,7.605809173583111e-07,7.56156168790767e-07,4.424748567544157e-09,4.424748567544157e-09
20230526_200000,35,HOSA,0.0013043353101238608,0.0012978719314560294,6.463378667831421e-06,6.463378667831421e-06
20230526_200000,35,HYPI,1.4540242432303785e-07,1.4398692371742072e-07,1.415500605617126e-09,1.415500605617126e-09
20230526_200000,35,INSP,0.0006980385514907539,0.000692881818395108,5.1567330956459045e-06,5.1567330956459045e-06
20230526_200000,35,IXNA,2.9142786388547393e-06,2.896202886404353e-06,1.8075752450386062e-08,1.8075752450386062e-08
20230526_200000,35,MEKE,0.0006926657515577972,0.000691103923600167,1.5618279576301575e-06,1.5618279576301575e-06
20230526_200000,35,MYTO,1.415377121061212e-10,1.3882196781001e-10,2.715744296111211e-12,2.715744296111211e-12
20230526_200000,35,NUCO,7.252147016592603e-14,7.158209029863027e-14,9.393798672957532e-16,9.393798672957532e-16
20230526_200000,35,OCPR,7.704687732257298e-07,7.649848612345522e-07,5.4839119911775924e-09,5.4839119911775924e-09
20230526_200000,35,ORPI,1.2743358865918708e-06,1.2648965821426827e-06,9.439304449188057e-09,9.439304449188057e-09
20230526_200000,35,PAFA,8.983063162304461e-05,8.976743993116543e-05,6.319169187918305e-08,6.319169187918305e-08
20230526_200000,35,PECA,1.484796428030677e-07,1.4708300000165764e-07,1.396642801410053e-09,1.396642801410053e-09
20230526_200000,35,PHNU,1.5855383026064374e-05,1.579872150614392e-05,5.666151992045343e-08,5.666151992045343e-08
20230526_200000,35,PIMA,1.5713924952920344e-11,1.5594359137338643e-11,1.1956581558170143e-13,1.1956581558170143e-13
20230526_200000,35,POEC,1.3424743883660994e-05,1.3291125469550025e-05,1.3361841411096975e-07,1.3361841411096975e-07
20230526_200000,35,PSFL,0.3677852749824524,0.3677052855491638,7.998943328857422e-05,7.998943328857422e-05
20230526_200000,35,SHOT,8.686339424457401e-05,8.651649113744497e-05,3.469031071290374e-07,3.469031071290374e-07
20230526_200000,35,SITT,3.370147624082165e-06,3.3392586828995263e-06,3.088894118263852e-08,3.088894118263852e-08
20230526_200000,35,SPRU,5.009826509194681e-07,4.99842087720026e-07,1.1405631994421128e-09,1.1405631994421128e-09
20230526_200000,35,STOC,5.6836411204130854e-06,5.635631168843247e-06,4.800995156983845e-08,4.800995156983845e-08
20230526_200000,35,STOC_IRREG,1.3097017017571488e-06,1.3013315083298949e-06,8.37019342725398e-09,8.37019342725398e-09
20230526_200000,35,STVA,4.420924960868433e-05,4.391070979181677e-05,2.9853981686756015e-07,2.9853981686756015e-07
20230526_200000,35,STVA_IRREG,0.0009549193782731891,0.00095320341642946,1.7159618437290192e-06,1.7159618437290192e-06
20230526_200000,35,TADO1,7.327861428763072e-09,7.279695513062734e-09,4.816591570033779e-11,4.816591570033779e-11
20230526_200000,35,TADO2,2.679174428976694e-07,2.6497951921555796e-07,2.937923682111432e-09,2.937923682111432e-09
20230526_200000,35,TAMI,4.940285958099366e-09,4.919566531924602e-09,2.071942617476452e-11,2.071942617476452e-11
20230526_200000,35,TUMI,1.1145883036078885e-05,1.109693585021887e-05,4.894718586001545e-08,4.894718586001545e-08
20230526_200000,35,WHIS,2.512496450890467e-07,2.4946564280980965e-07,1.7840022792370291e-09,1.7840022792370291e-09
20230526_200000,35,YARD,7.2358861871180125e-06,7.1846379796625115e-06,5.124820745550096e-08,5.124820745550096e-08
20230526_200000,35,ZEMA,8.083430657279678e-06,8.045077265705913e-06,3.8353391573764384e-08,3.8353391573764384e-08
20230526_200000,36,AEAC,2.947396493535592e-11,2.9486361269315253e-11,-1.2396333959330263e-14,1.2396333959330263e-14
20230526_200000,36,BRCA,1.3522781741241399e-16,1.3684178575384785e-16,-1.6139683414338659e-18,1.6139683414338659e-18
20230526_200000,36,BRMA,1.6495954450094638e-21,1.6429149922108178e-21,6.680452798646034e-24,6.680452798646034e-24
20230526_200000,36,BUVI,0.0006524046766571701,0.0006439861608669162,8.418515790253878e-06,8.418515790253878e-06
20230526_200000,36,CAGU,2.357390116447533e-10,2.3268544036003647e-10,3.0535712847168384e-12,3.0535712847168384e-12
20230526_200000,36,CALU,4.413521139667864e-07,4.3963893858744996e-07,1.7131753793364624e-09,1.7131753793364624e-09
20230526_200000,36,CAUS,8.853554177056043e-16,8.811982858795986e-16,4.157131826005699e-18,4.157131826005699e-18
20230526_200000,36,CCOO,2.177939752200275e-17,2.1619822801312697e-17,1.5957472069005478e-19,1.5957472069005478e-19
20230526_200000,36,CHFA,5.3317590669497855e-17,5.335934343809708e-17,-4.1752768599226625e-20,4.1752768599226625e-20
20230526_200000,36,CHMI,2.7947108516279684e-10,2.777474639170663e-10,1.7236212457305555e-12,1.7236212457305555e-12
20230526_200000,36,CHMI_IRREG,3.94592980512698e-09,3.9371368387719485e-09,8.79296635503124e-12,8.79296635503124e-12
20230526_200000,36,COAU,1.9901841130061718e-16,1.9858175258141779e-16,4.366587191993927e-19,4.366587191993927e-19
20230526_200000,36,COAU2,1.3017848619542843e-14,1.3003316922299748e-14,1.4531697243094777e-17,1.4531697243094777e-17
20230526_200000,36,COCO,1.108783551084791e-10,1.1075036721042153e-10,1.2798789805756883e-13,1.2798789805756883e-13
20230526_200000,36,CYST,2.0943007527848834e-13,2.0875147313872966e-13,6.786021397586772e-16,6.786021397586772e-16
20230526_200000,36,DEFU,1.1765556706677671e-07,1.1687484402500559e-07,7.807230417711253e-10,7.807230417711253e-10
20230526_200000,36,DOG,2.1811027983709153e-10,2.1869366040316862e-10,-5.833805660770963e-13,5.833805660770963e-13
20230526_200000,36,DRPU,6.213920064867875e-24,6.213095705221919e-24,8.243596459559573e-28,8.243596459559573e-28
20230526_200000,36,DRUM,4.178489845796385e-11,4.185009977453191e-11,-6.520131656806427e-14,6.520131656806427e-14
20230526_200000,36,FLY,3.837679507512348e-09,3.8296610327392955e-09,8.01847477305273e-12,8.01847477305273e-12
20230526_200000,36,FROG,6.548249165128084e-10,6.496156390589647e-10,5.209277453843697e-12,5.209277453843697e-12
20230526_200000,36,GLGN,7.280437239404539e-14,7.288001582436698e-14,-7.564343032159804e-17,7.564343032159804e-17
20230526_200000,36,HOSA,2.796462794663057e-08,2.801969678500882e-08,-5.5068838378247165e-11,5.5068838378247165e-11
20230526_200000,36,HYPI,7.76660589728576e-17,7.732232241494997e-17,3.4373655790763576e-19,3.4373655790763576e-19
20230526_200000,36,INSP,2.928883580111119e-09,2.9085667208050836e-09,2.031685930603544e-11,2.031685930603544e-11
20230526_200000,36,IXNA,1.9840103952090127e-12,1.9743330234578416e-12,9.677371751171115e-15,9.677371751171115e-15
20230526_200000,36,MEKE,3.6646015111330144e-09,3.6311793571996986e-09,3.342215393331571e-11,3.342215393331571e-11
20230526_200000,36,MYTO,8.627389098881802e-20,8.581868962032097e-20,4.552013684970525e-22,4.552013684970525e-22
20230526_200000,36,NUCO,8.281233136607184e-26,8.340906766301661e-26,-5.967362969447632e-28,5.967362969447632e-28
20230526_200000,36,OCPR,7.953133187828601e-14,7.936758346892281e-14,1.6374840936320134e-16,1.6374840936320134e-16
20230526_200000,36,ORPI,1.1707810014440628e-13,1.169436184174366e-13,1.3448172696967076e-16,1.3448172696967076e-16
20230526_200000,36,PAFA,5.485894030710092e-11,5.5176314905924784e-11,-3.1737459882386077e-13,3.1737459882386077e-13
20230526_200000,36,PECA,1.0030554632264768e-15,1.0010647240421924e-15,1.9907391842844194e-18,1.9907391842844194e-18
20230526_200000,36,PHNU,4.3523759596375555e-10,4.356914273806467e-10,-4.5383141689114836e-13,4.5383141689114836e-13
20230526_200000,36,PIMA,1.1651291292206885e-21,1.1726432249804231e-21,-7.514095759734632e-24,7.514095759734632e-24
20230526_200000,36,POEC,5.50315923473349e-13,5.458172433990549e-13,4.4986800742941035e-15,4.4986800742941035e-15
20230526_200000,36,PSFL,0.9993470311164856,0.9993554949760437,-8.463859558105469e-06,8.463859558105469e-06
20230526_200000,36,SHOT,5.449881865238204e-11,5.4585523601158314e-11,-8.670494877627277e-14,8.670494877627277e-14
20230526_200000,36,SITT,1.4576012272171646e-11,1.445178265252478e-11,1.2422961964686507e-13,1.2422961964686507e-13
20230526_200000,36,SPRU,1.3700320852837525e-14,1.3733428829646854e-14,-3.310797680932884e-17,3.310797680932884e-17
20230526_200000,36,STOC,2.430576085451358e-13,2.4025955378849384e-13,2.7980547566419656e-15,2.7980547566419656e-15
20230526_200000,36,STOC_IRREG,5.868902403177809e-15,5.869668544478601e-15,-7.661413007915147e-19,7.661413007915147e-19
20230526_200000,36,STVA,5.909982919716228e-11,5.875627762108593e-11,3.435515760763508e-13,3.435515760763508e-13
20230526_200000,36,STVA_IRREG,7.661117074064805e-09,7.683777170086614e-09,-2.2660096021809295e-11,2.2660096021809295e-11
20230526_200000,36,TADO1,1.0197751425252805e-18,1.024239953279112e-18,-4.464810753831536e-21,4.464810753831536e-21
20230526_200000,36,TADO2,2.3741801574847163e-14,2.356496989458067e-14,1.7683168026649126e-16,1.7683168026649126e-16
20230526_200000,36,TAMI,1.5039146079116457e-17,1.5156302977994793e-17,-1.1715689887833552e-19,1.1715689887833552e-19
20230526_200000,36,TUMI,9.655205107650389e-11,9.6449431774559e-11,1.02619301944884e-13,1.02619301944884e-13
20230526_200000,36,WHIS,1.2964616410456173e-15,1.2941404531327852e-15,2.3211879128320033e-18,2.3211879128320033e-18
20230526_200000,36,YARD,5.779734736600581e-14,5.7981458447421e-14,-1.8411108141519472e-16,1.8411108141519472e-16
20230526_200000,36,ZEMA,8.391576496180608e-12,8.361562310599258e-12,3.0014185581350716e-14,3.0014185581350716e-14
20230526_200000,37,AEAC,1.428317659701861e-07,1.4200293207977666e-07,8.288338904094417e-10,8.288338904094417e-10
20230526_200000,37,BRCA,2.4552191876803242e-12,2.459825962711215e-12,-4.606775030890908e-15,4.606775030890908e-15
20230526_200000,37,BRMA,1.260301480272531e-17,1.2635215289610775e-17,-3.220048688546426e-20,3.220048688546426e-20
20230526_200000,37,BUVI,0.8387489318847656,0.8368820548057556,0.0018668770790100098,0.0018668770790100098
20230526_200000,37,CAGU,3.462155655142851e-05,3.4551678254501894e-05,6.987829692661762e-08,6.987829692661762e-08
20230526_200000,37,CALU,1.2106543545442605e-10,1.2074553856766812e-10,3.1989688675793104e-13,3.1989688675793104e-13
20230526_200000,37,CAUS,3.1748542596993223e-12,3.1735876947214248e-12,1.2665649778975663e-15,1.2665649778975663e-15
20230526_200000,37,CCOO,8.735806132295632e-13,8.705014790597043e-13,3.0791341698588326e-15,3.0791341698588326e-15
20230526_200000,37,CHFA,1.7389667180192636e-12,1.7462683859700845e-12,-7.301667950820878e-15,7.301667950820878e-15
20230526_200000,37,CHMI,0.0002456596994306892,0.00024625303922221065,-5.9333979152143e-07,5.9333979152143e-07
20230526_200000,37,CHMI_IRREG,0.0015312256291508675,0.001543727470561862,-1.250184141099453e-05,1.250184141099453e-05
20230526_200000,37,COAU,3.2250604097006086e-12,3.224007215710256e-12,1.053193990352419e-15,1.053193990352419e-15
20230526_200000,37,COAU2,4.705794642845262e-10,4.726040114810814e-10,-2.0245471965552042e-12,2.0245471965552042e-12
20230526_200000,37,COCO,1.055949724104721e-06,1.0548400268817204e-06,1.109697223000694e-09,1.109697223000694e-09
20230526_200000,37,CYST,9.868741379648327e-10,9.869772776838204e-10,-1.0313971898767704e-13,1.0313971898767704e-13
20230526_200000,37,DEFU,0.0028695014771074057,0.0028653929475694895,4.1085295379161835e-06,4.1085295379161835e-06
20230526_200000,37,DOG,1.8509426809032448e-06,1.859732151388016e-06,-8.7894704847713e-09,8.7894704847713e-09
20230526_200000,37,DRPU,2.887783484298373e-20,2.871097377262103e-20,1.6686107036269884e-22,1.6686107036269884e-22
20230526_200000,37,DRUM,1.7023312466335483e-06,1.7128146510003717e-06,-1.0483404366823379e-08,1.0483404366823379e-08
20230526_200000,37,FLY,8.51779623189941e-06,8.50665401230799e-06,1.1142219591420144e-08,1.1142219591420144e-08
20230526_200000,37,FROG,1.637960122025106e-05,1.605965917406138e-05,3.199420461896807e-07,3.199420461896807e-07
20230526_200000,37,GLGN,1.7275318953124952e-08,1.7215215919463844e-08,6.010303366110747e-11,6.010303366110747e-11
20230526_200000,37,HOSA,7.61206592869712e-06,7.669731530768331e-06,-5.766560207121074e-08,5.766560207121074e-08
20230526_200000,37,HYPI,1.3264323179325993e-13,1.326773299515846e-13,-3.4098158324669114e-17,3.4098158324669114e-17
20230526_200000,37,INSP,4.102463663002709e-06,4.119508503208635e-06,-1.7044840205926448e-08,1.7044840205926448e-08
20230526_200000,37,IXNA,1.8992788852756348e-07,1.90449796377834e-07,-5.219078502705088e-10,5.219078502705088e-10
20230526_200000,37,MEKE,9.045035767485388e-06,9.011866495711729e-06,3.316927177365869e-08,3.316927177365869e-08
20230526_200000,37,MYTO,2.4504529756377716e-15,2.4369165421077007e-15,1.3536433530070974e-17,1.3536433530070974e-17
20230526_200000,37,NUCO,3.191632267812263e-22,3.211170522277287e-22,-1.953825446502435e-24,1.953825446502435e-24
20230526_200000,37,OCPR,2.4145454524671095e-09,2.4201050052852224e-09,-5.559552818112934e-12,5.559552818112934e-12
20230526_200000,37,ORPI,1.3065283299695807e-09,1.3022882772162347e-09,4.240052753345935e-12,4.240052753345935e-12
20230526_200000,37,PAFA,2.630387427871028e-07,2.652458022112114e-07,-2.207059424108593e-09,2.207059424108593e-09
20230526_200000,37,PECA,1.317884690266169e-11,1.3135753769433212e-11,4.3093133228477853e-14,4.3093133228477853e-14
20230526_200000,37,PHNU,3.232925394058839e-08,3.221125055574703e-08,1.1800338484135864e-10,1.1800338484135864e-10
20230526_200000,37,PIMA,7.148979912394466e-17,7.24075527048498e-17,-9.17753580905134e-19,9.17753580905134e-19
20230526_200000,37,POEC,1.4392942837559985e-08,1.448074904430996e-08,-8.780620674997408e-11,8.780620674997408e-11
20230526_200000,37,PSFL,0.15650609135627747,0.1583641618490219,-0.0018580704927444458,0.0018580704927444458
20230526_200000,37,SHOT,8.724165127205197e-06,8.75843943504151e-06,-3.42743078363128e-08,3.42743078363128e-08
20230526_200000,37,SITT,4.603097991662253e-08,4.5669171555573485e-08,3.61808361049043e-10,3.61808361049043e-10
20230526_200000,37,SPRU,3.1182345594515937e-10,3.1498972874466347e-10,-3.1662727995040996e-12,3.1662727995040996e-12
20230526_200000,37,STOC,1.1859539128522556e-08,1.1863470206208149e-08,-3.931077685592754e-12,3.931077685592754e-12
20230526_200000,37,STOC_IRREG,1.3826502442970678e-10,1.3833302558996508e-10,-6.800116025829084e-14,6.800116025829084e-14
20230526_200000,37,STVA,6.545487707398934e-09,6.547071329521259e-09,-1.5836221223253233e-12,1.5836221223253233e-12
20230526_200000,37,STVA_IRREG,3.9010701584629714e-06,3.941876911994768e-06,-4.080675353179686e-08,4.080675353179686e-08
20230526_200000,37,TADO1,2.999199670626444e-14,3.000176807834397e-14,-9.771372079525609e-18,9.771372079525609e-18
20230526_200000,37,TADO2,1.4470542819555732e-11,1.4318847323113726e-11,1.5169549644200586e-13,1.5169549644200586e-13
20230526_200000,37,TAMI,5.2396787267056794e-14,5.258128120736415e-14,-1.8449394030735367e-16,1.8449394030735367e-16
20230526_200000,37,TUMI,4.5052345853946463e-07,4.512800728662114e-07,-7.566143267467851e-10,7.566143267467851e-10
20230526_200000,37,WHIS,4.09653214128447e-12,4.10348274457184e-12,-6.950603287370072e-15,6.950603287370072e-15
20230526_200000,37,YARD,1.0185316590138882e-08,1.030468510521132e-08,-1.1936851507243773e-10,1.1936851507243773e-10
20230526_200000,37,ZEMA,1.8220316366779343e-09,1.8457424477702489e-09,-2.3710811092314543e-11,2.3710811092314543e-11
20230526_200000,38,AEAC,7.019251643214375e-05,7.145175914047286e-05,-1.2592427083291113e-06,1.2592427083291113e-06
20230526_200000,38,BRCA,1.799667748159095e-09,1.8210425389852958e-09,-2.137479082620075e-11,2.137479082620075e-11
20230526_200000,38,BRMA,1.9559842366124493e-14,1.94383863118177e-14,1.2145605430679413e-16,1.2145605430679413e-16
20230526_200000,38,BUVI,0.031120916828513145,0.031450625509023666,-0.00032970868051052094,0.00032970868051052094
20230526_200000,38,CAGU,0.0014832778833806515,0.0014842238742858171,-9.459909051656723e-07,9.459909051656723e-07
20230526_200000,38,CALU,0.016267355531454086,0.016421787440776825,-0.00015443190932273865,0.00015443190932273865
20230526_200000,38,CAUS,9.453423599481425e-10,9.434046877032642e-10,1.9376722448782857e-12,1.9376722448782857e-12
20230526_200000,38,CCOO,2.067102933267506e-09,2.0661896638074495e-09,9.132694600566538e-13,9.132694600566538e-13
20230526_200000,38,CHFA,5.923343482372445e-10,5.950546166921811e-10,-2.7202684549365586e-12,2.7202684549365586e-12
20230526_200000,38,CHMI,0.02818719856441021,0.028206441551446915,-1.9242987036705017e-05,1.9242987036705017e-05
20230526_200000,38,CHMI_IRREG,0.004063322674483061,0.004064604174345732,-1.2814998626708984e-06,1.2814998626708984e-06
20230526_200000,38,COAU,4.3053519083180447e-10,4.321133451057335e-10,-1.5781542739290444e-12,1.5781542739290444e-12
20230526_200000,38,COAU2,2.572140367362863e-08,2.5866158992471355e-08,-1.447553188427264e-10,1.447553188427264e-10
20230526_200000,38,COCO,0.0013998571084812284,0.0014122480060905218,-1.239089760929346e-05,1.239089760929346e-05
20230526_200000,38,CYST,1.9199944745196262e-07,1.929095390096336e-07,-9.100915576709667e-10,9.100915576709667e-10
20230526_200000,38,DEFU,0.03397901728749275,0.03419847786426544,-0.00021946057677268982,0.00021946057677268982
20230526_200000,38,DOG,2.5523591830278747e-05,2.5661502149887383e-05,-1.379103196086362e-07,1.379103196086362e-07
20230526_200000,38,DRPU,3.205992441484537e-16,3.1712913545201005e-16,3.4701086964436566e-18,3.4701086964436566e-18
20230526_200000,38,DRUM,9.915512055158615e-05,9.978144225897267e-05,-6.263217073865235e-07,6.263217073865235e-07
20230526_200000,38,FLY,0.0009559168247506022,0.0009631704888306558,-7.253664080053568e-06,7.253664080053568e-06
20230526_200000,38,FROG,8.389704453293234e-05,8.481417899020016e-05,-9.171344572678208e-07,9.171344572678208e-07
20230526_200000,38,GLGN,1.2172664582976722e-06,1.2322784641582984e-06,-1.5012005860626232e-08,1.5012005860626232e-08
20230526_200000,38,HOSA,0.0024294790346175432,0.002446049591526389,-1.65705569088459e-05,1.65705569088459e-05
20230526_200000,38,HYPI,2.0140863976614298e-10,2.0233130448854553e-10,-9.226647224025442e-13,9.226647224025442e-13
20230526_200000,38,INSP,0.0010916122701019049,0.0011043266858905554,-1.2714415788650513e-05,1.2714415788650513e-05
20230526_200000,38,IXNA,8.21153025754029e-06,8.243502634286415e-06,-3.197237674612552e-08,3.197237674612552e-08
20230526_200000,38,MEKE,0.004485621117055416,0.0045347134582698345,-4.909234121441841e-05,4.909234121441841e-05
20230526_200000,38,MYTO,1.1047011829606879e-12,1.094813692828489e-12,9.887490132198806e-15,9.887490132198806e-15
20230526_200000,38,NUCO,9.088071055924902e-19,8.951036179746304e-19,1.3703487617859733e-20,1.3703487617859733e-20
20230526_200000,38,OCPR,1.2253495107472645e-08,1.2299160800921527e-08,-4.566569344888194e-11,4.566569344888194e-11
20230526_200000,38,ORPI,8.367548787191481e-08,8.41188025901829e-08,-4.433147182680841e-10,4.433147182680841e-10
20230526_200000,38,PAFA,1.7810039025789592e-06,1.7922775441547856e-06,-1.1273641575826332e-08,1.1273641575826332e-08
20230526_200000,38,PECA,1.6163965721460727e-09,1.6251894274788015e-09,-8.792855332728777e-12,8.792855332728777e-12
20230526_200000,38,PHNU,2.6151635665883077e-06,2.614237700981903e-06,9.258656064048409e-10,9.258656064048409e-10
20230526_200000,38,PIMA,1.504283758104949e-13,1.497471580329951e-13,6.812177774997985e-16,6.812177774997985e-16
20230526_200000,38,POEC,3.992551501141861e-05,3.976351581513882e-05,1.6199919627979398e-07,1.6199919627979398e-07
20230526_200000,38,PSFL,0.8727167248725891,0.8718786835670471,0.0008380413055419922,0.0008380413055419922
20230526_200000,38,SHOT,9.865671745501459e-05,9.899606084218249e-05,-3.393433871679008e-07,3.393433871679008e-07
20230526_200000,38,SITT,5.60611533728661e-06,5.6185463108704425e-06,-1.2430973583832383e-08,1.2430973583832383e-08
20230526_200000,38,SPRU,1.6677265790576712e-08,1.674784755323344e-08,-7.058176265672955e-11,7.058176265672955e-11
20230526_200000,38,STOC,1.116204430218204e-06,1.1323951412123279e-06,-1.6190710994123947e-08,1.6190710994123947e-08
20230526_200000,38,STOC_IRREG,1.073915711913287e-07,1.0879066536517712e-07,-1.3990941738484253e-09,1.3990941738484253e-09
20230526_200000,38,STVA,6.958559970371425e-05,7.034521695459262e-05,-7.596172508783638e-07,7.596172508783638e-07
20230526_200000,38,STVA_IRREG,0.0012698114151135087,0.0012805699370801449,-1.0758521966636181e-05,1.0758521966636181e-05
20230526_200000,38,TADO1,3.4677148305628513e-12,3.467478691329684e-12,2.3613923316734287e-16,2.3613923316734287e-16
20230526_200000,38,TADO2,2.542415389328312e-09,2.551549860285718e-09,-9.134470957405938e-12,9.134470957405938e-12
20230526_200000,38,TAMI,1.7141175631674166e-12,1.7346415102925672e-12,-2.05239471251506e-14,2.05239471251506e-14
20230526_200000,38,TUMI,2.549605051171966e-05,2.5487264792900532e-05,8.785718819126487e-09,8.785718819126487e-09
20230526_200000,38,WHIS,9.521214039409642e-09,9.696942804282571e-09,-1.7572876487292888e-10,1.7572876487292888e-10
20230526_200000,38,YARD,1.631992927286774e-05,1.6531852452317253e-05,-2.1192317944951355e-07,2.1192317944951355e-07
20230526_200000,38,ZEMA,2.7405411628933507e-07,2.7516259137883026e-07,-1.1084750894951867e-09,1.1084750894951867e-09
20230526_200000,39,AEAC,3.709204055013515e-10,3.722110675230539e-10,-1.2906620217023601e-12,1.2906620217023601e-12
20230526_200000,39,BRCA,8.56670276369923e-16,8.618806407262802e-16,-5.210364356357218e-18,5.210364356357218e-18
20230526_200000,39,BRMA,7.573896717495668e-21,7.48227596333905e-21,9.162075415661812e-23,9.162075415661812e-23
20230526_200000,39,BUVI,0.0007825190550647676,0.0007842203485779464,-1.7012935131788254e-06,1.7012935131788254e-06
20230526_200000,39,CAGU,4.2610190376102253e-10,4.2240239084279096e-10,3.699512918231562e-12,3.699512918231562e-12
20230526_200000,39,CALU,1.402008092954432e-10,1.4127216063641868e-10,-1.0713513409754682e-12,1.0713513409754682e-12
20230526_200000,39,CAUS,1.6412772130489366e-15,1.6313000119632282e-15,9.977201085708404e-18,9.977201085708404e-18
20230526_200000,39,CCOO,1.0172773879476154e-17,1.0107038663377177e-17,6.573521609897656e-20,6.573521609897656e-20
20230526_200000,39,CHFA,1.0030013589969709e-16,1.0006913413311308e-16,2.310017665840087e-19,2.310017665840087e-19
20230526_200000,39,CHMI,1.579757435976603e-10,1.5830756150414516e-10,-3.3181790648484366e-13,3.3181790648484366e-13
20230526_200000,39,CHMI_IRREG,1.032718244253772e-09,1.0346781209591427e-09,-1.959876705370789e-12,1.959876705370789e-12
20230526_200000,39,COAU,6.496945199254437e-17,6.497430257965638e-17,-4.850587112010954e-21,4.850587112010954e-21
20230526_200000,39,COAU2,3.542681632331458e-15,3.5411084803901698e-15,1.5731519412880493e-18,1.5731519412880493e-18
20230526_200000,39,COCO,8.034487658514777e-11,8.06415073606459e-11,-2.966307754981301e-13,2.966307754981301e-13
20230526_200000,39,CYST,3.996236935116526e-13,4.003615201950833e-13,-7.378266834306979e-16,7.378266834306979e-16
20230526_200000,39,DEFU,2.8390003237177552e-08,2.8502809001906826e-08,-1.128057647292735e-10,1.128057647292735e-10
20230526_200000,39,DOG,2.4911778195857437e-10,2.497463347239659e-10,-6.285527653915324e-13,6.285527653915324e-13
20230526_200000,39,DRPU,9.29080378921413e-24,9.323131309110087e-24,-3.2327519895957064e-26,3.2327519895957064e-26
20230526_200000,39,DRUM,2.7838193555895785e-11,2.7981079259165043e-11,-1.4288570326925765e-13,1.4288570326925765e-13
20230526_200000,39,FLY,4.1441183817880756e-09,4.1757064472847105e-09,-3.1588065496634954e-11,3.1588065496634954e-11
20230526_200000,39,FROG,3.0478278234546963e-10,3.049346053440871e-10,-1.5182299861749016e-13,1.5182299861749016e-13
20230526_200000,39,GLGN,5.984422484471563e-13,6.021807401682122e-13,-3.738491721055892e-15,3.738491721055892e-15
20230526_200000,39,HOSA,5.938882718936611e-09,5.947987435916957e-09,-9.104716980345984e-12,9.104716980345984e-12
20230526_200000,39,HYPI,4.03929597728058e-17,4.049085494394023e-17,-9.789517113442572e-20,9.789517113442572e-20
20230526_200000,39,INSP,6.84781342741303e-09,6.854937062428235e-09,-7.1236350152048544e-12,7.1236350152048544e-12
20230526_200000,39,IXNA,3.582410409985748e-12,3.5724899601075055e-12,9.920449878242366e-15,9.920449878242366e-15
20230526_200000,39,MEKE,2.821567646194012e-09,2.82822254504822e-09,-6.654898854208113e-12,6.654898854208113e-12
20230526_200000,39,MYTO,2.623706235299532e-21,2.5865156214257155e-21,3.7190613873816656e-23,3.7190613873816656e-23
20230526_200000,39,NUCO,1.795251437651882e-26,1.782202106720692e-26,1.3049330931190155e-28,1.3049330931190155e-28
20230526_200000,39,OCPR,5.4296726213461446e-14,5.3910584221598945e-14,3.861419918625014e-16,3.861419918625014e-16
20230526_200000,39,ORPI,1.4660171134776162e-13,1.4696684353440043e-13,-3.6513218663880576e-16,3.6513218663880576e-16
20230526_200000,39,PAFA,1.3943375967717664e-11,1.4007086289458126e-11,-6.37103217404622e-14,6.37103217404622e-14
20230526_200000,39,PECA,5.116973150570919e-16,5.116203409380102e-16,7.697411908173454e-20,7.697411908173454e-20
20230526_200000,39,PHNU,3.7097864780122336e-09,3.7142617870244976e-09,-4.475309012264006e-12,4.475309012264006e-12
20230526_200000,39,PIMA,3.7829392792750795e-21,3.775810904943562e-21,7.128374331517766e-24,7.128374331517766e-24
20230526_200000,39,POEC,3.0180802467789794e-15,3.0068822594580408e-15,1.1197987320938664e-17,1.1197987320938664e-17
20230526_200000,39,PSFL,0.9992173910140991,0.9992157220840454,1.6689300537109375e-06,1.6689300537109375e-06
20230526_200000,39,SHOT,6.811533758907529e-13,6.822054314688242e-13,-1.0520555780713092e-15,1.0520555780713092e-15
20230526_200000,39,SITT,6.111543129211361e-12,6.093073094681767e-12,1.847003452959406e-14,1.847003452959406e-14
20230526_200000,39,SPRU,9.358108092692025e-15,9.382722023106287e-15,-2.4613930414262714e-17,2.4613930414262714e-17
20230526_200000,39,STOC,2.7220656284576705e-12,2.7233022694556075e-12,-1.2366409979369664e-15,1.2366409979369664e-15
20230526_200000,39,STOC_IRREG,1.3902776973824353e-14,1.3910791599571273e-14,-8.01462574692019e-18,8.01462574692019e-18
20230526_200000,39,STVA,3.419047822639243e-10,3.4380459590366286e-10,-1.899813639738568e-12,1.899813639738568e-12
20230526_200000,39,STVA_IRREG,2.3186853326251367e-08,2.3262117565536755e-08,-7.526423928538861e-11,7.526423928538861e-11
20230526_200000,39,TADO1,4.794438505621161e-18,4.817309635967946e-18,-2.287113034678494e-20,2.287113034678494e-20
20230526_200000,39,TADO2,1.0203647720860316e-14,1.020425419645055e-14,-6.06475590234079e-19,6.06475590234079e-19
20230526_200000,39,TAMI,6.376243004270699e-17,6.396526134634989e-17,-2.028313036429028e-19,2.028313036429028e-19
20230526_200000,39,TUMI,8.38919628209922e-11,8.37495281458267e-11,1.4243467516550368e-13,1.4243467516550368e-13
20230526_200000,39,WHIS,8.217241110101102e-15,8.20469824621816e-15,1.254286388294168e-17,1.254286388294168e-17
20230526_200000,39,YARD,1.450355203232341e-14,1.458572608666834e-14,-8.217405434492869e-17,8.217405434492869e-17
20230526_200000,39,ZEMA,5.089323407148072e-11,5.1077919671627114e-11,-1.846856001463948e-13,1.846856001463948e-13
20230526_200000,4,AEAC,4.985714951999398e-08,5.014465642716459e-08,-2.8750690717060934e-10,2.8750690717060934e-10
20230526_200000,4,BRCA,9.642678149013317e-12,9.634986385120836e-12,7.691763892481163e-15,7.691763892481163e-15
20230526_200000,4,BRMA,1.9049125121126933e-15,1.8860249479383433e-15,1.8887564174350016e-17,1.8887564174350016e-17
20230526_200000,4,BUVI,0.0014592186780646443,0.0014713420532643795,-1.2123375199735165e-05,1.2123375199735165e-05
20230526_200000,4,CAGU,8.671366913404199e-08,8.660155259576641e-08,1.1211653827558621e-10,1.1211653827558621e-10
20230526_200000,4,CALU,6.593051580239262e-07,6.643983851972735e-07,-5.093227173347259e-09,5.093227173347259e-09
20230526_200000,4,CAUS,3.8398104140746625e-11,3.821221117306095e-11,1.8589296768567465e-13,1.8589296768567465e-13
20230526_200000,4,CCOO,6.054405566301158e-13,6.021258253281758e-13,3.3147313019399327e-15,3.3147313019399327e-15
20230526_200000,4,CHFA,2.7005557078768616e-12,2.696513585337401e-12,4.042122539460458e-15,4.042122539460458e-15
20230526_200000,4,CHMI,6.643940508865853e-08,6.628822291077086e-08,1.5118217788767652e-10,1.5118217788767652e-10
20230526_200000,4,CHMI_IRREG,3.082051591718482e-07,3.0669579587083717e-07,1.5093633010110352e-09,1.5093633010110352e-09
20230526_200000,4,COAU,2.4670300524665123e-12,2.4525915152950883e-12,1.443853717142396e-14,1.443853717142396e-14
20230526_200000,4,COAU2,5.491323021300509e-11,5.4735004723083236e-11,1.7822548992185716e-13,1.7822548992185716e-13
20230526_200000,4,COCO,3.9012370223190374e-08,3.9260093842585775e-08,-2.4772361939540133e-10,2.4772361939540133e-10
20230526_200000,4,CYST,6.255592710502356e-10,6.258285556448584e-10,-2.692845946228317e-13,2.692845946228317e-13
20230526_200000,4,DEFU,3.3951412206079112e-06,3.410524186620023e-06,-1.5382966012111865e-08,1.5382966012111865e-08
20230526_200000,4,DOG,9.359188624102899e-08,9.355790098197758e-08,3.398525905140559e-11,3.398525905140559e-11
20230526_200000,4,DRPU,5.273767750309408e-18,5.247855904030878e-18,2.5911846278529868e-20,2.5911846278529868e-20
20230526_200000,4,DRUM,2.1468993693929406e-08,2.1540799366448482e-08,-7.180567251907632e-11,7.180567251907632e-11
20230526_200000,4,FLY,7.005741622378991e-07,7.05735772044136e-07,-5.161609806236811e-09,5.161609806236811e-09
20230526_200000,4,FROG,3.052801389458182e-07,3.0659171557090303e-07,-1.3115766250848537e-09,1.3115766250848537e-09
20230526_200000,4,GLGN,7.3991734961254e-10,7.41980255014596e-10,-2.0629054020560034e-12,2.0629054020560034e-12
20230526_200000,4,HOSA,3.0278040412667906e-06,3.035101599380141e-06,-7.297558113350533e-09,7.297558113350533e-09
20230526_200000,4,HYPI,1.0831174282119327e-12,1.0830422930013794e-12,7.513521055324546e-17,7.513521055324546e-17
20230526_200000,4,INSP,2.0132742974965367e-06,2.0297982246120228e-06,-1.6523927115486003e-08,1.6523927115486003e-08
20230526_200000,4,IXNA,5.578718820231643e-09,5.5733977433192194e-09,5.32107691242345e-12,5.32107691242345e-12
20230526_200000,4,MEKE,4.291219966034987e-07,4.324811300193687e-07,-3.3591334158700192e-09,3.3591334158700192e-09
20230526_200000,4,MYTO,1.2974582176597093e-14,1.2718866317952809e-14,2.5571585864428426e-16,2.5571585864428426e-16
20230526_200000,4,NUCO,3.3542303085995984e-19,3.2901292394995086e-19,6.4101069100089766e-21,6.4101069100089766e-21
20230526_200000,4,OCPR,1.7420824505176569e-10,1.7281846786953992e-10,1.389777182225771e-12,1.389777182225771e-12
20230526_200000,4,ORPI,5.111063794416282e-10,5.121618684711393e-10,-1.0554890295111363e-12,1.0554890295111363e-12
20230526_200000,4,PAFA,5.838282390868699e-08,5.861676299900864e-08,-2.339390903216554e-10,2.339390903216554e-10
20230526_200000,4,PECA,2.2018277825996968e-11,2.200126192342111e-11,1.70159025758565e-14,1.70159025758565e-14
20230526_200000,4,PHNU,2.1295737440141238e-07,2.127034974819253e-07,2.538769194870838e-10,2.538769194870838e-10
20230526_200000,4,PIMA,3.5403082460132513e-15,3.4986060611628435e-15,4.170218485040778e-17,4.170218485040778e-17
20230526_200000,4,POEC,1.8613437180459158e-10,1.8485066255458094e-10,1.283709250010645e-12,1.283709250010645e-12
20230526_200000,4,PSFL,0.998525083065033,0.9985129237174988,1.2159347534179688e-05,1.2159347534179688e-05
20230526_200000,4,SHOT,1.543415883986654e-08,1.5408440745545704e-08,2.5718094320836826e-11,2.5718094320836826e-11
20230526_200000,4,SITT,1.2609588928569337e-08,1.2555485540133304e-08,5.410338843603313e-11,5.410338843603313e-11
20230526_200000,4,SPRU,7.701671245197161e-11,7.705369675647944e-11,-3.698430450782553e-14,3.698430450782553e-14
20230526_200000,4,STOC,6.337731228711618e-09,6.383816142374599e-09,-4.60849136629804e-11,4.60849136629804e-11
20230526_200000,4,STOC_IRREG,5.906642536190887e-11,5.934610441959975e-11,-2.7967905769088475e-13,2.7967905769088475e-13
20230526_200000,4,STVA,1.3497798079242784e-07,1.369771069903436e-07,-1.999126197915757e-09,1.999126197915757e-09
20230526_200000,4,STVA_IRREG,3.950812697439687e-06,3.983361693826737e-06,-3.2548996387049556e-08,3.2548996387049556e-08
20230526_200000,4,TADO1,1.0954955611272923e-13,1.096155230386614e-13,-6.596692593216491e-17,6.596692593216491e-17
20230526_200000,4,TADO2,1.4892410915567922e-10,1.4862293340467403e-10,3.0117575100518934e-13,3.0117575100518934e-13
20230526_200000,4,TAMI,2.1073147567218786e-12,2.11264577880399e-12,-5.331022082111225e-15,5.331022082111225e-15
20230526_200000,4,TUMI,3.5510737461663666e-08,3.523557268181321e-08,2.751647798504564e-10,2.751647798504564e-10
20230526_200000,4,WHIS,6.088446413698989e-11,6.136534336231847e-11,-4.808792253285787e-13,4.808792253285787e-13
20230526_200000,4,YARD,3.906795442709665e-10,3.916275359561183e-10,-9.479916851518055e-13,9.479916851518055e-13
20230526_200000,4,ZEMA,1.7751194292259243e-08,1.7812910257930525e-08,-6.17159656712829e-11,6.17159656712829e-11
20230526_200000,40,AEAC,4.627723551586804e-12,4.621151551698066e-12,6.571999888738134e-15,6.571999888738134e-15
20230526_200000,40,BRCA,4.8943657557799086e-14,4.821933257954762e-14,7.243249782514644e-16,7.243249782514644e-16
20230526_200000,40,BRMA,1.6419936176338565e-16,1.5981972497004809e-16,4.379636793337563e-18,4.379636793337563e-18
20230526_200000,40,BUVI,4.678881414255098e-12,4.697596044794805e-12,-1.871463053970679e-14,1.871463053970679e-14
20230526_200000,40,CAGU,5.2094471097996475e-11,5.162876029474184e-11,4.657108032546375e-13,4.657108032546375e-13
20230526_200000,40,CALU,0.9999514818191528,0.9999513626098633,1.1920928955078125e-07,1.1920928955078125e-07
20230526_200000,40,CAUS,4.227242254156716e-12,4.1670425790507615e-12,6.019967510595414e-14,6.019967510595414e-14
20230526_200000,40,CCOO,2.710214898912853e-14,2.6438851040660842e-14,6.632979484676865e-16,6.632979484676865e-16
20230526_200000,40,CHFA,6.513259170285585e-14,6.388729741632973e-14,1.2452942865261163e-15,1.2452942865261163e-15
20230526_200000,40,CHMI,6.940661695549466e-13,6.870785949734948e-13,6.9875745814518275e-15,6.9875745814518275e-15
20230526_200000,40,CHMI_IRREG,4.181032554678374e-15,4.1241009291945706e-15,5.693162548380329e-17,5.693162548380329e-17
20230526_200000,40,COAU,2.3290912384496543e-13,2.2800855713038526e-13,4.900566714580168e-15,4.900566714580168e-15
20230526_200000,40,COAU2,3.6339475265739773e-13,3.5725074157624825e-13,6.144011081149481e-15,6.144011081149481e-15
20230526_200000,40,COCO,4.8573976528132334e-05,4.862101195612922e-05,-4.703542799688876e-08,4.703542799688876e-08
20230526_200000,40,CYST,9.851606509736488e-12,9.713124402010997e-12,1.3848210772549052e-13,1.3848210772549052e-13
20230526_200000,40,DEFU,2.196302584245302e-10,2.1892967994041612e-10,7.005784841140894e-13,7.005784841140894e-13
20230526_200000,40,DOG,1.7073675372819563e-12,1.686961009252086e-12,2.040652802987042e-14,2.040652802987042e-14
20230526_200000,40,DRPU,1.6339486047867487e-20,1.5801951127852998e-20,5.375349200144888e-22,5.375349200144888e-22
20230526_200000,40,DRUM,1.1642137254241902e-10,1.1497154617234884e-10,1.4498263700701841e-12,1.4498263700701841e-12
20230526_200000,40,FLY,5.357048693532818e-10,5.308671280346289e-10,4.837741318652888e-12,4.837741318652888e-12
20230526_200000,40,FROG,2.3928801162753643e-09,2.3837920526403877e-09,9.088063634976606e-12,9.088063634976606e-12
20230526_200000,40,GLGN,1.7984722868943925e-12,1.7805561712547213e-12,1.7916115639671215e-14,1.7916115639671215e-14
20230526_200000,40,HOSA,4.209602111338029e-10,4.1819359086758823e-10,2.766620266214659e-12,2.766620266214659e-12
20230526_200000,40,HYPI,2.90343514204941e-14,2.8619183303595086e-14,4.151681168990118e-16,4.151681168990118e-16
20230526_200000,40,INSP,4.1354818874905774e-12,4.146381588771009e-12,-1.0899701280431273e-14,1.0899701280431273e-14
20230526_200000,40,IXNA,1.1938562638480477e-10,1.1819203948881807e-10,1.193586895986698e-12,1.193586895986698e-12
20230526_200000,40,MEKE,3.4094752021651686e-10,3.3995850579060516e-10,9.89014425911705e-13,9.89014425911705e-13
20230526_200000,40,MYTO,1.0328346534926554e-16,9.933544478211325e-17,3.948020567152294e-18,3.948020567152294e-18
20230526_200000,40,NUCO,2.4669324063247187e-20,2.3588350867830966e-20,1.0809731954162213e-21,1.0809731954162213e-21
20230526_200000,40,OCPR,9.686913577321935e-15,9.467750578483463e-15,2.1916299883847218e-16,2.1916299883847218e-16
20230526_200000,40,ORPI,7.659727886688561e-13,7.552071489870527e-13,1.076563968180344e-14,1.076563968180344e-14
20230526_200000,40,PAFA,1.0792500573786334e-11,1.0726828279794542e-11,6.567229399179197e-14,6.567229399179197e-14
20230526_200000,40,PECA,8.15723356917264e-14,8.024122002698447e-14,1.331115664741922e-15,1.331115664741922e-15
20230526_200000,40,PHNU,8.429144083669539e-16,8.272638864796546e-16,1.56505218872993e-17,1.56505218872993e-17
20230526_200000,40,PIMA,2.1093509284241132e-16,2.0462239451454143e-16,6.312698327869885e-18,6.312698327869885e-18
20230526_200000,40,POEC,3.4423758288326667e-10,3.3732644455497507e-10,6.9111383282915995e-12,6.9111383282915995e-12
20230526_200000,40,PSFL,1.4278438457623888e-12,1.4149930142523526e-12,1.2850831510036187e-14,1.2850831510036187e-14
20230526_200000,40,SHOT,4.783063702051837e-12,4.740023911570246e-12,4.3039790481591567e-14,4.3039790481591567e-14
20230526_200000,40,SITT,1.4556453264980007e-11,1.4254227138910114e-11,3.022261260698933e-13,3.022261260698933e-13
20230526_200000,40,SPRU,1.1209589680094556e-11,1.1060286367325922e-11,1.4930331276863384e-13,1.4930331276863384e-13
20230526_200000,40,STOC,3.2584107260242787e-14,3.272105893528665e-14,-1.369516750438643e-16,1.369516750438643e-16
20230526_200000,40,STOC_IRREG,1.3393736261139294e-13,1.330129718391318e-13,9.24390772261141e-16,9.24390772261141e-16
20230526_200000,40,STVA,1.2546011451952666e-10,1.2570681995338617e-10,-2.467054338595176e-13,2.467054338595176e-13
20230526_200000,40,STVA_IRREG,6.79620179577789e-11,6.754705128564353e-11,4.14966672135364e-13,4.14966672135364e-13
20230526_200000,40,TADO1,2.5141557825019258e-15,2.452984333600641e-15,6.117144890128469e-17,6.117144890128469e-17
20230526_200000,40,TADO2,2.0751809992614056e-11,2.0537677461462955e-11,2.141325311511011e-13,2.141325311511011e-13
20230526_200000,40,TAMI,1.0114288963650186e-13,9.958790655193242e-14,1.5549830845694446e-15,1.5549830845694446e-15
20230526_200000,40,TUMI,2.2721522580093634e-11,2.2336512847664913e-11,3.850097324287205e-13,3.850097324287205e-13
20230526_200000,40,WHIS,2.3250223361165334e-12,2.3207596868551894e-12,4.262649261344009e-15,4.262649261344009e-15
20230526_200000,40,YARD,1.0977099220918496e-12,1.0853846033748171e-12,1.2325318717032463e-14,1.2325318717032463e-14
20230526_200000,40,ZEMA,3.365274816693781e-15,3.3126835997899454e-15,5.259121690383544e-17,5.259121690383544e-17
20230526_200000,41,AEAC,1.768641122446013e-09,1.7770489524338018e-09,-8.407829987788773e-12,8.407829987788773e-12
20230526_200000,41,BRCA,2.933339947301666e-16,2.929267042314353e-16,4.0729049873131e-19,4.0729049873131e-19
20230526_200000,41,BRMA,3.335737843881182e-22,3.326775626691402e-22,8.962217189779706e-25,8.962217189779706e-25
20230526_200000,41,BUVI,0.00040309905307367444,0.00040788919432088733,-4.790141247212887e-06,4.790141247212887e-06
20230526_200000,41,CAGU,8.740840828913576e-10,8.773838877651485e-10,-3.2998048737908903e-12,3.2998048737908903e-12
20230526_200000,41,CALU,9.238125672425546e-13,9.231670332690567e-13,6.455339734978693e-16,6.455339734978693e-16
20230526_200000,41,CAUS,2.17023181855471e-16,2.1780674027124043e-16,-7.835584157694312e-19,7.835584157694312e-19
20230526_200000,41,CCOO,5.0324402881389e-18,5.043428555396054e-18,-1.098826725715442e-20,1.098826725715442e-20
20230526_200000,41,CHFA,8.027104593641165e-18,8.050525385504991e-18,-2.3420791863826426e-20,2.3420791863826426e-20
20230526_200000,41,CHMI,1.849970288070324e-09,1.8611558960657248e-09,-1.1185607995400915e-11,1.1185607995400915e-11
20230526_200000,41,CHMI_IRREG,3.2197200461325792e-09,3.2216829204401165e-09,-1.9628743075372768e-12,1.9628743075372768e-12
20230526_200000,41,COAU,2.402041922576918e-18,2.415031346530991e-18,-1.2989423954073332e-20,1.2989423954073332e-20
20230526_200000,41,COAU2,1.0864973141352084e-15,1.0928979186011355e-15,-6.4006044659271205e-18,6.4006044659271205e-18
20230526_200000,41,COCO,1.0567057645571865e-10,1.0648361359333336e-10,-8.130371376147139e-13,8.130371376147139e-13
20230526_200000,41,CYST,6.979340743578158e-14,7.0235226597333e-14,-4.418191615514211e-16,4.418191615514211e-16
20230526_200000,41,DEFU,2.2122904397292587e-07,2.2311306224764849e-07,-1.884018274722621e-09,1.884018274722621e-09
20230526_200000,41,DOG,6.697206678119016e-11,6.703027716215004e-11,-5.821038095987774e-14,5.821038095987774e-14
20230526_200000,41,DRPU,2.029453455204312e-26,2.024039435019046e-26,5.414020185265846e-29,5.414020185265846e-29
20230526_200000,41,DRUM,8.571038323523794e-11,8.613657009881592e-11,-4.2618686357798197e-13,4.2618686357798197e-13
20230526_200000,41,FLY,4.600175795843597e-09,4.625713145856025e-09,-2.553735001242785e-11,2.553735001242785e-11
20230526_200000,41,FROG,3.280530014304617e-10,3.309859331057652e-10,-2.9329316753035073e-12,2.9329316753035073e-12
20230526_200000,41,GLGN,1.1672679316176993e-11,1.1735643706822785e-11,-6.296439064579218e-14,6.296439064579218e-14
20230526_200000,41,HOSA,5.744349440561791e-09,5.761044086227685e-09,-1.6694645665893404e-11,1.6694645665893404e-11
20230526_200000,41,HYPI,9.835915328361896e-18,9.865292647816717e-18,-2.937731945482078e-20,2.937731945482078e-20
20230526_200000,41,INSP,4.278173193483781e-08,4.312628121283524e-08,-3.445492779974302e-10,3.445492779974302e-10
20230526_200000,41,IXNA,1.957274836997258e-12,1.9635773042259164e-12,-6.302467228658237e-15,6.302467228658237e-15
20230526_200000,41,MEKE,1.5638693895425604e-08,1.573550179045924e-08,-9.680789503363485e-11,9.680789503363485e-11
20230526_200000,41,MYTO,1.3664379756441867e-22,1.3619144578870322e-22,4.523517757154535e-25,4.523517757154535e-25
20230526_200000,41,NUCO,3.116256062267182e-29,3.116003584888535e-29,2.524773786470142e-33,2.524773786470142e-33
20230526_200000,41,OCPR,4.1017848297596193e-14,4.110607186125041e-14,-8.82235636542189e-17,8.82235636542189e-17
20230526_200000,41,ORPI,4.5940088891230704e-14,4.603942891528469e-14,-9.934002405398434e-17,9.934002405398434e-17
20230526_200000,41,PAFA,3.4601583751014964e-12,3.4762232155316486e-12,-1.6064840430152216e-14,1.6064840430152216e-14
20230526_200000,41,PECA,9.46066451260497e-17,9.49387945379367e-17,-3.3214941188699294e-19,3.3214941188699294e-19
20230526_200000,41,PHNU,1.1888439122031969e-09,1.1836411850651984e-09,5.2027271379984086e-12,5.2027271379984086e-12
20230526_200000,41,PIMA,2.7517858938196074e-22,2.7576994476006337e-22,-5.913553781026375e-25,5.913553781026375e-25
20230526_200000,41,POEC,4.3924447785329956e-15,4.408101335530044e-15,-1.5656556997048487e-17,1.5656556997048487e-17
20230526_200000,41,PSFL,0.9995966553688049,0.9995918869972229,4.76837158203125e-06,4.76837158203125e-06
20230526_200000,41,SHOT,5.700885184929672e-13,5.716995345010634e-13,-1.611016008096211e-15,1.611016008096211e-15
20230526_200000,41,SITT,6.490133408997012e-13,6.512534652183821e-13,-2.240124318680925e-15,2.240124318680925e-15
20230526_200000,41,SPRU,1.346423561802057e-15,1.3517279997551186e-15,-5.304437953061649e-18,5.304437953061649e-18
20230526_200000,41,STOC,4.8113266842841895e-12,4.842975846741648e-12,-3.164916245745886e-14,3.164916245745886e-14
20230526_200000,41,STOC_IRREG,5.888175790859634e-15,5.908330516323076e-15,-2.015472546344245e-17,2.015472546344245e-17
20230526_200000,41,STVA,1.8210694063824917e-10,1.8365690912514054e-10,-1.5499684868913732e-12,1.5499684868913732e-12
20230526_200000,41,STVA_IRREG,5.851764584008379e-08,5.8754245912950864e-08,-2.3660007286707696e-10,2.3660007286707696e-10
20230526_200000,41,TADO1,2.0175125391709232e-18,2.0216248675862306e-18,-4.112328415307377e-21,4.112328415307377e-21
20230526_200000,41,TADO2,2.34980492095499e-16,2.3580637568885153e-16,-8.258835933525445e-19,8.258835933525445e-19
20230526_200000,41,TAMI,2.0191913022240996e-18,2.0140505815122357e-18,5.140720711863929e-21,5.140720711863929e-21
20230526_200000,41,TUMI,4.135633502322378e-11,4.151071847369181e-11,-1.5438345046803192e-13,1.5438345046803192e-13
20230526_200000,41,WHIS,3.7250899657644346e-15,3.735588092112704e-15,-1.0498126348269798e-17,1.0498126348269798e-17
20230526_200000,41,YARD,4.38284764113072e-14,4.39671763623542e-14,-1.3869995104699717e-16,1.3869995104699717e-16
20230526_200000,41,ZEMA,2.061102330475073e-11,2.0732400171641352e-11,-1.2137686689062122e-13,1.2137686689062122e-13
20230526_200000,42,AEAC,1.0129506825343193e-12,1.0118169323225512e-12,1.133750211768092e-15,1.133750211768092e-15
20230526_200000,42,BRCA,1.5202839332076414e-18,1.5285613228023064e-18,-8.27738959466501e-21,8.27738959466501e-21
20230526_200000,42,BRMA,2.372659656342599e-25,2.374755314641125e-25,-2.095658298526194e-28,2.095658298526194e-28
20230526_200000,42,BUVI,0.9430602788925171,0.9432776570320129,-0.0002173781394958496,0.0002173781394958496
20230526_200000,42,CAGU,3.2162651564249245e-07,3.207840393315564e-07,8.424763109360356e-10,8.424763109360356e-10
20230526_200000,42,CALU,7.74164092465442e-17,7.773792442447621e-17,-3.215151779320112e-19,3.215151779320112e-19
20230526_200000,42,CAUS,2.2239563059849676e-17,2.226014165912877e-17,-2.0578599279094222e-20,2.0578599279094222e-20
20230526_200000,42,CCOO,3.501830659344759e-18,3.491471876533757e-18,1.0358782811001566e-20,1.0358782811001566e-20
20230526_200000,42,CHFA,9.119686105731831e-18,9.123876602715025e-18,-4.190496983193638e-21,4.190496983193638e-21
20230526_200000,42,CHMI,3.5459127047943184e-06,3.5437344649835723e-06,2.178239810746163e-09,2.178239810746163e-09
20230526_200000,42,CHMI_IRREG,5.739089101552963e-05,5.748465264332481e-05,-9.376162779517472e-08,9.376162779517472e-08
20230526_200000,42,COAU,4.845646362212175e-18,4.8465041485073925e-18,-8.577862952174897e-22,8.577862952174897e-22
20230526_200000,42,COAU2,1.1137136474007915e-14,1.1105673435182154e-14,3.1463038825760986e-17,3.1463038825760986e-17
20230526_200000,42,COCO,3.603068121638131e-10,3.60244140074073e-10,6.267208974009009e-14,6.267208974009009e-14
20230526_200000,42,CYST,5.961440922071931e-14,5.943035912567632e-14,1.840500950429924e-16,1.840500950429924e-16
20230526_200000,42,DEFU,9.999822395911906e-06,9.940052223100793e-06,5.97701728111133e-08,5.97701728111133e-08
20230526_200000,42,DOG,7.918427580300147e-10,7.913910637924459e-10,4.5169423756874494e-13,4.5169423756874494e-13
20230526_200000,42,DRPU,1.5512616515290818e-27,1.5607431972382946e-27,-9.481545709212801e-30,9.481545709212801e-30
20230526_200000,42,DRUM,1.303303687194557e-09,1.3004600729615845e-09,2.8436142329724134e-12,2.8436142329724134e-12
20230526_200000,42,FLY,1.4596873931793652e-08,1.447280961741626e-08,1.240643143773923e-10,1.240643143773923e-10
20230526_200000,42,FROG,2.7161123128394138e-08,2.7267784474815926e-08,-1.0666134642178804e-10,1.0666134642178804e-10
20230526_200000,42,GLGN,4.234495241429992e-13,4.238186678776762e-13,-3.691437346770021e-16,3.691437346770021e-16
20230526_200000,42,HOSA,2.7448168182786503e-09,2.7333275642860144e-09,1.1489253992635895e-11,1.1489253992635895e-11
20230526_200000,42,HYPI,2.013232564509906e-20,2.0195433709723175e-20,-6.3108064624114e-23,6.3108064624114e-23
20230526_200000,42,INSP,2.2071289240699343e-10,2.1968256380677786e-10,1.0303286002155687e-12,1.0303286002155687e-12
20230526_200000,42,IXNA,3.469824982893499e-10,3.4619374034150496e-10,7.887579478449425e-13,7.887579478449425e-13
20230526_200000,42,MEKE,2.201546278612909e-09,2.1984531972663035e-09,3.093081346605686e-12,3.093081346605686e-12
20230526_200000,42,MYTO,1.3528216810619948e-21,1.3433461615475186e-21,9.475519514476156e-24,9.475519514476156e-24
20230526_200000,42,NUCO,1.2262291572015178e-31,1.2296130527892299e-31,-3.383895587712119e-34,3.383895587712119e-34
20230526_200000,42,OCPR,2.1015195063745634e-13,2.099375632103745e-13,2.1438742708185243e-16,2.1438742708185243e-16
20230526_200000,42,ORPI,7.052270280336753e-14,7.087531923117771e-14,-3.526164278101762e-16,3.526164278101762e-16
20230526_200000,42,PAFA,7.201670509937586e-11,7.188233341892669e-11,1.3437168044916348e-13,1.3437168044916348e-13
20230526_200000,42,PECA,2.1728787965148797e-16,2.173039865123756e-16,-1.6106860887632555e-20,1.6106860887632555e-20
20230526_200000,42,PHNU,9.303243592162502e-11,9.371182996265048e-11,-6.793940410254606e-13,6.793940410254606e-13
20230526_200000,42,PIMA,3.1490495088167783e-24,3.1491266199702637e-24,-7.71111534853539e-29,7.71111534853539e-29
20230526_200000,42,POEC,1.035146252569008e-12,1.0315057185142362e-12,3.640534054771827e-15,3.640534054771827e-15
20230526_200000,42,PSFL,0.05686832591891289,0.056651029735803604,0.00021729618310928345,0.00021729618310928345
20230526_200000,42,SHOT,6.559750520551688e-10,6.562063670223495e-10,-2.3131496718065137e-13,2.3131496718065137e-13
20230526_200000,42,SITT,3.376836310575726e-11,3.345862475967465e-11,3.0973834608261086e-13,3.0973834608261086e-13
20230526_200000,42,SPRU,6.13146482913475e-15,6.134141876764547e-15,-2.6770476297972162e-18,2.6770476297972162e-18
20230526_200000,42,STOC,1.3341054369358455e-14,1.3340008283668596e-14,1.046085689859061e-18,1.046085689859061e-18
20230526_200000,42,STOC_IRREG,1.4918817769769594e-16,1.4955481061495904e-16,-3.6663291726310356e-19,3.6663291726310356e-19
20230526_200000,42,STVA,2.880542636693852e-15,2.8725371165511148e-15,8.005520142737206e-18,8.005520142737206e-18
20230526_200000,42,STVA_IRREG,3.7399150443206963e-10,3.7228686800006017e-10,1.7046364320094654e-12,1.7046364320094654e-12
20230526_200000,42,TADO1,1.681823621442816e-20,1.6897233578514107e-20,-7.899736408594804e-23,7.899736408594804e-23
20230526_200000,42,TADO2,8.941388979057251e-17,8.95946585329174e-17,-1.8076874234488846e-19,1.8076874234488846e-19
20230526_200000,42,TAMI,3.399269969835684e-20,3.414520466144777e-20,-1.525049630909289e-22,1.525049630909289e-22
20230526_200000,42,TUMI,2.0412147527792968e-09,2.029231005451493e-09,1.198374732780394e-11,1.198374732780394e-11
20230526_200000,42,WHIS,1.7087722610709985e-19,1.712984549093454e-19,-4.212288022455582e-22,4.212288022455582e-22
20230526_200000,42,YARD,2.3195053665855773e-14,2.3173865983713154e-14,2.118768214261907e-17,2.118768214261907e-17
20230526_200000,42,ZEMA,3.9583807965367507e-14,3.949216577673817e-14,9.164218862933726e-17,9.164218862933726e-17
20230526_200000,43,AEAC,1.5080348021001555e-05,1.5139949027798139e-05,-5.960100679658353e-08,5.960100679658353e-08
20230526_200000,43,BRCA,1.4665278058600961e-06,1.4591286117138225e-06,7.399194146273658e-09,7.399194146273658e-09
20230526_200000,43,BRMA,9.041661996889161e-07,9.106494758270856e-07,-6.483276138169458e-09,6.483276138169458e-09
20230526_200000,43,BUVI,0.009051459841430187,0.009122973307967186,-7.151346653699875e-05,7.151346653699875e-05
20230526_200000,43,CAGU,0.0014716880396008492,0.0014774537412449718,-5.7657016441226006e-06,5.7657016441226006e-06
20230526_200000,43,CALU,5.717569365515374e-06,5.6942308219731785e-06,2.333854354219511e-08,2.333854354219511e-08
20230526_200000,43,CAUS,1.366256401524879e-05,1.3634423339681234e-05,2.8140675567556173e-08,2.8140675567556173e-08
20230526_200000,43,CCOO,3.094248313573189e-05,3.116712105111219e-05,-2.246379153802991e-07,2.246379153802991e-07
20230526_200000,43,CHFA,1.2363821042526979e-05,1.235836316482164e-05,5.457877705339342e-09,5.457877705339342e-09
20230526_200000,43,CHMI,0.0011826276313513517,0.0011920451652258635,-9.417533874511719e-06,9.417533874511719e-06
20230526_200000,43,CHMI_IRREG,0.0004539704823400825,0.00045732053695246577,-3.3500546123832464e-06,3.3500546123832464e-06
20230526_200000,43,COAU,2.8061349439667538e-06,2.8065821879863506e-06,-4.4724401959683746e-10,4.4724401959683746e-10
20230526_200000,43,COAU2,0.00014961943088565022,0.00015021061699371785,-5.911861080676317e-07,5.911861080676317e-07
20230526_200000,43,COCO,0.00014711476978845894,0.000147954051499255,-8.392817107960582e-07,8.392817107960582e-07
20230526_200000,43,CYST,7.832044502720237e-05,7.849526446079835e-05,-1.7481943359598517e-07,1.7481943359598517e-07
20230526_200000,43,DEFU,0.001060147420503199,0.001063511474058032,-3.3640535548329353e-06,3.3640535548329353e-06
20230526_200000,43,DOG,0.0002004607522394508,0.00020077718363609165,-3.164313966408372e-07,3.164313966408372e-07
20230526_200000,43,DRPU,2.1888552081961166e-10,2.1905278979605924e-10,-1.6726897644758765e-13,1.6726897644758765e-13
20230526_200000,43,DRUM,0.0001618736278032884,0.00016189171583391726,-1.8088030628859997e-08,1.8088030628859997e-08
20230526_200000,43,FLY,0.00044171742047183216,0.0004429715627338737,-1.2541422620415688e-06,1.2541422620415688e-06
20230526_200000,43,FROG,6.287112046265975e-05,6.28898196737282e-05,-1.8699211068451405e-08,1.8699211068451405e-08
20230526_200000,43,GLGN,9.110885912377853e-06,9.133445018960629e-06,-2.2559106582775712e-08,2.2559106582775712e-08
20230526_200000,43,HOSA,0.0009161211783066392,0.0009158691391348839,2.5203917175531387e-07,2.5203917175531387e-07
20230526_200000,43,HYPI,7.136313229239022e-07,7.124120884327567e-07,1.2192344911454711e-09,1.2192344911454711e-09
20230526_200000,43,INSP,0.00023732561385259032,0.00023865175899118185,-1.326145138591528e-06,1.326145138591528e-06
20230526_200000,43,IXNA,0.00012681420776061714,0.00012697359488811344,-1.5938712749630213e-07,1.5938712749630213e-07
20230526_200000,43,MEKE,7.059666677378118e-05,7.093769818311557e-05,-3.4103140933439136e-07,3.4103140933439136e-07
20230526_200000,43,MYTO,1.6949883274719468e-06,1.6903505866139312e-06,4.637740858015604e-09,4.637740858015604e-09
20230526_200000,43,NUCO,7.312189076458253e-09,7.261355516874346e-09,5.083355958390712e-11,5.083355958390712e-11
20230526_200000,43,OCPR,0.00024267807020805776,0.00024378429225180298,-1.1062220437452197e-06,1.1062220437452197e-06
20230526_200000,43,ORPI,4.862215064349584e-05,4.8712514399085194e-05,-9.036375558935106e-08,9.036375558935106e-08
20230526_200000,43,PAFA,0.00011064804130000994,0.00011074009671574458,-9.20554157346487e-08,9.20554157346487e-08
20230526_200000,43,PECA,1.6993786630337127e-05,1.7030843082466163e-05,-3.705645212903619e-08,3.705645212903619e-08
20230526_200000,43,PHNU,0.0004650943446904421,0.0004649817128665745,1.1263182386755943e-07,1.1263182386755943e-07
20230526_200000,43,PIMA,2.4791888790787198e-06,2.4710666366445366e-06,8.122242434183136e-09,8.122242434183136e-09
20230526_200000,43,POEC,0.00011789750715252012,0.00011785433889599517,4.3168256524950266e-08,4.3168256524950266e-08
20230526_200000,43,PSFL,0.9810675382614136,0.9809637069702148,0.00010383129119873047,0.00010383129119873047
20230526_200000,43,SHOT,4.135080598643981e-05,4.139653538004495e-05,-4.572939360514283e-08,4.572939360514283e-08
20230526_200000,43,SITT,0.0001526385167380795,0.00015251529111992568,1.232256181538105e-07,1.232256181538105e-07
20230526_200000,43,SPRU,1.8304774130228907e-05,1.8327011275687255e-05,-2.2237145458348095e-08,2.2237145458348095e-08
20230526_200000,43,STOC,4.425789938977687e-06,4.442676527105505e-06,-1.688658812781796e-08,1.688658812781796e-08
20230526_200000,43,STOC_IRREG,5.555260145229113e-07,5.577741717388562e-07,-2.248157215944957e-09,2.248157215944957e-09
20230526_200000,43,STVA,1.4981296772020869e-05,1.5105335478438064e-05,-1.240387064171955e-07,1.240387064171955e-07
20230526_200000,43,STVA_IRREG,0.0005487356684170663,0.0005518156103789806,-3.079941961914301e-06,3.079941961914301e-06
20230526_200000,43,TADO1,7.925400495878421e-07,7.940069508549641e-07,-1.4669012671220116e-09,1.4669012671220116e-09
20230526_200000,43,TADO2,8.538943802705035e-06,8.530129889550153e-06,8.813913154881448e-09,8.813913154881448e-09
20230526_200000,43,TAMI,8.958730290942185e-07,8.958653552326723e-07,7.673861546209082e-12,7.673861546209082e-12
20230526_200000,43,TUMI,0.0007821000763215125,0.0007820863393135369,1.3737007975578308e-08,1.3737007975578308e-08
20230526_200000,43,WHIS,6.996929755587189e-07,7.015357823547674e-07,-1.842806796048535e-09,1.842806796048535e-09
20230526_200000,43,YARD,7.49742775951745e-06,7.492459644709015e-06,4.9681148084346205e-09,4.9681148084346205e-09
20230526_200000,43,ZEMA,0.00043934036511927843,0.0004404233186505735,-1.0829535312950611e-06,1.0829535312950611e-06
20230526_200000,44,AEAC,4.595604252699559e-07,4.647698119697452e-07,-5.20938669978932e-09,5.20938669978932e-09
20230526_200000,44,BRCA,1.040233676974367e-09,1.0345166945313622e-09,5.716982443004781e-12,5.716982443004781e-12
20230526_200000,44,BRMA,1.233422001686857e-13,1.2125862109118452e-13,2.0835790775011742e-15,2.0835790775011742e-15
20230526_200000,44,BUVI,0.0032156866509467363,0.003252349328249693,-3.666267730295658e-05,3.666267730295658e-05
20230526_200000,44,CAGU,4.4834396817350353e-07,4.4326276338324533e-07,5.081204790258198e-09,5.081204790258198e-09
20230526_200000,44,CALU,1.0564165677351411e-05,1.0670201845641714e-05,-1.0603616829030216e-07,1.0603616829030216e-07
20230526_200000,44,CAUS,6.330804769305587e-10,6.247910522283462e-10,8.2894247022125e-12,8.2894247022125e-12
20230526_200000,44,CCOO,2.6961414004156303e-11,2.6455655374735265e-11,5.057586294210381e-13,5.057586294210381e-13
20230526_200000,44,CHFA,1.1875508909575672e-10,1.1628827761844818e-10,2.4668114773085392e-12,2.4668114773085392e-12
20230526_200000,44,CHMI,3.912383306214906e-07,3.888997355261381e-07,2.3385950953525025e-09,2.3385950953525025e-09
20230526_200000,44,CHMI_IRREG,2.72333136308589e-06,2.709041382331634e-06,1.4289980754256248e-08,1.4289980754256248e-08
20230526_200000,44,COAU,2.902996176779027e-10,2.869195436794314e-10,3.380073998471289e-12,3.380073998471289e-12
20230526_200000,44,COAU2,5.284475523836818e-09,5.213700138284594e-09,7.077538555222418e-11,7.077538555222418e-11
20230526_200000,44,COCO,7.067937985993922e-07,7.052260002637922e-07,1.5677983355999459e-09,1.5677983355999459e-09
20230526_200000,44,CYST,1.867985766068614e-08,1.8481420838156737e-08,1.9843682252940198e-10,1.9843682252940198e-10
20230526_200000,44,DEFU,2.315443089173641e-05,2.3082588086253963e-05,7.184280548244715e-08,7.184280548244715e-08
20230526_200000,44,DOG,1.7053471310646273e-06,1.698270011729619e-06,7.0771193350083195e-09,7.0771193350083195e-09
20230526_200000,44,DRPU,9.59678905997584e-16,9.370665144376833e-16,2.2612391559900802e-17,2.2612391559900802e-17
20230526_200000,44,DRUM,4.4460722392614116e-07,4.404857349982194e-07,4.121488927921746e-09,4.121488927921746e-09
20230526_200000,44,FLY,6.629049494222272e-06,6.616546215809649e-06,1.2503278412623331e-08,1.2503278412623331e-08
20230526_200000,44,FROG,1.5431760402861983e-06,1.5600379583702306e-06,-1.6861918084032368e-08,1.6861918084032368e-08
20230526_200000,44,GLGN,9.999618910683239e-09,1.000352334301624e-08,-3.9044323330017505e-12,3.9044323330017505e-12
20230526_200000,44,HOSA,4.7484805691055954e-05,4.741269367514178e-05,7.211201591417193e-08,7.211201591417193e-08
20230526_200000,44,HYPI,9.894766256346443e-11,9.852443860758342e-11,4.232239558810136e-13,4.232239558810136e-13
20230526_200000,44,INSP,6.17976638750406e-06,6.212208973011002e-06,-3.244258550694212e-08,3.244258550694212e-08
20230526_200000,44,IXNA,7.690000103366401e-08,7.608861096741748e-08,8.113900662465312e-10,8.113900662465312e-10
20230526_200000,44,MEKE,2.484324568285956e-06,2.505420297893579e-06,-2.109572960762307e-08,2.109572960762307e-08
20230526_200000,44,MYTO,1.3164370852095097e-12,1.2801485132357682e-12,3.628857197374158e-14,3.628857197374158e-14
20230526_200000,44,NUCO,1.7496738192540823e-15,1.696193535392985e-15,5.3480283861097235e-17,5.3480283861097235e-17
20230526_200000,44,OCPR,1.1468971550243623e-08,1.1322619286602276e-08,1.4635226364134724e-10,1.4635226364134724e-10
20230526_200000,44,ORPI,1.514008296510383e-08,1.5031107025720303e-08,1.0897593938352657e-10,1.0897593938352657e-10
20230526_200000,44,PAFA,1.55910788635083e-06,1.5454432968908804e-06,1.3664589459949639e-08,1.3664589459949639e-08
20230526_200000,44,PECA,1.7848998945524386e-09,1.7671182295231347e-09,1.7781665029303895e-11,1.7781665029303895e-11
20230526_200000,44,PHNU,2.256853349535959e-06,2.2585682017961517e-06,-1.7148522601928562e-09,1.7148522601928562e-09
20230526_200000,44,PIMA,1.1214407224027778e-12,1.089294778509886e-12,3.2145943892891715e-14,3.2145943892891715e-14
20230526_200000,44,POEC,1.9579085019927334e-08,1.9250949279125962e-08,3.2813574080137187e-10,3.2813574080137187e-10
20230526_200000,44,PSFL,0.9966338276863098,0.9965971112251282,3.6716461181640625e-05,3.6716461181640625e-05
20230526_200000,44,SHOT,7.122346801224921e-07,7.077370014485496e-07,4.497678673942573e-09,4.497678673942573e-09
20230526_200000,44,SITT,1.7214347280969378e-07,1.6995622331705817e-07,2.187249492635601e-09,2.187249492635601e-09
20230526_200000,44,SPRU,5.990014262380328e-09,5.903931121764572e-09,8.608314061575584e-11,8.608314061575584e-11
20230526_200000,44,STOC,3.403602377716197e-08,3.4464740394923865e-08,-4.2871661776189285e-10,4.2871661776189285e-10
20230526_200000,44,STOC_IRREG,2.8820497099957265e-09,2.9022761971475575e-09,-2.0226487151830952e-11,2.0226487151830952e-11
20230526_200000,44,STVA,4.0143939372683235e-07,4.064781080614921e-07,-5.038714334659744e-09,5.038714334659744e-09
20230526_200000,44,STVA_IRREG,3.921976895071566e-05,3.9238751924131066e-05,-1.8982973415404558e-08,1.8982973415404558e-08
20230526_200000,44,TADO1,1.333389041541233e-11,1.3118950370483162e-11,2.149400449291683e-13,2.149400449291683e-13
20230526_200000,44,TADO2,4.136944564692158e-09,4.114962592893789e-09,2.198197179836825e-11,2.198197179836825e-11
20230526_200000,44,TAMI,3.0378316528967275e-10,3.000468762337505e-10,3.7362890559222706e-12,3.7362890559222706e-12
20230526_200000,44,TUMI,6.823408398304309e-07,6.738940214745526e-07,8.44681835587835e-09,8.44681835587835e-09
20230526_200000,44,WHIS,1.8552519520653732e-09,1.8747332575230757e-09,-1.9481305457702547e-11,1.9481305457702547e-11
20230526_200000,44,YARD,2.1698753016607952e-08,2.1577072573109035e-08,1.2168044349891716e-10,1.2168044349891716e-10
20230526_200000,44,ZEMA,3.264637769007095e-07,3.23709031135877e-07,2.754745764832478e-09,2.754745764832478e-09
20230526_200000,45,AEAC,6.152520271029971e-09,6.195613799775401e-09,-4.3093528745430376e-11,4.3093528745430376e-11
20230526_200000,45,BRCA,2.3574482752204695e-13,2.396087072243508e-13,-3.863879702303841e-15,3.863879702303841e-15
20230526_200000,45,BRMA,2.8645872590461575e-18,2.886247810566471e-18,-2.1660551520313583e-20,2.1660551520313583e-20
20230526_200000,45,BUVI,0.0011832560412585735,0.0011805057292804122,2.750311978161335e-06,2.750311978161335e-06
20230526_200000,45,CAGU,4.277109333372664e-09,4.263925212910635e-09,1.3184120462028659e-11,1.3184120462028659e-11
20230526_200000,45,CALU,1.716902531256892e-08,1.7412260078231157e-08,-2.432347656622369e-10,2.432347656622369e-10
20230526_200000,45,CAUS,1.1562051229624393e-13,1.1604012564205013e-13,-4.1961334580620235e-16,4.1961334580620235e-16
20230526_200000,45,CCOO,1.5827203430975891e-15,1.5900409312233528e-15,-7.320588125763697e-18,7.320588125763697e-18
20230526_200000,45,CHFA,2.3367379130842872e-14,2.3592078337024598e-14,-2.246992061817263e-16,2.246992061817263e-16
20230526_200000,45,CHMI,2.8669673302061938e-09,2.870953474953808e-09,-3.986144747614162e-12,3.986144747614162e-12
20230526_200000,45,CHMI_IRREG,2.560129885864626e-08,2.563043821623978e-08,-2.913935759352171e-11,2.913935759352171e-11
20230526_200000,45,COAU,6.417354711865664e-14,6.477679720742757e-14,-6.032500887709347e-16,6.032500887709347e-16
20230526_200000,45,COAU2,1.6577682152366102e-12,1.672337073509167e-12,-1.4568858272556717e-14,1.4568858272556717e-14
20230526_200000,45,COCO,3.2720881559811232e-09,3.291601879951145e-09,-1.95137239700216e-11,1.95137239700216e-11
20230526_200000,45,CYST,1.6768433863667553e-11,1.6903060548467685e-11,-1.3462668480013207e-13,1.3462668480013207e-13
20230526_200000,45,DEFU,5.481718403643754e-07,5.490617240866413e-07,-8.898837222659495e-10,8.898837222659495e-10
20230526_200000,45,DOG,8.919158744902234e-09,8.979335497372176e-09,-6.017675246994258e-11,6.017675246994258e-11
20230526_200000,45,DRPU,1.3220407677780229e-20,1.3336693600709986e-20,-1.1628592292975693e-22,1.1628592292975693e-22
20230526_200000,45,DRUM,1.09193087904913e-09,1.0980217846068285e-09,-6.090905557698534e-12,6.090905557698534e-12
20230526_200000,45,FLY,5.3501377550446705e-08,5.386255352846092e-08,-3.611759780142165e-10,3.611759780142165e-10
20230526_200000,45,FROG,1.3378419261300678e-08,1.342613042965013e-08,-4.771116834945133e-11,4.771116834945133e-11
20230526_200000,45,GLGN,2.7731024074273414e-11,2.7949876788002648e-11,-2.1885271372923398e-13,2.1885271372923398e-13
20230526_200000,45,HOSA,3.793998928358633e-07,3.81914816216522e-07,-2.514923380658729e-09,2.514923380658729e-09
20230526_200000,45,HYPI,1.3764958784075448e-14,1.3895174853122746e-14,-1.302160690472981e-16,1.302160690472981e-16
20230526_200000,45,INSP,2.435752435303584e-07,2.43249530740286e-07,3.257127900724299e-10,3.257127900724299e-10
20230526_200000,45,IXNA,2.1981035047691222e-10,2.2036003577419194e-10,-5.496852972797228e-13,5.496852972797228e-13
20230526_200000,45,MEKE,2.5343897647189806e-08,2.539332122353244e-08,-4.942357634263317e-11,4.942357634263317e-11
20230526_200000,45,MYTO,1.2065840404210924e-17,1.2132567409864352e-17,-6.672700565342764e-20,6.672700565342764e-20
20230526_200000,45,NUCO,3.511593493663436e-22,3.5559118255364975e-22,-4.431833187306128e-24,4.431833187306128e-24
20230526_200000,45,OCPR,6.013921565600766e-12,6.036197583436653e-12,-2.2276017835887174e-14,2.2276017835887174e-14
20230526_200000,45,ORPI,7.337122229222892e-12,7.398045717699198e-12,-6.092348847630547e-14,6.092348847630547e-14
20230526_200000,45,PAFA,2.8995785772423233e-09,2.927817988052084e-09,-2.8239410809760557e-11,2.8239410809760557e-11
20230526_200000,45,PECA,4.3741551179754534e-13,4.4061789264936146e-13,-3.2023808518161223e-15,3.2023808518161223e-15
20230526_200000,45,PHNU,3.08269214599477e-08,3.100260315136438e-08,-1.7568169141668477e-10,1.7568169141668477e-10
20230526_200000,45,PIMA,1.391341282243589e-17,1.4070051051951382e-17,-1.5663822951549153e-19,1.5663822951549153e-19
20230526_200000,45,POEC,1.7237733592953552e-12,1.7325988733996045e-12,-8.825514104249255e-15,8.825514104249255e-15
20230526_200000,45,PSFL,0.9988149404525757,0.9988176226615906,-2.682209014892578e-06,2.682209014892578e-06
20230526_200000,45,SHOT,2.857003522649393e-10,2.88518597901799e-10,-2.8182456368597286e-12,2.8182456368597286e-12
20230526_200000,45,SITT,2.38844583000386e-10,2.3954963013217423e-10,-7.050471317882057e-13,7.050471317882057e-13
20230526_200000,45,SPRU,1.2787463145660927e-12,1.2891555227836915e-12,-1.0409208217598831e-14,1.0409208217598831e-14
20230526_200000,45,STOC,2.367752938159384e-10,2.3698379369996303e-10,-2.084998840246044e-13,2.084998840246044e-13
20230526_200000,45,STOC_IRREG,1.6790189030779779e-12,1.6901695971613395e-12,-1.1150694083361667e-14,1.1150694083361667e-14
20230526_200000,45,STVA,2.095918549827047e-09,2.1040833519947455e-09,-8.164802167698326e-12,8.164802167698326e-12
20230526_200000,45,STVA_IRREG,4.7634492261749983e-07,4.78081517485407e-07,-1.7365948679071153e-09,1.7365948679071153e-09
20230526_200000,45,TADO1,7.308991185924602e-16,7.387329028051416e-16,-7.833784212681397e-18,7.833784212681397e-18
20230526_200000,45,TADO2,1.1280916522096729e-12,1.134475217760833e-12,-6.383565551160153e-15,6.383565551160153e-15
20230526_200000,45,TAMI,2.7057407014788662e-14,2.7445542922209e-14,-3.8813590742033804e-16,3.8813590742033804e-16
20230526_200000,45,TUMI,1.8149044489490507e-09,1.8214186825460388e-09,-6.514233596988106e-12,6.514233596988106e-12
20230526_200000,45,WHIS,1.008237330429873e-12,1.01567116262552e-12,-7.433832195646861e-15,7.433832195646861e-15
20230526_200000,45,YARD,6.056998218956222e-12,6.119244000402091e-12,-6.224578144586879e-14,6.224578144586879e-14
20230526_200000,45,ZEMA,8.328484568664862e-10,8.364661741033785e-10,-3.617717236892304e-12,3.617717236892304e-12
20230526_200000,46,AEAC,8.655932469991967e-05,8.613970567239448e-05,4.1961902752518654e-07,4.1961902752518654e-07
20230526_200000,46,BRCA,4.555380655801855e-06,4.569310021906858e-06,-1.3929366105003282e-08,1.3929366105003282e-08
20230526_200000,46,BRMA,4.27844543082756e-06,4.291618097340688e-06,-1.3172666513128206e-08,1.3172666513128206e-08
20230526_200000,46,BUVI,4.120397716178559e-05,4.1232728108298033e-05,-2.8750946512445807e-08,2.8750946512445807e-08
20230526_200000,46,CAGU,0.1027219295501709,0.10306846350431442,-0.00034653395414352417,0.00034653395414352417
20230526_200000,46,CALU,0.009266705252230167,0.009279310703277588,-1.2605451047420502e-05,1.2605451047420502e-05
20230526_200000,46,CAUS,0.0007071355357766151,0.0007080522482283413,-9.167124517261982e-07,9.167124517261982e-07
20230526_200000,46,CCOO,0.002120398450642824,0.002126571722328663,-6.173271685838699e-06,6.173271685838699e-06
20230526_200000,46,CHFA,7.404810730804456e-06,7.456295406882418e-06,-5.148467607796192e-08,5.148467607796192e-08
20230526_200000,46,CHMI,0.04962192103266716,0.0496322326362133,-1.0311603546142578e-05,1.0311603546142578e-05
20230526_200000,46,CHMI_IRREG,0.0006152917630970478,0.0006172131979838014,-1.921434886753559e-06,1.921434886753559e-06
20230526_200000,46,COAU,7.613803063577507e-06,7.63104162615491e-06,-1.7238562577404082e-08,1.7238562577404082e-08
20230526_200000,46,COAU2,0.003557870164513588,0.003563110949471593,-5.2407849580049515e-06,5.2407849580049515e-06
20230526_200000,46,COCO,0.5577249526977539,0.5568546056747437,0.0008703470230102539,0.0008703470230102539
20230526_200000,46,CYST,0.0006755853537470102,0.0006776240188628435,-2.0386651158332825e-06,2.0386651158332825e-06
20230526_200000,46,DEFU,0.02589789591729641,0.02591351978480816,-1.5623867511749268e-05,1.5623867511749268e-05
20230526_200000,46,DOG,0.0005746049573644996,0.0005771011346951127,-2.4961773306131363e-06,2.4961773306131363e-06
20230526_200000,46,DRPU,7.835699970815124e-12,7.957305821204574e-12,-1.2160585038945015e-13,1.2160585038945015e-13
20230526_200000,46,DRUM,0.013647414743900299,0.013646638952195644,7.757917046546936e-07,7.757917046546936e-07
20230526_200000,46,FLY,0.0024388092570006847,0.002443566219881177,-4.75696288049221e-06,4.75696288049221e-06
20230526_200000,46,FROG,0.000866041227709502,0.0008672201074659824,-1.1788797564804554e-06,1.1788797564804554e-06
20230526_200000,46,GLGN,0.00024567381478846073,0.00024411172489635646,1.562089892104268e-06,1.562089892104268e-06
20230526_200000,46,HOSA,0.009991215541958809,0.010038227774202824,-4.701223224401474e-05,4.701223224401474e-05
20230526_200000,46,HYPI,4.195908786641667e-06,4.191570951661561e-06,4.337834980105981e-09,4.337834980105981e-09
20230526_200000,46,INSP,0.00020322256023064256,0.00020263585611246526,5.867041181772947e-07,5.867041181772947e-07
20230526_200000,46,IXNA,0.004987931344658136,0.005002477206289768,-1.4545861631631851e-05,1.4545861631631851e-05
20230526_200000,46,MEKE,0.00017072791524697095,0.00017032094183377922,4.0697341319173574e-07,4.0697341319173574e-07
20230526_200000,46,MYTO,0.017209593206644058,0.017294809222221375,-8.521601557731628e-05,8.521601557731628e-05
20230526_200000,46,NUCO,1.3801918896660936e-07,1.3896210759867245e-07,-9.429186320630834e-10,9.429186320630834e-10
20230526_200000,46,OCPR,0.004744503181427717,0.004762107040733099,-1.7603859305381775e-05,1.7603859305381775e-05
20230526_200000,46,ORPI,0.00028294205549173057,0.0002835223567672074,-5.803012754768133e-07,5.803012754768133e-07
20230526_200000,46,PAFA,9.324798156740144e-05,9.356049122288823e-05,-3.125096554867923e-07,3.125096554867923e-07
20230526_200000,46,PECA,7.375698623945937e-05,7.373198604909703e-05,2.500019036233425e-08,2.500019036233425e-08
20230526_200000,46,PHNU,1.4096986888034735e-05,1.4137287507764995e-05,-4.030061973026022e-08,4.030061973026022e-08
20230526_200000,46,PIMA,8.915553917177022e-05,8.99838050827384e-05,-8.282659109681845e-07,8.282659109681845e-07
20230526_200000,46,POEC,0.07443660497665405,0.0746954157948494,-0.000258810818195343,0.000258810818195343
20230526_200000,46,PSFL,0.0234562736004591,0.023511162027716637,-5.488842725753784e-05,5.488842725753784e-05
20230526_200000,46,SHOT,0.0008528137695975602,0.0008532989886589348,-4.852190613746643e-07,4.852190613746643e-07
20230526_200000,46,SITT,0.004825840704143047,0.004827988334000111,-2.1476298570632935e-06,2.1476298570632935e-06
20230526_200000,46,SPRU,0.0005036041839048266,0.0005045846337452531,-9.80449840426445e-07,9.80449840426445e-07
20230526_200000,46,STOC,1.7234498272955534e-06,1.7268808960579918e-06,-3.4310687624383718e-09,3.4310687624383718e-09
20230526_200000,46,STOC_IRREG,5.284374310576823e-06,5.307928404363338e-06,-2.3554093786515296e-08,2.3554093786515296e-08
20230526_200000,46,STVA,2.9390761483227834e-05,2.9276217901497148e-05,1.1454358173068613e-07,1.1454358173068613e-07
20230526_200000,46,STVA_IRREG,0.0031583451200276613,0.003153181867673993,5.163252353668213e-06,5.163252353668213e-06
20230526_200000,46,TADO1,1.6298157845540118e-07,1.6406124814238865e-07,-1.0796696869874722e-09,1.0796696869874722e-09
20230526_200000,46,TADO2,1.8623040887177922e-05,1.8788830857374705e-05,-1.6578997019678354e-07,1.6578997019678354e-07
20230526_200000,46,TAMI,9.987127214117208e-07,1.0073709972857614e-06,-8.658275874040555e-09,8.658275874040555e-09
20230526_200000,46,TUMI,0.08392659574747086,0.08391198515892029,1.4610588550567627e-05,1.4610588550567627e-05
20230526_200000,46,WHIS,4.7541707317577675e-06,4.758023351314478e-06,-3.852619556710124e-09,3.852619556710124e-09
20230526_200000,46,YARD,5.97946964262519e-05,6.001014480716549e-05,-2.1544838091358542e-07,2.1544838091358542e-07
20230526_200000,46,ZEMA,2.0676005078712478e-05,2.0746725567732938e-05,-7.072048902045935e-08,7.072048902045935e-08
20230526_200000,47,AEAC,4.695442896718305e-07,4.6911824824746873e-07,4.2604142436175607e-10,4.2604142436175607e-10
20230526_200000,47,BRCA,4.685706822549207e-10,4.702045974802616e-10,-1.6339152253408429e-12,1.6339152253408429e-12
20230526_200000,47,BRMA,2.127965907866916e-13,2.1455153463318527e-13,-1.7549438464936618e-15,1.7549438464936618e-15
20230526_200000,47,BUVI,0.01332126371562481,0.013312991708517075,8.27200710773468e-06,8.27200710773468e-06
20230526_200000,47,CAGU,5.437912591332861e-07,5.477878062265518e-07,-3.99654709326569e-09,3.99654709326569e-09
20230526_200000,47,CALU,1.7500777858003858e-06,1.7524680515634827e-06,-2.390265763096977e-09,2.390265763096977e-09
20230526_200000,47,CAUS,7.224990605791959e-10,7.278130320642617e-10,-5.313971485065849e-12,5.313971485065849e-12
20230526_200000,47,CCOO,3.238840445840552e-11,3.260789901982086e-11,-2.194945614153454e-13,2.194945614153454e-13
20230526_200000,47,CHFA,1.8187812367287393e-10,1.841231889176953e-10,-2.245065244821376e-12,2.245065244821376e-12
20230526_200000,47,CHMI,4.2072463202202925e-07,4.213514728235168e-07,-6.268408014875604e-10,6.268408014875604e-10
20230526_200000,47,CHMI_IRREG,1.678947000982589e-06,1.6776364191173343e-06,1.3105818652547896e-09,1.3105818652547896e-09
20230526_200000,47,COAU,1.396456283941916e-10,1.4151964322639543e-10,-1.8740148322038408e-12,1.8740148322038408e-12
20230526_200000,47,COAU2,2.4983202173700647e-09,2.5169069051145243e-09,-1.8586687744459596e-11,1.8586687744459596e-11
20230526_200000,47,COCO,4.371995032670384e-07,4.4016530864610104e-07,-2.965805379062658e-09,2.965805379062658e-09
20230526_200000,47,CYST,2.4131109555014518e-08,2.4360581107885082e-08,-2.2947155287056376e-10,2.2947155287056376e-10
20230526_200000,47,DEFU,2.6839594283956103e-05,2.690317705855705e-05,-6.358277460094541e-08,6.358277460094541e-08
20230526_200000,47,DOG,1.444849317522312e-06,1.4484642179013463e-06,-3.614900379034225e-09,3.614900379034225e-09
20230526_200000,47,DRPU,1.3332315530441632e-15,1.3391393960930252e-15,-5.907843048861931e-18,5.907843048861931e-18
20230526_200000,47,DRUM,5.674993417414953e-07,5.727243888031808e-07,-5.225047061685473e-09,5.225047061685473e-09
20230526_200000,47,FLY,1.25118294818094e-05,1.258042630070122e-05,-6.859681889181957e-08,6.859681889181957e-08
20230526_200000,47,FROG,1.33527737489203e-06,1.3432512560029863e-06,-7.973881110956427e-09,7.973881110956427e-09
20230526_200000,47,GLGN,9.01433505617888e-09,9.051515093005946e-09,-3.718003682706694e-11,3.718003682706694e-11
20230526_200000,47,HOSA,1.3179180314182304e-05,1.319543025601888e-05,-1.624994183657691e-08,1.624994183657691e-08
20230526_200000,47,HYPI,6.884183501032481e-11,6.924349288395248e-11,-4.016578736276699e-13,4.016578736276699e-13
20230526_200000,47,INSP,7.118936537153786e-06,7.183275556599256e-06,-6.43390194454696e-08,6.43390194454696e-08
20230526_200000,47,IXNA,5.62105206824981e-08,5.674450420656285e-08,-5.339835240647517e-10,5.339835240647517e-10
20230526_200000,47,MEKE,5.372332907427335e-06,5.388681984186405e-06,-1.6349076759070158e-08,1.6349076759070158e-08
20230526_200000,47,MYTO,2.896781122266323e-13,2.912093580598879e-13,-1.53124583325559e-15,1.53124583325559e-15
20230526_200000,47,NUCO,4.518215353975307e-17,4.574353786043566e-17,-5.613843206825884e-19,5.613843206825884e-19
20230526_200000,47,OCPR,4.540462228419528e-09,4.541692799620023e-09,-1.2305712004945235e-12,1.2305712004945235e-12
20230526_200000,47,ORPI,2.6059327140615096e-08,2.619437644568734e-08,-1.3504930507224344e-10,1.3504930507224344e-10
20230526_200000,47,PAFA,1.1288979067103355e-06,1.1408259297240875e-06,-1.1928023013751954e-08,1.1928023013751954e-08
20230526_200000,47,PECA,6.414173636670739e-10,6.453271250705939e-10,-3.909761403519951e-12,3.909761403519951e-12
20230526_200000,47,PHNU,3.689200411827187e-06,3.6808157801715424e-06,8.384631655644625e-09,8.384631655644625e-09
20230526_200000,47,PIMA,2.736670482242354e-13,2.7635641171308567e-13,-2.6893634888502937e-15,2.6893634888502937e-15
20230526_200000,47,POEC,1.6870435048943477e-09,1.7015080455706766e-09,-1.4464540676328852e-11,1.4464540676328852e-11
20230526_200000,47,PSFL,0.9865571856498718,0.9865648746490479,-7.68899917602539e-06,7.68899917602539e-06
20230526_200000,47,SHOT,6.34998045256907e-08,6.380236072800471e-08,-3.0255620231400826e-10,3.0255620231400826e-10
20230526_200000,47,SITT,2.008879818049536e-07,2.0140420531333803e-07,-5.16223508384428e-10,5.16223508384428e-10
20230526_200000,47,SPRU,5.228971478032918e-09,5.2873914135886935e-09,-5.841993555577574e-11,5.841993555577574e-11
20230526_200000,47,STOC,2.9783794985860368e-08,2.98443048052377e-08,-6.050981937733013e-11,6.050981937733013e-11
20230526_200000,47,STOC_IRREG,1.3261722831003908e-09,1.3310659241483336e-09,-4.893641047942765e-12,4.893641047942765e-12
20230526_200000,47,STVA,3.1933304853737354e-06,3.2192699563893257e-06,-2.5939471015590243e-08,2.5939471015590243e-08
20230526_200000,47,STVA_IRREG,3.8165893784025684e-05,3.8533456972800195e-05,-3.675631887745112e-07,3.675631887745112e-07
20230526_200000,47,TADO1,2.201135627932782e-11,2.2289350920523532e-11,-2.7799464119571127e-13,2.7799464119571127e-13
20230526_200000,47,TADO2,4.813911935741544e-09,4.849096235659545e-09,-3.518429991800076e-11,3.518429991800076e-11
20230526_200000,47,TAMI,1.324677589842338e-10,1.3371137530526767e-10,-1.243616321033869e-12,1.243616321033869e-12
20230526_200000,47,TUMI,5.019261948291387e-07,5.050179652243969e-07,-3.0917703952582087e-09,3.0917703952582087e-09
20230526_200000,47,WHIS,1.024284435047207e-09,1.0273445427699812e-09,-3.060107722774319e-12,3.060107722774319e-12
20230526_200000,47,YARD,6.462733015411004e-09,6.498518612119142e-09,-3.5785596708137746e-11,3.5785596708137746e-11
20230526_200000,47,ZEMA,7.770308911858592e-07,7.852080443626619e-07,-8.177153176802676e-09,8.177153176802676e-09
20230526_200000,48,AEAC,2.069181805064435e-11,2.067027278507272e-11,2.1545265571631944e-14,2.1545265571631944e-14
20230526_200000,48,BRCA,1.0792558971202333e-16,1.0699419757717843e-16,9.313921348449083e-19,9.313921348449083e-19
20230526_200000,48,BRMA,1.8862527068338087e-21,1.8282737274630203e-21,5.797897937078836e-23,5.797897937078836e-23
20230526_200000,48,BUVI,2.9241096854093485e-05,2.9586477467091754e-05,-3.453806129982695e-07,3.453806129982695e-07
20230526_200000,48,CAGU,1.9711392240662207e-10,1.9314949639692713e-10,3.9644260096949324e-12,3.9644260096949324e-12
20230526_200000,48,CALU,9.417488316953992e-11,9.497341108000157e-11,-7.985279104616438e-13,7.985279104616438e-13
20230526_200000,48,CAUS,1.4169520777925415e-15,1.3880829714886284e-15,2.88691063039131e-17,2.88691063039131e-17
20230526_200000,48,CCOO,1.2186766765140664e-17,1.1852165589918064e-17,3.346011752226001e-19,3.346011752226001e-19
20230526_200000,48,CHFA,9.280443032953347e-17,9.136629411654878e-17,1.438136212984694e-18,1.438136212984694e-18
20230526_200000,48,CHMI,3.8028200033402015e-10,3.75702358113017e-10,4.579642221003155e-12,4.579642221003155e-12
20230526_200000,48,CHMI_IRREG,2.733308024360781e-09,2.70893463216737e-09,2.4373392193410837e-11,2.4373392193410837e-11
20230526_200000,48,COAU,5.319722927292649e-17,5.262118731178946e-17,5.7604196113702805e-19,5.7604196113702805e-19
20230526_200000,48,COAU2,5.51529198220403e-15,5.45448772208538e-15,6.080426011864995e-17,6.080426011864995e-17
20230526_200000,48,COCO,4.5735155246307e-11,4.5683179461519785e-11,5.1975784787217094e-14,5.1975784787217094e-14
20230526_200000,48,CYST,1.0714224781905105e-13,1.061959561629057e-13,9.462916561453483e-16,9.462916561453483e-16
20230526_200000,48,DEFU,1.321749643068415e-08,1.3218072858478536e-08,-5.764277943853813e-13,5.764277943853813e-13
20230526_200000,48,DOG,6.441625705067011e-11,6.437926580726838e-11,3.6991243401729434e-14,3.6991243401729434e-14
20230526_200000,48,DRPU,6.464723006895244e-24,6.3866261717088164e-24,7.809683518642756e-26,7.809683518642756e-26
20230526_200000,48,DRUM,3.449243321518303e-11,3.447439556047982e-11,1.803765470320684e-14,1.803765470320684e-14
20230526_200000,48,FLY,7.965129666942516e-10,7.990674788516117e-10,-2.5545121573600227e-12,2.5545121573600227e-12
20230526_200000,48,FROG,9.676150852788723e-11,9.629402136779319e-11,4.674871600940378e-13,4.674871600940378e-13
20230526_200000,48,GLGN,6.701339109278434e-14,6.675070245891826e-14,2.6268863386608166e-16,2.6268863386608166e-16
20230526_200000,48,HOSA,3.2891538381818464e-09,3.294018391386544e-09,-4.864553204697586e-12,4.864553204697586e-12
20230526_200000,48,HYPI,5.5427234585294935e-18,5.469877797885011e-18,7.284566064448238e-20,7.284566064448238e-20
20230526_200000,48,INSP,1.98307925636243e-09,2.0018939839161476e-09,-1.8814727553717603e-11,1.8814727553717603e-11
20230526_200000,48,IXNA,3.8705484130263645e-12,3.832728405483987e-12,3.7820007542377354e-14,3.7820007542377354e-14
20230526_200000,48,MEKE,1.0363546132374779e-10,1.0365834579584288e-10,-2.288447209508604e-14,2.288447209508604e-14
20230526_200000,48,MYTO,3.7239451457287097e-20,3.584247911200428e-20,1.3969723452828168e-21,1.3969723452828168e-21
20230526_200000,48,NUCO,2.9345909171109453e-26,2.8327267875339533e-26,1.0186412957699197e-27,1.0186412957699197e-27
20230526_200000,48,OCPR,5.19372515643806e-14,5.096824248458989e-14,9.690090797907086e-16,9.690090797907086e-16
20230526_200000,48,ORPI,2.0830220686350598e-14,2.058254825257344e-14,2.476724337771574e-16,2.476724337771574e-16
20230526_200000,48,PAFA,3.437762574609593e-11,3.46376573256979e-11,-2.6003157960197143e-13,2.6003157960197143e-13
20230526_200000,48,PECA,3.388719153426563e-16,3.3531755333774044e-16,3.554362004915858e-18,3.554362004915858e-18
20230526_200000,48,PHNU,4.482150206541746e-10,4.4058642845179463e-10,7.628592202379991e-12,7.628592202379991e-12
20230526_200000,48,PIMA,1.7266765208062235e-20,1.6831616507071057e-20,4.351487009911771e-22,4.351487009911771e-22
20230526_200000,48,POEC,1.5933538464866538e-14,1.5609682193747434e-14,3.238562711191037e-16,3.238562711191037e-16
20230526_200000,48,PSFL,0.9999707937240601,0.9999704360961914,3.5762786865234375e-07,3.5762786865234375e-07
20230526_200000,48,SHOT,1.4264342745179404e-12,1.4255225689110973e-12,9.117056068430607e-16,9.117056068430607e-16
20230526_200000,48,SITT,4.869556580883172e-12,4.791106747448204e-12,7.844983343496814e-14,7.844983343496814e-14
20230526_200000,48,SPRU,4.39179256316361e-15,4.3628198012027764e-15,2.8972761960833343e-17,2.8972761960833343e-17
20230526_200000,48,STOC,3.555620695875478e-14,3.5777153808980167e-14,-2.2094685022538973e-16,2.2094685022538973e-16
20230526_200000,48,STOC_IRREG,6.744056209006242e-16,6.782546974316254e-16,-3.849076531001151e-18,3.849076531001151e-18
20230526_200000,48,STVA,9.106730994301593e-12,9.232581713036758e-12,-1.258507187351654e-13,1.258507187351654e-13
20230526_200000,48,STVA_IRREG,6.715609401908296e-09,6.803743346495139e-09,-8.813394458684343e-11,8.813394458684343e-11
20230526_200000,48,TADO1,1.709115721970967e-18,1.6992790969216396e-18,9.836625049327467e-21,9.836625049327467e-21
20230526_200000,48,TADO2,3.0647377861290617e-15,3.02940105387727e-15,3.5336732251791715e-17,3.5336732251791715e-17
20230526_200000,48,TAMI,1.1396164906455344e-17,1.1320378618733235e-17,7.57862877221084e-20,7.57862877221084e-20
20230526_200000,48,TUMI,8.3582772647528e-11,8.220408381776068e-11,1.3786888297673272e-12,1.3786888297673272e-12
20230526_200000,48,WHIS,2.271886889532659e-16,2.2783433981731047e-16,-6.456508640445904e-19,6.456508640445904e-19
20230526_200000,48,YARD,5.417660423604658e-15,5.4197259134465374e-15,-2.0654898418796114e-18,2.0654898418796114e-18
20230526_200000,48,ZEMA,5.685253916948296e-12,5.65544486241798e-12,2.980905453031646e-14,2.980905453031646e-14
20230526_200000,49,AEAC,4.332782743698971e-10,4.3336562116635946e-10,-8.734679646238419e-14,8.734679646238419e-14
20230526_200000,49,BRCA,7.176567960774996e-15,7.15371331779218e-15,2.2854642982815532e-17,2.2854642982815532e-17
20230526_200000,49,BRMA,3.10896660408668e-19,3.0341669877389826e-19,7.479961634769749e-21,7.479961634769749e-21
20230526_200000,49,BUVI,0.0008422344108112156,0.0008503738790750504,-8.139468263834715e-06,8.139468263834715e-06
20230526_200000,49,CAGU,1.495178536536912e-09,1.4784066193485046e-09,1.6771917188407315e-11,1.6771917188407315e-11
20230526_200000,49,CALU,1.1049702264287475e-09,1.109285774347768e-09,-4.315547919020446e-12,4.315547919020446e-12
20230526_200000,49,CAUS,2.595902212263433e-14,2.5601484433400608e-14,3.575376892337237e-16,3.575376892337237e-16
20230526_200000,49,CCOO,4.524458780889959e-16,4.4510834930428715e-16,7.337528784708783e-18,7.337528784708783e-18
20230526_200000,49,CHFA,2.097330445641611e-15,2.0669251392087338e-15,3.040530643287718e-17,3.040530643287718e-17
20230526_200000,49,CHMI,2.6160540400610444e-09,2.599593651453347e-09,1.6460388607697496e-11,1.6460388607697496e-11
20230526_200000,49,CHMI_IRREG,3.2179627851292025e-08,3.203478016189365e-08,1.4484768939837522e-10,1.4484768939837522e-10
20230526_200000,49,COAU,1.6057988145367166e-15,1.5826761915052135e-15,2.312262303150311e-17,2.312262303150311e-17
20230526_200000,49,COAU2,2.021113311434508e-13,2.0007876377816508e-13,2.0325673652857312e-15,2.0325673652857312e-15
20230526_200000,49,COCO,2.4474317017464386e-10,2.4462448733331144e-10,1.1868284133242923e-13,1.1868284133242923e-13
20230526_200000,49,CYST,3.5234441232712133e-12,3.488914886162764e-12,3.452923710844935e-14,3.452923710844935e-14
20230526_200000,49,DEFU,2.511723664611054e-07,2.5086242771976686e-07,3.099387413385557e-10,3.099387413385557e-10
20230526_200000,49,DOG,1.7789005823942716e-09,1.7778920557987021e-09,1.0085265955694922e-12,1.0085265955694922e-12
20230526_200000,49,DRPU,3.498501684298133e-22,3.4347740924952693e-22,6.372759180286389e-24,6.372759180286389e-24
20230526_200000,49,DRUM,2.977153523708864e-10,2.9704816384423793e-10,6.671885266484878e-13,6.671885266484878e-13
20230526_200000,49,FLY,2.1455520027302555e-08,2.140547650242297e-08,5.0043524879583856e-11,5.0043524879583856e-11
20230526_200000,49,FROG,1.0754095391973806e-09,1.077293476647867e-09,-1.883937450486428e-12,1.883937450486428e-12
20230526_200000,49,GLGN,3.3805488790228377e-12,3.3715898996311555e-12,8.95897939168222e-15,8.95897939168222e-15
20230526_200000,49,HOSA,6.305646849114055e-08,6.307736555299925e-08,-2.0897061858704546e-11,2.0897061858704546e-11
20230526_200000,49,HYPI,7.42995119656166e-16,7.35734829688335e-16,7.260289967831032e-18,7.260289967831032e-18
20230526_200000,49,INSP,2.0528798216901123e-08,2.0657541455193495e-08,-1.2874323829237255e-10,1.2874323829237255e-10
20230526_200000,49,IXNA,2.2100108201805746e-11,2.1886869053244773e-11,2.1323914856097304e-13,2.1323914856097304e-13
20230526_200000,49,MEKE,1.0547485551626323e-08,1.059112442192145e-08,-4.363887029512625e-11,4.363887029512625e-11
20230526_200000,49,MYTO,1.2353938312576406e-18,1.197557659461276e-18,3.783617179636461e-20,3.783617179636461e-20
20230526_200000,49,NUCO,3.5778868397833133e-23,3.4801952519138295e-23,9.769158786948384e-25,9.769158786948384e-25
20230526_200000,49,OCPR,1.7342892530067266e-12,1.7153487831544911e-12,1.894046985223552e-14,1.894046985223552e-14
20230526_200000,49,ORPI,1.1459477030489884e-12,1.1391368534216517e-12,6.81084962733669e-15,6.81084962733669e-15
20230526_200000,49,PAFA,4.753124005496545e-10,4.740166592576145e-10,1.2957412920400202e-12,1.2957412920400202e-12
20230526_200000,49,PECA,1.9869449849004885e-14,1.9691811793372607e-14,1.7763805563227736e-16,1.7763805563227736e-16
20230526_200000,49,PHNU,4.265448438900421e-09,4.2468881744639475e-09,1.8560264436473517e-11,1.8560264436473517e-11
20230526_200000,49,PIMA,9.034852323264771e-19,8.83296545308625e-19,2.018868701785204e-20,2.018868701785204e-20
20230526_200000,49,POEC,4.559316791295787e-13,4.4879521648479026e-13,7.1364626447884e-15,7.1364626447884e-15
20230526_200000,49,PSFL,0.9991573095321655,0.9991490840911865,8.225440979003906e-06,8.225440979003906e-06
20230526_200000,49,SHOT,6.549888409423943e-11,6.541169689233683e-11,8.718720190259432e-14,8.718720190259432e-14
20230526_200000,49,SITT,4.404698480953151e-11,4.350549087650535e-11,5.414939330261603e-13,5.414939330261603e-13
20230526_200000,49,SPRU,1.569568585345349e-13,1.5590264810464577e-13,1.0542104298891242e-15,1.0542104298891242e-15
20230526_200000,49,STOC,6.586641822237116e-12,6.651693952586246e-12,-6.505213034913027e-14,6.505213034913027e-14
20230526_200000,49,STOC_IRREG,1.2248249560854046e-13,1.2332162743246278e-13,-8.391318239223122e-16,8.391318239223122e-16
20230526_200000,49,STVA,8.431798037555893e-10,8.499740355993879e-10,-6.7942318437985705e-12,6.7942318437985705e-12
20230526_200000,49,STVA_IRREG,9.141421486447143e-08,9.193154681952365e-08,-5.173319550522137e-10,5.173319550522137e-10
20230526_200000,49,TADO1,1.8513527659732318e-16,1.8337866261361577e-16,1.7566139837074104e-18,1.7566139837074104e-18
20230526_200000,49,TADO2,8.967593377942618e-14,8.889183876828466e-14,7.840950111415168e-16,7.840950111415168e-16
20230526_200000,49,TAMI,6.719549428259807e-16,6.677969110274685e-16,4.158031798512157e-18,4.158031798512157e-18
20230526_200000,49,TUMI,5.526966662117161e-10,5.458083429665805e-10,6.8883232451355525e-12,6.8883232451355525e-12
20230526_200000,49,WHIS,4.288008750158445e-14,4.3059140102238644e-14,-1.7905260065419204e-16,1.7905260065419204e-16
20230526_200000,49,YARD,7.729652963701927e-13,7.730031350260125e-13,-3.7838655819744105e-17,3.7838655819744105e-17
20230526_200000,49,ZEMA,3.92331972465243e-10,3.916274804449671e-10,7.044920202758931e-13,7.044920202758931e-13
20230526_200000,5,AEAC,9.8573877949093e-09,9.883109441943816e-09,-2.5721647034515627e-11,2.5721647034515627e-11
20230526_200000,5,BRCA,7.014458024839909e-12,7.061808603159303e-12,-4.735057831939393e-14,4.735057831939393e-14
20230526_200000,5,BRMA,4.545540901551527e-16,4.54497180129009e-16,5.69100261436483e-20,5.69100261436483e-20
20230526_200000,5,BUVI,0.00021854414080735296,0.0002178989234380424,6.452173693105578e-07,6.452173693105578e-07
20230526_200000,5,CAGU,7.371475874151656e-08,7.343442831597713e-08,2.8033042553943233e-10,2.8033042553943233e-10
20230526_200000,5,CALU,1.2204499455492623e-07,1.227244581514242e-07,-6.794635964979534e-10,6.794635964979534e-10
20230526_200000,5,CAUS,4.23017653891633e-12,4.226969035209249e-12,3.2075037070811163e-15,3.2075037070811163e-15
20230526_200000,5,CCOO,5.649316734898657e-13,5.611304606731315e-13,3.8012128167341785e-15,3.8012128167341785e-15
20230526_200000,5,CHFA,1.7684792432554053e-12,1.7726206787138654e-12,-4.14143545846013e-15,4.14143545846013e-15
20230526_200000,5,CHMI,1.714424797683023e-07,1.7082369652143825e-07,6.187832468640408e-10,6.187832468640408e-10
20230526_200000,5,CHMI_IRREG,2.517639074994804e-07,2.5229331868104055e-07,-5.294111815601354e-10,5.294111815601354e-10
20230526_200000,5,COAU,7.789479781680764e-13,7.769097322939122e-13,2.038245874164124e-15,2.038245874164124e-15
20230526_200000,5,COAU2,5.94996343861176e-11,5.931462959685163e-11,1.8500478926597452e-13,1.8500478926597452e-13
20230526_200000,5,COCO,5.0060325662570904e-08,5.01323036417034e-08,-7.197797913249815e-11,7.197797913249815e-11
20230526_200000,5,CYST,2.177369257116979e-10,2.1725540810813015e-10,4.815176035677382e-13,4.815176035677382e-13
20230526_200000,5,DEFU,2.41923589783255e-06,2.4218620637839194e-06,-2.6261659513693303e-09,2.6261659513693303e-09
20230526_200000,5,DOG,4.4375440211297246e-08,4.453054458508632e-08,-1.5510437378907227e-10,1.5510437378907227e-10
20230526_200000,5,DRPU,8.271412387558702e-18,8.30008577631224e-18,-2.867338875353815e-20,2.867338875353815e-20
20230526_200000,5,DRUM,3.296790751505796e-08,3.301890316720346e-08,-5.099565214550239e-11,5.099565214550239e-11
20230526_200000,5,FLY,1.0675513095748101e-07,1.0693351271129359e-07,-1.7838175381257315e-10,1.7838175381257315e-10
20230526_200000,5,FROG,1.4870462194949141e-08,1.4861680774913566e-08,8.781420035575138e-12,8.781420035575138e-12
20230526_200000,5,GLGN,2.6474472614168576e-10,2.6498886418480083e-10,-2.441380431150719e-13,2.441380431150719e-13
20230526_200000,5,HOSA,2.68233316091937e-06,2.6917984996543964e-06,-9.465338735026307e-09,9.465338735026307e-09
20230526_200000,5,HYPI,3.2333996049203895e-13,3.228157487416422e-13,5.242117503967414e-16,5.242117503967414e-16
20230526_200000,5,INSP,1.2677472227551334e-07,1.2691913298112922e-07,-1.4441070561588276e-10,1.4441070561588276e-10
20230526_200000,5,IXNA,2.111438579532887e-09,2.1100992064759794e-09,1.3393730569077889e-12,1.3393730569077889e-12
20230526_200000,5,MEKE,1.0525872795597024e-07,1.0546438033998129e-07,-2.056523840110458e-10,2.056523840110458e-10
20230526_200000,5,MYTO,3.2437861516185175e-15,3.229268642177289e-15,1.4517509441228267e-17,1.4517509441228267e-17
20230526_200000,5,NUCO,7.249846192212091e-19,7.219548117337922e-19,3.0298074874168867e-21,3.0298074874168867e-21
20230526_200000,5,OCPR,4.833866640296947e-10,4.81315931555315e-10,2.0707324743796107e-12,2.0707324743796107e-12
20230526_200000,5,ORPI,7.359776676985064e-11,7.365651144564112e-11,-5.87446757904786e-14,5.87446757904786e-14
20230526_200000,5,PAFA,1.9805122875027337e-08,1.982490083207722e-08,-1.977795704988239e-11,1.977795704988239e-11
20230526_200000,5,PECA,1.8963207740196886e-12,1.8987686856847263e-12,-2.447911665037772e-15,2.447911665037772e-15
20230526_200000,5,PHNU,9.897388508761651e-08,9.917539500747807e-08,-2.015099198615644e-10,2.015099198615644e-10
20230526_200000,5,PIMA,9.786692364442597e-15,9.77296958366413e-15,1.372278077846692e-17,1.372278077846692e-17
20230526_200000,5,POEC,5.754038356897695e-10,5.74015335264022e-10,1.388500425747452e-12,1.388500425747452e-12
20230526_200000,5,PSFL,0.9997736811637878,0.9997742772102356,-5.960464477539062e-07,5.960464477539062e-07
20230526_200000,5,SHOT,1.0864594557347118e-08,1.088991208320067e-08,-2.531752585355207e-11,2.531752585355207e-11
20230526_200000,5,SITT,1.9052568411837e-09,1.89654913995696e-09,8.707701226740028e-12,8.707701226740028e-12
20230526_200000,5,SPRU,1.0511973236315697e-10,1.0514526749272335e-10,-2.55351295663786e-14,2.55351295663786e-14
20230526_200000,5,STOC,1.1284156248292376e-10,1.134036961558671e-10,-5.621336729433324e-13,5.621336729433324e-13
20230526_200000,5,STOC_IRREG,7.623028944192534e-12,7.678910458885913e-12,-5.5881514693378875e-14,5.5881514693378875e-14
20230526_200000,5,STVA,1.7447840949813553e-09,1.7550988440362403e-09,-1.0314749054884942e-11,1.0314749054884942e-11
20230526_200000,5,STVA_IRREG,1.3499368378688814e-06,1.3569139127866947e-06,-6.977074917813297e-09,6.977074917813297e-09
20230526_200000,5,TADO1,1.6011494972760498e-13,1.6002314490864977e-13,9.180481895521009e-17,9.180481895521009e-17
20230526_200000,5,TADO2,1.0729975935541702e-11,1.0729572612333538e-11,4.0332320816460765e-16,4.0332320816460765e-16
20230526_200000,5,TAMI,7.056065258990996e-13,7.087429601537742e-13,-3.1364342546746915e-15,3.1364342546746915e-15
20230526_200000,5,TUMI,2.845955116015375e-08,2.8385136019437596e-08,7.441514071615529e-11,7.441514071615529e-11
20230526_200000,5,WHIS,3.6264350897208253e-12,3.640471171045823e-12,-1.403608132499734e-14,1.403608132499734e-14
20230526_200000,5,YARD,2.3962212769568225e-10,2.4014065735933343e-10,-5.185296636511794e-13,5.185296636511794e-13
20230526_200000,5,ZEMA,5.38004663042102e-09,5.3687734258289765e-09,1.127320459204384e-11,1.127320459204384e-11
20230526_200000,50,AEAC,4.622644023751128e-14,4.602883761531222e-14,1.9760262219906122e-16,1.9760262219906122e-16
20230526_200000,50,BRCA,1.5592579113236183e-20,1.556607379071754e-20,2.6505322518642524e-23,2.6505322518642524e-23
20230526_200000,50,BRMA,3.642339694096079e-18,3.567138636657352e-18,7.520105743872713e-20,7.520105743872713e-20
20230526_200000,50,BUVI,1.2498913747549523e-05,1.2425182831066195e-05,7.373091648332775e-08,7.373091648332775e-08
20230526_200000,50,CAGU,2.3693380057920876e-07,2.326868440150065e-07,4.2469565642022644e-09,4.2469565642022644e-09
20230526_200000,50,CALU,1.002751007228575e-11,9.980419268806884e-12,4.7090803478866405e-14,4.7090803478866405e-14
20230526_200000,50,CAUS,1.966518785377451e-14,1.938107098040879e-14,2.8411687336572095e-16,2.8411687336572095e-16
20230526_200000,50,CCOO,1.2432175205581264e-16,1.225569324404287e-16,1.7648196153839365e-18,1.7648196153839365e-18
20230526_200000,50,CHFA,4.353130286916669e-17,4.312323482065958e-17,4.0806804850710982e-19,4.0806804850710982e-19
20230526_200000,50,CHMI,6.550616993283853e-11,6.495798343664205e-11,5.481864961964789e-13,5.481864961964789e-13
20230526_200000,50,CHMI_IRREG,2.3161214265932095e-11,2.3075189328758405e-11,8.602493717368986e-14,8.602493717368986e-14
20230526_200000,50,COAU,4.370585121330518e-17,4.3301101813415633e-17,4.047493998895471e-19,4.047493998895471e-19
20230526_200000,50,COAU2,1.4528603878771404e-14,1.4416558360508605e-14,1.1204551826279885e-16,1.1204551826279885e-16
20230526_200000,50,COCO,9.654251139842862e-13,9.606824884211829e-13,4.742625563103342e-15,4.742625563103342e-15
20230526_200000,50,CYST,2.8914652790146267e-13,2.8734325574313047e-13,1.803272158332203e-15,1.803272158332203e-15
20230526_200000,50,DEFU,9.937991540809321e-10,9.894585151215551e-10,4.3406389593769745e-12,4.3406389593769745e-12
20230526_200000,50,DOG,1.710504838898369e-13,1.7097548420455522e-13,7.499968528168477e-17,7.499968528168477e-17
20230526_200000,50,DRPU,6.546013917546124e-28,6.5123154398266945e-28,3.369847771942956e-30,3.369847771942956e-30
20230526_200000,50,DRUM,1.6716014965452441e-13,1.6693840320519682e-13,2.217464493275978e-16,2.217464493275978e-16
20230526_200000,50,FLY,3.395629263880373e-11,3.391874975333664e-11,3.754288546709006e-14,3.754288546709006e-14
20230526_200000,50,FROG,2.215231470481527e-12,2.2007612746066663e-12,1.4470195874860536e-14,1.4470195874860536e-14
20230526_200000,50,GLGN,1.1098777925247014e-16,1.1059263838257601e-16,3.951408698941311e-19,3.951408698941311e-19
20230526_200000,50,HOSA,4.978506149000417e-11,4.970328315589967e-11,8.177833410449864e-14,8.177833410449864e-14
20230526_200000,50,HYPI,2.0605114295135668e-19,2.038830120929757e-19,2.1681308583809835e-21,2.1681308583809835e-21
20230526_200000,50,INSP,5.100686583173197e-13,5.061311612875041e-13,3.9374970298156065e-15,3.9374970298156065e-15
20230526_200000,50,IXNA,4.2199178179602725e-12,4.169338919252086e-12,5.057889870818677e-14,5.057889870818677e-14
20230526_200000,50,MEKE,6.16902958838067e-13,6.14217877947798e-13,2.685080890268976e-15,2.685080890268976e-15
20230526_200000,50,MYTO,3.666067121812979e-17,3.600182516895375e-17,6.588460491760363e-19,6.588460491760363e-19
20230526_200000,50,NUCO,5.866983885932158e-27,5.822281896364964e-27,4.4701989567194376e-29,4.4701989567194376e-29
20230526_200000,50,OCPR,1.244372579154232e-13,1.2304125275065803e-13,1.3960051647651794e-15,1.3960051647651794e-15
20230526_200000,50,ORPI,1.0106642966641911e-14,1.0058642456553957e-14,4.8000510087953946e-17,4.8000510087953946e-17
20230526_200000,50,PAFA,6.918796590336951e-13,6.915011098451718e-13,3.7854918852331387e-16,3.7854918852331387e-16
20230526_200000,50,PECA,7.049808897883239e-17,7.001674927166533e-17,4.81339707167057e-19,4.81339707167057e-19
20230526_200000,50,PHNU,4.658373686794448e-11,4.640690956514426e-11,1.7682730280021985e-13,1.7682730280021985e-13
20230526_200000,50,PIMA,3.171247617345212e-20,3.136969058890558e-20,3.4278558454653534e-22,3.4278558454653534e-22
20230526_200000,50,POEC,6.174444636131149e-13,6.08403193276541e-13,9.04127033657387e-15,9.04127033657387e-15
20230526_200000,50,PSFL,0.9999872446060181,0.9999873638153076,-1.1920928955078125e-07,1.1920928955078125e-07
20230526_200000,50,SHOT,3.473032230661105e-15,3.4687559848268915e-15,4.276245834213335e-18,4.276245834213335e-18
20230526_200000,50,SITT,2.187562457567349e-11,2.1706881084271323e-11,1.6874349140216793e-13,1.6874349140216793e-13
20230526_200000,50,SPRU,2.8125885185278693e-16,2.8043074479794784e-16,8.281070548390871e-19,8.281070548390871e-19
20230526_200000,50,STOC,1.3713096354650302e-18,1.3559696744028109e-18,1.533996106221933e-20,1.533996106221933e-20
20230526_200000,50,STOC_IRREG,1.7449615421171642e-19,1.727496528211902e-19,1.74650139052622e-21,1.74650139052622e-21
20230526_200000,50,STVA,1.079702902876279e-14,1.0727934857189363e-14,6.909417157342779e-17,6.909417157342779e-17
20230526_200000,50,STVA_IRREG,1.360741467421045e-11,1.35730966396852e-11,3.4318034525249175e-14,3.4318034525249175e-14
20230526_200000,50,TADO1,7.228134413654936e-21,7.203663923131431e-21,2.4470490523504753e-23,2.4470490523504753e-23
20230526_200000,50,TADO2,4.470072383533537e-15,4.43215749474854e-15,3.791488878499699e-17,3.791488878499699e-17
20230526_200000,50,TAMI,1.1559037389452494e-19,1.1527554119856902e-19,3.14832695955925e-22,3.14832695955925e-22
20230526_200000,50,TUMI,7.298077697726058e-10,7.256631406882263e-10,4.144629084379403e-12,4.144629084379403e-12
20230526_200000,50,WHIS,5.3185037974865953e-20,5.260252834021816e-20,5.825096346477919e-22,5.825096346477919e-22
20230526_200000,50,YARD,2.3287731590491146e-18,2.3276810738453914e-18,1.0920852037231348e-21,1.0920852037231348e-21
20230526_200000,50,ZEMA,2.294135747257092e-13,2.279150446930084e-13,1.49853003270084e-15,1.49853003270084e-15
20230526_200000,6,AEAC,1.8981313587573823e-06,1.8899680753747816e-06,8.163283382600639e-09,8.163283382600639e-09
20230526_200000,6,BRCA,1.87820019953433e-11,1.868707272256742e-11,9.492927277587881e-14,9.492927277587881e-14
20230526_200000,6,BRMA,7.082073176937543e-16,7.087916116086822e-16,-5.842939149278571e-19,5.842939149278571e-19
20230526_200000,6,BUVI,0.0006930570234544575,0.0006955643184483051,-2.5072949938476086e-06,2.5072949938476086e-06
20230526_200000,6,CAGU,1.6971865989034995e-05,1.704418900771998e-05,-7.232301868498325e-08,7.232301868498325e-08
20230526_200000,6,CALU,1.0091248441312928e-06,1.0100056897499599e-06,-8.80845618667081e-10,8.80845618667081e-10
20230526_200000,6,CAUS,4.7884651105389864e-11,4.801226083372967e-11,-1.2760972833980588e-13,1.2760972833980588e-13
20230526_200000,6,CCOO,1.4927798580588458e-12,1.4805313008556253e-12,1.224855720322049e-14,1.224855720322049e-14
20230526_200000,6,CHFA,6.956044681233342e-12,6.976325767071856e-12,-2.0281085838513846e-14,2.0281085838513846e-14
20230526_200000,6,CHMI,0.00012109487579436973,0.00012057019193889573,5.246838554739952e-07,5.246838554739952e-07
20230526_200000,6,CHMI_IRREG,0.0012372656492516398,0.0012390520423650742,-1.7863931134343147e-06,1.7863931134343147e-06
20230526_200000,6,COAU,5.482733950006036e-13,5.448461777232683e-13,3.4272172773353038e-15,3.4272172773353038e-15
20230526_200000,6,COAU2,5.0370541071487196e-11,4.991580759838854e-11,4.547334730986563e-13,4.547334730986563e-13
20230526_200000,6,COCO,3.5983055113320006e-06,3.587665332815959e-06,1.0640178516041487e-08,1.0640178516041487e-08
20230526_200000,6,CYST,1.5809020759149917e-09,1.5773249373296494e-09,3.5771385853422544e-12,3.5771385853422544e-12
20230526_200000,6,DEFU,0.00018656888278201222,0.0001858374016592279,7.314811227843165e-07,7.314811227843165e-07
20230526_200000,6,DOG,3.322641362046852e-07,3.3135052035504486e-07,9.136158496403368e-10,9.136158496403368e-10
20230526_200000,6,DRPU,1.5866598847015712e-20,1.5920509374086575e-20,-5.391052707086324e-23,5.391052707086324e-23
20230526_200000,6,DRUM,2.2870344764669426e-06,2.28865928875166e-06,-1.6248122847173363e-09,1.6248122847173363e-09
20230526_200000,6,FLY,6.974625648581423e-06,6.961459348531207e-06,1.3166300050215796e-08,1.3166300050215796e-08
20230526_200000,6,FROG,1.276084049095516e-06,1.2635417760975542e-06,1.2542272997961845e-08,1.2542272997961845e-08
20230526_200000,6,GLGN,3.745404697497179e-08,3.7295603050324644e-08,1.5844392464714474e-10,1.5844392464714474e-10
20230526_200000,6,HOSA,4.5219544517749455e-06,4.513461135502439e-06,8.49331627250649e-09,8.49331627250649e-09
20230526_200000,6,HYPI,5.010456025772436e-14,4.964512958713363e-14,4.594306705907325e-16,4.594306705907325e-16
20230526_200000,6,INSP,1.5714264009147882e-05,1.5739382433821447e-05,-2.5118424673564732e-08,2.5118424673564732e-08
20230526_200000,6,IXNA,2.626220805268531e-07,2.6368184080638457e-07,-1.0597602795314742e-09,1.0597602795314742e-09
20230526_200000,6,MEKE,8.884259841579478e-06,8.909431016945746e-06,-2.5171175366267562e-08,2.5171175366267562e-08
20230526_200000,6,MYTO,2.404688632530569e-15,2.387743314904273e-15,1.6945317626295905e-17,1.6945317626295905e-17
20230526_200000,6,NUCO,1.168448252013075e-21,1.1564012226524211e-21,1.2047029360653885e-23,1.2047029360653885e-23
20230526_200000,6,OCPR,5.987463302936646e-10,5.961394711206935e-10,2.606859172971099e-12,2.606859172971099e-12
20230526_200000,6,ORPI,2.6495014515681703e-10,2.63617072615574e-10,1.333072541243041e-12,1.333072541243041e-12
20230526_200000,6,PAFA,1.022937752281905e-07,1.0239359227171008e-07,-9.981704351957887e-11,9.981704351957887e-11
20230526_200000,6,PECA,3.6528492036724813e-11,3.6428884214734225e-11,9.960782199058826e-14,9.960782199058826e-14
20230526_200000,6,PHNU,1.7926973328030726e-07,1.7895114012844715e-07,3.185931518601137e-10,3.185931518601137e-10
20230526_200000,6,PIMA,5.961792694854926e-16,5.9185844854243e-16,4.320820943062593e-18,4.320820943062593e-18
20230526_200000,6,POEC,4.4561061507408795e-09,4.444870693731673e-09,1.1235457009206584e-11,1.1235457009206584e-11
20230526_200000,6,PSFL,0.9976853132247925,0.9976822137832642,3.0994415283203125e-06,3.0994415283203125e-06
20230526_200000,6,SHOT,2.879430667235283e-07,2.8575482247106265e-07,2.1882442524656653e-09,2.1882442524656653e-09
20230526_200000,6,SITT,9.451158433648743e-08,9.47264169326445e-08,-2.148325961570663e-10,2.148325961570663e-10
20230526_200000,6,SPRU,1.4493134990745116e-11,1.4486154463477785e-11,6.980527267330672e-15,6.980527267330672e-15
20230526_200000,6,STOC,1.2777968683153063e-09,1.278631645007522e-09,-8.347766922156552e-13,8.347766922156552e-13
20230526_200000,6,STOC_IRREG,9.479993873240389e-11,9.510046222738211e-11,-3.0052349497822206e-13,3.0052349497822206e-13
20230526_200000,6,STVA,2.2980469083222488e-08,2.3111475400128256e-08,-1.3100631690576847e-10,1.3100631690576847e-10
20230526_200000,6,STVA_IRREG,1.1921581972273998e-05,1.1949524377996568e-05,-2.7942405722569674e-08,2.7942405722569674e-08
20230526_200000,6,TADO1,1.3482238244523275e-15,1.3471452338731176e-15,1.0785905792099447e-18,1.0785905792099447e-18
20230526_200000,6,TADO2,3.960110017686702e-12,3.9410788001126296e-12,1.9031217574072556e-14,1.9031217574072556e-14
20230526_200000,6,TAMI,5.526660604312193e-14,5.493600908380858e-14,3.305969593133534e-16,3.305969593133534e-16
20230526_200000,6,TUMI,2.802676988267194e-07,2.7908473043680715e-07,1.1829683899122756e-09,1.1829683899122756e-09
20230526_200000,6,WHIS,2.0488907445659343e-11,2.056848788511978e-11,-7.958043946043603e-14,7.958043946043603e-14
20230526_200000,6,YARD,1.6816229519989179e-09,1.6784644785161618e-09,3.158473482756108e-12,3.158473482756108e-12
20230526_200000,6,ZEMA,6.360917348402495e-10,6.358981674559061e-10,1.9356738434339604e-13,1.9356738434339604e-13
20230526_200000,7,AEAC,3.543588536558673e-05,3.508270674501546e-05,3.531786205712706e-07,3.531786205712706e-07
20230526_200000,7,BRCA,6.12405542943506e-11,6.098508503749045e-11,2.5546925686015243e-13,2.5546925686015243e-13
20230526_200000,7,BRMA,2.964024046688198e-17,2.8833832013871387e-17,8.06408453010596e-19,8.06408453010596e-19
20230526_200000,7,BUVI,0.05137135460972786,0.05020951107144356,0.0011618435382843018,0.0011618435382843018
20230526_200000,7,CAGU,4.982090331395739e-07,4.828875148632505e-07,1.532151827632333e-08,1.532151827632333e-08
20230526_200000,7,CALU,5.357960297658337e-09,5.301150185488268e-09,5.681011217006926e-11,5.681011217006926e-11
20230526_200000,7,CAUS,6.742409582038977e-12,6.540183759146112e-12,2.0222582289286528e-13,2.0222582289286528e-13
20230526_200000,7,CCOO,7.695852012297791e-14,7.455225537389074e-14,2.4062647490871725e-15,2.4062647490871725e-15
20230526_200000,7,CHFA,1.2069835148703634e-12,1.1783162336478914e-12,2.8667281222471974e-14,2.8667281222471974e-14
20230526_200000,7,CHMI,1.1527482683959533e-06,1.1260303836024832e-06,2.6717884793470148e-08,2.6717884793470148e-08
20230526_200000,7,CHMI_IRREG,2.8170388759463094e-06,2.79914092971012e-06,1.7897946236189455e-08,1.7897946236189455e-08
20230526_200000,7,COAU,7.740017394369803e-13,7.546965981840292e-13,1.930514125295102e-14,1.930514125295102e-14
20230526_200000,7,COAU2,5.25701912557075e-11,5.139937434006647e-11,1.1708169156410264e-12,1.1708169156410264e-12
20230526_200000,7,COCO,1.8384395161774592e-06,1.7893396488943836e-06,4.909986728307558e-08,4.909986728307558e-08
20230526_200000,7,CYST,1.1743931382923734e-09,1.1459403426172798e-09,2.8452795675093512e-11,2.8452795675093512e-11
20230526_200000,7,DEFU,0.0006518567679449916,0.0006380784325301647,1.377833541482687e-05,1.377833541482687e-05
20230526_200000,7,DOG,3.546191464920412e-07,3.5346192817087285e-07,1.1572183211683296e-09,1.1572183211683296e-09
20230526_200000,7,DRPU,6.906049347054966e-21,6.814667699794164e-21,9.138164726080201e-23,9.138164726080201e-23
20230526_200000,7,DRUM,1.3997077985550277e-06,1.3777847698293044e-06,2.192302872572327e-08,2.192302872572327e-08
20230526_200000,7,FLY,6.239416507014539e-06,6.124646915850462e-06,1.147695911640767e-07,1.147695911640767e-07
20230526_200000,7,FROG,2.7829823920910712e-06,2.729005473156576e-06,5.397691893449519e-08,5.397691893449519e-08
20230526_200000,7,GLGN,4.2266245259270363e-07,4.1452008758824377e-07,8.142365004459862e-09,8.142365004459862e-09
20230526_200000,7,HOSA,5.523527306650067e-06,5.501996838574996e-06,2.153046807507053e-08,2.153046807507053e-08
20230526_200000,7,HYPI,2.3315947696861405e-12,2.286782308652535e-12,4.4812461033605366e-14,4.4812461033605366e-14
20230526_200000,7,INSP,8.068343595368788e-05,7.909409760031849e-05,1.589338353369385e-06,1.589338353369385e-06
20230526_200000,7,IXNA,1.3856519487376318e-08,1.3526146425135721e-08,3.303730622405965e-10,3.303730622405965e-10
20230526_200000,7,MEKE,8.180026634363458e-05,8.035911741899326e-05,1.4411489246413112e-06,1.4411489246413112e-06
20230526_200000,7,MYTO,5.93077373621282e-18,5.739870377002932e-18,1.9090335920988815e-19,1.9090335920988815e-19
20230526_200000,7,NUCO,1.2702834043624355e-22,1.259235691374741e-22,1.104771298769439e-24,1.104771298769439e-24
20230526_200000,7,OCPR,5.195062158236396e-10,5.131750580034122e-10,6.331157820227418e-12,6.331157820227418e-12
20230526_200000,7,ORPI,1.6405469205338363e-09,1.614094191637605e-09,2.6452728896231292e-11,2.6452728896231292e-11
20230526_200000,7,PAFA,1.439952228565744e-07,1.419520145873321e-07,2.0432082692423137e-09,2.0432082692423137e-09
20230526_200000,7,PECA,2.0566295194646145e-11,2.0165636521740637e-11,4.0065867290550727e-13,4.0065867290550727e-13
20230526_200000,7,PHNU,5.318734679349291e-07,5.326910468284041e-07,-8.175788934750017e-10,8.175788934750017e-10
20230526_200000,7,PIMA,3.196583890674012e-17,3.1332278114528603e-17,6.335607922115154e-19,6.335607922115154e-19
20230526_200000,7,POEC,1.5209411421274188e-12,1.474746540164329e-12,4.619460196308989e-14,4.619460196308989e-14
20230526_200000,7,PSFL,0.9477070569992065,0.9488868713378906,-0.001179814338684082,0.001179814338684082
20230526_200000,7,SHOT,1.0766179947552246e-08,1.0660217597546762e-08,1.0596235000548404e-10,1.0596235000548404e-10
20230526_200000,7,SITT,3.685412863774218e-09,3.586253294329822e-09,9.915956944439586e-11,9.915956944439586e-11
20230526_200000,7,SPRU,1.1893309947996755e-10,1.1668108146345446e-10,2.252018016513091e-12,2.252018016513091e-12
20230526_200000,7,STOC,7.741026308849541e-08,7.578069016744848e-08,1.629572921046929e-09,1.629572921046929e-09
20230526_200000,7,STOC_IRREG,5.581743400817629e-10,5.528578150837404e-10,5.316524998022487e-12,5.316524998022487e-12
20230526_200000,7,STVA,6.7081173256156035e-06,6.547642442455981e-06,1.6047488315962255e-07,1.6047488315962255e-07
20230526_200000,7,STVA_IRREG,4.1130304452963173e-05,4.0948922105599195e-05,1.8138234736397862e-07,1.8138234736397862e-07
20230526_200000,7,TADO1,1.297756932298888e-13,1.276787649131389e-13,2.096928316749902e-15,2.096928316749902e-15
20230526_200000,7,TADO2,1.8853661687412426e-11,1.827813768395803e-11,5.755240034543974e-13,5.755240034543974e-13
20230526_200000,7,TAMI,6.002118290229785e-13,5.970164141701206e-13,3.195414852857903e-15,3.195414852857903e-15
20230526_200000,7,TUMI,7.308172911280053e-08,7.15327814759803e-08,1.5489476368202304e-09,1.5489476368202304e-09
20230526_200000,7,WHIS,1.5165808608941234e-09,1.4936589742831075e-09,2.2921886611015907e-11,2.2921886611015907e-11
20230526_200000,7,YARD,1.0063432309692644e-09,9.970774206280453e-10,9.265810341219094e-12,9.265810341219094e-12
20230526_200000,7,ZEMA,4.631430350343635e-09,4.567341171934913e-09,6.408917840872164e-11,6.408917840872164e-11
20230526_200000,8,AEAC,8.745994151126979e-09,8.695597131236354e-09,5.0397019890624506e-11,5.0397019890624506e-11
20230526_200000,8,BRCA,1.5533626902125564e-12,1.5494511056146631e-12,3.911584597893203e-15,3.911584597893203e-15
20230526_200000,8,BRMA,1.3708296515068871e-16,1.3407437029649044e-16,3.0085948541982706e-18,3.0085948541982706e-18
20230526_200000,8,BUVI,0.000930539972614497,0.0009286129497922957,1.927022822201252e-06,1.927022822201252e-06
20230526_200000,8,CAGU,6.60953745068582e-08,6.519565687312934e-08,8.997176337288693e-10,8.997176337288693e-10
20230526_200000,8,CALU,2.7545178454602137e-05,2.733489418460522e-05,2.1028426999691874e-07,2.1028426999691874e-07
20230526_200000,8,CAUS,7.638427217127042e-12,7.544860569641543e-12,9.356664748549903e-14,9.356664748549903e-14
20230526_200000,8,CCOO,2.667916614625815e-13,2.6209904472468404e-13,4.692616737897448e-15,4.692616737897448e-15
20230526_200000,8,CHFA,5.749739334821868e-13,5.694157168348313e-13,5.558216647355563e-15,5.558216647355563e-15
20230526_200000,8,CHMI,7.486445241511319e-08,7.437941462740127e-08,4.850377877119172e-10,4.850377877119172e-10
20230526_200000,8,CHMI_IRREG,2.067440476594129e-07,2.0585717663834657e-07,8.868710210663266e-10,8.868710210663266e-10
20230526_200000,8,COAU,1.4211402237299109e-12,1.4081487711981033e-12,1.2991452531807557e-14,1.2991452531807557e-14
20230526_200000,8,COAU2,4.039860806992479e-11,4.0265228651303886e-11,1.3337941862090474e-13,1.3337941862090474e-13
20230526_200000,8,COCO,4.951778365125392e-08,4.9184862405127205e-08,3.3292124612671614e-10,3.3292124612671614e-10
20230526_200000,8,CYST,3.314023777623021e-10,3.293117722957817e-10,2.090605466520401e-12,2.090605466520401e-12
20230526_200000,8,DEFU,3.3243625239265384e-06,3.3072619771701284e-06,1.710054675641004e-08,1.710054675641004e-08
20230526_200000,8,DOG,7.125285605980025e-08,7.124730672103397e-08,5.5493387662863825e-12,5.5493387662863825e-12
20230526_200000,8,DRPU,1.7196859528260525e-18,1.6937713148129552e-18,2.5914638013097235e-20,2.5914638013097235e-20
20230526_200000,8,DRUM,1.8186996797453503e-08,1.816363592865855e-08,2.3360868794952694e-11,2.3360868794952694e-11
20230526_200000,8,FLY,6.635548857047979e-07,6.631482847296866e-07,4.0660097511135973e-10,4.0660097511135973e-10
20230526_200000,8,FROG,1.6584000661623577e-07,1.6469186903123045e-07,1.1481375850053155e-09,1.1481375850053155e-09
20230526_200000,8,GLGN,9.834427022736847e-11,9.774009379626136e-11,6.041764311071063e-13,6.041764311071063e-13
20230526_200000,8,HOSA,3.978824224759592e-06,3.982302587246522e-06,-3.478362486930564e-09,3.478362486930564e-09
20230526_200000,8,HYPI,5.112324409292657e-13,5.056004443240725e-13,5.631996605193201e-15,5.631996605193201e-15
20230526_200000,8,INSP,6.253092692531936e-07,6.239738468138967e-07,1.3354224392969627e-09,1.3354224392969627e-09
20230526_200000,8,IXNA,1.664033577597479e-09,1.6546500836156497e-09,9.38349398182936e-12,9.38349398182936e-12
20230526_200000,8,MEKE,4.6797649133623054e-07,4.653415430766472e-07,2.634948259583325e-09,2.634948259583325e-09
20230526_200000,8,MYTO,8.915439357094507e-15,8.73748366410701e-15,1.7795569298749772e-16,1.7795569298749772e-16
20230526_200000,8,NUCO,9.37347822330593e-20,9.272001256721574e-20,1.014769665843569e-21,1.014769665843569e-21
20230526_200000,8,OCPR,7.124894424448414e-11,7.071904173372445e-11,5.299025107596833e-13,5.299025107596833e-13
20230526_200000,8,ORPI,1.815713551733822e-10,1.801511717580695e-10,1.4201834153126924e-12,1.4201834153126924e-12
20230526_200000,8,PAFA,1.9793754191255175e-08,1.982341757411632e-08,-2.966338286114478e-11,2.966338286114478e-11
20230526_200000,8,PECA,3.4364529451214043e-12,3.421979279799592e-12,1.447366532181249e-14,1.447366532181249e-14
20230526_200000,8,PHNU,4.991168012224989e-08,4.964414301866782e-08,2.675371035820717e-10,2.675371035820717e-10
20230526_200000,8,PIMA,4.566169859586313e-16,4.539780018719014e-16,2.638984086729976e-18,2.638984086729976e-18
20230526_200000,8,POEC,1.8435657445081688e-09,1.8197956475063393e-09,2.3770097001829527e-11,2.3770097001829527e-11
20230526_200000,8,PSFL,0.9990301132202148,0.9990322589874268,-2.1457672119140625e-06,2.1457672119140625e-06
20230526_200000,8,SHOT,2.0507519238321947e-08,2.0468133854478765e-08,3.9385383843182353e-11,3.9385383843182353e-11
20230526_200000,8,SITT,6.7080514476458575e-09,6.63749366580646e-09,7.055778183939765e-11,7.055778183939765e-11
20230526_200000,8,SPRU,6.402985086584323e-11,6.372782856978176e-11,3.02022296061466e-13,3.02022296061466e-13
20230526_200000,8,STOC,3.080448951475745e-10,3.078781674048514e-10,1.6672774272308288e-13,1.6672774272308288e-13
20230526_200000,8,STOC_IRREG,1.0860846076654607e-11,1.0857018409304864e-11,3.827667349742825e-15,3.827667349742825e-15
20230526_200000,8,STVA,2.5615264576117625e-08,2.5584851570670253e-08,3.041300544737169e-11,3.041300544737169e-11
20230526_200000,8,STVA_IRREG,1.8363969047641149e-06,1.8438520328345476e-06,-7.455128070432693e-09,7.455128070432693e-09
20230526_200000,8,TADO1,1.1164393994250559e-14,1.1064233195270685e-14,1.0016079897987376e-16,1.0016079897987376e-16
20230526_200000,8,TADO2,5.273858086352057e-11,5.2210836348765e-11,5.277445147555682e-13,5.277445147555682e-13
20230526_200000,8,TAMI,2.922375340851102e-13,2.916028692383915e-13,6.346648467187022e-16,6.346648467187022e-16
20230526_200000,8,TUMI,4.271159426139093e-08,4.247365836818062e-08,2.3793589321030595e-10,2.3793589321030595e-10
20230526_200000,8,WHIS,8.310449550741339e-12,8.290344973016506e-12,2.0104577724833206e-14,2.0104577724833206e-14
20230526_200000,8,YARD,3.081042643238163e-10,3.0716376664408074e-10,9.404976797355857e-13,9.404976797355857e-13
20230526_200000,8,ZEMA,6.004268193748885e-09,5.9898339621611285e-09,1.4434231587756585e-11,1.4434231587756585e-11
20230526_200000,9,AEAC,5.212500431284184e-10,5.216699849874828e-10,-4.1994185906446546e-13,4.1994185906446546e-13
20230526_200000,9,BRCA,3.0286270775217164e-15,3.032188639306684e-15,-3.561561784967519e-18,3.561561784967519e-18
20230526_200000,9,BRMA,7.045941906067736e-20,6.961812467892264e-20,8.412943817547137e-22,8.412943817547137e-22
20230526_200000,9,BUVI,0.00263403938151896,0.0026338479947298765,1.9138678908348083e-07,1.9138678908348083e-07
20230526_200000,9,CAGU,6.770137783718155e-09,6.699362398165931e-09,7.077538555222418e-11,7.077538555222418e-11
20230526_200000,9,CALU,3.32710005750414e-05,3.3145690395031124e-05,1.2531018001027405e-07,1.2531018001027405e-07
20230526_200000,9,CAUS,2.618521041273733e-14,2.5995969699793564e-14,1.8924071294376676e-16,1.8924071294376676e-16
20230526_200000,9,CCOO,1.3614272681550092e-15,1.3458026866517195e-15,1.5624581503289638e-17,1.5624581503289638e-17
20230526_200000,9,CHFA,2.7339557501167332e-15,2.7093098442087116e-15,2.4645905908021563e-17,2.4645905908021563e-17
20230526_200000,9,CHMI,6.0689324676843626e-09,6.025048904234609e-09,4.388356344975364e-11,4.388356344975364e-11
20230526_200000,9,CHMI_IRREG,1.838822960564812e-08,1.834525242827567e-08,4.297717737244966e-11,4.297717737244966e-11
20230526_200000,9,COAU,1.0614182567537846e-14,1.0507388653548024e-14,1.0679391398982219e-16,1.0679391398982219e-16
20230526_200000,9,COAU2,7.111788913848061e-13,7.062344415872945e-13,4.944449797511519e-15,4.944449797511519e-15
20230526_200000,9,COCO,2.355013739574474e-09,2.3496302681280667e-09,5.383471446407384e-12,5.383471446407384e-12
20230526_200000,9,CYST,8.120775753239773e-12,8.050116129254548e-12,7.06596239852253e-14,7.06596239852253e-14
20230526_200000,9,DEFU,1.3709851600651746e-06,1.3690257674170425e-06,1.9593926481320523e-09,1.9593926481320523e-09
20230526_200000,9,DOG,3.3019003087275678e-09,3.29971694412734e-09,2.183364600227833e-12,2.183364600227833e-12
20230526_200000,9,DRPU,7.856292260822472e-22,7.78116342012863e-22,7.512884069384213e-24,7.512884069384213e-24
20230526_200000,9,DRUM,1.0066117939189212e-09,1.0037458642031538e-09,2.865929715767379e-12,2.865929715767379e-12
20230526_200000,9,FLY,1.3275204935325746e-07,1.3219521122209699e-07,5.568381311604753e-10,5.568381311604753e-10
20230526_200000,9,FROG,1.7241061911477118e-08,1.7187321788014742e-08,5.374012346237578e-11,5.374012346237578e-11
20230526_200000,9,GLGN,1.3895446208597728e-12,1.388832408452667e-12,7.122124071057279e-16,7.122124071057279e-16
20230526_200000,9,HOSA,3.5752520943788113e-07,3.578230973744212e-07,-2.978879365400644e-10,2.978879365400644e-10
20230526_200000,9,HYPI,4.324610144952135e-15,4.288829779194219e-15,3.5780365757916155e-17,3.5780365757916155e-17
20230526_200000,9,INSP,8.746153667971157e-08,8.764742887024113e-08,-1.858921905295574e-10,1.858921905295574e-10
20230526_200000,9,IXNA,8.067332912808922e-11,7.996391049314155e-11,7.094186349476672e-13,7.094186349476672e-13
20230526_200000,9,MEKE,9.794219124614756e-08,9.7690907807646e-08,2.5128343850155943e-10,2.5128343850155943e-10
20230526_200000,9,MYTO,7.998891944488819e-18,7.85067854951218e-18,1.4821339497663895e-19,1.4821339497663895e-19
20230526_200000,9,NUCO,3.1715750375349117e-24,3.1414253653830435e-24,3.0149672151868155e-26,3.0149672151868155e-26
20230526_200000,9,OCPR,1.414944333574808e-12,1.407964131568129e-12,6.980202006678926e-15,6.980202006678926e-15
20230526_200000,9,ORPI,3.176819267716735e-12,3.1609844949875843e-12,1.5834772729150792e-14,1.5834772729150792e-14
20230526_200000,9,PAFA,8.767891968020081e-10,8.747199076175605e-10,2.069289184447598e-12,2.069289184447598e-12
20230526_200000,9,PECA,4.049268109403495e-14,4.024307742513805e-14,2.496036688968972e-16,2.496036688968972e-16
20230526_200000,9,PHNU,1.371892044410572e-09,1.3729029024744932e-09,-1.010858063921205e-12,1.010858063921205e-12
20230526_200000,9,PIMA,1.3455325679275582e-19,1.3290760681347571e-19,1.6456499792801063e-21,1.6456499792801063e-21
20230526_200000,9,POEC,7.851647804146822e-11,7.746555480414585e-11,1.0509232373223654e-12,1.0509232373223654e-12
20230526_200000,9,PSFL,0.9973304271697998,0.9973307847976685,-3.5762786865234375e-07,3.5762786865234375e-07
20230526_200000,9,SHOT,5.75648806400153e-10,5.735798502826128e-10,2.0689561175402105e-12,2.0689561175402105e-12
20230526_200000,9,SITT,6.11255157600965e-10,6.046574352325251e-10,6.597722368439918e-12,6.597722368439918e-12
20230526_200000,9,SPRU,5.976402641001688e-13,5.953264140337589e-13,2.3138500664099393e-15,2.3138500664099393e-15
20230526_200000,9,STOC,4.545716667664346e-12,4.552582269501393e-12,-6.865601837047208e-15,6.865601837047208e-15
20230526_200000,9,STOC_IRREG,6.288338041471678e-14,6.295649629872377e-14,-7.31158840069912e-17,7.31158840069912e-17
20230526_200000,9,STVA,2.52359866337315e-09,2.5298503292248142e-09,-6.2516658516642565e-12,6.2516658516642565e-12
20230526_200000,9,STVA_IRREG,1.7274302877012815e-07,1.7276515507091972e-07,-2.212630079156952e-11,2.212630079156952e-11
20230526_200000,9,TADO1,6.006296732345953e-17,5.975537524959801e-17,3.0759207386151866e-19,3.0759207386151866e-19
20230526_200000,9,TADO2,1.3802520324596168e-12,1.3698769766104513e-12,1.0375055849165538e-14,1.0375055849165538e-14
20230526_200000,9,TAMI,5.548862015486086e-16,5.526029712997255e-16,2.28323024888317e-18,2.28323024888317e-18
20230526_200000,9,TUMI,1.7318275702393748e-09,1.7198265034323867e-09,1.2001066806988092e-11,1.2001066806988092e-11
20230526_200000,9,WHIS,4.9397480870278995e-14,4.946321062698593e-14,-6.572975670693371e-17,6.572975670693371e-17
20230526_200000,9,YARD,2.602386839009596e-12,2.603440249840383e-12,-1.0534108307869161e-15,1.0534108307869161e-15
20230526_200000,9,ZEMA,2.0542349765673151e-10,2.0477144979658135e-10,6.520478601501623e-13,6.520478601501623e-13
