audio_file,segment_idx,sox_top_class,tf_top_class,sox_top_prob,tf_top_prob,same_top_prediction,rank_1_agreement,rank_2_agreement,rank_3_agreement,rank_4_agreement,rank_5_agreement,prob_diff_top,max_vector_diff,mean_vector_diff,sox_hc_classes,sox_hc_total_diff,sox_hc_max_diff,sox_hc_avg_diff,tf_hc_classes,tf_hc_total_diff,tf_hc_max_diff,tf_hc_avg_diff
20230522_000000,1,PSFL,PSFL,0.9875342845916748,0.9874761700630188,True,True,True,True,True,True,5.811452865600586e-05,5.811452865600586e-05,2.275766291859327e-06,1,5.811452865600586e-05,5.811452865600586e-05,5.811452865600586e-05,1,5.811452865600586e-05,5.811452865600586e-05,5.811452865600586e-05
20230522_000000,10,PSFL,PSFL,0.9942722320556641,0.9942809343338013,True,True,True,True,True,True,8.702278137207031e-06,2.8507551178336143e-05,1.1231774124098592e-06,1,8.702278137207031e-06,8.702278137207031e-06,8.702278137207031e-06,1,8.702278137207031e-06,8.702278137207031e-06,8.702278137207031e-06
20230522_000000,100,PSFL,PSFL,0.9701197743415833,0.9701648354530334,True,True,True,True,True,True,4.506111145019531e-05,4.506111145019531e-05,1.7695368796921684e-06,1,4.506111145019531e-05,4.506111145019531e-05,4.506111145019531e-05,1,4.506111145019531e-05,4.506111145019531e-05,4.506111145019531e-05
20230522_000000,101,PSFL,PSFL,0.8394749760627747,0.839300274848938,True,True,True,True,True,True,0.00017470121383666992,0.0001747608184814453,6.85425629853853e-06,2,0.00034946203231811523,0.0001747608184814453,0.00017473101615905762,2,0.00034946203231811523,0.0001747608184814453,0.00017473101615905762
20230522_000000,102,BUVI,BUVI,0.29795703291893005,0.29631364345550537,True,True,True,True,True,True,0.0016433894634246826,0.0016433894634246826,9.77398594841361e-05,4,0.003426365554332733,0.0016433894634246826,0.0008565913885831833,4,0.003426365554332733,0.0016433894634246826,0.0008565913885831833
20230522_000000,103,PSFL,PSFL,0.9950742125511169,0.9952549934387207,True,True,True,True,True,True,0.00018078088760375977,0.0001807822845876217,7.090419330779696e-06,1,0.00018078088760375977,0.00018078088760375977,0.00018078088760375977,1,0.00018078088760375977,0.00018078088760375977,0.00018078088760375977
20230522_000000,104,PSFL,PSFL,0.9995231628417969,0.9995224475860596,True,True,True,True,True,True,7.152557373046875e-07,7.869966793805361e-07,2.959328071483469e-08,1,7.152557373046875e-07,7.152557373046875e-07,7.152557373046875e-07,1,7.152557373046875e-07,7.152557373046875e-07,7.152557373046875e-07
20230522_000000,105,PSFL,PSFL,0.9999877214431763,0.9999877214431763,True,True,True,True,True,True,0.0,7.07359504303895e-08,1.3893309835921741e-09,1,0.0,0.0,0.0,1,0.0,0.0,0.0
20230522_000000,106,PSFL,PSFL,0.9991440773010254,0.9991439580917358,True,True,True,True,True,True,1.1920928955078125e-07,2.100132405757904e-07,6.606271529818741e-09,1,1.1920928955078125e-07,1.1920928955078125e-07,1.1920928955078125e-07,1,1.1920928955078125e-07,1.1920928955078125e-07,1.1920928955078125e-07
20230522_000000,107,PSFL,PSFL,0.9999887943267822,0.9999889135360718,True,True,True,True,True,True,1.1920928955078125e-07,1.1920928955078125e-07,3.172749618585158e-09,1,1.1920928955078125e-07,1.1920928955078125e-07,1.1920928955078125e-07,1,1.1920928955078125e-07,1.1920928955078125e-07,1.1920928955078125e-07
20230522_000000,108,PSFL,PSFL,0.9596848487854004,0.9590920209884644,True,True,True,True,True,True,0.0005928277969360352,0.0005928799510002136,2.3286491341423243e-05,1,0.0005928277969360352,0.0005928277969360352,0.0005928277969360352,1,0.0005928277969360352,0.0005928277969360352,0.0005928277969360352
20230522_000000,109,STVA,STVA,0.8301449418067932,0.8300100564956665,True,True,True,True,True,True,0.00013488531112670898,0.0007249489426612854,3.400937930564396e-05,1,0.00013488531112670898,0.00013488531112670898,0.00013488531112670898,1,0.00013488531112670898,0.00013488531112670898,0.00013488531112670898
20230522_000000,11,PSFL,PSFL,0.9978652596473694,0.9978668093681335,True,True,True,True,True,True,1.5497207641601562e-06,1.5497207641601562e-06,6.787315953715733e-08,1,1.5497207641601562e-06,1.5497207641601562e-06,1.5497207641601562e-06,1,1.5497207641601562e-06,1.5497207641601562e-06,1.5497207641601562e-06
20230522_000000,110,STVA,STVA,0.7689007520675659,0.7667669057846069,True,True,True,True,True,True,0.0021338462829589844,0.0021338462829589844,9.93719368125312e-05,1,0.0021338462829589844,0.0021338462829589844,0.0021338462829589844,1,0.0021338462829589844,0.0021338462829589844,0.0021338462829589844
20230522_000000,111,BUVI,BUVI,0.9802465438842773,0.9798054099082947,True,True,True,True,True,True,0.000441133975982666,0.000441133975982666,1.7302138076047413e-05,1,0.000441133975982666,0.000441133975982666,0.000441133975982666,1,0.000441133975982666,0.000441133975982666,0.000441133975982666
20230522_000000,112,PSFL,PSFL,0.9995617270469666,0.9995829463005066,True,True,True,True,True,True,2.1219253540039062e-05,2.1219253540039062e-05,8.300166314256785e-07,1,2.1219253540039062e-05,2.1219253540039062e-05,2.1219253540039062e-05,1,2.1219253540039062e-05,2.1219253540039062e-05,2.1219253540039062e-05
20230522_000000,113,PSFL,PSFL,0.971232533454895,0.9720059633255005,True,True,True,True,True,True,0.0007734298706054688,0.0007735602557659149,3.033320354006719e-05,1,0.0007734298706054688,0.0007734298706054688,0.0007734298706054688,1,0.0007734298706054688,0.0007734298706054688,0.0007734298706054688
20230522_000000,114,PSFL,PSFL,0.9946613907814026,0.9946866035461426,True,True,True,True,True,True,2.5212764739990234e-05,2.5212764739990234e-05,9.893898322843597e-07,1,2.5212764739990234e-05,2.5212764739990234e-05,2.5212764739990234e-05,1,2.5212764739990234e-05,2.5212764739990234e-05,2.5212764739990234e-05
20230522_000000,115,PSFL,PSFL,0.9986031651496887,0.9986132383346558,True,True,True,True,True,True,1.0073184967041016e-05,1.606979640200734e-05,6.268692800404096e-07,1,1.0073184967041016e-05,1.0073184967041016e-05,1.0073184967041016e-05,1,1.0073184967041016e-05,1.0073184967041016e-05,1.0073184967041016e-05
20230522_000000,116,PSFL,PSFL,0.9997150301933289,0.9997145533561707,True,True,True,True,True,True,4.76837158203125e-07,5.112960934638977e-07,2.334696169725703e-08,1,4.76837158203125e-07,4.76837158203125e-07,4.76837158203125e-07,1,4.76837158203125e-07,4.76837158203125e-07,4.76837158203125e-07
20230522_000000,117,PSFL,PSFL,0.9826005101203918,0.9825929403305054,True,True,True,True,True,True,7.569789886474609e-06,1.1679250746965408e-05,4.7610981823709153e-07,1,7.569789886474609e-06,7.569789886474609e-06,7.569789886474609e-06,1,7.569789886474609e-06,7.569789886474609e-06,7.569789886474609e-06
20230522_000000,118,PSFL,PSFL,0.9999926090240479,0.9999926090240479,True,True,True,True,True,True,0.0,5.314632289810106e-09,1.0552127227558827e-10,1,0.0,0.0,0.0,1,0.0,0.0,0.0
20230522_000000,119,PSFL,PSFL,0.9903850555419922,0.9903167486190796,True,True,True,True,True,True,6.830692291259766e-05,6.830692291259766e-05,2.6784284727909835e-06,1,6.830692291259766e-05,6.830692291259766e-05,6.830692291259766e-05,1,6.830692291259766e-05,6.830692291259766e-05,6.830692291259766e-05
20230522_000000,12,PSFL,PSFL,0.9638049006462097,0.9646275043487549,True,True,True,True,True,True,0.000822603702545166,0.000822603702545166,3.22617452184204e-05,1,0.000822603702545166,0.000822603702545166,0.000822603702545166,1,0.000822603702545166,0.000822603702545166,0.000822603702545166
20230522_000000,120,PSFL,PSFL,0.9496132135391235,0.9507887959480286,True,True,True,True,True,True,0.0011755824089050293,0.0011755824089050293,4.610020187101327e-05,1,0.0011755824089050293,0.0011755824089050293,0.0011755824089050293,1,0.0011755824089050293,0.0011755824089050293,0.0011755824089050293
20230522_000000,121,PSFL,PSFL,0.9990237951278687,0.9990284442901611,True,True,True,True,True,True,4.649162292480469e-06,4.649162292480469e-06,1.8085623310071242e-07,1,4.649162292480469e-06,4.649162292480469e-06,4.649162292480469e-06,1,4.649162292480469e-06,4.649162292480469e-06,4.649162292480469e-06
20230522_000000,122,PSFL,PSFL,0.9014008045196533,0.9037736058235168,True,True,True,True,True,True,0.0023728013038635254,0.0023728013038635254,9.311126632383093e-05,1,0.0023728013038635254,0.0023728013038635254,0.0023728013038635254,1,0.0023728013038635254,0.0023728013038635254,0.0023728013038635254
20230522_000000,123,PSFL,PSFL,0.8891105055809021,0.8887434005737305,True,True,True,True,True,True,0.00036710500717163086,0.00036710500717163086,1.4563654076482635e-05,2,0.0006967708468437195,0.00036710500717163086,0.00034838542342185974,2,0.0006967708468437195,0.00036710500717163086,0.00034838542342185974
20230522_000000,124,PSFL,PSFL,0.9816254377365112,0.9817509055137634,True,True,True,True,True,True,0.00012546777725219727,0.00012546777725219727,4.919940238323761e-06,1,0.00012546777725219727,0.00012546777725219727,0.00012546777725219727,1,0.00012546777725219727,0.00012546777725219727,0.00012546777725219727
20230522_000000,125,CALU,CALU,0.47310689091682434,0.47245022654533386,True,True,True,True,True,True,0.0006566643714904785,0.0006566643714904785,2.5920302505255677e-05,3,0.0013128817081451416,0.0006566643714904785,0.0004376272263471037,3,0.0013128817081451416,0.0006566643714904785,0.0004376272263471037
20230522_000000,126,PSFL,PSFL,0.9995325803756714,0.9995306730270386,True,True,True,True,True,True,1.9073486328125e-06,1.915090251713991e-06,7.619722453000577e-08,1,1.9073486328125e-06,1.9073486328125e-06,1.9073486328125e-06,1,1.9073486328125e-06,1.9073486328125e-06,1.9073486328125e-06
20230522_000000,127,PSFL,PSFL,0.9818074703216553,0.9822117686271667,True,True,True,True,True,True,0.0004042983055114746,0.0004042983055114746,1.58545244630659e-05,1,0.0004042983055114746,0.0004042983055114746,0.0004042983055114746,1,0.0004042983055114746,0.0004042983055114746,0.0004042983055114746
20230522_000000,128,PSFL,PSFL,0.9999508857727051,0.9999510049819946,True,True,True,True,True,True,1.1920928955078125e-07,1.1920928955078125e-07,4.89842433282206e-09,1,1.1920928955078125e-07,1.1920928955078125e-07,1.1920928955078125e-07,1,1.1920928955078125e-07,1.1920928955078125e-07,1.1920928955078125e-07
20230522_000000,129,CAGU,CAGU,0.5838820934295654,0.5846580266952515,True,True,True,True,True,True,0.0007759332656860352,0.0007759332656860352,3.066515637328848e-05,2,0.0015267729759216309,0.0007759332656860352,0.0007633864879608154,2,0.0015267729759216309,0.0007759332656860352,0.0007633864879608154
20230522_000000,13,PSFL,PSFL,0.8019625544548035,0.8032336235046387,True,True,True,True,True,True,0.001271069049835205,0.0012998804450035095,5.50219883734826e-05,1,0.001271069049835205,0.001271069049835205,0.001271069049835205,1,0.001271069049835205,0.001271069049835205,0.001271069049835205
20230522_000000,130,PSFL,PSFL,0.9985398054122925,0.9985619187355042,True,True,True,True,True,True,2.2113323211669922e-05,2.2113323211669922e-05,8.662308346174541e-07,1,2.2113323211669922e-05,2.2113323211669922e-05,2.2113323211669922e-05,1,2.2113323211669922e-05,2.2113323211669922e-05,2.2113323211669922e-05
20230522_000000,131,PSFL,PSFL,0.9985495209693909,0.9985516667366028,True,True,True,True,True,True,2.1457672119140625e-06,2.1567102521657944e-06,8.541861262756356e-08,1,2.1457672119140625e-06,2.1457672119140625e-06,2.1457672119140625e-06,1,2.1457672119140625e-06,2.1457672119140625e-06,2.1457672119140625e-06
20230522_000000,132,PSFL,PSFL,0.9999529123306274,0.9999524354934692,True,True,True,True,True,True,4.76837158203125e-07,4.76837158203125e-07,1.763103796292853e-08,1,4.76837158203125e-07,4.76837158203125e-07,4.76837158203125e-07,1,4.76837158203125e-07,4.76837158203125e-07,4.76837158203125e-07
20230522_000000,133,CALU,CALU,0.9012084007263184,0.9007394313812256,True,True,True,True,True,True,0.00046896934509277344,0.00046896934509277344,1.839322976593394e-05,1,0.00046896934509277344,0.00046896934509277344,0.00046896934509277344,1,0.00046896934509277344,0.00046896934509277344,0.00046896934509277344
20230522_000000,134,PSFL,PSFL,0.9918262958526611,0.9918094277381897,True,True,True,True,True,True,1.6868114471435547e-05,1.6897916793823242e-05,6.622914838771976e-07,1,1.6868114471435547e-05,1.6868114471435547e-05,1.6868114471435547e-05,1,1.6868114471435547e-05,1.6868114471435547e-05,1.6868114471435547e-05
20230522_000000,135,PSFL,PSFL,0.7105675339698792,0.7116929292678833,True,True,True,True,True,True,0.0011253952980041504,0.0011253952980041504,4.445293961907737e-05,2,0.001848369836807251,0.0011253952980041504,0.0009241849184036255,2,0.001848369836807251,0.0011253952980041504,0.0009241849184036255
20230522_000000,136,PSFL,PSFL,0.9933619499206543,0.9933944344520569,True,True,True,True,True,True,3.248453140258789e-05,3.2512471079826355e-05,1.2745169897243613e-06,1,3.248453140258789e-05,3.248453140258789e-05,3.248453140258789e-05,1,3.248453140258789e-05,3.248453140258789e-05,3.248453140258789e-05
20230522_000000,137,PSFL,PSFL,0.998819887638092,0.9988597631454468,True,True,True,True,True,True,3.987550735473633e-05,3.988808020949364e-05,1.5640347328371718e-06,1,3.987550735473633e-05,3.987550735473633e-05,3.987550735473633e-05,1,3.987550735473633e-05,3.987550735473633e-05,3.987550735473633e-05
20230522_000000,138,PSFL,PSFL,0.9995410442352295,0.9995483756065369,True,True,True,True,True,True,7.331371307373047e-06,7.340306183323264e-06,2.8768619131369633e-07,1,7.331371307373047e-06,7.331371307373047e-06,7.331371307373047e-06,1,7.331371307373047e-06,7.331371307373047e-06,7.331371307373047e-06
20230522_000000,139,PSFL,PSFL,0.9939141869544983,0.9939086437225342,True,True,True,True,True,True,5.543231964111328e-06,1.3535551261156797e-05,1.0708669151426875e-06,1,5.543231964111328e-06,5.543231964111328e-06,5.543231964111328e-06,1,5.543231964111328e-06,5.543231964111328e-06,5.543231964111328e-06
20230522_000000,14,PSFL,PSFL,0.9524117112159729,0.9521734118461609,True,True,True,True,True,True,0.00023829936981201172,0.00024577975273132324,1.0329862561775371e-05,1,0.00023829936981201172,0.00023829936981201172,0.00023829936981201172,1,0.00023829936981201172,0.00023829936981201172,0.00023829936981201172
20230522_000000,140,PSFL,PSFL,0.9927293658256531,0.9929500818252563,True,True,True,True,True,True,0.00022071599960327148,0.00022071599960327148,8.657682883495e-06,1,0.00022071599960327148,0.00022071599960327148,0.00022071599960327148,1,0.00022071599960327148,0.00022071599960327148,0.00022071599960327148
20230522_000000,141,PSFL,PSFL,0.999760091304779,0.999760091304779,True,True,True,True,True,True,0.0,9.154609870165586e-08,1.981853570143244e-09,1,0.0,0.0,0.0,1,0.0,0.0,0.0
20230522_000000,142,PSFL,PSFL,0.635822594165802,0.6350036859512329,True,True,True,True,True,True,0.0008189082145690918,0.0008189082145690918,3.211880539311096e-05,2,0.0011538267135620117,0.0008189082145690918,0.0005769133567810059,2,0.0011538267135620117,0.0008189082145690918,0.0005769133567810059
20230522_000000,143,CALU,CALU,0.9951077699661255,0.9951155185699463,True,True,True,True,True,True,7.748603820800781e-06,8.190050721168518e-06,3.2013775808081846e-07,1,7.748603820800781e-06,7.748603820800781e-06,7.748603820800781e-06,1,7.748603820800781e-06,7.748603820800781e-06,7.748603820800781e-06
20230522_000000,144,PSFL,PSFL,0.9997501969337463,0.9997474551200867,True,True,True,True,True,True,2.7418136596679688e-06,2.7418136596679688e-06,1.0728918198310566e-07,1,2.7418136596679688e-06,2.7418136596679688e-06,2.7418136596679688e-06,1,2.7418136596679688e-06,2.7418136596679688e-06,2.7418136596679688e-06
20230522_000000,145,PSFL,PSFL,0.9997014403343201,0.9997127652168274,True,True,True,True,True,True,1.1324882507324219e-05,1.138297375291586e-05,4.4525214093482646e-07,1,1.1324882507324219e-05,1.1324882507324219e-05,1.1324882507324219e-05,1,1.1324882507324219e-05,1.1324882507324219e-05,1.1324882507324219e-05
20230522_000000,146,BUVI,BUVI,0.5195363759994507,0.5094355940818787,True,True,True,True,True,True,0.010100781917572021,0.010100781917572021,0.00039668133831582963,2,0.02016046643257141,0.010100781917572021,0.010080233216285706,2,0.02016046643257141,0.010100781917572021,0.010080233216285706
20230522_000000,147,PSFL,PSFL,0.9803149700164795,0.9801643490791321,True,True,True,True,True,True,0.0001506209373474121,0.0001506209373474121,5.939292805123841e-06,1,0.0001506209373474121,0.0001506209373474121,0.0001506209373474121,1,0.0001506209373474121,0.0001506209373474121,0.0001506209373474121
20230522_000000,148,PSFL,PSFL,0.8093529939651489,0.8103983998298645,True,True,True,True,True,True,0.0010454058647155762,0.0010454058647155762,4.1436658648308367e-05,2,0.0020195841789245605,0.0010454058647155762,0.0010097920894622803,2,0.0020195841789245605,0.0010454058647155762,0.0010097920894622803
20230522_000000,149,PSFL,PSFL,0.8324723839759827,0.8329355716705322,True,True,True,True,True,True,0.00046318769454956055,0.0007558763027191162,2.9653971068910323e-05,2,0.0012190639972686768,0.0007558763027191162,0.0006095319986343384,2,0.0012190639972686768,0.0007558763027191162,0.0006095319986343384
20230522_000000,15,BUVI,BUVI,0.7306378483772278,0.7320665717124939,True,True,True,True,True,False,0.0014287233352661133,0.0015034377574920654,5.905199213884771e-05,2,0.0029321610927581787,0.0015034377574920654,0.0014660805463790894,2,0.0029321610927581787,0.0015034377574920654,0.0014660805463790894
20230522_000000,150,PSFL,PSFL,0.9998207688331604,0.999821126461029,True,True,True,True,True,True,3.5762786865234375e-07,3.6421988625079393e-07,1.4154773353425298e-08,1,3.5762786865234375e-07,3.5762786865234375e-07,3.5762786865234375e-07,1,3.5762786865234375e-07,3.5762786865234375e-07,3.5762786865234375e-07
20230522_000000,16,STVA,STVA,0.5995198488235474,0.598503589630127,True,True,True,True,True,True,0.0010162591934204102,0.0010162591934204102,3.9854909118730575e-05,2,0.0012094974517822266,0.0010162591934204102,0.0006047487258911133,2,0.0012094974517822266,0.0010162591934204102,0.0006047487258911133
20230522_000000,17,PSFL,PSFL,0.9985231757164001,0.998519241809845,True,True,True,True,True,True,3.933906555175781e-06,3.933906555175781e-06,1.5405235842536058e-07,1,3.933906555175781e-06,3.933906555175781e-06,3.933906555175781e-06,1,3.933906555175781e-06,3.933906555175781e-06,3.933906555175781e-06
20230522_000000,18,PSFL,PSFL,0.9954360127449036,0.9955450296401978,True,True,True,True,True,True,0.00010901689529418945,0.00010901689529418945,4.276425897842273e-06,1,0.00010901689529418945,0.00010901689529418945,0.00010901689529418945,1,0.00010901689529418945,0.00010901689529418945,0.00010901689529418945
20230522_000000,19,PSFL,PSFL,0.8644868731498718,0.8650829195976257,True,True,True,True,True,True,0.0005960464477539062,0.0005960464477539062,2.337339537916705e-05,2,0.0011920183897018433,0.0005960464477539062,0.0005960091948509216,2,0.0011920183897018433,0.0005960464477539062,0.0005960091948509216
20230522_000000,2,PSFL,PSFL,0.9999028444290161,0.9999020099639893,True,True,True,True,True,True,8.344650268554688e-07,8.344650268554688e-07,2.996153369849708e-08,1,8.344650268554688e-07,8.344650268554688e-07,8.344650268554688e-07,1,8.344650268554688e-07,8.344650268554688e-07,8.344650268554688e-07
20230522_000000,20,CALU,CALU,0.5300363898277283,0.531491219997406,True,True,True,True,True,True,0.0014548301696777344,0.0015644431114196777,6.135249714134261e-05,2,0.003019273281097412,0.0015644431114196777,0.001509636640548706,2,0.003019273281097412,0.0015644431114196777,0.001509636640548706
20230522_000000,21,PSFL,PSFL,0.9985681772232056,0.9985958933830261,True,True,True,True,True,True,2.771615982055664e-05,2.771615982055664e-05,1.0860322845474002e-06,1,2.771615982055664e-05,2.771615982055664e-05,2.771615982055664e-05,1,2.771615982055664e-05,2.771615982055664e-05,2.771615982055664e-05
20230522_000000,22,PSFL,PSFL,0.9953159093856812,0.9953393936157227,True,True,True,True,True,True,2.3484230041503906e-05,2.375338226556778e-05,9.315616011917882e-07,1,2.3484230041503906e-05,2.3484230041503906e-05,2.3484230041503906e-05,1,2.3484230041503906e-05,2.3484230041503906e-05,2.3484230041503906e-05
20230522_000000,23,PSFL,PSFL,0.9999768733978271,0.9999772310256958,True,True,True,True,True,True,3.5762786865234375e-07,3.5762786865234375e-07,1.3651956010107824e-08,1,3.5762786865234375e-07,3.5762786865234375e-07,3.5762786865234375e-07,1,3.5762786865234375e-07,3.5762786865234375e-07,3.5762786865234375e-07
20230522_000000,24,PSFL,PSFL,0.9927499294281006,0.9928807020187378,True,True,True,True,True,True,0.00013077259063720703,0.00013077259063720703,5.128038083057618e-06,1,0.00013077259063720703,0.00013077259063720703,0.00013077259063720703,1,0.00013077259063720703,0.00013077259063720703,0.00013077259063720703
20230522_000000,25,PSFL,PSFL,0.9476388692855835,0.947260320186615,True,True,True,True,True,True,0.00037854909896850586,0.00037854909896850586,1.4845321857137606e-05,1,0.00037854909896850586,0.00037854909896850586,0.00037854909896850586,1,0.00037854909896850586,0.00037854909896850586,0.00037854909896850586
20230522_000000,26,PSFL,PSFL,0.7687379121780396,0.7685585021972656,True,True,True,True,True,True,0.00017940998077392578,0.00018042325973510742,7.1891076913743746e-06,2,0.0003598332405090332,0.00018042325973510742,0.0001799166202545166,2,0.0003598332405090332,0.00018042325973510742,0.0001799166202545166
20230522_000000,27,PSFL,PSFL,0.9900768399238586,0.9903424978256226,True,True,True,True,True,True,0.000265657901763916,0.000265657901763916,1.0417986231914256e-05,1,0.000265657901763916,0.000265657901763916,0.000265657901763916,1,0.000265657901763916,0.000265657901763916,0.000265657901763916
20230522_000000,28,PSFL,PSFL,0.9864178895950317,0.9864632487297058,True,True,True,True,True,True,4.5359134674072266e-05,5.1536597311496735e-05,2.1350599581637653e-06,1,4.5359134674072266e-05,4.5359134674072266e-05,4.5359134674072266e-05,1,4.5359134674072266e-05,4.5359134674072266e-05,4.5359134674072266e-05
20230522_000000,29,PSFL,PSFL,0.981038510799408,0.9806851148605347,True,True,True,True,True,True,0.000353395938873291,0.000353395938873291,1.385777704854263e-05,1,0.000353395938873291,0.000353395938873291,0.000353395938873291,1,0.000353395938873291,0.000353395938873291,0.000353395938873291
20230522_000000,3,PSFL,PSFL,0.9982230067253113,0.9982699155807495,True,True,True,True,True,True,4.690885543823242e-05,4.692492075264454e-05,1.8401785837340867e-06,1,4.690885543823242e-05,4.690885543823242e-05,4.690885543823242e-05,1,4.690885543823242e-05,4.690885543823242e-05,4.690885543823242e-05
20230522_000000,30,PSFL,PSFL,0.906642496585846,0.9059416055679321,True,True,True,True,True,True,0.0007008910179138184,0.0007008910179138184,2.8246769943507388e-05,1,0.0007008910179138184,0.0007008910179138184,0.0007008910179138184,1,0.0007008910179138184,0.0007008910179138184,0.0007008910179138184
20230522_000000,31,PSFL,PSFL,0.6272814869880676,0.6338448524475098,True,True,True,True,True,True,0.006563365459442139,0.006563365459442139,0.0002752319851424545,2,0.012595117092132568,0.006563365459442139,0.006297558546066284,2,0.012595117092132568,0.006563365459442139,0.006297558546066284
20230522_000000,32,PSFL,PSFL,0.9837558269500732,0.9838107824325562,True,True,True,True,True,True,5.4955482482910156e-05,5.4955482482910156e-05,2.1614241632050835e-06,1,5.4955482482910156e-05,5.4955482482910156e-05,5.4955482482910156e-05,1,5.4955482482910156e-05,5.4955482482910156e-05,5.4955482482910156e-05
20230522_000000,33,PSFL,PSFL,0.9942654967308044,0.9941841959953308,True,True,True,True,True,True,8.130073547363281e-05,8.130073547363281e-05,3.186713684044662e-06,1,8.130073547363281e-05,8.130073547363281e-05,8.130073547363281e-05,1,8.130073547363281e-05,8.130073547363281e-05,8.130073547363281e-05
20230522_000000,34,PSFL,PSFL,0.999971866607666,0.9999721050262451,True,True,True,True,True,True,2.384185791015625e-07,2.9409238777589053e-07,1.044282527118412e-08,1,2.384185791015625e-07,2.384185791015625e-07,2.384185791015625e-07,1,2.384185791015625e-07,2.384185791015625e-07,2.384185791015625e-07
20230522_000000,35,PSFL,PSFL,0.9952226281166077,0.9952589869499207,True,True,True,True,True,True,3.635883331298828e-05,3.635883331298828e-05,1.4652229083367274e-06,1,3.635883331298828e-05,3.635883331298828e-05,3.635883331298828e-05,1,3.635883331298828e-05,3.635883331298828e-05,3.635883331298828e-05
20230522_000000,36,PSFL,PSFL,0.9999653100967407,0.9999654293060303,True,True,True,True,True,True,1.1920928955078125e-07,1.1920928955078125e-07,4.09677536339359e-09,1,1.1920928955078125e-07,1.1920928955078125e-07,1.1920928955078125e-07,1,1.1920928955078125e-07,1.1920928955078125e-07,1.1920928955078125e-07
20230522_000000,37,PSFL,PSFL,0.9972395896911621,0.997204065322876,True,True,True,True,True,True,3.552436828613281e-05,3.552436828613281e-05,1.3947287698101718e-06,1,3.552436828613281e-05,3.552436828613281e-05,3.552436828613281e-05,1,3.552436828613281e-05,3.552436828613281e-05,3.552436828613281e-05
20230522_000000,38,BUVI,BUVI,0.7202515602111816,0.7171007990837097,True,True,True,True,True,True,0.003150761127471924,0.003150761127471924,0.00012355770741123706,2,0.004156388342380524,0.003150761127471924,0.002078194171190262,2,0.004156388342380524,0.003150761127471924,0.002078194171190262
20230522_000000,39,PSFL,PSFL,0.9999790191650391,0.9999790191650391,True,True,True,True,True,True,0.0,5.986294127069414e-08,1.182484554718144e-09,1,0.0,0.0,0.0,1,0.0,0.0,0.0
20230522_000000,4,PSFL,PSFL,0.9944747090339661,0.9944882988929749,True,True,True,True,True,True,1.3589859008789062e-05,1.3589859008789062e-05,5.332323098627967e-07,1,1.3589859008789062e-05,1.3589859008789062e-05,1.3589859008789062e-05,1,1.3589859008789062e-05,1.3589859008789062e-05,1.3589859008789062e-05
20230522_000000,40,PSFL,PSFL,0.9999529123306274,0.9999529123306274,True,True,True,True,True,True,0.0,7.763446774333715e-09,3.851351182415641e-10,1,0.0,0.0,0.0,1,0.0,0.0,0.0
20230522_000000,41,PSFL,PSFL,0.9982409477233887,0.9982637763023376,True,True,True,True,True,True,2.282857894897461e-05,2.282857894897461e-05,8.945837635110365e-07,1,2.282857894897461e-05,2.282857894897461e-05,2.282857894897461e-05,1,2.282857894897461e-05,2.282857894897461e-05,2.282857894897461e-05
20230522_000000,42,PSFL,PSFL,0.992277979850769,0.9923083782196045,True,True,True,True,True,True,3.039836883544922e-05,3.039836883544922e-05,1.1931583685509395e-06,1,3.039836883544922e-05,3.039836883544922e-05,3.039836883544922e-05,1,3.039836883544922e-05,3.039836883544922e-05,3.039836883544922e-05
20230522_000000,43,PSFL,PSFL,0.9856199026107788,0.9859277009963989,True,True,True,True,True,True,0.0003077983856201172,0.0003077983856201172,1.2072552635800093e-05,1,0.0003077983856201172,0.0003077983856201172,0.0003077983856201172,1,0.0003077983856201172,0.0003077983856201172,0.0003077983856201172
20230522_000000,44,PSFL,PSFL,0.9702360033988953,0.9699280261993408,True,True,True,True,True,True,0.00030797719955444336,0.00030797719955444336,1.2074138794559985e-05,1,0.00030797719955444336,0.00030797719955444336,0.00030797719955444336,1,0.00030797719955444336,0.00030797719955444336,0.00030797719955444336
20230522_000000,45,PSFL,PSFL,0.9985122084617615,0.9985201954841614,True,True,True,True,True,True,7.987022399902344e-06,8.016941137611866e-06,3.1380494647237356e-07,1,7.987022399902344e-06,7.987022399902344e-06,7.987022399902344e-06,1,7.987022399902344e-06,7.987022399902344e-06,7.987022399902344e-06
20230522_000000,46,COCO,CAGU,0.22319534420967102,0.22476479411125183,False,False,False,True,True,True,0.0015694499015808105,0.0019332468509674072,0.00010535800538491458,2,0.0030295252799987793,0.0019332468509674072,0.0015147626399993896,2,0.0030295252799987793,0.0019332468509674072,0.0015147626399993896
20230522_000000,47,PSFL,PSFL,0.9999226331710815,0.9999210834503174,True,True,True,True,True,True,1.5497207641601562e-06,1.5497207641601562e-06,6.18587492340339e-08,1,1.5497207641601562e-06,1.5497207641601562e-06,1.5497207641601562e-06,1,1.5497207641601562e-06,1.5497207641601562e-06,1.5497207641601562e-06
20230522_000000,48,CALU,CALU,0.999996542930603,0.9999964237213135,True,True,True,True,True,True,1.1920928955078125e-07,1.1920928955078125e-07,2.9811877411134446e-09,1,1.1920928955078125e-07,1.1920928955078125e-07,1.1920928955078125e-07,1,1.1920928955078125e-07,1.1920928955078125e-07,1.1920928955078125e-07
20230522_000000,49,PSFL,PSFL,0.996407687664032,0.9963980913162231,True,True,True,True,True,True,9.59634780883789e-06,9.880168363451958e-06,3.8979149508122646e-07,1,9.59634780883789e-06,9.59634780883789e-06,9.59634780883789e-06,1,9.59634780883789e-06,9.59634780883789e-06,9.59634780883789e-06
20230522_000000,5,PSFL,PSFL,0.9965330362319946,0.9966302514076233,True,True,True,True,True,True,9.721517562866211e-05,9.721517562866211e-05,3.8116561427159468e-06,1,9.721517562866211e-05,9.721517562866211e-05,9.721517562866211e-05,1,9.721517562866211e-05,9.721517562866211e-05,9.721517562866211e-05
20230522_000000,50,PSFL,PSFL,0.7025609016418457,0.7017587423324585,True,True,True,True,True,True,0.000802159309387207,0.000802159309387207,3.158352410537191e-05,2,0.0016033351421356201,0.000802159309387207,0.0008016675710678101,2,0.0016033351421356201,0.000802159309387207,0.0008016675710678101
20230522_000000,51,PSFL,PSFL,0.996296226978302,0.9962893724441528,True,True,True,True,True,True,6.854534149169922e-06,6.854534149169922e-06,2.7248549372416164e-07,1,6.854534149169922e-06,6.854534149169922e-06,6.854534149169922e-06,1,6.854534149169922e-06,6.854534149169922e-06,6.854534149169922e-06
20230522_000000,52,PSFL,PSFL,0.9774377346038818,0.9779295325279236,True,True,True,True,True,True,0.000491797924041748,0.0004922617226839066,1.9305856767459773e-05,1,0.000491797924041748,0.000491797924041748,0.000491797924041748,1,0.000491797924041748,0.000491797924041748,0.000491797924041748
20230522_000000,53,PSFL,PSFL,0.9833890795707703,0.9837468266487122,True,True,True,True,True,True,0.00035774707794189453,0.00035774707794189453,1.402938778483076e-05,1,0.00035774707794189453,0.00035774707794189453,0.00035774707794189453,1,0.00035774707794189453,0.00035774707794189453,0.00035774707794189453
20230522_000000,54,PSFL,PSFL,0.7610998153686523,0.7666804194450378,True,True,True,True,True,True,0.005580604076385498,0.005580604076385498,0.00021895387908443809,2,0.011140495538711548,0.005580604076385498,0.005570247769355774,2,0.011140495538711548,0.005580604076385498,0.005570247769355774
20230522_000000,55,PSFL,PSFL,0.5587726831436157,0.5624785423278809,True,True,True,True,True,True,0.0037058591842651367,0.0037058591842651367,0.00014649344666395336,2,0.007411479949951172,0.0037058591842651367,0.003705739974975586,2,0.007411479949951172,0.0037058591842651367,0.003705739974975586
20230522_000000,56,PSFL,PSFL,0.9541475772857666,0.9541890621185303,True,True,True,True,True,True,4.1484832763671875e-05,6.616301834583282e-05,3.891154847224243e-06,1,4.1484832763671875e-05,4.1484832763671875e-05,4.1484832763671875e-05,1,4.1484832763671875e-05,4.1484832763671875e-05,4.1484832763671875e-05
20230522_000000,57,PSFL,PSFL,0.9501635432243347,0.9498943090438843,True,True,True,True,True,True,0.00026923418045043945,0.00026923418045043945,1.1509135219966993e-05,1,0.00026923418045043945,0.00026923418045043945,0.00026923418045043945,1,0.00026923418045043945,0.00026923418045043945,0.00026923418045043945
20230522_000000,58,PSFL,PSFL,0.9944414496421814,0.9944551587104797,True,True,True,True,True,True,1.3709068298339844e-05,1.3709068298339844e-05,5.392481625676737e-07,1,1.3709068298339844e-05,1.3709068298339844e-05,1.3709068298339844e-05,1,1.3709068298339844e-05,1.3709068298339844e-05,1.3709068298339844e-05
20230522_000000,59,CALU,CALU,0.9766270518302917,0.9765903949737549,True,True,True,True,True,True,3.6656856536865234e-05,3.6656856536865234e-05,2.171668256778503e-06,1,3.6656856536865234e-05,3.6656856536865234e-05,3.6656856536865234e-05,1,3.6656856536865234e-05,3.6656856536865234e-05,3.6656856536865234e-05
20230522_000000,6,PSFL,PSFL,0.9690846800804138,0.9692501425743103,True,True,True,True,True,True,0.00016546249389648438,0.00016575492918491364,6.500009931187378e-06,1,0.00016546249389648438,0.00016546249389648438,0.00016546249389648438,1,0.00016546249389648438,0.00016546249389648438,0.00016546249389648438
20230522_000000,60,PSFL,PSFL,0.9966950416564941,0.9968833327293396,True,True,True,True,True,True,0.00018829107284545898,0.00018838606774806976,7.3858291216311045e-06,1,0.00018829107284545898,0.00018829107284545898,0.00018829107284545898,1,0.00018829107284545898,0.00018829107284545898,0.00018829107284545898
20230522_000000,61,PSFL,PSFL,0.9993008375167847,0.9993114471435547,True,True,True,True,True,True,1.0609626770019531e-05,1.0609626770019531e-05,4.1513703763484955e-07,1,1.0609626770019531e-05,1.0609626770019531e-05,1.0609626770019531e-05,1,1.0609626770019531e-05,1.0609626770019531e-05,1.0609626770019531e-05
20230522_000000,62,PSFL,PSFL,0.999821126461029,0.9998219609260559,True,True,True,True,True,True,8.344650268554688e-07,8.344650268554688e-07,3.4437881879512133e-08,1,8.344650268554688e-07,8.344650268554688e-07,8.344650268554688e-07,1,8.344650268554688e-07,8.344650268554688e-07,8.344650268554688e-07
20230522_000000,63,PSFL,PSFL,0.7865669131278992,0.7880071997642517,True,True,True,True,True,True,0.001440286636352539,0.0014405250549316406,5.649574086419307e-05,2,0.0028808116912841797,0.0014405250549316406,0.0014404058456420898,2,0.0028808116912841797,0.0014405250549316406,0.0014404058456420898
20230522_000000,64,PSFL,PSFL,0.9993151426315308,0.9993495345115662,True,True,True,True,True,True,3.439188003540039e-05,3.439188003540039e-05,1.3478936580213485e-06,1,3.439188003540039e-05,3.439188003540039e-05,3.439188003540039e-05,1,3.439188003540039e-05,3.439188003540039e-05,3.439188003540039e-05
20230522_000000,65,PSFL,PSFL,0.972716748714447,0.9734029769897461,True,True,True,True,True,True,0.0006862282752990723,0.0006862282752990723,2.6911337045021355e-05,1,0.0006862282752990723,0.0006862282752990723,0.0006862282752990723,1,0.0006862282752990723,0.0006862282752990723,0.0006862282752990723
20230522_000000,66,PSFL,PSFL,0.9955167174339294,0.9954560995101929,True,True,True,True,True,True,6.0617923736572266e-05,6.0617923736572266e-05,2.382526872679591e-06,1,6.0617923736572266e-05,6.0617923736572266e-05,6.0617923736572266e-05,1,6.0617923736572266e-05,6.0617923736572266e-05,6.0617923736572266e-05
20230522_000000,67,PSFL,PSFL,0.9961063265800476,0.9962384700775146,True,True,True,True,True,True,0.00013214349746704102,0.00013214349746704102,5.181072538107401e-06,1,0.00013214349746704102,0.00013214349746704102,0.00013214349746704102,1,0.00013214349746704102,0.00013214349746704102,0.00013214349746704102
20230522_000000,68,PSFL,PSFL,0.9957685470581055,0.9958030581474304,True,True,True,True,True,True,3.451108932495117e-05,3.451108932495117e-05,1.4033494153409265e-06,1,3.451108932495117e-05,3.451108932495117e-05,3.451108932495117e-05,1,3.451108932495117e-05,3.451108932495117e-05,3.451108932495117e-05
20230522_000000,69,CAGU,CAGU,0.7712374925613403,0.7719044089317322,True,True,True,True,True,True,0.0006669163703918457,0.0006669163703918457,2.9234850444481708e-05,1,0.0006669163703918457,0.0006669163703918457,0.0006669163703918457,1,0.0006669163703918457,0.0006669163703918457,0.0006669163703918457
20230522_000000,7,PSFL,PSFL,0.7341844439506531,0.7343114018440247,True,True,True,True,True,True,0.00012695789337158203,0.000631473958492279,3.6957746488042176e-05,1,0.00012695789337158203,0.00012695789337158203,0.00012695789337158203,1,0.00012695789337158203,0.00012695789337158203,0.00012695789337158203
20230522_000000,70,PSFL,PSFL,0.677282989025116,0.6730258464813232,True,True,True,True,True,True,0.004257142543792725,0.004257142543792725,0.00016724900342524052,2,0.008510559797286987,0.004257142543792725,0.004255279898643494,2,0.008510559797286987,0.004257142543792725,0.004255279898643494
20230522_000000,71,PSFL,PSFL,0.9994761347770691,0.9994775652885437,True,True,True,True,True,True,1.430511474609375e-06,1.430511474609375e-06,5.5716149915951974e-08,1,1.430511474609375e-06,1.430511474609375e-06,1.430511474609375e-06,1,1.430511474609375e-06,1.430511474609375e-06,1.430511474609375e-06
20230522_000000,72,PSFL,PSFL,0.999464213848114,0.999473512172699,True,True,True,True,True,True,9.298324584960938e-06,9.298324584960938e-06,3.645372430582938e-07,1,9.298324584960938e-06,9.298324584960938e-06,9.298324584960938e-06,1,9.298324584960938e-06,9.298324584960938e-06,9.298324584960938e-06
20230522_000000,73,CALU,CALU,0.8930338621139526,0.892405092716217,True,True,True,True,True,True,0.0006287693977355957,0.0006694197654724121,2.7360223612049595e-05,1,0.0006287693977355957,0.0006287693977355957,0.0006287693977355957,1,0.0006287693977355957,0.0006287693977355957,0.0006287693977355957
20230522_000000,74,CALU,CALU,0.9377799034118652,0.9377355575561523,True,True,True,True,True,True,4.4345855712890625e-05,4.4345855712890625e-05,1.7481596614743466e-06,1,4.4345855712890625e-05,4.4345855712890625e-05,4.4345855712890625e-05,1,4.4345855712890625e-05,4.4345855712890625e-05,4.4345855712890625e-05
20230522_000000,75,PSFL,PSFL,0.525608241558075,0.5270899534225464,True,True,True,True,True,True,0.0014817118644714355,0.002124011516571045,8.403162064496428e-05,2,0.0036057233810424805,0.002124011516571045,0.0018028616905212402,2,0.0036057233810424805,0.002124011516571045,0.0018028616905212402
20230522_000000,76,PSFL,PSFL,0.9323644638061523,0.9330350160598755,True,True,True,True,True,True,0.0006705522537231445,0.0006705522537231445,2.6294708732166328e-05,1,0.0006705522537231445,0.0006705522537231445,0.0006705522537231445,1,0.0006705522537231445,0.0006705522537231445,0.0006705522537231445
20230522_000000,77,PSFL,PSFL,0.9869056344032288,0.9873682856559753,True,True,True,True,True,True,0.00046265125274658203,0.00046265125274658203,1.8148579329135828e-05,1,0.00046265125274658203,0.00046265125274658203,0.00046265125274658203,1,0.00046265125274658203,0.00046265125274658203,0.00046265125274658203
20230522_000000,78,PSFL,PSFL,0.9703276753425598,0.9706421494483948,True,True,True,True,True,True,0.00031447410583496094,0.00031447410583496094,1.2331746802374255e-05,1,0.00031447410583496094,0.00031447410583496094,0.00031447410583496094,1,0.00031447410583496094,0.00031447410583496094,0.00031447410583496094
20230522_000000,79,PSFL,PSFL,0.8937307000160217,0.8953754901885986,True,True,True,True,True,True,0.0016447901725769043,0.0016447901725769043,6.4533443946857e-05,2,0.003269702196121216,0.0016447901725769043,0.001634851098060608,2,0.003269702196121216,0.0016447901725769043,0.001634851098060608
20230522_000000,8,PSFL,PSFL,0.9993935823440552,0.9993902444839478,True,True,True,True,True,True,3.337860107421875e-06,3.337860107421875e-06,1.325247467320878e-07,1,3.337860107421875e-06,3.337860107421875e-06,3.337860107421875e-06,1,3.337860107421875e-06,3.337860107421875e-06,3.337860107421875e-06
20230522_000000,80,CALU,CALU,0.6801846623420715,0.6790732145309448,True,True,True,True,True,True,0.001111447811126709,0.001111447811126709,5.749733463744633e-05,2,0.0019248127937316895,0.001111447811126709,0.0009624063968658447,2,0.0019248127937316895,0.001111447811126709,0.0009624063968658447
20230522_000000,81,PSFL,PSFL,0.9998044371604919,0.9998037219047546,True,True,True,True,True,True,7.152557373046875e-07,7.265189196914434e-07,2.8695772869014036e-08,1,7.152557373046875e-07,7.152557373046875e-07,7.152557373046875e-07,1,7.152557373046875e-07,7.152557373046875e-07,7.152557373046875e-07
20230522_000000,82,PSFL,PSFL,0.9975411891937256,0.997532844543457,True,True,True,True,True,True,8.344650268554688e-06,8.344650268554688e-06,3.2643271197230206e-07,1,8.344650268554688e-06,8.344650268554688e-06,8.344650268554688e-06,1,8.344650268554688e-06,8.344650268554688e-06,8.344650268554688e-06
20230522_000000,83,CAGU,CAGU,0.78146892786026,0.7827885746955872,True,True,True,True,True,True,0.0013196468353271484,0.0013196468353271484,5.3301504522096366e-05,2,0.002314463257789612,0.0013196468353271484,0.001157231628894806,2,0.002314463257789612,0.0013196468353271484,0.001157231628894806
20230522_000000,84,PSFL,PSFL,0.9994394183158875,0.9994481205940247,True,True,True,True,True,True,8.702278137207031e-06,8.702278137207031e-06,3.409968769574334e-07,1,8.702278137207031e-06,8.702278137207031e-06,8.702278137207031e-06,1,8.702278137207031e-06,8.702278137207031e-06,8.702278137207031e-06
20230522_000000,85,BUVI,BUVI,0.9202724099159241,0.9193737506866455,True,True,True,True,False,False,0.0008986592292785645,0.0008986592292785645,3.543839557096362e-05,1,0.0008986592292785645,0.0008986592292785645,0.0008986592292785645,1,0.0008986592292785645,0.0008986592292785645,0.0008986592292785645
20230522_000000,86,PSFL,PSFL,0.9974948167800903,0.9975185394287109,True,True,True,True,True,True,2.372264862060547e-05,2.372264862060547e-05,9.323540552941267e-07,1,2.372264862060547e-05,2.372264862060547e-05,2.372264862060547e-05,1,2.372264862060547e-05,2.372264862060547e-05,2.372264862060547e-05
20230522_000000,87,PSFL,PSFL,0.9993064403533936,0.9993230104446411,True,True,True,True,True,True,1.6570091247558594e-05,1.6570091247558594e-05,6.493066848634044e-07,1,1.6570091247558594e-05,1.6570091247558594e-05,1.6570091247558594e-05,1,1.6570091247558594e-05,1.6570091247558594e-05,1.6570091247558594e-05
20230522_000000,88,BUVI,STVA,0.35881003737449646,0.3592756688594818,False,False,False,True,True,True,0.00046563148498535156,0.002375692129135132,9.359042451251298e-05,4,0.004028454422950745,0.002375692129135132,0.0010071136057376862,4,0.004028454422950745,0.002375692129135132,0.0010071136057376862
20230522_000000,89,PSFL,PSFL,0.9921689629554749,0.9923221468925476,True,True,True,True,True,True,0.0001531839370727539,0.0001531839370727539,6.0057163864257745e-06,1,0.0001531839370727539,0.0001531839370727539,0.0001531839370727539,1,0.0001531839370727539,0.0001531839370727539,0.0001531839370727539
20230522_000000,9,PSFL,PSFL,0.9100229740142822,0.9116156697273254,True,True,True,True,True,True,0.0015926957130432129,0.0015996545553207397,6.318707164609805e-05,1,0.0015926957130432129,0.0015926957130432129,0.0015926957130432129,1,0.0015926957130432129,0.0015926957130432129,0.0015926957130432129
20230522_000000,90,PSFL,PSFL,0.9999973773956299,0.9999973773956299,True,True,True,True,True,True,0.0,4.031039679830428e-08,7.907522969752279e-10,1,0.0,0.0,0.0,1,0.0,0.0,0.0
20230522_000000,91,PSFL,PSFL,0.9993083477020264,0.9993093013763428,True,True,True,True,True,True,9.5367431640625e-07,1.0504445526748896e-06,7.908434440651035e-08,1,9.5367431640625e-07,9.5367431640625e-07,9.5367431640625e-07,1,9.5367431640625e-07,9.5367431640625e-07,9.5367431640625e-07
20230522_000000,92,PSFL,PSFL,0.8353305459022522,0.8354040384292603,True,True,True,True,True,True,7.349252700805664e-05,7.349252700805664e-05,5.736795174016152e-06,1,7.349252700805664e-05,7.349252700805664e-05,7.349252700805664e-05,1,7.349252700805664e-05,7.349252700805664e-05,7.349252700805664e-05
20230522_000000,93,PSFL,PSFL,0.941899299621582,0.9419965147972107,True,True,True,True,True,True,9.721517562866211e-05,9.721517562866211e-05,4.533458650257671e-06,1,9.721517562866211e-05,9.721517562866211e-05,9.721517562866211e-05,1,9.721517562866211e-05,9.721517562866211e-05,9.721517562866211e-05
20230522_000000,94,PSFL,PSFL,0.9996734857559204,0.9996715784072876,True,True,True,True,True,True,1.9073486328125e-06,1.9073486328125e-06,7.472213070514044e-08,1,1.9073486328125e-06,1.9073486328125e-06,1.9073486328125e-06,1,1.9073486328125e-06,1.9073486328125e-06,1.9073486328125e-06
20230522_000000,95,PSFL,PSFL,0.9999783039093018,0.9999784231185913,True,True,True,True,True,True,1.1920928955078125e-07,1.8598075257614255e-07,6.119460493891893e-09,1,1.1920928955078125e-07,1.1920928955078125e-07,1.1920928955078125e-07,1,1.1920928955078125e-07,1.1920928955078125e-07,1.1920928955078125e-07
20230522_000000,96,PSFL,PSFL,0.9954010248184204,0.9953697323799133,True,True,True,True,True,True,3.129243850708008e-05,3.129243850708008e-05,1.2270447768969461e-06,1,3.129243850708008e-05,3.129243850708008e-05,3.129243850708008e-05,1,3.129243850708008e-05,3.129243850708008e-05,3.129243850708008e-05
20230522_000000,97,PSFL,PSFL,0.6787826418876648,0.6786629557609558,True,True,True,True,True,True,0.00011968612670898438,0.00014954805374145508,1.0078381819766946e-05,2,0.00026923418045043945,0.00014954805374145508,0.00013461709022521973,2,0.00026923418045043945,0.00014954805374145508,0.00013461709022521973
20230522_000000,98,PSFL,PSFL,0.9980494976043701,0.9981291890144348,True,True,True,True,True,True,7.969141006469727e-05,7.969141006469727e-05,3.1228985335474135e-06,1,7.969141006469727e-05,7.969141006469727e-05,7.969141006469727e-05,1,7.969141006469727e-05,7.969141006469727e-05,7.969141006469727e-05
20230522_000000,99,PSFL,PSFL,0.9972165822982788,0.9972379207611084,True,True,True,True,True,True,2.1338462829589844e-05,2.4590292014181614e-05,1.0617268344503827e-06,1,2.1338462829589844e-05,2.1338462829589844e-05,2.1338462829589844e-05,1,2.1338462829589844e-05,2.1338462829589844e-05,2.1338462829589844e-05
20230522_200000,1,CALU,CALU,0.696988046169281,0.6971888542175293,True,True,True,True,True,True,0.00020080804824829102,0.00020080804824829102,7.932147127576172e-06,2,0.0002663135528564453,0.00020080804824829102,0.00013315677642822266,2,0.0002663135528564453,0.00020080804824829102,0.00013315677642822266
20230522_200000,10,CALU,CALU,0.4660627841949463,0.4657192528247833,True,True,True,True,True,True,0.00034353137016296387,0.002701371908187866,0.00010876481974264607,3,0.005459591746330261,0.002701371908187866,0.0018198639154434204,3,0.005459591746330261,0.002701371908187866,0.0018198639154434204
20230522_200000,100,PSFL,PSFL,0.9868276119232178,0.9869840145111084,True,True,True,True,True,True,0.000156402587890625,0.00015641655772924423,6.134137947810814e-06,1,0.000156402587890625,0.000156402587890625,0.000156402587890625,1,0.000156402587890625,0.000156402587890625,0.000156402587890625
20230522_200000,101,PSFL,PSFL,0.9992486834526062,0.9992733597755432,True,True,True,True,True,True,2.467632293701172e-05,2.467632293701172e-05,9.675688943389105e-07,1,2.467632293701172e-05,2.467632293701172e-05,2.467632293701172e-05,1,2.467632293701172e-05,2.467632293701172e-05,2.467632293701172e-05
20230522_200000,102,PSFL,PSFL,0.886796236038208,0.887334942817688,True,True,True,True,True,True,0.0005387067794799805,0.0005387067794799805,2.2298996555036865e-05,1,0.0005387067794799805,0.0005387067794799805,0.0005387067794799805,1,0.0005387067794799805,0.0005387067794799805,0.0005387067794799805
20230522_200000,103,PSFL,PSFL,0.5765027403831482,0.5739480257034302,True,True,True,True,True,True,0.0025547146797180176,0.002614229917526245,0.00010251515050185844,2,0.005168944597244263,0.002614229917526245,0.0025844722986221313,2,0.005168944597244263,0.002614229917526245,0.0025844722986221313
20230522_200000,104,PSFL,PSFL,0.9960739612579346,0.996119499206543,True,True,True,True,True,True,4.553794860839844e-05,4.553794860839844e-05,1.785862536962668e-06,1,4.553794860839844e-05,4.553794860839844e-05,4.553794860839844e-05,1,4.553794860839844e-05,4.553794860839844e-05,4.553794860839844e-05
20230522_200000,105,PSFL,PSFL,0.9356430768966675,0.9362216591835022,True,True,True,True,True,True,0.0005785822868347168,0.0005785822868347168,2.2702981368638575e-05,1,0.0005785822868347168,0.0005785822868347168,0.0005785822868347168,1,0.0005785822868347168,0.0005785822868347168,0.0005785822868347168
20230522_200000,106,PSFL,PSFL,0.5593611598014832,0.5633968114852905,True,True,True,True,False,True,0.004035651683807373,0.004040777683258057,0.00015871002688072622,2,0.00807642936706543,0.004040777683258057,0.004038214683532715,2,0.00807642936706543,0.004040777683258057,0.004038214683532715
20230522_200000,107,PSFL,PSFL,0.9995322227478027,0.9995291233062744,True,True,True,True,True,True,3.0994415283203125e-06,3.120803739875555e-06,1.2197912724332127e-07,1,3.0994415283203125e-06,3.0994415283203125e-06,3.0994415283203125e-06,1,3.0994415283203125e-06,3.0994415283203125e-06,3.0994415283203125e-06
20230522_200000,108,PSFL,PSFL,0.9981437921524048,0.9982136487960815,True,True,True,True,True,True,6.985664367675781e-05,6.985664367675781e-05,2.739348929026164e-06,1,6.985664367675781e-05,6.985664367675781e-05,6.985664367675781e-05,1,6.985664367675781e-05,6.985664367675781e-05,6.985664367675781e-05
20230522_200000,109,PSFL,PSFL,0.9573708772659302,0.9567957520484924,True,True,True,True,True,True,0.0005751252174377441,0.0005751252174377441,2.255667459394317e-05,1,0.0005751252174377441,0.0005751252174377441,0.0005751252174377441,1,0.0005751252174377441,0.0005751252174377441,0.0005751252174377441
20230522_200000,11,CALU,CALU,0.8834320902824402,0.8842988014221191,True,True,True,True,True,True,0.0008667111396789551,0.0008667111396789551,3.445593756623566e-05,1,0.0008667111396789551,0.0008667111396789551,0.0008667111396789551,1,0.0008667111396789551,0.0008667111396789551,0.0008667111396789551
20230522_200000,110,PSFL,PSFL,0.9957887530326843,0.9958360195159912,True,True,True,True,True,True,4.7266483306884766e-05,4.7266483306884766e-05,1.8529221961216535e-06,1,4.7266483306884766e-05,4.7266483306884766e-05,4.7266483306884766e-05,1,4.7266483306884766e-05,4.7266483306884766e-05,4.7266483306884766e-05
20230522_200000,111,PSFL,PSFL,0.9681652784347534,0.968655526638031,True,True,True,True,True,True,0.0004902482032775879,0.0004903078079223633,1.9227985831093974e-05,1,0.0004902482032775879,0.0004902482032775879,0.0004902482032775879,1,0.0004902482032775879,0.0004902482032775879,0.0004902482032775879
20230522_200000,112,BUVI,BUVI,0.5305237174034119,0.5228016972541809,True,True,True,True,True,True,0.007722020149230957,0.007722020149230957,0.0003029654617421329,2,0.015432983636856079,0.007722020149230957,0.0077164918184280396,2,0.015432983636856079,0.007722020149230957,0.0077164918184280396
20230522_200000,113,PSFL,PSFL,0.9988969564437866,0.9988954067230225,True,True,True,True,True,True,1.5497207641601562e-06,1.5497207641601562e-06,6.25806038101473e-08,1,1.5497207641601562e-06,1.5497207641601562e-06,1.5497207641601562e-06,1,1.5497207641601562e-06,1.5497207641601562e-06,1.5497207641601562e-06
20230522_200000,114,PSFL,PSFL,0.3869359791278839,0.3880883753299713,True,True,True,True,True,True,0.0011523962020874023,0.002694174647331238,0.00010992415627697483,4,0.0053631216287612915,0.002694174647331238,0.0013407804071903229,4,0.0053631216287612915,0.002694174647331238,0.0013407804071903229
20230522_200000,115,PSFL,PSFL,0.8576674461364746,0.8597122430801392,True,True,True,True,True,True,0.0020447969436645508,0.0020447969436645508,8.019818051252514e-05,2,0.004085078835487366,0.0020447969436645508,0.002042539417743683,2,0.004085078835487366,0.0020447969436645508,0.002042539417743683
20230522_200000,116,PSFL,PSFL,0.9968247413635254,0.996819257736206,True,True,True,True,True,True,5.4836273193359375e-06,5.538342520594597e-06,2.1633138658216922e-07,1,5.4836273193359375e-06,5.4836273193359375e-06,5.4836273193359375e-06,1,5.4836273193359375e-06,5.4836273193359375e-06,5.4836273193359375e-06
20230522_200000,117,PSFL,PSFL,0.935577929019928,0.9373067617416382,True,True,True,True,True,True,0.001728832721710205,0.001728832721710205,6.780162220820785e-05,1,0.001728832721710205,0.001728832721710205,0.001728832721710205,1,0.001728832721710205,0.001728832721710205,0.001728832721710205
20230522_200000,118,PSFL,PSFL,0.9979944229125977,0.9980056881904602,True,True,True,True,True,True,1.1265277862548828e-05,1.1300202459096909e-05,4.434336915437598e-07,1,1.1265277862548828e-05,1.1265277862548828e-05,1.1265277862548828e-05,1,1.1265277862548828e-05,1.1265277862548828e-05,1.1265277862548828e-05
20230522_200000,119,PSFL,PSFL,0.9974974989891052,0.9975165128707886,True,True,True,True,True,True,1.901388168334961e-05,1.9031576812267303e-05,7.46016041830444e-07,1,1.901388168334961e-05,1.901388168334961e-05,1.901388168334961e-05,1,1.901388168334961e-05,1.901388168334961e-05,1.901388168334961e-05
20230522_200000,12,BUVI,BUVI,0.85080885887146,0.8498623371124268,True,True,True,True,True,True,0.0009465217590332031,0.0009465217590332031,3.712240868480876e-05,2,0.0018928200006484985,0.0009465217590332031,0.0009464100003242493,2,0.0018928200006484985,0.0009465217590332031,0.0009464100003242493
20230522_200000,120,PSFL,PSFL,0.9997397065162659,0.9997429251670837,True,True,True,True,True,True,3.2186508178710938e-06,3.2500247471034527e-06,1.2684351702318963e-07,1,3.2186508178710938e-06,3.2186508178710938e-06,3.2186508178710938e-06,1,3.2186508178710938e-06,3.2186508178710938e-06,3.2186508178710938e-06
20230522_200000,121,PSFL,PSFL,0.9716416597366333,0.9722672700881958,True,True,True,True,True,True,0.0006256103515625,0.0006256103515625,2.4537725039408542e-05,1,0.0006256103515625,0.0006256103515625,0.0006256103515625,1,0.0006256103515625,0.0006256103515625,0.0006256103515625
20230522_200000,122,PSFL,PSFL,0.9716805815696716,0.9722414612770081,True,True,True,True,True,True,0.0005608797073364258,0.0005608797073364258,2.199664231739007e-05,1,0.0005608797073364258,0.0005608797073364258,0.0005608797073364258,1,0.0005608797073364258,0.0005608797073364258,0.0005608797073364258
20230522_200000,123,PSFL,PSFL,0.9952055215835571,0.995208203792572,True,True,True,True,True,True,2.682209014892578e-06,2.719927579164505e-06,1.0592427912570201e-07,1,2.682209014892578e-06,2.682209014892578e-06,2.682209014892578e-06,1,2.682209014892578e-06,2.682209014892578e-06,2.682209014892578e-06
20230522_200000,124,PSFL,PSFL,0.9835681915283203,0.9840368628501892,True,True,True,True,True,True,0.0004686713218688965,0.0004686713218688965,1.8380878827883862e-05,1,0.0004686713218688965,0.0004686713218688965,0.0004686713218688965,1,0.0004686713218688965,0.0004686713218688965,0.0004686713218688965
20230522_200000,125,BUVI,BUVI,0.8541941046714783,0.8540122509002686,True,True,True,True,True,True,0.0001818537712097168,0.0005852952599525452,2.3005915863905102e-05,1,0.0001818537712097168,0.0001818537712097168,0.0001818537712097168,1,0.0001818537712097168,0.0001818537712097168,0.0001818537712097168
20230522_200000,126,PSFL,PSFL,0.9707114696502686,0.9710695743560791,True,True,True,True,True,True,0.0003581047058105469,0.0003581494092941284,1.4048853699932806e-05,1,0.0003581047058105469,0.0003581047058105469,0.0003581047058105469,1,0.0003581047058105469,0.0003581047058105469,0.0003581047058105469
20230522_200000,127,BUVI,BUVI,0.6505364775657654,0.6470891833305359,True,True,True,True,True,True,0.003447294235229492,0.003447294235229492,0.00013521622167900205,2,0.005271047353744507,0.003447294235229492,0.0026355236768722534,2,0.005271047353744507,0.003447294235229492,0.0026355236768722534
20230522_200000,128,PSFL,PSFL,0.9903444647789001,0.9903010129928589,True,True,True,True,True,True,4.3451786041259766e-05,4.348810762166977e-05,1.705032786958327e-06,1,4.3451786041259766e-05,4.3451786041259766e-05,4.3451786041259766e-05,1,4.3451786041259766e-05,4.3451786041259766e-05,4.3451786041259766e-05
20230522_200000,129,CALU,CALU,0.9775675535202026,0.9775575399398804,True,True,True,True,True,True,1.0013580322265625e-05,0.00011927168816328049,4.962224920745939e-06,1,1.0013580322265625e-05,1.0013580322265625e-05,1.0013580322265625e-05,1,1.0013580322265625e-05,1.0013580322265625e-05,1.0013580322265625e-05
20230522_200000,13,PSFL,PSFL,0.3917672336101532,0.3923477232456207,True,True,True,True,True,True,0.0005804896354675293,0.0006394684314727783,3.439034117036499e-05,3,0.001390218734741211,0.0006394684314727783,0.00046340623521246016,3,0.001390218734741211,0.0006394684314727783,0.00046340623521246016
20230522_200000,130,PSFL,PSFL,0.829057514667511,0.8301964402198792,True,True,True,True,True,True,0.001138925552368164,0.001138925552368164,4.4671178329735994e-05,2,0.0022575557231903076,0.001138925552368164,0.0011287778615951538,2,0.0022575557231903076,0.001138925552368164,0.0011287778615951538
20230522_200000,131,PSFL,PSFL,0.8809488415718079,0.8827852606773376,True,True,True,True,True,True,0.0018364191055297852,0.0018364191055297852,7.215427467599511e-05,2,0.003654487431049347,0.0018364191055297852,0.0018272437155246735,2,0.003654487431049347,0.0018364191055297852,0.0018272437155246735
20230522_200000,132,PSFL,PSFL,0.9907242655754089,0.9908904433250427,True,True,True,True,True,True,0.00016617774963378906,0.00016617774963378906,6.516371740872273e-06,1,0.00016617774963378906,0.00016617774963378906,0.00016617774963378906,1,0.00016617774963378906,0.00016617774963378906,0.00016617774963378906
20230522_200000,133,PSFL,PSFL,0.9951317310333252,0.9951336979866028,True,True,True,True,True,True,1.9669532775878906e-06,3.887806087732315e-06,1.5743761139219714e-07,1,1.9669532775878906e-06,1.9669532775878906e-06,1.9669532775878906e-06,1,1.9669532775878906e-06,1.9669532775878906e-06,1.9669532775878906e-06
20230522_200000,134,PSFL,PSFL,0.7849586606025696,0.7859130501747131,True,True,True,True,True,True,0.0009543895721435547,0.0009865760803222656,3.906013444066048e-05,2,0.0019409656524658203,0.0009865760803222656,0.0009704828262329102,2,0.0019409656524658203,0.0009865760803222656,0.0009704828262329102
20230522_200000,135,PSFL,PSFL,0.986483633518219,0.9868335127830505,True,True,True,True,True,True,0.00034987926483154297,0.0003499286249279976,1.3721814866585191e-05,1,0.00034987926483154297,0.00034987926483154297,0.00034987926483154297,1,0.00034987926483154297,0.00034987926483154297,0.00034987926483154297
20230522_200000,136,PSFL,PSFL,0.9916011691093445,0.9916737675666809,True,True,True,True,True,True,7.259845733642578e-05,7.30031169950962e-05,2.9079396881570574e-06,1,7.259845733642578e-05,7.259845733642578e-05,7.259845733642578e-05,1,7.259845733642578e-05,7.259845733642578e-05,7.259845733642578e-05
20230522_200000,137,BUVI,BUVI,0.4460369646549225,0.44273802638053894,True,True,True,True,True,True,0.003298938274383545,0.003298938274383545,0.000138156654429622,3,0.00583215057849884,0.003298938274383545,0.0019440501928329468,3,0.00583215057849884,0.003298938274383545,0.0019440501928329468
20230522_200000,138,PSFL,PSFL,0.7423809766769409,0.7419987320899963,True,True,True,True,True,True,0.0003822445869445801,0.0003822445869445801,1.5054615687404294e-05,2,0.000698387622833252,0.0003822445869445801,0.000349193811416626,2,0.000698387622833252,0.0003822445869445801,0.000349193811416626
20230522_200000,139,BUVI,BUVI,0.6758145689964294,0.6698876619338989,True,True,True,True,True,True,0.005926907062530518,0.00597594678401947,0.00024885861785151064,2,0.011902853846549988,0.00597594678401947,0.005951426923274994,2,0.011902853846549988,0.00597594678401947,0.005951426923274994
20230522_200000,14,CALU,CALU,0.587648332118988,0.5854763388633728,True,True,True,True,True,True,0.0021719932556152344,0.0021963417530059814,8.639299630885944e-05,2,0.004368335008621216,0.0021963417530059814,0.002184167504310608,2,0.004368335008621216,0.0021963417530059814,0.002184167504310608
20230522_200000,140,PSFL,PSFL,0.9392904043197632,0.9409307837486267,True,True,True,True,True,True,0.0016403794288635254,0.0016403794288635254,6.433492671931162e-05,1,0.0016403794288635254,0.0016403794288635254,0.0016403794288635254,1,0.0016403794288635254,0.0016403794288635254,0.0016403794288635254
20230522_200000,141,PSFL,PSFL,0.9855343103408813,0.9856628775596619,True,True,True,True,True,True,0.00012856721878051758,0.00012856721878051758,5.0424537221260834e-06,1,0.00012856721878051758,0.00012856721878051758,0.00012856721878051758,1,0.00012856721878051758,0.00012856721878051758,0.00012856721878051758
20230522_200000,142,PSFL,PSFL,0.9999215602874756,0.9999220371246338,True,True,True,True,True,True,4.76837158203125e-07,4.871271812589839e-07,1.995317866487767e-08,1,4.76837158203125e-07,4.76837158203125e-07,4.76837158203125e-07,1,4.76837158203125e-07,4.76837158203125e-07,4.76837158203125e-07
20230522_200000,143,PSFL,PSFL,0.9638880491256714,0.9640512466430664,True,True,True,True,True,True,0.00016319751739501953,0.00016319751739501953,6.398617642844329e-06,1,0.00016319751739501953,0.00016319751739501953,0.00016319751739501953,1,0.00016319751739501953,0.00016319751739501953,0.00016319751739501953
20230522_200000,144,BUVI,BUVI,0.8721157312393188,0.8715347051620483,True,True,True,True,True,True,0.0005810260772705078,0.0005869343876838684,2.4354769266210496e-05,2,0.0011679604649543762,0.0005869343876838684,0.0005839802324771881,2,0.0011679604649543762,0.0005869343876838684,0.0005839802324771881
20230522_200000,145,PSFL,PSFL,0.9604216814041138,0.9618141055107117,True,True,True,True,True,True,0.0013924241065979004,0.0013924241065979004,5.460674219648354e-05,1,0.0013924241065979004,0.0013924241065979004,0.0013924241065979004,1,0.0013924241065979004,0.0013924241065979004,0.0013924241065979004
20230522_200000,146,BUVI,BUVI,0.5687328577041626,0.5566288828849792,True,True,True,True,True,True,0.01210397481918335,0.01210397481918335,0.00047911476576700807,2,0.024169832468032837,0.01210397481918335,0.012084916234016418,2,0.024169832468032837,0.01210397481918335,0.012084916234016418
20230522_200000,147,PSFL,PSFL,0.8517851233482361,0.8520409464836121,True,True,True,True,True,True,0.00025582313537597656,0.00025582313537597656,1.1030312634829897e-05,2,0.00048635900020599365,0.00025582313537597656,0.00024317950010299683,2,0.00048635900020599365,0.00025582313537597656,0.00024317950010299683
20230522_200000,148,PSFL,PSFL,0.9640098214149475,0.9638863801956177,True,True,True,True,True,True,0.00012344121932983398,0.00012344121932983398,4.880488177150255e-06,1,0.00012344121932983398,0.00012344121932983398,0.00012344121932983398,1,0.00012344121932983398,0.00012344121932983398,0.00012344121932983398
20230522_200000,149,PSFL,PSFL,0.5409823656082153,0.5390628576278687,True,True,True,True,True,True,0.0019195079803466797,0.003136873245239258,0.0001239842240465805,3,0.006278038024902344,0.003136873245239258,0.0020926792640239,3,0.006278038024902344,0.003136873245239258,0.0020926792640239
20230522_200000,15,PSFL,PSFL,0.9294691681861877,0.9293985366821289,True,True,True,True,True,True,7.063150405883789e-05,7.063150405883789e-05,4.221798008074984e-06,1,7.063150405883789e-05,7.063150405883789e-05,7.063150405883789e-05,1,7.063150405883789e-05,7.063150405883789e-05,7.063150405883789e-05
20230522_200000,150,PSFL,PSFL,0.9451856017112732,0.9459681510925293,True,True,True,True,True,True,0.0007825493812561035,0.000783231109380722,3.07368827634491e-05,1,0.0007825493812561035,0.0007825493812561035,0.0007825493812561035,1,0.0007825493812561035,0.0007825493812561035,0.0007825493812561035
20230522_200000,16,PSFL,PSFL,0.9955286383628845,0.9955333471298218,True,True,True,True,True,True,4.708766937255859e-06,8.994247764348984e-06,3.5647732943289157e-07,1,4.708766937255859e-06,4.708766937255859e-06,4.708766937255859e-06,1,4.708766937255859e-06,4.708766937255859e-06,4.708766937255859e-06
20230522_200000,17,PSFL,PSFL,0.9541890621185303,0.9557740688323975,True,True,True,True,True,True,0.0015850067138671875,0.0015850067138671875,6.215576286194846e-05,1,0.0015850067138671875,0.0015850067138671875,0.0015850067138671875,1,0.0015850067138671875,0.0015850067138671875,0.0015850067138671875
20230522_200000,18,PSFL,PSFL,0.9948152899742126,0.9948201179504395,True,True,True,True,True,True,4.827976226806641e-06,4.9835070967674255e-06,2.0122604382777354e-07,1,4.827976226806641e-06,4.827976226806641e-06,4.827976226806641e-06,1,4.827976226806641e-06,4.827976226806641e-06,4.827976226806641e-06
20230522_200000,19,PSFL,PSFL,0.9998769760131836,0.999879002571106,True,True,True,True,True,True,2.0265579223632812e-06,2.0265579223632812e-06,7.943480540006931e-08,1,2.0265579223632812e-06,2.0265579223632812e-06,2.0265579223632812e-06,1,2.0265579223632812e-06,2.0265579223632812e-06,2.0265579223632812e-06
20230522_200000,2,BUVI,BUVI,0.6451249122619629,0.6431577801704407,True,True,True,True,True,True,0.001967132091522217,0.001985222101211548,7.807482325006276e-05,2,0.003952354192733765,0.001985222101211548,0.0019761770963668823,2,0.003952354192733765,0.001985222101211548,0.0019761770963668823
20230522_200000,20,PSFL,PSFL,0.536592423915863,0.5454123616218567,True,True,True,True,True,True,0.008819937705993652,0.008819937705993652,0.00034690252505242825,2,0.017636507749557495,0.008819937705993652,0.008818253874778748,2,0.017636507749557495,0.008819937705993652,0.008818253874778748
20230522_200000,21,PSFL,PSFL,0.9852834939956665,0.9855237603187561,True,True,True,True,True,True,0.0002402663230895996,0.0002402663230895996,9.425374628335703e-06,1,0.0002402663230895996,0.0002402663230895996,0.0002402663230895996,1,0.0002402663230895996,0.0002402663230895996,0.0002402663230895996
20230522_200000,22,PSFL,PSFL,0.9677289128303528,0.9687700271606445,True,True,True,True,True,True,0.001041114330291748,0.001041114330291748,4.083115345565602e-05,1,0.001041114330291748,0.001041114330291748,0.001041114330291748,1,0.001041114330291748,0.001041114330291748,0.001041114330291748
20230522_200000,23,BUVI,BUVI,0.6524783372879028,0.6497266888618469,True,True,True,True,True,True,0.002751648426055908,0.002751648426055908,0.00010822967306012288,2,0.0030129998922348022,0.002751648426055908,0.0015064999461174011,2,0.0030129998922348022,0.002751648426055908,0.0015064999461174011
20230522_200000,24,PSFL,PSFL,0.5963237881660461,0.604306697845459,True,True,True,True,True,True,0.007982909679412842,0.007982909679412842,0.0003131109697278589,2,0.015959978103637695,0.007982909679412842,0.007979989051818848,2,0.015959978103637695,0.007982909679412842,0.007979989051818848
20230522_200000,25,CAGU,CAGU,0.6723719239234924,0.6693406701087952,True,True,True,True,True,True,0.0030312538146972656,0.0030312538146972656,0.0001204731161124073,2,0.005377978086471558,0.0030312538146972656,0.002688989043235779,2,0.005377978086471558,0.0030312538146972656,0.002688989043235779
20230522_200000,26,PSFL,PSFL,0.8924204111099243,0.892739474773407,True,True,True,True,True,True,0.000319063663482666,0.00033057481050491333,1.3097529517835937e-05,2,0.0006496384739875793,0.00033057481050491333,0.00032481923699378967,2,0.0006496384739875793,0.00033057481050491333,0.00032481923699378967
20230522_200000,27,PSFL,PSFL,0.8496979475021362,0.8512606620788574,True,True,True,True,True,True,0.0015627145767211914,0.0015627145767211914,6.128853419795632e-05,2,0.0026390403509140015,0.0015627145767211914,0.0013195201754570007,2,0.0026390403509140015,0.0015627145767211914,0.0013195201754570007
20230522_200000,28,PSFL,PSFL,0.9999927282333374,0.999992847442627,True,True,True,True,True,True,1.1920928955078125e-07,1.1920928955078125e-07,3.3256963849481735e-09,1,1.1920928955078125e-07,1.1920928955078125e-07,1.1920928955078125e-07,1,1.1920928955078125e-07,1.1920928955078125e-07,1.1920928955078125e-07
20230522_200000,29,PSFL,PSFL,0.999940037727356,0.9999407529830933,True,True,True,True,True,True,7.152557373046875e-07,7.73627107264474e-07,2.9281979507800315e-08,1,7.152557373046875e-07,7.152557373046875e-07,7.152557373046875e-07,1,7.152557373046875e-07,7.152557373046875e-07,7.152557373046875e-07
20230522_200000,3,PSFL,PSFL,0.9943593144416809,0.9943013191223145,True,True,True,True,True,True,5.799531936645508e-05,5.799531936645508e-05,2.275599626955227e-06,1,5.799531936645508e-05,5.799531936645508e-05,5.799531936645508e-05,1,5.799531936645508e-05,5.799531936645508e-05,5.799531936645508e-05
20230522_200000,30,BUVI,BUVI,0.560372531414032,0.5575206279754639,True,True,True,True,True,True,0.0028519034385681152,0.0028519034385681152,0.00011474120401544496,3,0.0033705681562423706,0.0028519034385681152,0.0011235227575525641,3,0.0033705681562423706,0.0028519034385681152,0.0011235227575525641
20230522_200000,31,PSFL,PSFL,0.9999905824661255,0.9999905824661255,True,True,True,True,True,True,0.0,2.2157109924592078e-08,4.3453840525842224e-10,1,0.0,0.0,0.0,1,0.0,0.0,0.0
20230522_200000,32,PSFL,PSFL,0.9987277388572693,0.9987204074859619,True,True,True,True,True,True,7.331371307373047e-06,7.331371307373047e-06,2.8729218115586264e-07,1,7.331371307373047e-06,7.331371307373047e-06,7.331371307373047e-06,1,7.331371307373047e-06,7.331371307373047e-06,7.331371307373047e-06
20230522_200000,33,PSFL,PSFL,0.5965412259101868,0.6052051186561584,True,True,True,True,True,True,0.00866389274597168,0.009001344442367554,0.00035478881909511983,2,0.017665237188339233,0.009001344442367554,0.008832618594169617,2,0.017665237188339233,0.009001344442367554,0.008832618594169617
20230522_200000,34,PSFL,PSFL,0.992658793926239,0.992846667766571,True,True,True,True,True,True,0.00018787384033203125,0.00018787384033203125,7.367017133219633e-06,1,0.00018787384033203125,0.00018787384033203125,0.00018787384033203125,1,0.00018787384033203125,0.00018787384033203125,0.00018787384033203125
20230522_200000,35,PSFL,PSFL,0.796614944934845,0.7985872626304626,True,True,True,True,True,True,0.0019723176956176758,0.0019723176956176758,7.735257531749085e-05,2,0.00394226610660553,0.0019723176956176758,0.001971133053302765,2,0.00394226610660553,0.0019723176956176758,0.001971133053302765
20230522_200000,36,CALU,CALU,1.0,1.0,True,True,True,True,True,True,0.0,3.395825842744671e-10,6.659050047486126e-12,1,0.0,0.0,0.0,1,0.0,0.0,0.0
20230522_200000,37,BUVI,BUVI,0.8060598969459534,0.8048747181892395,True,True,True,True,True,True,0.0011851787567138672,0.0011851787567138672,4.656014061765745e-05,2,0.0018988251686096191,0.0011851787567138672,0.0009494125843048096,2,0.0018988251686096191,0.0011851787567138672,0.0009494125843048096
20230522_200000,38,PSFL,PSFL,0.9939383268356323,0.994030237197876,True,True,True,True,True,True,9.191036224365234e-05,9.191036224365234e-05,3.603190407375223e-06,1,9.191036224365234e-05,9.191036224365234e-05,9.191036224365234e-05,1,9.191036224365234e-05,9.191036224365234e-05,9.191036224365234e-05
20230522_200000,39,BUVI,BUVI,0.8492599129676819,0.8479562401771545,True,True,True,True,True,True,0.0013036727905273438,0.0013199299573898315,5.192132812226191e-05,2,0.0026236027479171753,0.0013199299573898315,0.0013118013739585876,2,0.0026236027479171753,0.0013199299573898315,0.0013118013739585876
20230522_200000,4,PSFL,PSFL,0.9820873141288757,0.9821327328681946,True,True,True,True,True,True,4.5418739318847656e-05,5.787797272205353e-05,2.2731617264071247e-06,1,4.5418739318847656e-05,4.5418739318847656e-05,4.5418739318847656e-05,1,4.5418739318847656e-05,4.5418739318847656e-05,4.5418739318847656e-05
20230522_200000,40,DEFU,DEFU,0.5170662999153137,0.5155567526817322,True,True,True,True,True,True,0.001509547233581543,0.001509547233581543,9.045753540704027e-05,2,0.0022337883710861206,0.001509547233581543,0.0011168941855430603,2,0.0022337883710861206,0.001509547233581543,0.0011168941855430603
20230522_200000,41,BUVI,BUVI,0.7156496047973633,0.7090244293212891,True,True,True,True,True,True,0.006625175476074219,0.006625175476074219,0.0002603093453217298,1,0.006625175476074219,0.006625175476074219,0.006625175476074219,1,0.006625175476074219,0.006625175476074219,0.006625175476074219
20230522_200000,42,PSFL,PSFL,0.5739997625350952,0.5748854279518127,True,True,True,True,True,True,0.0008856654167175293,0.0017620325088500977,7.287080370588228e-05,3,0.003599315881729126,0.0017620325088500977,0.0011997719993814826,3,0.003599315881729126,0.0017620325088500977,0.0011997719993814826
20230522_200000,43,PSFL,PSFL,0.6178386807441711,0.6242333054542542,True,True,True,True,True,True,0.006394624710083008,0.006394624710083008,0.0002553629456087947,3,0.012840405106544495,0.006394624710083008,0.0042801350355148315,3,0.012840405106544495,0.006394624710083008,0.0042801350355148315
20230522_200000,44,PSFL,PSFL,0.593294084072113,0.5929654240608215,True,True,True,True,True,True,0.0003286600112915039,0.0003286600112915039,1.3899125406169333e-05,2,0.0005352199077606201,0.0003286600112915039,0.00026760995388031006,2,0.0005352199077606201,0.0003286600112915039,0.00026760995388031006
20230522_200000,45,BUVI,BUVI,0.9333034753799438,0.934104323387146,True,True,True,True,True,True,0.0008008480072021484,0.0008008480072021484,3.1416908313985914e-05,1,0.0008008480072021484,0.0008008480072021484,0.0008008480072021484,1,0.0008008480072021484,0.0008008480072021484,0.0008008480072021484
20230522_200000,46,BUVI,BUVI,0.918228805065155,0.9179442524909973,True,True,True,True,True,True,0.00028455257415771484,0.00028455257415771484,1.1228157745790668e-05,1,0.00028455257415771484,0.00028455257415771484,0.00028455257415771484,1,0.00028455257415771484,0.00028455257415771484,0.00028455257415771484
20230522_200000,47,BUVI,BUVI,0.8397050499916077,0.8362113237380981,True,True,True,True,True,True,0.0034937262535095215,0.0034937262535095215,0.00013879354810342193,2,0.006902322173118591,0.0034937262535095215,0.0034511610865592957,2,0.006902322173118591,0.0034937262535095215,0.0034511610865592957
20230522_200000,48,PSFL,PSFL,0.9930028319358826,0.9930658340454102,True,True,True,True,True,True,6.300210952758789e-05,6.301328539848328e-05,2.4716118787182495e-06,1,6.300210952758789e-05,6.300210952758789e-05,6.300210952758789e-05,1,6.300210952758789e-05,6.300210952758789e-05,6.300210952758789e-05
20230522_200000,49,PSFL,PSFL,0.865106999874115,0.8645259141921997,True,True,True,True,True,True,0.0005810856819152832,0.0005810856819152832,2.280884473293554e-05,2,0.0011051669716835022,0.0005810856819152832,0.0005525834858417511,2,0.0011051669716835022,0.0005810856819152832,0.0005525834858417511
20230522_200000,5,PSFL,PSFL,0.8705260157585144,0.8732927441596985,True,True,True,True,True,True,0.002766728401184082,0.002766728401184082,0.00010849831596715376,2,0.005530595779418945,0.002766728401184082,0.0027652978897094727,2,0.005530595779418945,0.002766728401184082,0.0027652978897094727
20230522_200000,50,BUVI,BUVI,0.5414838790893555,0.5381712913513184,True,True,True,True,True,True,0.0033125877380371094,0.0033125877380371094,0.00013024626241531223,2,0.006575524806976318,0.0033125877380371094,0.003287762403488159,2,0.006575524806976318,0.0033125877380371094,0.003287762403488159
20230522_200000,51,PSFL,PSFL,0.9981517195701599,0.9981624484062195,True,True,True,True,True,True,1.0728836059570312e-05,1.2878794223070145e-05,5.063231469648599e-07,1,1.0728836059570312e-05,1.0728836059570312e-05,1.0728836059570312e-05,1,1.0728836059570312e-05,1.0728836059570312e-05,1.0728836059570312e-05
20230522_200000,52,PSFL,PSFL,0.9949851036071777,0.9950343370437622,True,True,True,True,True,True,4.9233436584472656e-05,4.9233436584472656e-05,1.93077175936196e-06,1,4.9233436584472656e-05,4.9233436584472656e-05,4.9233436584472656e-05,1,4.9233436584472656e-05,4.9233436584472656e-05,4.9233436584472656e-05
20230522_200000,53,PSFL,PSFL,0.9194639325141907,0.9194707870483398,True,True,True,True,True,True,6.854534149169922e-06,1.1138617992401123e-05,4.377114350972988e-07,1,6.854534149169922e-06,6.854534149169922e-06,6.854534149169922e-06,1,6.854534149169922e-06,6.854534149169922e-06,6.854534149169922e-06
20230522_200000,54,PSFL,PSFL,0.9877884984016418,0.9878508448600769,True,True,True,True,True,True,6.23464584350586e-05,6.23464584350586e-05,2.4478511022607563e-06,1,6.23464584350586e-05,6.23464584350586e-05,6.23464584350586e-05,1,6.23464584350586e-05,6.23464584350586e-05,6.23464584350586e-05
20230522_200000,55,PSFL,PSFL,0.9361333847045898,0.9355920553207397,True,True,True,True,True,True,0.0005413293838500977,0.0005413293838500977,2.1235464373603463e-05,1,0.0005413293838500977,0.0005413293838500977,0.0005413293838500977,1,0.0005413293838500977,0.0005413293838500977,0.0005413293838500977
20230522_200000,56,PSFL,PSFL,0.9973824620246887,0.9974996447563171,True,True,True,True,True,True,0.00011718273162841797,0.00011718273162841797,4.592891400534427e-06,1,0.00011718273162841797,0.00011718273162841797,0.00011718273162841797,1,0.00011718273162841797,0.00011718273162841797,0.00011718273162841797
20230522_200000,57,PSFL,PSFL,0.9999885559082031,0.9999886751174927,True,True,True,True,True,True,1.1920928955078125e-07,1.1920928955078125e-07,3.4494327394440916e-09,1,1.1920928955078125e-07,1.1920928955078125e-07,1.1920928955078125e-07,1,1.1920928955078125e-07,1.1920928955078125e-07,1.1920928955078125e-07
20230522_200000,58,CALU,CALU,0.8568914532661438,0.857711911201477,True,True,True,True,True,True,0.000820457935333252,0.000820457935333252,3.2295691198669374e-05,1,0.000820457935333252,0.000820457935333252,0.000820457935333252,1,0.000820457935333252,0.000820457935333252,0.000820457935333252
20230522_200000,59,PSFL,PSFL,0.9972319006919861,0.9972388744354248,True,True,True,True,True,True,6.973743438720703e-06,6.973743438720703e-06,2.84417438933815e-07,1,6.973743438720703e-06,6.973743438720703e-06,6.973743438720703e-06,1,6.973743438720703e-06,6.973743438720703e-06,6.973743438720703e-06
20230522_200000,6,BUVI,BUVI,0.5348844528198242,0.5366013050079346,True,True,True,True,True,True,0.0017168521881103516,0.0019460618495941162,7.6337244536262e-05,2,0.0036629140377044678,0.0019460618495941162,0.0018314570188522339,2,0.0036629140377044678,0.0019460618495941162,0.0018314570188522339
20230522_200000,60,PSFL,PSFL,0.9977248311042786,0.9977721571922302,True,True,True,True,True,True,4.7326087951660156e-05,4.739570431411266e-05,1.8573269926491776e-06,1,4.7326087951660156e-05,4.7326087951660156e-05,4.7326087951660156e-05,1,4.7326087951660156e-05,4.7326087951660156e-05,4.7326087951660156e-05
20230522_200000,61,CALU,CALU,0.6526864171028137,0.6528826355934143,True,True,True,True,True,True,0.00019621849060058594,0.0004669278860092163,2.6566023734631017e-05,2,0.0006631463766098022,0.0004669278860092163,0.0003315731883049011,2,0.0006631463766098022,0.0004669278860092163,0.0003315731883049011
20230522_200000,62,CALU,CALU,0.8188908100128174,0.8185933232307434,True,True,True,True,True,True,0.0002974867820739746,0.0003268420696258545,1.2848276128352154e-05,2,0.00032742321491241455,0.0002974867820739746,0.00016371160745620728,2,0.00032742321491241455,0.0002974867820739746,0.00016371160745620728
20230522_200000,63,PSFL,PSFL,0.9985724687576294,0.9985952973365784,True,True,True,True,True,True,2.282857894897461e-05,2.2837542928755283e-05,8.970590670287493e-07,1,2.282857894897461e-05,2.282857894897461e-05,2.282857894897461e-05,1,2.282857894897461e-05,2.282857894897461e-05,2.282857894897461e-05
20230522_200000,64,PSFL,PSFL,0.9484564661979675,0.9506097435951233,True,True,True,True,True,True,0.0021532773971557617,0.0021532773971557617,8.445775165455416e-05,1,0.0021532773971557617,0.0021532773971557617,0.0021532773971557617,1,0.0021532773971557617,0.0021532773971557617,0.0021532773971557617
20230522_200000,65,PSFL,PSFL,0.9480795860290527,0.9489130973815918,True,True,True,True,True,True,0.0008335113525390625,0.0008335113525390625,3.2691088563296944e-05,1,0.0008335113525390625,0.0008335113525390625,0.0008335113525390625,1,0.0008335113525390625,0.0008335113525390625,0.0008335113525390625
20230522_200000,66,PSFL,PSFL,0.7236846089363098,0.7262652516365051,True,True,True,True,True,True,0.0025806427001953125,0.0025806427001953125,0.00010120262595592067,2,0.00400136411190033,0.0025806427001953125,0.002000682055950165,2,0.00400136411190033,0.0025806427001953125,0.002000682055950165
20230522_200000,67,PSFL,PSFL,0.9581654071807861,0.9598260521888733,True,True,True,False,False,True,0.0016606450080871582,0.0016606450080871582,6.512330583063886e-05,1,0.0016606450080871582,0.0016606450080871582,0.0016606450080871582,1,0.0016606450080871582,0.0016606450080871582,0.0016606450080871582
20230522_200000,68,PSFL,PSFL,0.9885416030883789,0.9886677861213684,True,True,True,True,True,True,0.00012618303298950195,0.00012618303298950195,4.945474302076036e-06,1,0.00012618303298950195,0.00012618303298950195,0.00012618303298950195,1,0.00012618303298950195,0.00012618303298950195,0.00012618303298950195
20230522_200000,69,PSFL,PSFL,0.7981324195861816,0.7978397607803345,True,True,True,True,True,True,0.00029265880584716797,0.00029265880584716797,2.6310035536880605e-05,1,0.00029265880584716797,0.00029265880584716797,0.00029265880584716797,1,0.00029265880584716797,0.00029265880584716797,0.00029265880584716797
20230522_200000,7,PSFL,PSFL,0.9804387092590332,0.9804824590682983,True,True,True,True,True,True,4.374980926513672e-05,4.651956260204315e-05,1.8247088746647933e-06,1,4.374980926513672e-05,4.374980926513672e-05,4.374980926513672e-05,1,4.374980926513672e-05,4.374980926513672e-05,4.374980926513672e-05
20230522_200000,70,PSFL,PSFL,0.6400029063224792,0.6436181664466858,True,True,True,True,True,True,0.003615260124206543,0.003615260124206543,0.00014188006753101945,2,0.007214367389678955,0.003615260124206543,0.0036071836948394775,2,0.007214367389678955,0.003615260124206543,0.0036071836948394775
20230522_200000,71,PSFL,PSFL,0.8053147196769714,0.8074555397033691,True,True,True,True,True,True,0.002140820026397705,0.0021446198225021362,8.428304136032239e-05,2,0.004285439848899841,0.0021446198225021362,0.0021427199244499207,2,0.004285439848899841,0.0021446198225021362,0.0021427199244499207
20230522_200000,72,CALU,CALU,0.9522342085838318,0.9522324800491333,True,True,True,True,True,True,1.7285346984863281e-06,0.00010899640619754791,4.748818810185185e-06,1,1.7285346984863281e-06,1.7285346984863281e-06,1.7285346984863281e-06,1,1.7285346984863281e-06,1.7285346984863281e-06,1.7285346984863281e-06
20230522_200000,73,PSFL,PSFL,0.7942124009132385,0.7980222702026367,True,True,True,True,True,True,0.0038098692893981934,0.0038098692893981934,0.0001502777449786663,2,0.007524743676185608,0.0038098692893981934,0.003762371838092804,2,0.007524743676185608,0.0038098692893981934,0.003762371838092804
20230522_200000,74,PSFL,PSFL,0.9712934494018555,0.9711200594902039,True,True,True,True,True,True,0.00017338991165161133,0.00017338991165161133,6.801868948969059e-06,1,0.00017338991165161133,0.00017338991165161133,0.00017338991165161133,1,0.00017338991165161133,0.00017338991165161133,0.00017338991165161133
20230522_200000,75,BUVI,BUVI,0.7805099487304688,0.7789856195449829,True,True,True,True,True,True,0.0015243291854858398,0.0015243291854858398,6.38897399767302e-05,1,0.0015243291854858398,0.0015243291854858398,0.0015243291854858398,1,0.0015243291854858398,0.0015243291854858398,0.0015243291854858398
20230522_200000,76,PSFL,PSFL,0.9918864369392395,0.9919968247413635,True,True,True,True,True,True,0.00011038780212402344,0.00011038780212402344,4.333518518251367e-06,1,0.00011038780212402344,0.00011038780212402344,0.00011038780212402344,1,0.00011038780212402344,0.00011038780212402344,0.00011038780212402344
20230522_200000,77,PSFL,PSFL,0.9895301461219788,0.9896957874298096,True,True,True,True,True,True,0.00016564130783081055,0.0001666666939854622,6.571682661160594e-06,1,0.00016564130783081055,0.00016564130783081055,0.00016564130783081055,1,0.00016564130783081055,0.00016564130783081055,0.00016564130783081055
20230522_200000,78,BUVI,BUVI,0.9875784516334534,0.987443745136261,True,True,True,True,True,True,0.0001347064971923828,0.00013472791761159897,5.283628070174018e-06,1,0.0001347064971923828,0.0001347064971923828,0.0001347064971923828,1,0.0001347064971923828,0.0001347064971923828,0.0001347064971923828
20230522_200000,79,PSFL,PSFL,0.6897653937339783,0.6906564831733704,True,True,True,True,True,True,0.0008910894393920898,0.0008910894393920898,3.51066337316297e-05,2,0.001740485429763794,0.0008910894393920898,0.000870242714881897,2,0.001740485429763794,0.0008910894393920898,0.000870242714881897
20230522_200000,8,PSFL,PSFL,0.9977516531944275,0.997784435749054,True,True,True,True,True,True,3.2782554626464844e-05,3.2782554626464844e-05,1.283673896068649e-06,1,3.2782554626464844e-05,3.2782554626464844e-05,3.2782554626464844e-05,1,3.2782554626464844e-05,3.2782554626464844e-05,3.2782554626464844e-05
20230522_200000,80,PSFL,PSFL,0.9990072846412659,0.9990109205245972,True,True,True,True,True,True,3.635883331298828e-06,3.708235453814268e-06,1.4459588726367656e-07,1,3.635883331298828e-06,3.635883331298828e-06,3.635883331298828e-06,1,3.635883331298828e-06,3.635883331298828e-06,3.635883331298828e-06
20230522_200000,81,PSFL,PSFL,0.983130931854248,0.9835422039031982,True,True,True,True,True,False,0.0004112720489501953,0.0004112720489501953,1.612800406292081e-05,1,0.0004112720489501953,0.0004112720489501953,0.0004112720489501953,1,0.0004112720489501953,0.0004112720489501953,0.0004112720489501953
20230522_200000,82,STVA,STVA,0.6285606622695923,0.6294248700141907,True,True,True,True,True,True,0.0008642077445983887,0.0011491775512695312,4.749264917336404e-05,2,0.00201338529586792,0.0011491775512695312,0.00100669264793396,2,0.00201338529586792,0.0011491775512695312,0.00100669264793396
20230522_200000,83,PSFL,PSFL,0.9479811191558838,0.9481342434883118,True,True,True,True,True,True,0.00015312433242797852,0.00015312433242797852,6.1685204855166376e-06,1,0.00015312433242797852,0.00015312433242797852,0.00015312433242797852,1,0.00015312433242797852,0.00015312433242797852,0.00015312433242797852
20230522_200000,84,CALU,CALU,0.994563639163971,0.9946326017379761,True,True,True,True,True,True,6.896257400512695e-05,6.896257400512695e-05,2.712469267862616e-06,1,6.896257400512695e-05,6.896257400512695e-05,6.896257400512695e-05,1,6.896257400512695e-05,6.896257400512695e-05,6.896257400512695e-05
20230522_200000,85,PSFL,PSFL,0.9997449517250061,0.9997465014457703,True,True,True,True,True,True,1.5497207641601562e-06,1.5497207641601562e-06,6.049621958936768e-08,1,1.5497207641601562e-06,1.5497207641601562e-06,1.5497207641601562e-06,1,1.5497207641601562e-06,1.5497207641601562e-06,1.5497207641601562e-06
20230522_200000,86,PSFL,PSFL,0.9812189936637878,0.9819122552871704,True,True,True,True,True,True,0.0006932616233825684,0.0006932616233825684,2.7186570150661282e-05,1,0.0006932616233825684,0.0006932616233825684,0.0006932616233825684,1,0.0006932616233825684,0.0006932616233825684,0.0006932616233825684
20230522_200000,87,PSFL,PSFL,0.9412574768066406,0.94190514087677,True,True,True,True,True,True,0.0006476640701293945,0.0006476640701293945,2.5401956008863635e-05,1,0.0006476640701293945,0.0006476640701293945,0.0006476640701293945,1,0.0006476640701293945,0.0006476640701293945,0.0006476640701293945
20230522_200000,88,PSFL,PSFL,0.9071195721626282,0.9068753719329834,True,True,True,True,True,True,0.0002442002296447754,0.0005399733781814575,2.1549809389398433e-05,1,0.0002442002296447754,0.0002442002296447754,0.0002442002296447754,1,0.0002442002296447754,0.0002442002296447754,0.0002442002296447754
20230522_200000,89,PSFL,PSFL,0.9723532199859619,0.9731670022010803,True,True,True,True,True,True,0.0008137822151184082,0.0008137822151184082,3.1913037673803046e-05,1,0.0008137822151184082,0.0008137822151184082,0.0008137822151184082,1,0.0008137822151184082,0.0008137822151184082,0.0008137822151184082
20230522_200000,9,PSFL,PSFL,0.7513073682785034,0.7525463700294495,True,True,True,True,True,True,0.001239001750946045,0.001239001750946045,4.9198799388250336e-05,2,0.0023321807384490967,0.001239001750946045,0.0011660903692245483,2,0.0023321807384490967,0.001239001750946045,0.0011660903692245483
20230522_200000,90,PSFL,PSFL,0.7575993537902832,0.7565044164657593,True,True,True,True,True,True,0.0010949373245239258,0.0011860281229019165,4.6604720409959555e-05,2,0.0022809654474258423,0.0011860281229019165,0.0011404827237129211,2,0.0022809654474258423,0.0011860281229019165,0.0011404827237129211
20230522_200000,91,PSFL,PSFL,0.9955782294273376,0.9957082271575928,True,True,True,True,True,True,0.00012999773025512695,0.0001300428993999958,5.09905521539622e-06,1,0.00012999773025512695,0.00012999773025512695,0.00012999773025512695,1,0.00012999773025512695,0.00012999773025512695,0.00012999773025512695
20230522_200000,92,PSFL,PSFL,0.5019214153289795,0.502610981464386,True,True,True,True,True,True,0.0006895661354064941,0.0006895661354064941,2.7259397029411048e-05,3,0.0013499706983566284,0.0006895661354064941,0.0004499902424868196,3,0.0013499706983566284,0.0006895661354064941,0.0004499902424868196
20230522_200000,93,PSFL,PSFL,0.9931408762931824,0.9933157563209534,True,True,True,True,True,True,0.0001748800277709961,0.00017497222870588303,6.862687769171316e-06,1,0.0001748800277709961,0.0001748800277709961,0.0001748800277709961,1,0.0001748800277709961,0.0001748800277709961,0.0001748800277709961
20230522_200000,94,PSFL,PSFL,0.9999808073043823,0.9999806880950928,True,True,True,True,True,True,1.1920928955078125e-07,1.1920928955078125e-07,4.22833990043614e-09,1,1.1920928955078125e-07,1.1920928955078125e-07,1.1920928955078125e-07,1,1.1920928955078125e-07,1.1920928955078125e-07,1.1920928955078125e-07
20230522_200000,95,PSFL,PSFL,0.9944649338722229,0.9944767355918884,True,True,True,True,True,True,1.1801719665527344e-05,1.1806841939687729e-05,4.63215400259287e-07,1,1.1801719665527344e-05,1.1801719665527344e-05,1.1801719665527344e-05,1,1.1801719665527344e-05,1.1801719665527344e-05,1.1801719665527344e-05
20230522_200000,96,PSFL,PSFL,0.5519786477088928,0.5513350367546082,True,True,True,True,True,True,0.000643610954284668,0.0014497637748718262,5.8201596402795985e-05,3,0.002915292978286743,0.0014497637748718262,0.0009717643260955811,3,0.002915292978286743,0.0014497637748718262,0.0009717643260955811
20230522_200000,97,PSFL,PSFL,0.9979191422462463,0.9979246854782104,True,True,True,True,True,True,5.543231964111328e-06,5.543231964111328e-06,2.1725549004258937e-07,1,5.543231964111328e-06,5.543231964111328e-06,5.543231964111328e-06,1,5.543231964111328e-06,5.543231964111328e-06,5.543231964111328e-06
20230522_200000,98,BUVI,BUVI,0.813019871711731,0.8098438382148743,True,True,True,True,True,True,0.0031760334968566895,0.0031760334968566895,0.0001261040597455576,2,0.005514562129974365,0.0031760334968566895,0.0027572810649871826,2,0.005514562129974365,0.0031760334968566895,0.0027572810649871826
20230522_200000,99,PSFL,PSFL,0.7077646255493164,0.7070846557617188,True,True,True,True,True,True,0.0006799697875976562,0.0006799697875976562,2.6773301215143874e-05,2,0.0011218488216400146,0.0006799697875976562,0.0005609244108200073,2,0.0011218488216400146,0.0006799697875976562,0.0005609244108200073
20230523_000000,1,PSFL,PSFL,0.975127100944519,0.9758225679397583,True,True,True,True,True,True,0.0006954669952392578,0.0006954669952392578,2.727816900005564e-05,1,0.0006954669952392578,0.0006954669952392578,0.0006954669952392578,1,0.0006954669952392578,0.0006954669952392578,0.0006954669952392578
20230523_000000,10,PSFL,PSFL,0.9472573399543762,0.9480850100517273,True,True,True,True,True,True,0.0008276700973510742,0.0008276700973510742,3.2584848668193445e-05,1,0.0008276700973510742,0.0008276700973510742,0.0008276700973510742,1,0.0008276700973510742,0.0008276700973510742,0.0008276700973510742
20230523_000000,100,COCO,COCO,0.8359395265579224,0.8361433148384094,True,True,True,True,True,True,0.00020378828048706055,0.00020378828048706055,8.61837270349497e-06,1,0.00020378828048706055,0.00020378828048706055,0.00020378828048706055,1,0.00020378828048706055,0.00020378828048706055,0.00020378828048706055
20230523_000000,101,CALU,CALU,0.9590864181518555,0.9588135480880737,True,True,True,True,True,True,0.0002728700637817383,0.0002728700637817383,1.069882455340121e-05,1,0.0002728700637817383,0.0002728700637817383,0.0002728700637817383,1,0.0002728700637817383,0.0002728700637817383,0.0002728700637817383
20230523_000000,102,PSFL,PSFL,0.9033751487731934,0.902961015701294,True,True,True,True,False,False,0.00041413307189941406,0.00041413307189941406,1.624088326934725e-05,1,0.00041413307189941406,0.00041413307189941406,0.00041413307189941406,1,0.00041413307189941406,0.00041413307189941406,0.00041413307189941406
20230523_000000,103,PSFL,PSFL,0.9950891137123108,0.9951005578041077,True,True,True,True,True,True,1.1444091796875e-05,1.1444091796875e-05,4.729293152649916e-07,1,1.1444091796875e-05,1.1444091796875e-05,1.1444091796875e-05,1,1.1444091796875e-05,1.1444091796875e-05,1.1444091796875e-05
20230523_000000,104,CALU,CALU,0.969340980052948,0.9693295359611511,True,True,True,True,True,True,1.1444091796875e-05,6.57401978969574e-05,4.673352577810874e-06,1,1.1444091796875e-05,1.1444091796875e-05,1.1444091796875e-05,1,1.1444091796875e-05,1.1444091796875e-05,1.1444091796875e-05
20230523_000000,105,CALU,CALU,0.7128051519393921,0.7139387726783752,True,True,True,True,True,True,0.0011336207389831543,0.00114518404006958,4.4955319026485085e-05,2,0.0022788047790527344,0.00114518404006958,0.0011394023895263672,2,0.0022788047790527344,0.00114518404006958,0.0011394023895263672
20230523_000000,106,CALU,CALU,0.9996174573898315,0.9996160268783569,True,True,True,True,True,True,1.430511474609375e-06,2.148532075807452e-06,8.61294680021274e-08,1,1.430511474609375e-06,1.430511474609375e-06,1.430511474609375e-06,1,1.430511474609375e-06,1.430511474609375e-06,1.430511474609375e-06
20230523_000000,107,CAGU,CAGU,0.36943748593330383,0.36985480785369873,True,True,True,True,True,True,0.00041732192039489746,0.00041732192039489746,2.9838060072506778e-05,3,0.0007705613970756531,0.00041732192039489746,0.0002568537893239409,3,0.0007705613970756531,0.00041732192039489746,0.0002568537893239409
20230523_000000,108,PSFL,PSFL,0.9867072105407715,0.9867004752159119,True,True,True,True,True,True,6.735324859619141e-06,9.32288821786642e-06,3.8155999959599285e-07,1,6.735324859619141e-06,6.735324859619141e-06,6.735324859619141e-06,1,6.735324859619141e-06,6.735324859619141e-06,6.735324859619141e-06
20230523_000000,109,PSFL,PSFL,0.9701716899871826,0.969971776008606,True,True,True,True,True,True,0.00019991397857666016,0.00019991397857666016,7.85169868322555e-06,1,0.00019991397857666016,0.00019991397857666016,0.00019991397857666016,1,0.00019991397857666016,0.00019991397857666016,0.00019991397857666016
20230523_000000,11,SHOT,SHOT,0.47856396436691284,0.4783114492893219,True,True,True,True,True,True,0.0002525150775909424,0.00027808547019958496,2.1083666069898754e-05,2,0.0005306005477905273,0.00027808547019958496,0.00026530027389526367,2,0.0005306005477905273,0.00027808547019958496,0.00026530027389526367
20230523_000000,110,CALU,CALU,0.9239597916603088,0.9239550232887268,True,True,True,True,True,True,4.76837158203125e-06,1.1718366295099258e-05,1.4582176390831592e-06,1,4.76837158203125e-06,4.76837158203125e-06,4.76837158203125e-06,1,4.76837158203125e-06,4.76837158203125e-06,4.76837158203125e-06
20230523_000000,111,CALU,CALU,0.9999662637710571,0.9999662637710571,True,True,True,True,True,True,0.0,4.4696207623928785e-08,1.3973129320277167e-09,1,0.0,0.0,0.0,1,0.0,0.0,0.0
20230523_000000,112,PSFL,PSFL,0.9681589007377625,0.9680907726287842,True,True,True,True,True,True,6.812810897827148e-05,7.134675979614258e-05,2.796242597469245e-06,1,6.812810897827148e-05,6.812810897827148e-05,6.812810897827148e-05,1,6.812810897827148e-05,6.812810897827148e-05,6.812810897827148e-05
20230523_000000,113,PSFL,PSFL,0.9974838495254517,0.9974798560142517,True,True,True,True,True,True,3.993511199951172e-06,3.993511199951172e-06,1.5653263574222365e-07,1,3.993511199951172e-06,3.993511199951172e-06,3.993511199951172e-06,1,3.993511199951172e-06,3.993511199951172e-06,3.993511199951172e-06
20230523_000000,114,CALU,CALU,0.6263367533683777,0.6239893436431885,True,True,True,True,True,True,0.002347409725189209,0.002403855323791504,9.427075565326959e-05,2,0.004751265048980713,0.002403855323791504,0.0023756325244903564,2,0.004751265048980713,0.002403855323791504,0.0023756325244903564
20230523_000000,115,PSFL,PSFL,0.46978631615638733,0.4702960252761841,True,True,True,True,True,True,0.0005097091197967529,0.0014005079865455627,6.74752882332541e-05,2,0.0015586614608764648,0.001048952341079712,0.0007793307304382324,2,0.0015586614608764648,0.001048952341079712,0.0007793307304382324
20230523_000000,116,BUVI,BUVI,0.5282461047172546,0.5274850726127625,True,True,True,True,True,True,0.0007610321044921875,0.0007610321044921875,3.7212194001767784e-05,3,0.001390017569065094,0.0007610321044921875,0.00046333917998708785,3,0.001390017569065094,0.0007610321044921875,0.00046333917998708785
20230523_000000,117,CALU,CALU,0.8112972378730774,0.8135502934455872,True,True,True,True,True,True,0.0022530555725097656,0.0022530555725097656,8.839402289595455e-05,2,0.002574533224105835,0.0022530555725097656,0.0012872666120529175,2,0.002574533224105835,0.0022530555725097656,0.0012872666120529175
20230523_000000,118,HOSA,HOSA,0.17310306429862976,0.1738237589597702,True,True,True,True,True,True,0.0007206946611404419,0.0007206946611404419,6.960058817639947e-05,2,0.0011444687843322754,0.0007206946611404419,0.0005722343921661377,2,0.0011444687843322754,0.0007206946611404419,0.0005722343921661377
20230523_000000,119,PSFL,PSFL,0.9962849617004395,0.9962950348854065,True,True,True,True,True,True,1.0073184967041016e-05,1.0073184967041016e-05,3.9449486166631687e-07,1,1.0073184967041016e-05,1.0073184967041016e-05,1.0073184967041016e-05,1,1.0073184967041016e-05,1.0073184967041016e-05,1.0073184967041016e-05
20230523_000000,12,PSFL,PSFL,0.7501599788665771,0.7529346346855164,True,True,True,True,True,True,0.002774655818939209,0.002774655818939209,0.00010881751222768798,2,0.005431145429611206,0.002774655818939209,0.002715572714805603,2,0.005431145429611206,0.002774655818939209,0.002715572714805603
20230523_000000,120,CALU,CALU,0.351043701171875,0.3521144390106201,True,True,True,True,True,True,0.0010707378387451172,0.0010707378387451172,5.7766745158005506e-05,3,0.0013287067413330078,0.0010707378387451172,0.0004429022374097258,3,0.0013287067413330078,0.0010707378387451172,0.0004429022374097258
20230523_000000,121,PSFL,PSFL,0.7097560167312622,0.709425151348114,True,True,True,True,True,True,0.00033086538314819336,0.0015053078532218933,5.903859346290119e-05,3,0.0030105337500572205,0.0015053078532218933,0.0010035112500190735,3,0.0030105337500572205,0.0015053078532218933,0.0010035112500190735
20230523_000000,122,COCO,COCO,0.5049902200698853,0.5047036409378052,True,True,True,True,True,True,0.0002865791320800781,0.0003319680690765381,1.343636085948674e-05,2,0.0006185472011566162,0.0003319680690765381,0.0003092736005783081,2,0.0006185472011566162,0.0003319680690765381,0.0003092736005783081
20230523_000000,123,SHOT,SHOT,0.43033483624458313,0.43195992708206177,True,True,True,True,True,True,0.0016250908374786377,0.0016250908374786377,6.768413004465401e-05,2,0.002452284097671509,0.0016250908374786377,0.0012261420488357544,2,0.002452284097671509,0.0016250908374786377,0.0012261420488357544
20230523_000000,124,PSFL,PSFL,0.9990904331207275,0.9990993738174438,True,True,True,True,True,True,8.940696716308594e-06,8.940696716308594e-06,3.507678059122554e-07,1,8.940696716308594e-06,8.940696716308594e-06,8.940696716308594e-06,1,8.940696716308594e-06,8.940696716308594e-06,8.940696716308594e-06
20230523_000000,125,CALU,CALU,0.29021167755126953,0.29479023814201355,True,True,True,True,True,True,0.0045785605907440186,0.0045785605907440186,0.00018360513786319643,2,0.007294893264770508,0.0045785605907440186,0.003647446632385254,2,0.007294893264770508,0.0045785605907440186,0.003647446632385254
20230523_000000,126,SHOT,SHOT,0.36132749915122986,0.36206212639808655,True,True,True,True,True,True,0.0007346272468566895,0.0007346272468566895,4.213405554764904e-05,3,0.0014146417379379272,0.0007346272468566895,0.0004715472459793091,3,0.0014146417379379272,0.0007346272468566895,0.0004715472459793091
20230523_000000,127,BUVI,BUVI,0.5072795748710632,0.5045220255851746,True,True,True,True,True,True,0.002757549285888672,0.002757549285888672,0.00011219638690818101,2,0.003366127610206604,0.002757549285888672,0.001683063805103302,2,0.003366127610206604,0.002757549285888672,0.001683063805103302
20230523_000000,128,COCO,COCO,0.2539193332195282,0.25353768467903137,True,True,True,True,True,True,0.00038164854049682617,0.00038164854049682617,3.442639717832208e-05,2,0.0005053728818893433,0.00038164854049682617,0.00025268644094467163,2,0.0005053728818893433,0.00038164854049682617,0.00025268644094467163
20230523_000000,129,PSFL,PSFL,0.949381947517395,0.9496848583221436,True,True,True,True,True,True,0.00030291080474853516,0.00030291080474853516,1.1879946214321535e-05,1,0.00030291080474853516,0.00030291080474853516,0.00030291080474853516,1,0.00030291080474853516,0.00030291080474853516,0.00030291080474853516
20230523_000000,13,PSFL,PSFL,0.9794455170631409,0.9795629978179932,True,True,True,True,True,True,0.00011748075485229492,0.00011751800775527954,4.608288691088092e-06,1,0.00011748075485229492,0.00011748075485229492,0.00011748075485229492,1,0.00011748075485229492,0.00011748075485229492,0.00011748075485229492
20230523_000000,130,CALU,CALU,0.5320975184440613,0.5327159762382507,True,True,True,True,True,True,0.0006184577941894531,0.0006608515977859497,2.591686279629357e-05,2,0.0006608963012695312,0.0006184577941894531,0.0003304481506347656,2,0.0006608963012695312,0.0006184577941894531,0.0003304481506347656
20230523_000000,131,POEC,POEC,0.6314405798912048,0.6314889192581177,True,True,True,True,True,True,4.83393669128418e-05,0.0004347264766693115,1.9539713321137242e-05,3,0.0007774531841278076,0.0004347264766693115,0.0002591510710772127,3,0.0007774531841278076,0.0004347264766693115,0.0002591510710772127
20230523_000000,132,PSFL,PSFL,0.4360774755477905,0.43692946434020996,True,True,True,True,True,True,0.0008519887924194336,0.0008519887924194336,4.056396574014798e-05,3,0.0016244351863861084,0.0008519887924194336,0.0005414783954620361,3,0.0016244351863861084,0.0008519887924194336,0.0005414783954620361
20230523_000000,133,CALU,CALU,0.9652401804924011,0.9651999473571777,True,True,True,True,True,True,4.023313522338867e-05,4.781829193234444e-05,3.639641363406554e-06,1,4.023313522338867e-05,4.023313522338867e-05,4.023313522338867e-05,1,4.023313522338867e-05,4.023313522338867e-05,4.023313522338867e-05
20230523_000000,134,COCO,COCO,0.24394364655017853,0.24365316331386566,True,True,True,True,True,True,0.0002904832363128662,0.0002904832363128662,2.8987216865061782e-05,4,0.0006449297070503235,0.0002904832363128662,0.00016123242676258087,4,0.0006449297070503235,0.0002904832363128662,0.00016123242676258087
20230523_000000,135,POEC,POEC,0.3203358054161072,0.32061123847961426,True,True,True,True,True,True,0.0002754330635070801,0.0002754330635070801,2.3933172997203656e-05,2,0.0004591941833496094,0.0002754330635070801,0.0002295970916748047,2,0.0004591941833496094,0.0002754330635070801,0.0002295970916748047
20230523_000000,136,COCO,COCO,0.8779226541519165,0.8774462342262268,True,True,True,True,True,True,0.00047641992568969727,0.00047641992568969727,2.099255107168574e-05,1,0.00047641992568969727,0.00047641992568969727,0.00047641992568969727,1,0.00047641992568969727,0.00047641992568969727,0.00047641992568969727
20230523_000000,137,CALU,CALU,0.9814413785934448,0.9815056920051575,True,True,True,True,True,True,6.431341171264648e-05,8.480064570903778e-05,3.550203700797283e-06,1,6.431341171264648e-05,6.431341171264648e-05,6.431341171264648e-05,1,6.431341171264648e-05,6.431341171264648e-05,6.431341171264648e-05
20230523_000000,138,PSFL,PSFL,0.9375353455543518,0.936765730381012,True,True,True,True,True,True,0.0007696151733398438,0.0007696524262428284,3.0181932743289508e-05,1,0.0007696151733398438,0.0007696151733398438,0.0007696151733398438,1,0.0007696151733398438,0.0007696151733398438,0.0007696151733398438
20230523_000000,139,HOSA,HOSA,0.4684688150882721,0.4669674038887024,True,True,True,True,True,True,0.0015014111995697021,0.0015014111995697021,6.735916394973174e-05,2,0.0028522610664367676,0.0015014111995697021,0.0014261305332183838,2,0.0028522610664367676,0.0015014111995697021,0.0014261305332183838
20230523_000000,14,PSFL,PSFL,0.7017102837562561,0.7074632048606873,True,True,True,True,True,True,0.005752921104431152,0.005865335464477539,0.00023013803001958877,2,0.011618256568908691,0.005865335464477539,0.005809128284454346,2,0.011618256568908691,0.005865335464477539,0.005809128284454346
20230523_000000,140,PSFL,PSFL,0.6393908858299255,0.6398705244064331,True,True,True,True,True,True,0.00047963857650756836,0.00047963857650756836,1.880951640487183e-05,2,0.0008555054664611816,0.00047963857650756836,0.0004277527332305908,2,0.0008555054664611816,0.00047963857650756836,0.0004277527332305908
20230523_000000,141,TADO2,TADO2,0.3022655248641968,0.3028961718082428,True,True,True,True,True,True,0.0006306469440460205,0.0006753876805305481,5.852634058101103e-05,2,0.0010993629693984985,0.0006306469440460205,0.0005496814846992493,2,0.0010993629693984985,0.0006306469440460205,0.0005496814846992493
20230523_000000,142,PSFL,PSFL,0.501220703125,0.5017752647399902,True,True,True,True,True,True,0.0005545616149902344,0.0005545616149902344,2.262176167278085e-05,2,0.0010164380073547363,0.0005545616149902344,0.0005082190036773682,2,0.0010164380073547363,0.0005545616149902344,0.0005082190036773682
20230523_000000,143,COCO,COCO,0.6266059279441833,0.6273495554924011,True,True,True,True,True,True,0.0007436275482177734,0.0007436275482177734,3.0731276638107374e-05,2,0.0008227452635765076,0.0007436275482177734,0.0004113726317882538,2,0.0008227452635765076,0.0007436275482177734,0.0004113726317882538
20230523_000000,144,POEC,POEC,0.4768695831298828,0.47683119773864746,True,True,True,True,True,True,3.838539123535156e-05,0.0002857223153114319,2.1964480765745975e-05,2,0.00021526217460632324,0.00017687678337097168,0.00010763108730316162,2,0.00021526217460632324,0.00017687678337097168,0.00010763108730316162
20230523_000000,145,HOSA,HOSA,0.5877428650856018,0.5875122547149658,True,True,True,True,True,True,0.00023061037063598633,0.00023061037063598633,2.3564718503621407e-05,2,0.0003895759582519531,0.00023061037063598633,0.00019478797912597656,2,0.0003895759582519531,0.00023061037063598633,0.00019478797912597656
20230523_000000,146,COCO,COCO,0.1708177775144577,0.1705644726753235,True,True,True,True,True,True,0.0002533048391342163,0.0007841438055038452,6.810449121985584e-05,3,0.0013333186507225037,0.0007841438055038452,0.0004444395599421114,3,0.0013333186507225037,0.0007841438055038452,0.0004444395599421114
20230523_000000,147,CALU,CALU,0.366820365190506,0.3683273494243622,True,True,True,True,True,True,0.0015069842338562012,0.002148866653442383,0.0001032068466884084,3,0.004101276397705078,0.002148866653442383,0.0013670921325683594,3,0.004101276397705078,0.002148866653442383,0.0013670921325683594
20230523_000000,148,TUMI,TUMI,0.1548040211200714,0.1548236757516861,True,True,True,True,True,True,1.965463161468506e-05,0.0006290078163146973,5.983869050396606e-05,3,0.001224316656589508,0.0006290078163146973,0.0004081055521965027,3,0.001224316656589508,0.0006290078163146973,0.0004081055521965027
20230523_000000,149,CALU,CALU,0.7143092751502991,0.7158915996551514,True,True,True,True,True,True,0.001582324504852295,0.0015884041786193848,6.364069849951193e-05,2,0.0031707286834716797,0.0015884041786193848,0.0015853643417358398,2,0.0031707286834716797,0.0015884041786193848,0.0015853643417358398
20230523_000000,15,PSFL,PSFL,0.8543216586112976,0.8544541597366333,True,True,True,True,True,True,0.00013250112533569336,0.00013250112533569336,5.199602583161322e-06,2,0.00024241209030151367,0.00013250112533569336,0.00012120604515075684,2,0.00024241209030151367,0.00013250112533569336,0.00012120604515075684
20230523_000000,150,SHOT,SHOT,0.5397962927818298,0.5390194058418274,True,True,True,True,True,True,0.0007768869400024414,0.0007890462875366211,3.6352263123262674e-05,2,0.0015659332275390625,0.0007890462875366211,0.0007829666137695312,2,0.0015659332275390625,0.0007890462875366211,0.0007829666137695312
20230523_000000,16,PSFL,PSFL,0.8599539399147034,0.8594399094581604,True,True,True,True,True,True,0.0005140304565429688,0.0005140304565429688,2.3795428205630742e-05,1,0.0005140304565429688,0.0005140304565429688,0.0005140304565429688,1,0.0005140304565429688,0.0005140304565429688,0.0005140304565429688
20230523_000000,17,COCO,COCO,0.33184704184532166,0.332597941160202,True,True,True,True,True,True,0.0007508993148803711,0.0007508993148803711,5.292356581776403e-05,2,0.0014601647853851318,0.0007508993148803711,0.0007300823926925659,2,0.0014601647853851318,0.0007508993148803711,0.0007300823926925659
20230523_000000,18,COCO,COCO,0.3148272633552551,0.3124786913394928,True,True,True,True,True,True,0.002348572015762329,0.002348572015762329,0.00012546154903247952,4,0.004031389951705933,0.002348572015762329,0.0010078474879264832,4,0.004031389951705933,0.002348572015762329,0.0010078474879264832
20230523_000000,19,POEC,POEC,0.31441888213157654,0.3135973811149597,True,True,True,True,True,True,0.0008215010166168213,0.0008215010166168213,9.397208486916497e-05,2,0.0015688836574554443,0.0008215010166168213,0.0007844418287277222,2,0.0015688836574554443,0.0008215010166168213,0.0007844418287277222
20230523_000000,2,HOSA,HOSA,0.25094321370124817,0.2509644031524658,True,True,True,True,True,True,2.1189451217651367e-05,0.0012648999691009521,6.317023508017883e-05,3,0.0017496496438980103,0.0012648999691009521,0.0005832165479660034,3,0.0017496496438980103,0.0012648999691009521,0.0005832165479660034
20230523_000000,20,PSFL,PSFL,0.5490963459014893,0.5454393029212952,True,True,True,True,True,True,0.003657042980194092,0.00400659441947937,0.00015712443564552814,2,0.007663637399673462,0.00400659441947937,0.003831818699836731,2,0.007663637399673462,0.00400659441947937,0.003831818699836731
20230523_000000,21,CALU,CALU,0.9993764758110046,0.9993765950202942,True,True,True,True,True,True,1.1920928955078125e-07,1.0590592864900827e-06,4.4225718198731556e-08,1,1.1920928955078125e-07,1.1920928955078125e-07,1.1920928955078125e-07,1,1.1920928955078125e-07,1.1920928955078125e-07,1.1920928955078125e-07
20230523_000000,22,SPRU,SPRU,0.21501131355762482,0.21592551469802856,True,True,True,True,True,True,0.0009142011404037476,0.0009265393018722534,8.428864384768531e-05,3,0.0021504759788513184,0.0009265393018722534,0.0007168253068812191,3,0.0021504759788513184,0.0009265393018722534,0.0007168253068812191
20230523_000000,23,CALU,CALU,0.993735134601593,0.9936235547065735,True,True,True,True,True,True,0.00011157989501953125,0.00011157989501953125,4.375773642095737e-06,1,0.00011157989501953125,0.00011157989501953125,0.00011157989501953125,1,0.00011157989501953125,0.00011157989501953125,0.00011157989501953125
20230523_000000,24,PSFL,PSFL,0.16915059089660645,0.16845963895320892,True,True,True,True,True,True,0.000690951943397522,0.0015312954783439636,0.0001800227037165314,1,0.000690951943397522,0.000690951943397522,0.000690951943397522,1,0.000690951943397522,0.000690951943397522,0.000690951943397522
20230523_000000,25,SHOT,SHOT,0.8318959474563599,0.8319048881530762,True,True,True,True,True,True,8.940696716308594e-06,5.3785741329193115e-05,5.769285053247586e-06,1,8.940696716308594e-06,8.940696716308594e-06,8.940696716308594e-06,1,8.940696716308594e-06,8.940696716308594e-06,8.940696716308594e-06
20230523_000000,26,PSFL,PSFL,0.8445565104484558,0.845869779586792,True,True,True,True,True,True,0.0013132691383361816,0.0013201385736465454,5.191744276089594e-05,2,0.002633407711982727,0.0013201385736465454,0.0013167038559913635,2,0.002633407711982727,0.0013201385736465454,0.0013167038559913635
20230523_000000,27,PSFL,PSFL,0.27918541431427,0.2779403328895569,True,True,True,True,True,True,0.0012450814247131348,0.0019093751907348633,8.656829595565796e-05,3,0.003325730562210083,0.0019093751907348633,0.001108576892875135,3,0.003325730562210083,0.0019093751907348633,0.001108576892875135
20230523_000000,28,CALU,CALU,0.3565564751625061,0.35303202271461487,True,True,True,True,True,True,0.0035244524478912354,0.0035244524478912354,0.00014127884060144424,2,0.004490360617637634,0.0035244524478912354,0.002245180308818817,2,0.004490360617637634,0.0035244524478912354,0.002245180308818817
20230523_000000,29,SHOT,SHOT,0.6111570000648499,0.6123790740966797,True,True,True,True,True,True,0.001222074031829834,0.001222074031829834,5.432518810266629e-05,2,0.0017026811838150024,0.001222074031829834,0.0008513405919075012,2,0.0017026811838150024,0.001222074031829834,0.0008513405919075012
20230523_000000,3,CCOO,CCOO,0.1767943650484085,0.1764361709356308,True,True,True,True,True,True,0.00035819411277770996,0.00035819411277770996,3.6944198654964566e-05,2,0.0004676729440689087,0.00035819411277770996,0.00023383647203445435,2,0.0004676729440689087,0.00035819411277770996,0.00023383647203445435
20230523_000000,30,PSFL,PSFL,0.923451840877533,0.9231396913528442,True,True,True,True,True,True,0.0003121495246887207,0.0003127977252006531,1.2266446901776362e-05,1,0.0003121495246887207,0.0003121495246887207,0.0003121495246887207,1,0.0003121495246887207,0.0003121495246887207,0.0003121495246887207
20230523_000000,31,CALU,CALU,0.8174310922622681,0.8169331550598145,True,True,True,True,True,True,0.0004979372024536133,0.0004979372024536133,1.9763856471399777e-05,1,0.0004979372024536133,0.0004979372024536133,0.0004979372024536133,1,0.0004979372024536133,0.0004979372024536133,0.0004979372024536133
20230523_000000,32,SHOT,SHOT,0.34611523151397705,0.34631505608558655,True,True,True,True,True,True,0.00019982457160949707,0.0006633996963500977,4.674497904488817e-05,3,0.0010326281189918518,0.0006633996963500977,0.00034420937299728394,3,0.0010326281189918518,0.0006633996963500977,0.00034420937299728394
20230523_000000,33,PSFL,PSFL,0.9917798638343811,0.9919692873954773,True,True,True,True,True,True,0.0001894235610961914,0.0001894235610961914,7.428016488120193e-06,1,0.0001894235610961914,0.0001894235610961914,0.0001894235610961914,1,0.0001894235610961914,0.0001894235610961914,0.0001894235610961914
20230523_000000,34,TUMI,TUMI,0.23866043984889984,0.23984163999557495,True,True,True,True,True,True,0.0011812001466751099,0.0011812001466751099,6.114608549978584e-05,2,0.0016128867864608765,0.0011812001466751099,0.0008064433932304382,2,0.0016128867864608765,0.0011812001466751099,0.0008064433932304382
20230523_000000,35,PSFL,PSFL,0.9988603591918945,0.9988521337509155,True,True,True,True,True,True,8.225440979003906e-06,8.225440979003906e-06,3.2202186162066937e-07,1,8.225440979003906e-06,8.225440979003906e-06,8.225440979003906e-06,1,8.225440979003906e-06,8.225440979003906e-06,8.225440979003906e-06
20230523_000000,36,SHOT,SHOT,0.4128729999065399,0.41237011551856995,True,True,True,True,True,True,0.0005028843879699707,0.0005028843879699707,2.675528230611235e-05,2,0.0009592026472091675,0.0005028843879699707,0.00047960132360458374,2,0.0009592026472091675,0.0005028843879699707,0.00047960132360458374
20230523_000000,37,CALU,CALU,0.9657970666885376,0.9660812616348267,True,True,True,True,True,True,0.0002841949462890625,0.0002841949462890625,1.1151012586196885e-05,1,0.0002841949462890625,0.0002841949462890625,0.0002841949462890625,1,0.0002841949462890625,0.0002841949462890625,0.0002841949462890625
20230523_000000,38,BUVI,BUVI,0.31534543633461,0.31260058283805847,True,True,True,True,True,True,0.0027448534965515137,0.0027448534965515137,0.0001339017180725932,4,0.004990667104721069,0.0027448534965515137,0.0012476667761802673,4,0.004990667104721069,0.0027448534965515137,0.0012476667761802673
20230523_000000,39,CALU,CALU,0.9623057842254639,0.9621902108192444,True,True,True,True,True,True,0.00011557340621948242,0.00011557340621948242,6.717786618537502e-06,1,0.00011557340621948242,0.00011557340621948242,0.00011557340621948242,1,0.00011557340621948242,0.00011557340621948242,0.00011557340621948242
20230523_000000,4,PSFL,PSFL,0.9934355020523071,0.9934635162353516,True,True,True,True,True,True,2.8014183044433594e-05,2.9884744435548782e-05,1.173100486084877e-06,1,2.8014183044433594e-05,2.8014183044433594e-05,2.8014183044433594e-05,1,2.8014183044433594e-05,2.8014183044433594e-05,2.8014183044433594e-05
20230523_000000,40,CAGU,CAGU,0.9255586266517639,0.9253843426704407,True,True,True,True,True,True,0.0001742839813232422,0.0001742839813232422,8.773743502388243e-06,1,0.0001742839813232422,0.0001742839813232422,0.0001742839813232422,1,0.0001742839813232422,0.0001742839813232422,0.0001742839813232422
20230523_000000,41,CALU,CALU,0.9021830558776855,0.9015692472457886,True,True,True,True,True,True,0.0006138086318969727,0.0006138086318969727,2.407233478152193e-05,1,0.0006138086318969727,0.0006138086318969727,0.0006138086318969727,1,0.0006138086318969727,0.0006138086318969727,0.0006138086318969727
20230523_000000,42,PSFL,PSFL,0.6592112183570862,0.6592375040054321,True,True,True,True,True,True,2.6285648345947266e-05,0.00035685300827026367,1.4002955140313134e-05,2,0.00038313865661621094,0.00035685300827026367,0.00019156932830810547,2,0.00038313865661621094,0.00035685300827026367,0.00019156932830810547
20230523_000000,43,HOSA,HOSA,0.23309603333473206,0.23313231766223907,True,True,True,True,True,True,3.628432750701904e-05,0.00035230815410614014,2.6510866518947296e-05,3,0.0004110783338546753,0.00035230815410614014,0.00013702611613553017,3,0.0004110783338546753,0.00035230815410614014,0.00013702611613553017
20230523_000000,44,COCO,COCO,0.4426189363002777,0.4431661069393158,True,True,True,True,True,True,0.0005471706390380859,0.0005471706390380859,2.1634916265611537e-05,2,0.0007268786430358887,0.0005471706390380859,0.00036343932151794434,2,0.0007268786430358887,0.0005471706390380859,0.00036343932151794434
20230523_000000,45,PSFL,PSFL,0.9938915967941284,0.9938954710960388,True,True,True,True,True,True,3.874301910400391e-06,3.874301910400391e-06,1.520304095947722e-07,1,3.874301910400391e-06,3.874301910400391e-06,3.874301910400391e-06,1,3.874301910400391e-06,3.874301910400391e-06,3.874301910400391e-06
20230523_000000,46,PSFL,PSFL,0.9700378775596619,0.969987690448761,True,True,True,True,True,True,5.0187110900878906e-05,5.0187110900878906e-05,1.9676015199365793e-06,1,5.0187110900878906e-05,5.0187110900878906e-05,5.0187110900878906e-05,1,5.0187110900878906e-05,5.0187110900878906e-05,5.0187110900878906e-05
20230523_000000,47,COCO,COCO,0.4490775167942047,0.44939082860946655,True,True,True,True,True,True,0.0003133118152618408,0.0004975795745849609,2.2185378838912584e-05,3,0.0010529905557632446,0.0004975795745849609,0.00035099685192108154,3,0.0010529905557632446,0.0004975795745849609,0.00035099685192108154
20230523_000000,48,CALU,CALU,0.9130750894546509,0.9132671356201172,True,True,True,True,True,True,0.0001920461654663086,0.00020091235637664795,1.1364048987161368e-05,1,0.0001920461654663086,0.0001920461654663086,0.0001920461654663086,1,0.0001920461654663086,0.0001920461654663086,0.0001920461654663086
20230523_000000,49,POEC,POEC,0.45502084493637085,0.45575186610221863,True,True,True,True,True,True,0.0007310211658477783,0.0007310211658477783,3.224017200409435e-05,2,0.001076340675354004,0.0007310211658477783,0.000538170337677002,2,0.001076340675354004,0.0007310211658477783,0.000538170337677002
20230523_000000,5,HOSA,HOSA,0.4085323214530945,0.40861135721206665,True,True,True,True,True,True,7.903575897216797e-05,0.0003083646297454834,2.5892826670315117e-05,3,0.0004801824688911438,0.0003083646297454834,0.0001600608229637146,3,0.0004801824688911438,0.0003083646297454834,0.0001600608229637146
20230523_000000,50,COCO,COCO,0.49946698546409607,0.4999256730079651,True,True,True,True,True,True,0.00045868754386901855,0.00045868754386901855,3.665574695332907e-05,1,0.00045868754386901855,0.00045868754386901855,0.00045868754386901855,1,0.00045868754386901855,0.00045868754386901855,0.00045868754386901855
20230523_000000,51,SHOT,SHOT,0.4738704264163971,0.4750230610370636,True,True,True,True,True,True,0.001152634620666504,0.0014055073261260986,5.5183460062835366e-05,3,0.0025923922657966614,0.0014055073261260986,0.0008641307358630002,3,0.0025923922657966614,0.0014055073261260986,0.0008641307358630002
20230523_000000,52,COCO,COCO,0.5952245593070984,0.5935169458389282,True,True,True,True,True,True,0.001707613468170166,0.001707613468170166,6.69689616188407e-05,3,0.0029889196157455444,0.001707613468170166,0.0009963065385818481,3,0.0029889196157455444,0.001707613468170166,0.0009963065385818481
20230523_000000,53,PSFL,PSFL,0.980709433555603,0.9809508323669434,True,True,True,True,True,True,0.00024139881134033203,0.00024148821830749512,9.468437383475248e-06,1,0.00024139881134033203,0.00024139881134033203,0.00024139881134033203,1,0.00024139881134033203,0.00024139881134033203,0.00024139881134033203
20230523_000000,54,COCO,COCO,0.9607780575752258,0.9608676433563232,True,True,True,True,True,True,8.958578109741211e-05,8.958578109741211e-05,3.778848395086243e-06,1,8.958578109741211e-05,8.958578109741211e-05,8.958578109741211e-05,1,8.958578109741211e-05,8.958578109741211e-05,8.958578109741211e-05
20230523_000000,55,HOSA,HOSA,0.17688226699829102,0.17590561509132385,True,True,True,True,True,True,0.000976651906967163,0.0011795982718467712,0.00010537084745010361,3,0.001371726393699646,0.000976651906967163,0.00045724213123321533,3,0.001371726393699646,0.000976651906967163,0.00045724213123321533
20230523_000000,56,PSFL,PSFL,0.9995443224906921,0.9995469450950623,True,True,True,True,True,True,2.6226043701171875e-06,2.7830246835947037e-06,1.0903757896585375e-07,1,2.6226043701171875e-06,2.6226043701171875e-06,2.6226043701171875e-06,1,2.6226043701171875e-06,2.6226043701171875e-06,2.6226043701171875e-06
20230523_000000,57,CALU,CALU,0.8155615925788879,0.8150232434272766,True,True,True,True,True,True,0.0005383491516113281,0.0005411207675933838,2.168169157812372e-05,2,0.001079469919204712,0.0005411207675933838,0.000539734959602356,2,0.001079469919204712,0.0005411207675933838,0.000539734959602356
20230523_000000,58,CALU,CALU,0.7291697263717651,0.7314231395721436,True,True,True,True,True,True,0.002253413200378418,0.002253413200378418,8.836933557176962e-05,2,0.004397094249725342,0.002253413200378418,0.002198547124862671,2,0.004397094249725342,0.002253413200378418,0.002198547124862671
20230523_000000,59,PSFL,PSFL,0.9973543882369995,0.9973702430725098,True,True,True,True,True,True,1.5854835510253906e-05,1.5996629372239113e-05,6.251480044738855e-07,1,1.5854835510253906e-05,1.5854835510253906e-05,1.5854835510253906e-05,1,1.5854835510253906e-05,1.5854835510253906e-05,1.5854835510253906e-05
20230523_000000,6,PSFL,PSFL,0.6631448864936829,0.662322461605072,True,True,True,True,True,True,0.0008224248886108398,0.0008224248886108398,3.2256935810437426e-05,2,0.0015867352485656738,0.0008224248886108398,0.0007933676242828369,2,0.0015867352485656738,0.0008224248886108398,0.0007933676242828369
20230523_000000,60,TADO2,TADO2,0.3544398248195648,0.35614392161369324,True,True,True,True,True,True,0.001704096794128418,0.001704096794128418,6.986691005295143e-05,2,0.00273972749710083,0.001704096794128418,0.001369863748550415,2,0.00273972749710083,0.001704096794128418,0.001369863748550415
20230523_000000,61,CALU,CALU,0.9829512238502502,0.982993483543396,True,True,True,True,True,True,4.225969314575195e-05,4.225969314575195e-05,1.6581335557930288e-06,1,4.225969314575195e-05,4.225969314575195e-05,4.225969314575195e-05,1,4.225969314575195e-05,4.225969314575195e-05,4.225969314575195e-05
20230523_000000,62,PSFL,PSFL,0.9911454319953918,0.9911744594573975,True,True,True,True,True,True,2.9027462005615234e-05,2.9027462005615234e-05,1.1405064697100897e-06,1,2.9027462005615234e-05,2.9027462005615234e-05,2.9027462005615234e-05,1,2.9027462005615234e-05,2.9027462005615234e-05,2.9027462005615234e-05
20230523_000000,63,COCO,COCO,0.20202425122261047,0.20217949151992798,True,True,True,True,True,True,0.00015524029731750488,0.0005268901586532593,4.860980698140338e-05,2,0.0006821304559707642,0.0005268901586532593,0.0003410652279853821,2,0.0006821304559707642,0.0005268901586532593,0.0003410652279853821
20230523_000000,64,CALU,CALU,0.9798371195793152,0.9798765778541565,True,True,True,True,True,True,3.9458274841308594e-05,4.2147934436798096e-05,1.7288342633037246e-06,1,3.9458274841308594e-05,3.9458274841308594e-05,3.9458274841308594e-05,1,3.9458274841308594e-05,3.9458274841308594e-05,3.9458274841308594e-05
20230523_000000,65,CALU,CALU,0.4254443943500519,0.42780038714408875,True,True,True,True,True,True,0.0023559927940368652,0.0023559927940368652,9.251220035366714e-05,3,0.0032441914081573486,0.0023559927940368652,0.0010813971748575568,3,0.0032441914081573486,0.0023559927940368652,0.0010813971748575568
20230523_000000,66,CALU,CALU,0.9253508448600769,0.9250457286834717,True,True,True,True,True,True,0.0003051161766052246,0.0003051161766052246,1.280407468584599e-05,1,0.0003051161766052246,0.0003051161766052246,0.0003051161766052246,1,0.0003051161766052246,0.0003051161766052246,0.0003051161766052246
20230523_000000,67,CALU,CALU,0.7121670246124268,0.7109056115150452,True,True,True,True,True,True,0.0012614130973815918,0.0012614130973815918,5.388299177866429e-05,2,0.0017513781785964966,0.0012614130973815918,0.0008756890892982483,2,0.0017513781785964966,0.0012614130973815918,0.0008756890892982483
20230523_000000,68,SHOT,SHOT,0.7766219973564148,0.777935802936554,True,True,True,True,True,True,0.0013138055801391602,0.0013138055801391602,5.6836652220226824e-05,1,0.0013138055801391602,0.0013138055801391602,0.0013138055801391602,1,0.0013138055801391602,0.0013138055801391602,0.0013138055801391602
20230523_000000,69,CAGU,CAGU,0.35687100887298584,0.3578850030899048,True,True,True,True,True,True,0.0010139942169189453,0.0010139942169189453,4.820806498173624e-05,3,0.00154876708984375,0.0010139942169189453,0.0005162556772120297,3,0.00154876708984375,0.0010139942169189453,0.0005162556772120297
20230523_000000,7,PSFL,PSFL,0.5991523861885071,0.5988065600395203,True,True,True,True,True,True,0.0003458261489868164,0.0006461925804615021,3.6102592275710776e-05,2,0.0009104609489440918,0.0005646347999572754,0.0004552304744720459,2,0.0009104609489440918,0.0005646347999572754,0.0004552304744720459
20230523_000000,70,PSFL,PSFL,0.9992802739143372,0.9992846846580505,True,True,True,True,True,True,4.410743713378906e-06,4.461035132408142e-06,1.739584121196458e-07,1,4.410743713378906e-06,4.410743713378906e-06,4.410743713378906e-06,1,4.410743713378906e-06,4.410743713378906e-06,4.410743713378906e-06
20230523_000000,71,PSFL,PSFL,0.9498326182365417,0.9499953389167786,True,True,True,True,True,True,0.0001627206802368164,0.0002360120415687561,9.259050784748979e-06,1,0.0001627206802368164,0.0001627206802368164,0.0001627206802368164,1,0.0001627206802368164,0.0001627206802368164,0.0001627206802368164
20230523_000000,72,PSFL,PSFL,0.5005918741226196,0.5015488266944885,True,True,True,True,True,False,0.0009569525718688965,0.0022378861904144287,8.78151913639158e-05,3,0.004476428031921387,0.0022378861904144287,0.001492142677307129,3,0.004476428031921387,0.0022378861904144287,0.001492142677307129
20230523_000000,73,CALU,CALU,0.9242522716522217,0.9241248965263367,True,True,True,True,True,True,0.00012737512588500977,0.00012737512588500977,6.639456387347309e-06,1,0.00012737512588500977,0.00012737512588500977,0.00012737512588500977,1,0.00012737512588500977,0.00012737512588500977,0.00012737512588500977
20230523_000000,74,CALU,CALU,0.9981769323348999,0.9981858134269714,True,True,True,True,True,True,8.881092071533203e-06,8.881092071533203e-06,3.5834702316606126e-07,1,8.881092071533203e-06,8.881092071533203e-06,8.881092071533203e-06,1,8.881092071533203e-06,8.881092071533203e-06,8.881092071533203e-06
20230523_000000,75,CALU,CALU,0.905636727809906,0.9060274362564087,True,True,True,True,True,True,0.00039070844650268555,0.00039070844650268555,1.5384308426291682e-05,1,0.00039070844650268555,0.00039070844650268555,0.00039070844650268555,1,0.00039070844650268555,0.00039070844650268555,0.00039070844650268555
20230523_000000,76,CALU,CALU,0.7163614630699158,0.715380072593689,True,True,True,True,True,True,0.0009813904762268066,0.0009813904762268066,4.7760251618456095e-05,1,0.0009813904762268066,0.0009813904762268066,0.0009813904762268066,1,0.0009813904762268066,0.0009813904762268066,0.0009813904762268066
20230523_000000,77,COCO,COCO,0.34507593512535095,0.3446579575538635,True,True,True,True,True,True,0.00041797757148742676,0.00041797757148742676,2.7796520953415893e-05,3,0.0006560757756233215,0.00041797757148742676,0.00021869193005841225,3,0.0006560757756233215,0.00041797757148742676,0.00021869193005841225
20230523_000000,78,PSFL,PSFL,0.9697842001914978,0.9704749584197998,True,True,True,True,True,True,0.000690758228302002,0.000690758228302002,2.709677028178703e-05,1,0.000690758228302002,0.000690758228302002,0.000690758228302002,1,0.000690758228302002,0.000690758228302002,0.000690758228302002
20230523_000000,79,CALU,CALU,0.8303245902061462,0.8304187655448914,True,True,True,True,True,True,9.417533874511719e-05,0.00012160837650299072,5.250754838925786e-06,1,9.417533874511719e-05,9.417533874511719e-05,9.417533874511719e-05,1,9.417533874511719e-05,9.417533874511719e-05,9.417533874511719e-05
20230523_000000,8,PSFL,PSFL,0.5419366359710693,0.5405491590499878,True,True,True,True,True,True,0.001387476921081543,0.0017506182193756104,6.891164230182767e-05,3,0.0034907907247543335,0.0017506182193756104,0.0011635968694463372,3,0.0034907907247543335,0.0017506182193756104,0.0011635968694463372
20230523_000000,80,CALU,CALU,0.9720889925956726,0.9720624089241028,True,True,True,True,True,True,2.658367156982422e-05,2.658367156982422e-05,1.571963366586715e-06,1,2.658367156982422e-05,2.658367156982422e-05,2.658367156982422e-05,1,2.658367156982422e-05,2.658367156982422e-05,2.658367156982422e-05
20230523_000000,81,HOSA,HOSA,0.45413798093795776,0.4554760456085205,True,True,True,True,True,True,0.0013380646705627441,0.0013380646705627441,7.236860983539373e-05,2,0.002345263957977295,0.0013380646705627441,0.0011726319789886475,2,0.002345263957977295,0.0013380646705627441,0.0011726319789886475
20230523_000000,82,HOSA,HOSA,0.43201106786727905,0.43244218826293945,True,True,True,True,True,True,0.0004311203956604004,0.0004311203956604004,1.945181065821089e-05,3,0.0008879750967025757,0.0004311203956604004,0.00029599168919958174,3,0.0008879750967025757,0.0004311203956604004,0.00029599168919958174
20230523_000000,83,CALU,CALU,0.38518038392066956,0.38381826877593994,True,True,True,True,True,True,0.0013621151447296143,0.0013621151447296143,5.767692709923722e-05,3,0.0018052160739898682,0.0013621151447296143,0.0006017386913299561,3,0.0018052160739898682,0.0013621151447296143,0.0006017386913299561
20230523_000000,84,PSFL,PSFL,0.8376152515411377,0.8374178409576416,True,True,True,True,True,True,0.00019741058349609375,0.00024238228797912598,1.022529431793373e-05,2,0.0004397928714752197,0.00024238228797912598,0.00021989643573760986,2,0.0004397928714752197,0.00024238228797912598,0.00021989643573760986
20230523_000000,85,PSFL,PSFL,0.9805676341056824,0.9808872938156128,True,True,True,True,True,True,0.0003196597099304199,0.0003196597099304199,1.2540673196781427e-05,1,0.0003196597099304199,0.0003196597099304199,0.0003196597099304199,1,0.0003196597099304199,0.0003196597099304199,0.0003196597099304199
20230523_000000,86,SHOT,SHOT,0.3153176009654999,0.3164726793766022,True,True,True,True,True,True,0.001155078411102295,0.001155078411102295,5.901524855289608e-05,3,0.0014888346195220947,0.001155078411102295,0.0004962782259099185,3,0.0014888346195220947,0.001155078411102295,0.0004962782259099185
20230523_000000,87,STVA,STVA,0.480855792760849,0.47971591353416443,True,True,True,True,True,True,0.0011398792266845703,0.0011398792266845703,6.677304190816358e-05,3,0.0019965097308158875,0.0011398792266845703,0.0006655032630078495,3,0.0019965097308158875,0.0011398792266845703,0.0006655032630078495
20230523_000000,88,PSFL,PSFL,0.8126844167709351,0.8137779831886292,True,True,True,True,True,True,0.0010935664176940918,0.0010935664176940918,4.349265873315744e-05,2,0.0021521300077438354,0.0010935664176940918,0.0010760650038719177,2,0.0021521300077438354,0.0010935664176940918,0.0010760650038719177
20230523_000000,89,PSFL,PSFL,0.6724343299865723,0.6771038174629211,True,True,True,True,True,True,0.004669487476348877,0.004743844270706177,0.00018617861496750265,2,0.009413331747055054,0.004743844270706177,0.004706665873527527,2,0.009413331747055054,0.004743844270706177,0.004706665873527527
20230523_000000,9,COCO,COCO,0.7998701930046082,0.7982963919639587,True,True,True,True,True,True,0.001573801040649414,0.001573801040649414,6.171558197820559e-05,1,0.001573801040649414,0.001573801040649414,0.001573801040649414,1,0.001573801040649414,0.001573801040649414,0.001573801040649414
20230523_000000,90,CALU,CALU,0.7643353343009949,0.7643258571624756,True,True,True,True,True,True,9.47713851928711e-06,7.087737321853638e-05,6.045094778528437e-06,1,9.47713851928711e-06,9.47713851928711e-06,9.47713851928711e-06,1,9.47713851928711e-06,9.47713851928711e-06,9.47713851928711e-06
20230523_000000,91,CALU,CALU,0.9998599290847778,0.999861478805542,True,True,True,True,True,True,1.5497207641601562e-06,1.8655700841918588e-06,7.202574181519594e-08,1,1.5497207641601562e-06,1.5497207641601562e-06,1.5497207641601562e-06,1,1.5497207641601562e-06,1.5497207641601562e-06,1.5497207641601562e-06
20230523_000000,92,POEC,POEC,0.4596761465072632,0.4600904881954193,True,True,True,True,True,True,0.00041434168815612793,0.002078920602798462,8.152698865160346e-05,2,0.00249326229095459,0.002078920602798462,0.001246631145477295,2,0.00249326229095459,0.002078920602798462,0.001246631145477295
20230523_000000,93,CAGU,CAGU,0.357246458530426,0.35606610774993896,True,True,True,True,True,True,0.0011803507804870605,0.0011803507804870605,8.583655289839953e-05,3,0.002865314483642578,0.0011803507804870605,0.0009551048278808594,3,0.002865314483642578,0.0011803507804870605,0.0009551048278808594
20230523_000000,94,PSFL,PSFL,0.9143866896629333,0.9145470857620239,True,True,True,True,True,True,0.00016039609909057617,0.0001711025834083557,6.777904218324693e-06,1,0.00016039609909057617,0.00016039609909057617,0.00016039609909057617,1,0.00016039609909057617,0.00016039609909057617,0.00016039609909057617
20230523_000000,95,TUMI,TUMI,0.34451425075531006,0.34301361441612244,True,True,True,True,True,False,0.001500636339187622,0.001500636339187622,8.794705354375765e-05,1,0.001500636339187622,0.001500636339187622,0.001500636339187622,1,0.001500636339187622,0.001500636339187622,0.001500636339187622
20230523_000000,96,STVA,STVA,0.45124351978302,0.44949495792388916,True,True,True,True,True,True,0.0017485618591308594,0.0019141733646392822,0.000147728031151928,3,0.0049094706773757935,0.0019141733646392822,0.0016364902257919312,3,0.0049094706773757935,0.0019141733646392822,0.0016364902257919312
20230523_000000,97,PSFL,PSFL,0.9989921450614929,0.9990103244781494,True,True,True,True,True,True,1.817941665649414e-05,1.817941665649414e-05,7.122616239030322e-07,1,1.817941665649414e-05,1.817941665649414e-05,1.817941665649414e-05,1,1.817941665649414e-05,1.817941665649414e-05,1.817941665649414e-05
20230523_000000,98,CALU,CALU,0.3988614082336426,0.40052491426467896,True,True,True,True,True,True,0.001663506031036377,0.001663506031036377,6.725292769260705e-05,4,0.0029281675815582275,0.001663506031036377,0.0007320418953895569,4,0.0029281675815582275,0.001663506031036377,0.0007320418953895569
20230523_000000,99,PSFL,PSFL,0.7891468405723572,0.7888936996459961,True,True,True,True,True,True,0.000253140926361084,0.000253140926361084,9.955423593055457e-06,2,0.0004878193140029907,0.000253140926361084,0.00024390965700149536,2,0.0004878193140029907,0.000253140926361084,0.00024390965700149536
20230523_200000,1,CALU,CALU,0.7249951362609863,0.7256181240081787,True,True,True,True,True,True,0.0006229877471923828,0.0006229877471923828,3.591568020056002e-05,1,0.0006229877471923828,0.0006229877471923828,0.0006229877471923828,1,0.0006229877471923828,0.0006229877471923828,0.0006229877471923828
20230523_200000,10,PSFL,PSFL,0.6314324140548706,0.6307264566421509,True,True,True,True,True,True,0.0007059574127197266,0.0012819916009902954,5.4374566389014944e-05,2,0.001987949013710022,0.0012819916009902954,0.000993974506855011,2,0.001987949013710022,0.0012819916009902954,0.000993974506855011
20230523_200000,100,BUVI,BUVI,0.8540721535682678,0.8522101640701294,True,True,True,True,True,True,0.0018619894981384277,0.0018619894981384277,7.303891470655799e-05,2,0.003594815731048584,0.0018619894981384277,0.001797407865524292,2,0.003594815731048584,0.0018619894981384277,0.001797407865524292
20230523_200000,101,COCO,COCO,0.5601897835731506,0.5609164834022522,True,True,True,True,True,True,0.0007266998291015625,0.0017113983631134033,6.713782931910828e-05,2,0.002438098192214966,0.0017113983631134033,0.001219049096107483,2,0.002438098192214966,0.0017113983631134033,0.001219049096107483
20230523_200000,102,PSFL,PSFL,0.991980791091919,0.9919254183769226,True,True,True,True,True,True,5.537271499633789e-05,5.5390410125255585e-05,2.1718954030802706e-06,1,5.537271499633789e-05,5.537271499633789e-05,5.537271499633789e-05,1,5.537271499633789e-05,5.537271499633789e-05,5.537271499633789e-05
20230523_200000,103,CALU,CALU,0.9936951994895935,0.9936422109603882,True,True,True,True,True,True,5.2988529205322266e-05,5.2988529205322266e-05,2.1882005967199802e-06,1,5.2988529205322266e-05,5.2988529205322266e-05,5.2988529205322266e-05,1,5.2988529205322266e-05,5.2988529205322266e-05,5.2988529205322266e-05
20230523_200000,104,CAGU,CAGU,0.48154741525650024,0.4857197403907776,True,True,True,True,True,True,0.004172325134277344,0.004172325134277344,0.0001636200468055904,3,0.005396246910095215,0.004172325134277344,0.0017987489700317383,3,0.005396246910095215,0.004172325134277344,0.0017987489700317383
20230523_200000,105,CALU,CALU,0.6830426454544067,0.6892049312591553,True,True,True,True,True,True,0.006162285804748535,0.006162285804748535,0.00024242296058218926,2,0.008340030908584595,0.006162285804748535,0.004170015454292297,2,0.008340030908584595,0.006162285804748535,0.004170015454292297
20230523_200000,106,CALU,CALU,0.45044782757759094,0.4464148283004761,True,True,True,True,True,True,0.004032999277114868,0.004032999277114868,0.00015885154425632209,3,0.0075947195291519165,0.004032999277114868,0.002531573176383972,3,0.0075947195291519165,0.004032999277114868,0.002531573176383972
20230523_200000,107,CALU,CALU,0.7692916989326477,0.7708107233047485,True,True,True,True,True,True,0.00151902437210083,0.00151902437210083,5.965519812889397e-05,2,0.0023443177342414856,0.00151902437210083,0.0011721588671207428,2,0.0023443177342414856,0.00151902437210083,0.0011721588671207428
20230523_200000,108,CALU,CALU,0.9997405409812927,0.9997379183769226,True,True,True,True,True,True,2.6226043701171875e-06,2.6226043701171875e-06,1.022345159640281e-07,1,2.6226043701171875e-06,2.6226043701171875e-06,2.6226043701171875e-06,1,2.6226043701171875e-06,2.6226043701171875e-06,2.6226043701171875e-06
20230523_200000,109,CALU,CALU,0.9736101031303406,0.9732958078384399,True,True,True,True,True,True,0.00031429529190063477,0.00031429529190063477,1.2322690963628702e-05,1,0.00031429529190063477,0.00031429529190063477,0.00031429529190063477,1,0.00031429529190063477,0.00031429529190063477,0.00031429529190063477
20230523_200000,11,CALU,CALU,0.6357181668281555,0.6360745429992676,True,True,True,True,True,True,0.00035637617111206055,0.0003669261932373047,1.462845739297336e-05,2,0.0007233023643493652,0.0003669261932373047,0.0003616511821746826,2,0.0007233023643493652,0.0003669261932373047,0.0003616511821746826
20230523_200000,110,BUVI,BUVI,0.6041625738143921,0.598554253578186,True,True,True,True,True,True,0.005608320236206055,0.005608320236206055,0.0002205652417615056,3,0.010735675692558289,0.005608320236206055,0.003578558564186096,3,0.010735675692558289,0.005608320236206055,0.003578558564186096
20230523_200000,111,BUVI,BUVI,0.7493842840194702,0.7496459484100342,True,True,True,True,True,True,0.00026166439056396484,0.0003444254398345947,1.3550466974265873e-05,2,0.0006060898303985596,0.0003444254398345947,0.0003030449151992798,2,0.0006060898303985596,0.0003444254398345947,0.0003030449151992798
20230523_200000,112,COCO,COCO,0.6476755738258362,0.6492634415626526,True,True,True,True,True,True,0.0015878677368164062,0.0015878677368164062,6.252565799513832e-05,2,0.002634778618812561,0.0015878677368164062,0.0013173893094062805,2,0.002634778618812561,0.0015878677368164062,0.0013173893094062805
20230523_200000,113,PSFL,PSFL,0.9594322443008423,0.9598527550697327,True,True,True,True,True,True,0.00042051076889038086,0.00042087212204933167,1.6507510736119002e-05,1,0.00042051076889038086,0.00042051076889038086,0.00042051076889038086,1,0.00042051076889038086,0.00042051076889038086,0.00042051076889038086
20230523_200000,114,SHOT,SHOT,0.9084262847900391,0.9086994528770447,True,True,True,True,True,True,0.00027316808700561523,0.00027316808700561523,1.1140720744151622e-05,1,0.00027316808700561523,0.00027316808700561523,0.00027316808700561523,1,0.00027316808700561523,0.00027316808700561523,0.00027316808700561523
20230523_200000,115,CALU,CALU,0.7921972870826721,0.7935266494750977,True,True,True,True,True,True,0.0013293623924255371,0.0013293623924255371,6.040570588083938e-05,1,0.0013293623924255371,0.0013293623924255371,0.0013293623924255371,1,0.0013293623924255371,0.0013293623924255371,0.0013293623924255371
20230523_200000,116,CALU,CALU,0.9832951426506042,0.9833405613899231,True,True,True,True,True,True,4.5418739318847656e-05,5.343835800886154e-05,2.370956735830987e-06,1,4.5418739318847656e-05,4.5418739318847656e-05,4.5418739318847656e-05,1,4.5418739318847656e-05,4.5418739318847656e-05,4.5418739318847656e-05
20230523_200000,117,CALU,CALU,0.5599099397659302,0.5580579042434692,True,True,True,True,True,True,0.0018520355224609375,0.0018702447414398193,7.354217086685821e-05,2,0.003722280263900757,0.0018702447414398193,0.0018611401319503784,2,0.003722280263900757,0.0018702447414398193,0.0018611401319503784
20230523_200000,118,PSFL,PSFL,0.9882025122642517,0.9880895018577576,True,True,True,True,True,True,0.00011301040649414062,0.00011301040649414062,4.435911250766367e-06,1,0.00011301040649414062,0.00011301040649414062,0.00011301040649414062,1,0.00011301040649414062,0.00011301040649414062,0.00011301040649414062
20230523_200000,119,SHOT,SHOT,0.4632759988307953,0.46287593245506287,True,True,True,True,True,False,0.0004000663757324219,0.0006929337978363037,3.369434125488624e-05,2,0.0010930001735687256,0.0006929337978363037,0.0005465000867843628,2,0.0010930001735687256,0.0006929337978363037,0.0005465000867843628
20230523_200000,12,CALU,CALU,0.41845497488975525,0.4199817478656769,True,True,True,True,True,True,0.0015267729759216309,0.0015267729759216309,6.26156252110377e-05,3,0.003109976649284363,0.0015267729759216309,0.0010366588830947876,3,0.003109976649284363,0.0015267729759216309,0.0010366588830947876
20230523_200000,120,CALU,CALU,0.8149438500404358,0.813811182975769,True,True,True,True,True,True,0.001132667064666748,0.001132667064666748,4.867381721851416e-05,1,0.001132667064666748,0.001132667064666748,0.001132667064666748,1,0.001132667064666748,0.001132667064666748,0.001132667064666748
20230523_200000,121,CALU,CALU,0.9157652854919434,0.9163945317268372,True,True,True,True,True,True,0.0006292462348937988,0.0006292462348937988,2.4691447833902203e-05,1,0.0006292462348937988,0.0006292462348937988,0.0006292462348937988,1,0.0006292462348937988,0.0006292462348937988,0.0006292462348937988
20230523_200000,122,PSFL,PSFL,0.5975093245506287,0.6007177829742432,True,True,True,True,True,True,0.003208458423614502,0.003208458423614502,0.00012603704817593098,2,0.005655854940414429,0.003208458423614502,0.0028279274702072144,2,0.005655854940414429,0.003208458423614502,0.0028279274702072144
20230523_200000,123,PSFL,PSFL,0.5195049047470093,0.5197818279266357,True,True,True,True,True,True,0.00027692317962646484,0.00037410855293273926,1.4719549653818831e-05,2,0.0006510317325592041,0.00037410855293273926,0.00032551586627960205,2,0.0006510317325592041,0.00037410855293273926,0.00032551586627960205
20230523_200000,124,CALU,CALU,0.9996848106384277,0.9996838569641113,True,True,True,True,True,True,9.5367431640625e-07,1.3907410902902484e-06,5.4597791177002364e-08,1,9.5367431640625e-07,9.5367431640625e-07,9.5367431640625e-07,1,9.5367431640625e-07,9.5367431640625e-07,9.5367431640625e-07
20230523_200000,125,CALU,CALU,0.9903950095176697,0.9904638528823853,True,True,True,True,True,True,6.884336471557617e-05,6.884336471557617e-05,2.699664946703706e-06,1,6.884336471557617e-05,6.884336471557617e-05,6.884336471557617e-05,1,6.884336471557617e-05,6.884336471557617e-05,6.884336471557617e-05
20230523_200000,126,HOSA,HOSA,0.37624871730804443,0.37609946727752686,True,True,True,True,True,True,0.00014925003051757812,0.0005998313426971436,3.8177764508873224e-05,3,0.0010493993759155273,0.0005998313426971436,0.00034979978227056563,3,0.0010493993759155273,0.0005998313426971436,0.00034979978227056563
20230523_200000,127,COCO,COCO,0.35802847146987915,0.3585355579853058,True,True,True,True,True,True,0.0005070865154266357,0.0005070865154266357,3.7669971789000556e-05,3,0.0007670223712921143,0.0005070865154266357,0.0002556741237640381,3,0.0007670223712921143,0.0005070865154266357,0.0002556741237640381
20230523_200000,128,SHOT,SHOT,0.5963830351829529,0.597464919090271,True,True,True,True,True,True,0.0010818839073181152,0.0010818839073181152,4.283587622921914e-05,2,0.0017401278018951416,0.0010818839073181152,0.0008700639009475708,2,0.0017401278018951416,0.0010818839073181152,0.0008700639009475708
20230523_200000,129,SHOT,SHOT,0.7142735719680786,0.714080810546875,True,True,True,True,True,True,0.00019276142120361328,0.00019276142120361328,8.890928256732877e-06,2,0.00022324919700622559,0.00019276142120361328,0.00011162459850311279,2,0.00022324919700622559,0.00019276142120361328,0.00011162459850311279
20230523_200000,13,HOSA,HOSA,0.3414899706840515,0.34148097038269043,True,True,True,True,True,True,9.000301361083984e-06,0.0005169659852981567,4.233256549923681e-05,3,0.0010152161121368408,0.0005169659852981567,0.0003384053707122803,3,0.0010152161121368408,0.0005169659852981567,0.0003384053707122803
20230523_200000,130,HOSA,HOSA,0.4107353389263153,0.4108835756778717,True,True,True,True,True,True,0.00014823675155639648,0.0006164871156215668,5.6951535952975973e-05,2,0.0003994405269622803,0.0002512037754058838,0.00019972026348114014,2,0.0003994405269622803,0.0002512037754058838,0.00019972026348114014
20230523_200000,131,CALU,CALU,0.3559020161628723,0.3577550947666168,True,True,True,True,True,True,0.0018530786037445068,0.0018530786037445068,8.192371024051681e-05,3,0.002085760235786438,0.0018530786037445068,0.0006952534313313663,3,0.002085760235786438,0.0018530786037445068,0.0006952534313313663
20230523_200000,132,BUVI,BUVI,0.4906100630760193,0.48363953828811646,True,True,True,True,True,True,0.006970524787902832,0.006970524787902832,0.00027929781936109066,2,0.013707786798477173,0.006970524787902832,0.006853893399238586,2,0.013707786798477173,0.006970524787902832,0.006853893399238586
20230523_200000,133,BUVI,BUVI,0.2920452058315277,0.287479966878891,True,True,True,True,True,True,0.004565238952636719,0.004565238952636719,0.0002723269572015852,3,0.00873073935508728,0.004565238952636719,0.0029102463740855455,3,0.00873073935508728,0.004565238952636719,0.0029102463740855455
20230523_200000,134,CALU,CALU,0.5985389351844788,0.5997377634048462,True,True,True,True,True,True,0.0011988282203674316,0.0011988282203674316,4.705772516899742e-05,2,0.0014587938785552979,0.0011988282203674316,0.0007293969392776489,2,0.0014587938785552979,0.0011988282203674316,0.0007293969392776489
20230523_200000,135,CALU,CALU,0.9984721541404724,0.9984626770019531,True,True,True,True,True,True,9.47713851928711e-06,9.47713851928711e-06,3.6613513998418057e-07,1,9.47713851928711e-06,9.47713851928711e-06,9.47713851928711e-06,1,9.47713851928711e-06,9.47713851928711e-06,9.47713851928711e-06
20230523_200000,136,PSFL,PSFL,0.929500162601471,0.9291436672210693,True,True,True,True,True,True,0.00035649538040161133,0.00035649538040161133,1.398728181811748e-05,1,0.00035649538040161133,0.00035649538040161133,0.00035649538040161133,1,0.00035649538040161133,0.00035649538040161133,0.00035649538040161133
20230523_200000,137,COCO,COCO,0.8932874798774719,0.8928317427635193,True,True,True,True,True,True,0.0004557371139526367,0.0004557371139526367,1.7871097952593118e-05,2,0.0009093582630157471,0.0004557371139526367,0.00045467913150787354,2,0.0009093582630157471,0.0004557371139526367,0.00045467913150787354
20230523_200000,138,CALU,CALU,0.8045141100883484,0.8040316700935364,True,True,True,True,True,True,0.0004824399948120117,0.0004824399948120117,1.912427796924021e-05,2,0.0007655620574951172,0.0004824399948120117,0.0003827810287475586,2,0.0007655620574951172,0.0004824399948120117,0.0003827810287475586
20230523_200000,139,CALU,CALU,0.9868006706237793,0.986669659614563,True,True,True,True,True,True,0.0001310110092163086,0.0001310110092163086,5.7469446801405866e-06,1,0.0001310110092163086,0.0001310110092163086,0.0001310110092163086,1,0.0001310110092163086,0.0001310110092163086,0.0001310110092163086
20230523_200000,14,COCO,COCO,0.5112194418907166,0.510529637336731,True,True,True,True,True,False,0.0006898045539855957,0.0006898045539855957,2.8638580261031166e-05,2,0.0009562075138092041,0.0006898045539855957,0.00047810375690460205,2,0.0009562075138092041,0.0006898045539855957,0.00047810375690460205
20230523_200000,140,CALU,CALU,0.9963253140449524,0.9963208436965942,True,True,True,True,True,True,4.470348358154297e-06,6.09993003308773e-06,2.4185101210605353e-07,1,4.470348358154297e-06,4.470348358154297e-06,4.470348358154297e-06,1,4.470348358154297e-06,4.470348358154297e-06,4.470348358154297e-06
20230523_200000,141,PSFL,PSFL,0.9923661351203918,0.9923221468925476,True,True,True,True,True,True,4.398822784423828e-05,4.398822784423828e-05,1.7248573840333847e-06,1,4.398822784423828e-05,4.398822784423828e-05,4.398822784423828e-05,1,4.398822784423828e-05,4.398822784423828e-05,4.398822784423828e-05
20230523_200000,142,PSFL,PSFL,0.9998981952667236,0.9998977184295654,True,True,True,True,True,True,4.76837158203125e-07,6.849368219263852e-07,2.5896097710642607e-08,1,4.76837158203125e-07,4.76837158203125e-07,4.76837158203125e-07,1,4.76837158203125e-07,4.76837158203125e-07,4.76837158203125e-07
20230523_200000,143,COCO,COCO,0.765882134437561,0.7667002081871033,True,True,True,True,True,True,0.0008180737495422363,0.0008180737495422363,3.529770401655696e-05,2,0.0012230053544044495,0.0008180737495422363,0.0006115026772022247,2,0.0012230053544044495,0.0008180737495422363,0.0006115026772022247
20230523_200000,144,HOSA,HOSA,0.4181275963783264,0.4171142578125,True,True,True,True,True,True,0.001013338565826416,0.0012495964765548706,7.88455072324723e-05,3,0.002727314829826355,0.0012495964765548706,0.0009091049432754517,3,0.002727314829826355,0.0012495964765548706,0.0009091049432754517
20230523_200000,145,INSP,INSP,0.4408717453479767,0.4393722712993622,True,True,True,True,True,True,0.001499474048614502,0.0033857226371765137,0.00013643286365550011,3,0.006323918700218201,0.0033857226371765137,0.002107972977682948,3,0.006323918700218201,0.0033857226371765137,0.002107972977682948
20230523_200000,146,CALU,CALU,0.9958654642105103,0.995840847492218,True,True,True,True,True,True,2.4616718292236328e-05,2.4616718292236328e-05,9.65681124398543e-07,1,2.4616718292236328e-05,2.4616718292236328e-05,2.4616718292236328e-05,1,2.4616718292236328e-05,2.4616718292236328e-05,2.4616718292236328e-05
20230523_200000,147,CALU,CALU,0.793200671672821,0.7924618124961853,True,True,True,True,True,True,0.0007388591766357422,0.0007388591766357422,3.258522701798938e-05,1,0.0007388591766357422,0.0007388591766357422,0.0007388591766357422,1,0.0007388591766357422,0.0007388591766357422,0.0007388591766357422
20230523_200000,148,CALU,CALU,0.3050413131713867,0.30580058693885803,True,True,True,True,True,True,0.0007592737674713135,0.0016743391752243042,0.00010333661339245737,2,0.0024336129426956177,0.0016743391752243042,0.0012168064713478088,2,0.0024336129426956177,0.0016743391752243042,0.0012168064713478088
20230523_200000,149,COCO,COCO,0.6860253810882568,0.6859261989593506,True,True,True,True,True,True,9.918212890625e-05,0.00016389787197113037,1.1680541319947224e-05,2,0.00026308000087738037,0.00016389787197113037,0.00013154000043869019,2,0.00026308000087738037,0.00016389787197113037,0.00013154000043869019
20230523_200000,15,CALU,CALU,0.802186906337738,0.8027101159095764,True,True,True,True,True,True,0.0005232095718383789,0.0005232095718383789,2.0971403500880115e-05,2,0.0008348375558853149,0.0005232095718383789,0.00041741877794265747,2,0.0008348375558853149,0.0005232095718383789,0.00041741877794265747
20230523_200000,150,SHOT,SHOT,0.2147313505411148,0.21504312753677368,True,True,True,True,True,True,0.0003117769956588745,0.0003456026315689087,5.200204759603366e-05,4,0.001034274697303772,0.0003456026315689087,0.000258568674325943,4,0.001034274697303772,0.0003456026315689087,0.000258568674325943
20230523_200000,16,PSFL,PSFL,0.7658020853996277,0.7648005485534668,True,True,True,True,True,True,0.0010015368461608887,0.0010015368461608887,4.144958802498877e-05,1,0.0010015368461608887,0.0010015368461608887,0.0010015368461608887,1,0.0010015368461608887,0.0010015368461608887,0.0010015368461608887
20230523_200000,17,CALU,CALU,0.919233500957489,0.9203070402145386,True,True,True,True,True,True,0.0010735392570495605,0.0010735392570495605,4.210889164824039e-05,1,0.0010735392570495605,0.0010735392570495605,0.0010735392570495605,1,0.0010735392570495605,0.0010735392570495605,0.0010735392570495605
20230523_200000,18,PSFL,PSFL,0.5902292132377625,0.5947980284690857,True,True,True,True,True,True,0.004568815231323242,0.004598557949066162,0.00018043635645881295,2,0.009167373180389404,0.004598557949066162,0.004583686590194702,2,0.009167373180389404,0.004598557949066162,0.004583686590194702
20230523_200000,19,POEC,POEC,0.4639543890953064,0.46477243304252625,True,True,True,True,True,True,0.0008180439472198486,0.0011498332023620605,4.5098684495314956e-05,2,0.001967877149581909,0.0011498332023620605,0.0009839385747909546,2,0.001967877149581909,0.0011498332023620605,0.0009839385747909546
20230523_200000,2,FLY,FLY,0.884128749370575,0.8845880031585693,True,True,True,True,True,True,0.00045925378799438477,0.00045925378799438477,1.9262788555352017e-05,1,0.00045925378799438477,0.00045925378799438477,0.00045925378799438477,1,0.00045925378799438477,0.00045925378799438477,0.00045925378799438477
20230523_200000,20,PSFL,PSFL,0.9586414098739624,0.9593991041183472,True,True,True,True,True,True,0.0007576942443847656,0.0007576942443847656,3.0380180760403164e-05,1,0.0007576942443847656,0.0007576942443847656,0.0007576942443847656,1,0.0007576942443847656,0.0007576942443847656,0.0007576942443847656
20230523_200000,21,PSFL,PSFL,0.9826632738113403,0.9826922416687012,True,True,True,True,True,True,2.8967857360839844e-05,2.8967857360839844e-05,1.2423702173691709e-06,1,2.8967857360839844e-05,2.8967857360839844e-05,2.8967857360839844e-05,1,2.8967857360839844e-05,2.8967857360839844e-05,2.8967857360839844e-05
20230523_200000,22,COCO,COCO,0.302400678396225,0.30168211460113525,True,True,True,True,True,True,0.0007185637950897217,0.0009938031435012817,5.664156560669653e-05,3,0.002050057053565979,0.0009938031435012817,0.0006833523511886597,3,0.002050057053565979,0.0009938031435012817,0.0006833523511886597
20230523_200000,23,PSFL,PSFL,0.9519534111022949,0.951654314994812,True,True,True,True,True,True,0.00029909610748291016,0.00029909610748291016,1.2861009963671677e-05,1,0.00029909610748291016,0.00029909610748291016,0.00029909610748291016,1,0.00029909610748291016,0.00029909610748291016,0.00029909610748291016
20230523_200000,24,SHOT,SHOT,0.21887049078941345,0.22000566124916077,True,True,True,True,True,True,0.0011351704597473145,0.0020239949226379395,9.446122567169368e-05,3,0.003411009907722473,0.0020239949226379395,0.0011370033025741577,3,0.003411009907722473,0.0020239949226379395,0.0011370033025741577
20230523_200000,25,SHOT,SHOT,0.36145633459091187,0.362091988325119,True,True,True,True,True,True,0.0006356537342071533,0.0006356537342071533,2.778429006866645e-05,3,0.0007154494524002075,0.0006356537342071533,0.00023848314594943076,3,0.0007154494524002075,0.0006356537342071533,0.00023848314594943076
20230523_200000,26,BUVI,BUVI,0.17954812943935394,0.17908182740211487,True,True,True,True,True,True,0.0004663020372390747,0.0004663020372390747,3.1787774787517264e-05,4,0.0009211748838424683,0.0004663020372390747,0.00023029372096061707,4,0.0009211748838424683,0.0004663020372390747,0.00023029372096061707
20230523_200000,27,PSFL,PSFL,0.872281551361084,0.8722502589225769,True,True,True,True,True,True,3.129243850708008e-05,4.594773054122925e-05,4.467424787435448e-06,1,3.129243850708008e-05,3.129243850708008e-05,3.129243850708008e-05,1,3.129243850708008e-05,3.129243850708008e-05,3.129243850708008e-05
20230523_200000,28,COCO,COCO,0.35067471861839294,0.3518085777759552,True,True,True,True,True,True,0.0011338591575622559,0.0011338591575622559,5.065542063675821e-05,2,0.0012974590063095093,0.0011338591575622559,0.0006487295031547546,2,0.0012974590063095093,0.0011338591575622559,0.0006487295031547546
20230523_200000,29,BUVI,BUVI,0.5283581614494324,0.5221235156059265,True,True,True,True,True,True,0.006234645843505859,0.006234645843505859,0.00025764747988432646,2,0.011701583862304688,0.006234645843505859,0.005850791931152344,2,0.011701583862304688,0.006234645843505859,0.005850791931152344
20230523_200000,3,PSFL,PSFL,0.9969480633735657,0.996968686580658,True,True,True,True,True,True,2.0623207092285156e-05,2.0623207092285156e-05,8.086824436759343e-07,1,2.0623207092285156e-05,2.0623207092285156e-05,2.0623207092285156e-05,1,2.0623207092285156e-05,2.0623207092285156e-05,2.0623207092285156e-05
20230523_200000,30,CALU,CALU,0.5850348472595215,0.5842600464820862,True,True,True,True,True,True,0.0007748007774353027,0.0007748007774353027,6.524373748106882e-05,2,0.0012282207608222961,0.0007748007774353027,0.0006141103804111481,2,0.0012282207608222961,0.0007748007774353027,0.0006141103804111481
20230523_200000,31,HOSA,HOSA,0.2694517970085144,0.269975483417511,True,True,True,True,True,True,0.000523686408996582,0.0007821172475814819,4.984770930605009e-05,3,0.0015030503273010254,0.0007821172475814819,0.0005010167951695621,3,0.0015030503273010254,0.0007821172475814819,0.0005010167951695621
20230523_200000,32,CALU,CALU,0.5953381061553955,0.593620777130127,True,True,True,True,True,True,0.0017173290252685547,0.0017264783382415771,6.801302515668795e-05,2,0.003443807363510132,0.0017264783382415771,0.001721903681755066,2,0.003443807363510132,0.0017264783382415771,0.001721903681755066
20230523_200000,33,BUVI,BUVI,0.4357874095439911,0.4361836612224579,True,True,True,True,True,True,0.0003962516784667969,0.0007599592208862305,3.310042666271329e-05,3,0.0013617277145385742,0.0007599592208862305,0.00045390924788080156,3,0.0013617277145385742,0.0007599592208862305,0.00045390924788080156
20230523_200000,34,CALU,CALU,0.30894050002098083,0.3119455575942993,True,True,True,True,True,True,0.0030050575733184814,0.0030050575733184814,0.00012883625458925962,3,0.00504264235496521,0.0030050575733184814,0.0016808807849884033,3,0.00504264235496521,0.0030050575733184814,0.0016808807849884033
20230523_200000,35,PSFL,PSFL,0.7400053143501282,0.7416418194770813,True,True,True,True,True,True,0.001636505126953125,0.0016453266143798828,6.455436232499778e-05,2,0.003281831741333008,0.0016453266143798828,0.001640915870666504,2,0.003281831741333008,0.0016453266143798828,0.001640915870666504
20230523_200000,36,SHOT,SHOT,0.36532655358314514,0.3656744062900543,True,True,True,True,True,True,0.0003478527069091797,0.0003478527069091797,1.9338223864906467e-05,3,0.0007143914699554443,0.0003478527069091797,0.00023813049483578652,3,0.0007143914699554443,0.0003478527069091797,0.00023813049483578652
20230523_200000,37,PSFL,PSFL,0.8091258406639099,0.810224175453186,True,True,True,True,True,True,0.001098334789276123,0.001098334789276123,4.307489871280268e-05,2,0.0021946877241134644,0.001098334789276123,0.0010973438620567322,2,0.0021946877241134644,0.001098334789276123,0.0010973438620567322
20230523_200000,38,CALU,CALU,0.5763459205627441,0.5779137015342712,True,True,True,True,True,True,0.0015677809715270996,0.0015677809715270996,6.429605127777904e-05,2,0.0017721056938171387,0.0015677809715270996,0.0008860528469085693,2,0.0017721056938171387,0.0015677809715270996,0.0008860528469085693
20230523_200000,39,CALU,CALU,0.9693850874900818,0.9692098498344421,True,True,True,True,True,True,0.00017523765563964844,0.00017523765563964844,6.9619904934370425e-06,1,0.00017523765563964844,0.00017523765563964844,0.00017523765563964844,1,0.00017523765563964844,0.00017523765563964844,0.00017523765563964844
20230523_200000,4,PSFL,PSFL,0.8272993564605713,0.8270283341407776,True,True,True,True,True,True,0.00027102231979370117,0.00027102231979370117,1.163485194410896e-05,2,0.0005242899060249329,0.00027102231979370117,0.00026214495301246643,2,0.0005242899060249329,0.00027102231979370117,0.00026214495301246643
20230523_200000,40,BUVI,BUVI,0.38353729248046875,0.3849008083343506,True,True,True,True,True,True,0.001363515853881836,0.001363515853881836,8.224709745263681e-05,2,0.002073436975479126,0.001363515853881836,0.001036718487739563,2,0.002073436975479126,0.001363515853881836,0.001036718487739563
20230523_200000,41,CALU,CALU,0.49979928135871887,0.4985674023628235,True,True,True,True,True,True,0.0012318789958953857,0.0012318789958953857,5.132915612193756e-05,2,0.001559525728225708,0.0012318789958953857,0.000779762864112854,2,0.001559525728225708,0.0012318789958953857,0.000779762864112854
20230523_200000,42,CALU,CALU,0.5000912547111511,0.49847212433815,True,True,True,True,True,True,0.0016191303730010986,0.0016191303730010986,7.026526873232797e-05,3,0.00290101021528244,0.0016191303730010986,0.0009670034050941467,3,0.00290101021528244,0.0016191303730010986,0.0009670034050941467
20230523_200000,43,PSFL,PSFL,0.7837777137756348,0.7877968549728394,True,True,True,True,True,True,0.00401914119720459,0.004030212759971619,0.00015805804287083447,2,0.008049353957176208,0.004030212759971619,0.004024676978588104,2,0.008049353957176208,0.004030212759971619,0.004024676978588104
20230523_200000,44,CALU,CALU,0.9404929280281067,0.9402711987495422,True,True,True,True,True,True,0.00022172927856445312,0.00022172927856445312,9.088592378247995e-06,1,0.00022172927856445312,0.00022172927856445312,0.00022172927856445312,1,0.00022172927856445312,0.00022172927856445312,0.00022172927856445312
20230523_200000,45,CALU,CALU,0.8940556645393372,0.8942662477493286,True,True,True,True,True,True,0.00021058320999145508,0.00036519020795822144,1.434567730029812e-05,1,0.00021058320999145508,0.00021058320999145508,0.00021058320999145508,1,0.00021058320999145508,0.00021058320999145508,0.00021058320999145508
20230523_200000,46,CALU,CALU,0.9892510175704956,0.9892504215240479,True,True,True,True,True,True,5.960464477539062e-07,2.1008308976888657e-05,8.892137088878371e-07,1,5.960464477539062e-07,5.960464477539062e-07,5.960464477539062e-07,1,5.960464477539062e-07,5.960464477539062e-07,5.960464477539062e-07
20230523_200000,47,HOSA,HOSA,0.41529250144958496,0.41531509160995483,True,True,True,True,True,True,2.2590160369873047e-05,0.0002537965774536133,1.4973014913266525e-05,2,0.00027638673782348633,0.0002537965774536133,0.00013819336891174316,2,0.00027638673782348633,0.0002537965774536133,0.00013819336891174316
20230523_200000,48,CALU,CALU,0.8839527368545532,0.8835580348968506,True,True,True,True,True,True,0.0003947019577026367,0.0003947019577026367,1.7214526451425627e-05,1,0.0003947019577026367,0.0003947019577026367,0.0003947019577026367,1,0.0003947019577026367,0.0003947019577026367,0.0003947019577026367
20230523_200000,49,PSFL,PSFL,0.960168182849884,0.9596851468086243,True,True,True,True,True,True,0.0004830360412597656,0.0004830360412597656,1.8953553080791607e-05,1,0.0004830360412597656,0.0004830360412597656,0.0004830360412597656,1,0.0004830360412597656,0.0004830360412597656,0.0004830360412597656
20230523_200000,5,CALU,CALU,0.4011029303073883,0.39908459782600403,True,True,True,True,True,True,0.0020183324813842773,0.0020183324813842773,9.368416795041412e-05,3,0.0030983537435531616,0.0020183324813842773,0.0010327845811843872,3,0.0030983537435531616,0.0020183324813842773,0.0010327845811843872
20230523_200000,50,STVA,STVA,0.15471521019935608,0.15199002623558044,True,True,True,True,True,True,0.0027251839637756348,0.004410013556480408,0.00035344448406249285,5,0.012555018067359924,0.004410013556480408,0.0025110035203397274,5,0.012555018067359924,0.004410013556480408,0.0025110035203397274
20230523_200000,51,CALU,CALU,0.9485569596290588,0.9487141370773315,True,True,True,True,True,True,0.00015717744827270508,0.00015717744827270508,6.1857554101152346e-06,1,0.00015717744827270508,0.00015717744827270508,0.00015717744827270508,1,0.00015717744827270508,0.00015717744827270508,0.00015717744827270508
20230523_200000,52,SHOT,SHOT,0.24644997715950012,0.24625755846500397,True,True,True,True,True,True,0.00019241869449615479,0.00029243528842926025,2.4707116608624347e-05,4,0.0006112456321716309,0.00029243528842926025,0.00015281140804290771,4,0.0006112456321716309,0.00029243528842926025,0.00015281140804290771
20230523_200000,53,SHOT,SHOT,0.42936956882476807,0.42960500717163086,True,True,True,True,True,True,0.00023543834686279297,0.00023543834686279297,1.8613065549288876e-05,2,0.00025603175163269043,0.00023543834686279297,0.00012801587581634521,2,0.00025603175163269043,0.00023543834686279297,0.00012801587581634521
20230523_200000,54,CALU,CALU,0.7391903400421143,0.7401602864265442,True,True,True,True,True,True,0.0009699463844299316,0.0009699463844299316,4.0892169636208564e-05,1,0.0009699463844299316,0.0009699463844299316,0.0009699463844299316,1,0.0009699463844299316,0.0009699463844299316,0.0009699463844299316
20230523_200000,55,PSFL,PSFL,0.9994538426399231,0.999446451663971,True,True,True,True,True,True,7.3909759521484375e-06,7.3909759521484375e-06,2.9020671377111285e-07,1,7.3909759521484375e-06,7.3909759521484375e-06,7.3909759521484375e-06,1,7.3909759521484375e-06,7.3909759521484375e-06,7.3909759521484375e-06
20230523_200000,56,BUVI,BUVI,0.818729817867279,0.8180036544799805,True,True,True,True,True,True,0.000726163387298584,0.000726163387298584,3.2247655326500535e-05,1,0.000726163387298584,0.000726163387298584,0.000726163387298584,1,0.000726163387298584,0.000726163387298584,0.000726163387298584
20230523_200000,57,PSFL,PSFL,0.9959755539894104,0.9960000514984131,True,True,True,True,True,True,2.4497509002685547e-05,2.4497509002685547e-05,9.597700909580453e-07,1,2.4497509002685547e-05,2.4497509002685547e-05,2.4497509002685547e-05,1,2.4497509002685547e-05,2.4497509002685547e-05,2.4497509002685547e-05
20230523_200000,58,CAGU,CAGU,0.14915862679481506,0.1490345299243927,True,True,True,True,True,True,0.00012409687042236328,0.0003821253776550293,3.89490342058707e-05,2,0.0005062222480773926,0.0003821253776550293,0.0002531111240386963,2,0.0005062222480773926,0.0003821253776550293,0.0002531111240386963
20230523_200000,59,COCO,COCO,0.5185272097587585,0.5135328769683838,True,True,True,True,True,True,0.004994332790374756,0.005307585000991821,0.0002141301374649629,2,0.010301917791366577,0.005307585000991821,0.005150958895683289,2,0.010301917791366577,0.005307585000991821,0.005150958895683289
20230523_200000,6,CALU,CALU,0.9901953339576721,0.9901014566421509,True,True,True,True,True,True,9.387731552124023e-05,9.387731552124023e-05,3.702120011439547e-06,1,9.387731552124023e-05,9.387731552124023e-05,9.387731552124023e-05,1,9.387731552124023e-05,9.387731552124023e-05,9.387731552124023e-05
20230523_200000,60,POEC,POEC,0.21212272346019745,0.21025227010250092,True,True,True,True,True,True,0.0018704533576965332,0.0018704533576965332,0.00012398374383337796,2,0.001901283860206604,0.0018704533576965332,0.000950641930103302,2,0.001901283860206604,0.0018704533576965332,0.000950641930103302
20230523_200000,61,BUVI,BUVI,0.42382824420928955,0.42319416999816895,True,True,True,True,True,True,0.0006340742111206055,0.0018734335899353027,7.557127537438646e-05,3,0.00325697660446167,0.0018734335899353027,0.0010856589069589972,3,0.00325697660446167,0.0018734335899353027,0.0010856589069589972
20230523_200000,62,CALU,CALU,0.9614245295524597,0.9611872434616089,True,True,True,True,True,True,0.00023728609085083008,0.00023728609085083008,9.306068932346534e-06,1,0.00023728609085083008,0.00023728609085083008,0.00023728609085083008,1,0.00023728609085083008,0.00023728609085083008,0.00023728609085083008
20230523_200000,63,PSFL,PSFL,0.21656614542007446,0.21563799679279327,True,True,True,True,True,True,0.000928148627281189,0.0011646449565887451,6.987049710005522e-05,4,0.002925395965576172,0.0011646449565887451,0.000731348991394043,4,0.002925395965576172,0.0011646449565887451,0.000731348991394043
20230523_200000,64,CALU,CALU,0.5997750759124756,0.5991477966308594,True,True,True,True,True,True,0.0006272792816162109,0.0006600692868232727,4.3544918298721313e-05,2,0.0010170340538024902,0.0006272792816162109,0.0005085170269012451,2,0.0010170340538024902,0.0006272792816162109,0.0005085170269012451
20230523_200000,65,PSFL,PSFL,0.46945273876190186,0.47255781292915344,True,True,True,True,True,True,0.003105074167251587,0.003105074167251587,0.0001302669697906822,2,0.005816400051116943,0.003105074167251587,0.0029082000255584717,2,0.005816400051116943,0.003105074167251587,0.0029082000255584717
20230523_200000,66,SHOT,SHOT,0.1582433581352234,0.15795287489891052,True,True,True,True,True,True,0.0002904832363128662,0.0007118284702301025,7.503775850636885e-05,5,0.0018113404512405396,0.0007118284702301025,0.000362268096068874,5,0.0018113404512405396,0.0007118284702301025,0.000362268096068874
20230523_200000,67,CALU,CALU,0.9046693444252014,0.9053765535354614,True,True,True,True,True,True,0.0007072091102600098,0.0007072091102600098,2.773537016764749e-05,1,0.0007072091102600098,0.0007072091102600098,0.0007072091102600098,1,0.0007072091102600098,0.0007072091102600098,0.0007072091102600098
20230523_200000,68,BUVI,BUVI,0.9299627542495728,0.9296219348907471,True,True,True,True,True,True,0.0003408193588256836,0.0003408193588256836,1.336188506684266e-05,1,0.0003408193588256836,0.0003408193588256836,0.0003408193588256836,1,0.0003408193588256836,0.0003408193588256836,0.0003408193588256836
20230523_200000,69,PSFL,PSFL,0.9049159288406372,0.9043091535568237,True,True,True,True,True,True,0.0006067752838134766,0.0006289184093475342,2.5787599952309392e-05,1,0.0006067752838134766,0.0006067752838134766,0.0006067752838134766,1,0.0006067752838134766,0.0006067752838134766,0.0006067752838134766
20230523_200000,7,PSFL,PSFL,0.7373278141021729,0.7368569374084473,True,True,True,True,True,True,0.00047087669372558594,0.0012240558862686157,4.8057241656351835e-05,2,0.0016949325799942017,0.0012240558862686157,0.0008474662899971008,2,0.0016949325799942017,0.0012240558862686157,0.0008474662899971008
20230523_200000,70,BUVI,BUVI,0.4236690402030945,0.418628990650177,True,True,True,True,True,True,0.0050400495529174805,0.0050400495529174805,0.00019764747412409633,3,0.00599294900894165,0.0050400495529174805,0.001997649669647217,3,0.00599294900894165,0.0050400495529174805,0.001997649669647217
20230523_200000,71,SHOT,SHOT,0.5368998646736145,0.5368015766143799,True,True,True,True,True,True,9.828805923461914e-05,0.00027751922607421875,1.2278464055270888e-05,2,0.0003758072853088379,0.00027751922607421875,0.00018790364265441895,2,0.0003758072853088379,0.00027751922607421875,0.00018790364265441895
20230523_200000,72,PSFL,PSFL,0.9999179840087891,0.9999171495437622,True,True,True,True,True,True,8.344650268554688e-07,8.344650268554688e-07,3.309684259988899e-08,1,8.344650268554688e-07,8.344650268554688e-07,8.344650268554688e-07,1,8.344650268554688e-07,8.344650268554688e-07,8.344650268554688e-07
20230523_200000,73,CALU,CALU,0.42602232098579407,0.4258585274219513,True,True,True,True,True,True,0.00016379356384277344,0.0001805722713470459,1.2891439837403595e-05,3,0.0004921481013298035,0.0001805722713470459,0.0001640493719605729,3,0.0004921481013298035,0.0001805722713470459,0.0001640493719605729
20230523_200000,74,CALU,CALU,0.28515562415122986,0.28540530800819397,True,True,True,True,True,True,0.00024968385696411133,0.00036773085594177246,4.058845661347732e-05,4,0.001263633370399475,0.00036773085594177246,0.0003159083425998688,4,0.001263633370399475,0.00036773085594177246,0.0003159083425998688
20230523_200000,75,STVA,STVA,0.8165343999862671,0.8161507248878479,True,True,True,True,True,True,0.00038367509841918945,0.00038367509841918945,2.3304055503103882e-05,1,0.00038367509841918945,0.00038367509841918945,0.00038367509841918945,1,0.00038367509841918945,0.00038367509841918945,0.00038367509841918945
20230523_200000,76,CALU,CALU,0.9243847727775574,0.9248884916305542,True,True,True,True,True,True,0.0005037188529968262,0.0005037188529968262,2.0093026250833645e-05,1,0.0005037188529968262,0.0005037188529968262,0.0005037188529968262,1,0.0005037188529968262,0.0005037188529968262,0.0005037188529968262
20230523_200000,77,CALU,CALU,0.8835367560386658,0.882960319519043,True,True,True,True,True,True,0.0005764365196228027,0.0005925893783569336,2.4183775167330168e-05,2,0.0011690258979797363,0.0005925893783569336,0.0005845129489898682,2,0.0011690258979797363,0.0005925893783569336,0.0005845129489898682
20230523_200000,78,HOSA,HOSA,0.3340698182582855,0.3338070213794708,True,True,True,True,True,True,0.00026279687881469727,0.0006516128778457642,2.7956963094766252e-05,4,0.0013309866189956665,0.0006516128778457642,0.0003327466547489166,4,0.0013309866189956665,0.0006516128778457642,0.0003327466547489166
20230523_200000,79,BUVI,BUVI,0.288298636674881,0.2884719669818878,True,True,True,True,True,True,0.00017333030700683594,0.0006188079714775085,3.476131314528175e-05,2,0.0006060004234313965,0.00043267011642456055,0.00030300021171569824,2,0.0006060004234313965,0.00043267011642456055,0.00030300021171569824
20230523_200000,8,PSFL,PSFL,0.999448835849762,0.9994634985923767,True,True,True,True,True,True,1.4662742614746094e-05,1.4662742614746094e-05,5.747786531173915e-07,1,1.4662742614746094e-05,1.4662742614746094e-05,1.4662742614746094e-05,1,1.4662742614746094e-05,1.4662742614746094e-05,1.4662742614746094e-05
20230523_200000,80,COCO,COCO,0.5075929164886475,0.5075756907463074,True,True,True,True,False,False,1.722574234008789e-05,0.000879332423210144,4.4241191062610596e-05,3,0.001353338360786438,0.000879332423210144,0.00045111277722753584,3,0.001353338360786438,0.000879332423210144,0.00045111277722753584
20230523_200000,81,BUVI,BUVI,0.7580952048301697,0.7562181949615479,True,True,True,True,True,True,0.0018770098686218262,0.0018770098686218262,7.746282790321857e-05,2,0.003141932189464569,0.0018770098686218262,0.0015709660947322845,2,0.003141932189464569,0.0018770098686218262,0.0015709660947322845
20230523_200000,82,CALU,CALU,0.41399946808815,0.4134145677089691,True,True,True,True,True,True,0.0005849003791809082,0.0005849003791809082,2.6962045012624003e-05,2,0.0006719231605529785,0.0005849003791809082,0.00033596158027648926,2,0.0006719231605529785,0.0005849003791809082,0.00033596158027648926
20230523_200000,83,CALU,CALU,0.5383377075195312,0.5374009013175964,True,True,True,True,True,True,0.0009368062019348145,0.0009368062019348145,4.3523665226530284e-05,2,0.0018610954284667969,0.0009368062019348145,0.0009305477142333984,2,0.0018610954284667969,0.0009368062019348145,0.0009305477142333984
20230523_200000,84,PSFL,PSFL,0.9965652823448181,0.9965595602989197,True,True,True,True,True,True,5.7220458984375e-06,5.7220458984375e-06,2.2063053961574042e-07,1,5.7220458984375e-06,5.7220458984375e-06,5.7220458984375e-06,1,5.7220458984375e-06,5.7220458984375e-06,5.7220458984375e-06
20230523_200000,85,CALU,CALU,0.9864323735237122,0.9862319827079773,True,True,True,True,True,True,0.00020039081573486328,0.00020147953182458878,7.901691787992604e-06,1,0.00020039081573486328,0.00020039081573486328,0.00020039081573486328,1,0.00020039081573486328,0.00020039081573486328,0.00020039081573486328
20230523_200000,86,PSFL,PSFL,0.9899724721908569,0.9900549650192261,True,True,True,True,True,True,8.249282836914062e-05,8.249282836914062e-05,3.2369407563237473e-06,1,8.249282836914062e-05,8.249282836914062e-05,8.249282836914062e-05,1,8.249282836914062e-05,8.249282836914062e-05,8.249282836914062e-05
20230523_200000,87,PSFL,PSFL,0.6286181211471558,0.6324706673622131,True,True,True,True,True,True,0.003852546215057373,0.003920227289199829,0.00015489199722651392,2,0.007772773504257202,0.003920227289199829,0.003886386752128601,2,0.007772773504257202,0.003920227289199829,0.003886386752128601
20230523_200000,88,CALU,CALU,0.9534098505973816,0.9534112811088562,True,True,True,True,True,True,1.430511474609375e-06,2.2202730178833008e-05,1.7107772691815626e-06,1,1.430511474609375e-06,1.430511474609375e-06,1.430511474609375e-06,1,1.430511474609375e-06,1.430511474609375e-06,1.430511474609375e-06
20230523_200000,89,PSFL,PSFL,0.29421186447143555,0.29310792684555054,True,True,True,True,True,True,0.0011039376258850098,0.0011039376258850098,5.985175448586233e-05,2,0.0017066895961761475,0.0011039376258850098,0.0008533447980880737,2,0.0017066895961761475,0.0011039376258850098,0.0008533447980880737
20230523_200000,9,PSFL,PSFL,0.7583222985267639,0.7598888874053955,True,True,True,True,True,True,0.0015665888786315918,0.001627594232559204,6.411601498257369e-05,2,0.003194183111190796,0.001627594232559204,0.001597091555595398,2,0.003194183111190796,0.001627594232559204,0.001597091555595398
20230523_200000,90,FLY,FLY,0.4181711673736572,0.4190407395362854,True,True,True,True,True,True,0.0008695721626281738,0.0008695721626281738,3.410175850149244e-05,4,0.001345418393611908,0.0008695721626281738,0.000336354598402977,4,0.001345418393611908,0.0008695721626281738,0.000336354598402977
20230523_200000,91,COCO,COCO,0.6435310244560242,0.6405842304229736,True,True,True,True,True,True,0.002946794033050537,0.002946794033050537,0.00011904057464562356,2,0.0042729452252388,0.002946794033050537,0.0021364726126194,2,0.0042729452252388,0.002946794033050537,0.0021364726126194
20230523_200000,92,CALU,CALU,0.5112556219100952,0.5093784928321838,True,True,True,True,True,True,0.001877129077911377,0.001877129077911377,7.388360245386139e-05,3,0.003381505608558655,0.001877129077911377,0.0011271685361862183,3,0.003381505608558655,0.001877129077911377,0.0011271685361862183
20230523_200000,93,STVA,STVA,0.4725925624370575,0.47257164120674133,True,True,True,True,True,True,2.092123031616211e-05,0.00038264691829681396,1.717105260468088e-05,2,5.137920379638672e-05,3.045797348022461e-05,2.568960189819336e-05,2,5.137920379638672e-05,3.045797348022461e-05,2.568960189819336e-05
20230523_200000,94,CALU,CALU,0.34947869181632996,0.348728209733963,True,True,True,True,True,True,0.0007504820823669434,0.0007504820823669434,3.6050318158231676e-05,2,0.0009129941463470459,0.0007504820823669434,0.00045649707317352295,2,0.0009129941463470459,0.0007504820823669434,0.00045649707317352295
20230523_200000,95,PSFL,PSFL,0.9690380692481995,0.9692875742912292,True,True,True,True,True,True,0.00024950504302978516,0.00024950504302978516,9.783377208805177e-06,1,0.00024950504302978516,0.00024950504302978516,0.00024950504302978516,1,0.00024950504302978516,0.00024950504302978516,0.00024950504302978516
20230523_200000,96,PSFL,PSFL,0.7767009735107422,0.7768449783325195,True,True,True,True,True,True,0.00014400482177734375,0.00019241869449615479,7.603402991662733e-06,2,0.00033642351627349854,0.00019241869449615479,0.00016821175813674927,2,0.00033642351627349854,0.00019241869449615479,0.00016821175813674927
20230523_200000,97,CALU,CALU,0.7852333188056946,0.7862702012062073,True,True,True,True,True,True,0.0010368824005126953,0.0010368824005126953,4.557656939141452e-05,1,0.0010368824005126953,0.0010368824005126953,0.0010368824005126953,1,0.0010368824005126953,0.0010368824005126953,0.0010368824005126953
20230523_200000,98,BUVI,BUVI,0.9969605803489685,0.9969822764396667,True,True,True,True,True,True,2.1696090698242188e-05,2.1696090698242188e-05,8.521321888110833e-07,1,2.1696090698242188e-05,2.1696090698242188e-05,2.1696090698242188e-05,1,2.1696090698242188e-05,2.1696090698242188e-05,2.1696090698242188e-05
20230523_200000,99,BUVI,BUVI,0.9025883078575134,0.9019061326980591,True,True,True,True,True,True,0.0006821751594543457,0.0006821751594543457,2.6952620828524232e-05,1,0.0006821751594543457,0.0006821751594543457,0.0006821751594543457,1,0.0006821751594543457,0.0006821751594543457,0.0006821751594543457
20230524_000000,1,CALU,CALU,0.6510193347930908,0.6532822251319885,True,True,True,True,True,True,0.002262890338897705,0.002262890338897705,8.902922127163038e-05,2,0.0026073455810546875,0.002262890338897705,0.0013036727905273438,2,0.0026073455810546875,0.002262890338897705,0.0013036727905273438
20230524_000000,10,PSFL,PSFL,0.45427244901657104,0.4533759355545044,True,True,True,True,True,True,0.0008965134620666504,0.0025970637798309326,0.00010271439532516524,2,0.003493577241897583,0.0025970637798309326,0.0017467886209487915,2,0.003493577241897583,0.0025970637798309326,0.0017467886209487915
20230524_000000,100,PSFL,PSFL,0.8155113458633423,0.815216600894928,True,True,False,False,True,True,0.00029474496841430664,0.0003949590027332306,2.5078817998291925e-05,1,0.00029474496841430664,0.00029474496841430664,0.00029474496841430664,1,0.00029474496841430664,0.00029474496841430664,0.00029474496841430664
20230524_000000,101,STVA,STVA,0.8004909753799438,0.800983190536499,True,True,True,True,True,True,0.0004922151565551758,0.0004922151565551758,1.94752610696014e-05,1,0.0004922151565551758,0.0004922151565551758,0.0004922151565551758,1,0.0004922151565551758,0.0004922151565551758,0.0004922151565551758
20230524_000000,102,CAGU,CAGU,0.30083781480789185,0.2997385263442993,True,True,True,True,True,True,0.0010992884635925293,0.0010992884635925293,6.205268437042832e-05,1,0.0010992884635925293,0.0010992884635925293,0.0010992884635925293,1,0.0010992884635925293,0.0010992884635925293,0.0010992884635925293
20230524_000000,103,BUVI,BUVI,0.5324309468269348,0.53141188621521,True,True,True,True,True,True,0.0010190606117248535,0.0010190606117248535,6.313925405265763e-05,3,0.0020336732268333435,0.0010190606117248535,0.0006778910756111145,3,0.0020336732268333435,0.0010190606117248535,0.0006778910756111145
20230524_000000,104,CALU,CALU,0.9565541744232178,0.9564003944396973,True,True,True,True,True,True,0.0001537799835205078,0.0001537799835205078,6.246579232538352e-06,1,0.0001537799835205078,0.0001537799835205078,0.0001537799835205078,1,0.0001537799835205078,0.0001537799835205078,0.0001537799835205078
20230524_000000,105,PSFL,PSFL,0.5087931156158447,0.5110086798667908,True,True,True,True,True,True,0.002215564250946045,0.002215564250946045,9.644537203712389e-05,4,0.0043457746505737305,0.002215564250946045,0.0010864436626434326,4,0.0043457746505737305,0.002215564250946045,0.0010864436626434326
20230524_000000,106,HOSA,HOSA,0.2865661382675171,0.28618869185447693,True,True,True,True,True,True,0.00037744641304016113,0.00037744641304016113,1.6963025700533763e-05,3,0.0005132555961608887,0.00037744641304016113,0.00017108519386965781,3,0.0005132555961608887,0.00037744641304016113,0.00017108519386965781
20230524_000000,107,PSFL,PSFL,0.9697842001914978,0.9699950218200684,True,True,True,True,True,True,0.00021082162857055664,0.00021082162857055664,8.491881089867093e-06,1,0.00021082162857055664,0.00021082162857055664,0.00021082162857055664,1,0.00021082162857055664,0.00021082162857055664,0.00021082162857055664
20230524_000000,108,PSFL,PSFL,0.9765596389770508,0.9767679572105408,True,True,True,True,True,True,0.00020831823348999023,0.00020831823348999023,8.184725629689638e-06,1,0.00020831823348999023,0.00020831823348999023,0.00020831823348999023,1,0.00020831823348999023,0.00020831823348999023,0.00020831823348999023
20230524_000000,109,CALU,CALU,0.895042896270752,0.8950056433677673,True,True,True,True,True,True,3.725290298461914e-05,0.00020699761807918549,1.1522867680469062e-05,1,3.725290298461914e-05,3.725290298461914e-05,3.725290298461914e-05,1,3.725290298461914e-05,3.725290298461914e-05,3.725290298461914e-05
20230524_000000,11,PSFL,PSFL,0.8199899792671204,0.8203136920928955,True,True,True,True,True,False,0.0003237128257751465,0.00041200965642929077,1.809020795917604e-05,2,0.0004499480128288269,0.0003237128257751465,0.00022497400641441345,2,0.0004499480128288269,0.0003237128257751465,0.00022497400641441345
20230524_000000,110,STVA,STVA,0.6132423877716064,0.6150285601615906,True,True,True,True,True,True,0.0017861723899841309,0.0017861723899841309,7.004740473348647e-05,2,0.0019400864839553833,0.0017861723899841309,0.0009700432419776917,2,0.0019400864839553833,0.0017861723899841309,0.0009700432419776917
20230524_000000,111,CALU,CALU,0.9442930817604065,0.9448345899581909,True,True,True,True,True,True,0.0005415081977844238,0.0005415081977844238,2.4851153284544125e-05,1,0.0005415081977844238,0.0005415081977844238,0.0005415081977844238,1,0.0005415081977844238,0.0005415081977844238,0.0005415081977844238
20230524_000000,112,STVA,STVA,0.6234155297279358,0.6220486164093018,True,True,True,True,True,True,0.0013669133186340332,0.0013669133186340332,6.1012582591501996e-05,2,0.0021688491106033325,0.0013669133186340332,0.0010844245553016663,2,0.0021688491106033325,0.0013669133186340332,0.0010844245553016663
20230524_000000,113,POEC,POEC,0.22106973826885223,0.22060240805149078,True,True,True,True,True,True,0.0004673302173614502,0.0008001923561096191,6.412538641598076e-05,4,0.0017086341977119446,0.0008001923561096191,0.00042715854942798615,4,0.0017086341977119446,0.0008001923561096191,0.00042715854942798615
20230524_000000,114,PSFL,PSFL,0.9947683811187744,0.9947600960731506,True,True,True,True,True,True,8.285045623779297e-06,9.097624570131302e-06,3.83044209684158e-07,1,8.285045623779297e-06,8.285045623779297e-06,8.285045623779297e-06,1,8.285045623779297e-06,8.285045623779297e-06,8.285045623779297e-06
20230524_000000,115,COCO,COCO,0.6610776782035828,0.6587822437286377,True,True,True,True,True,True,0.0022954344749450684,0.0022954344749450684,9.442916052648798e-05,3,0.004531592130661011,0.0022954344749450684,0.001510530710220337,3,0.004531592130661011,0.0022954344749450684,0.001510530710220337
20230524_000000,116,SHOT,SHOT,0.7198095321655273,0.7199055552482605,True,True,True,True,True,True,9.60230827331543e-05,9.60230827331543e-05,7.2396760515403e-06,1,9.60230827331543e-05,9.60230827331543e-05,9.60230827331543e-05,1,9.60230827331543e-05,9.60230827331543e-05,9.60230827331543e-05
20230524_000000,117,CAGU,CAGU,0.4612427055835724,0.4617815315723419,True,True,True,True,True,True,0.0005388259887695312,0.0005388259887695312,3.6876263038720936e-05,3,0.0013743340969085693,0.0005388259887695312,0.0004581113753374666,3,0.0013743340969085693,0.0005388259887695312,0.0004581113753374666
20230524_000000,118,CCOO,CCOO,0.23939216136932373,0.2395538091659546,True,True,True,True,True,True,0.00016164779663085938,0.00016458332538604736,3.050770828849636e-05,2,0.00032623112201690674,0.00016458332538604736,0.00016311556100845337,2,0.00032623112201690674,0.00016458332538604736,0.00016311556100845337
20230524_000000,119,PSFL,PSFL,0.981293261051178,0.9813543558120728,True,True,True,True,True,True,6.109476089477539e-05,6.109476089477539e-05,2.399808863629005e-06,1,6.109476089477539e-05,6.109476089477539e-05,6.109476089477539e-05,1,6.109476089477539e-05,6.109476089477539e-05,6.109476089477539e-05
20230524_000000,12,CALU,CALU,0.6428542733192444,0.6425704956054688,True,True,True,True,True,True,0.00028377771377563477,0.00028377771377563477,1.1806291695393156e-05,2,0.0004526078701019287,0.00028377771377563477,0.00022630393505096436,2,0.0004526078701019287,0.00028377771377563477,0.00022630393505096436
20230524_000000,120,COCO,COCO,0.35863015055656433,0.3588825762271881,True,True,True,True,True,True,0.0002524256706237793,0.001200951635837555,8.03172224550508e-05,1,0.0002524256706237793,0.0002524256706237793,0.0002524256706237793,1,0.0002524256706237793,0.0002524256706237793,0.0002524256706237793
20230524_000000,121,PSFL,PSFL,0.8451657295227051,0.8447770476341248,True,True,True,True,True,True,0.00038868188858032227,0.00038868188858032227,1.5280387742677703e-05,1,0.00038868188858032227,0.00038868188858032227,0.00038868188858032227,1,0.00038868188858032227,0.00038868188858032227,0.00038868188858032227
20230524_000000,122,PSFL,PSFL,0.9957613348960876,0.995770275592804,True,True,True,True,True,True,8.940696716308594e-06,8.940696716308594e-06,3.5350444704818074e-07,1,8.940696716308594e-06,8.940696716308594e-06,8.940696716308594e-06,1,8.940696716308594e-06,8.940696716308594e-06,8.940696716308594e-06
20230524_000000,123,PSFL,PSFL,0.9872462749481201,0.9873313307762146,True,True,True,True,True,True,8.505582809448242e-05,8.505582809448242e-05,3.3364215141773457e-06,1,8.505582809448242e-05,8.505582809448242e-05,8.505582809448242e-05,1,8.505582809448242e-05,8.505582809448242e-05,8.505582809448242e-05
20230524_000000,124,PSFL,PSFL,0.9013051986694336,0.9013825058937073,True,True,True,True,True,True,7.730722427368164e-05,7.730722427368164e-05,3.0380053885892266e-06,1,7.730722427368164e-05,7.730722427368164e-05,7.730722427368164e-05,1,7.730722427368164e-05,7.730722427368164e-05,7.730722427368164e-05
20230524_000000,125,PSFL,PSFL,0.9962435960769653,0.9962865114212036,True,True,True,True,True,True,4.291534423828125e-05,4.291534423828125e-05,1.6961918163360679e-06,1,4.291534423828125e-05,4.291534423828125e-05,4.291534423828125e-05,1,4.291534423828125e-05,4.291534423828125e-05,4.291534423828125e-05
20230524_000000,126,TUMI,TUMI,0.16360275447368622,0.16435343027114868,True,True,True,True,True,True,0.0007506757974624634,0.002385258674621582,0.0001269562926609069,4,0.004070349037647247,0.002385258674621582,0.0010175872594118118,4,0.004070349037647247,0.002385258674621582,0.0010175872594118118
20230524_000000,127,PSFL,PSFL,0.4893757998943329,0.49398159980773926,True,True,True,True,True,True,0.004605799913406372,0.004605799913406372,0.00019588234135881066,3,0.009547680616378784,0.004605799913406372,0.0031825602054595947,3,0.009547680616378784,0.004605799913406372,0.0031825602054595947
20230524_000000,128,COCO,COCO,0.8267233967781067,0.8282176852226257,True,True,True,True,True,True,0.001494288444519043,0.001494288444519043,5.878903539269231e-05,1,0.001494288444519043,0.001494288444519043,0.001494288444519043,1,0.001494288444519043,0.001494288444519043,0.001494288444519043
20230524_000000,129,CALU,CALU,0.8244898319244385,0.8246872425079346,True,True,True,True,True,True,0.00019741058349609375,0.00019741058349609375,1.0835419743671082e-05,1,0.00019741058349609375,0.00019741058349609375,0.00019741058349609375,1,0.00019741058349609375,0.00019741058349609375,0.00019741058349609375
20230524_000000,13,SHOT,SHOT,0.33202266693115234,0.33068224787712097,True,True,True,True,True,True,0.001340419054031372,0.0014957934617996216,9.57878291956149e-05,3,0.002885565161705017,0.0014957934617996216,0.0009618550539016724,3,0.002885565161705017,0.0014957934617996216,0.0009618550539016724
20230524_000000,130,PSFL,PSFL,0.9991105198860168,0.9991076588630676,True,True,True,True,True,True,2.86102294921875e-06,2.86102294921875e-06,1.348130496126032e-07,1,2.86102294921875e-06,2.86102294921875e-06,2.86102294921875e-06,1,2.86102294921875e-06,2.86102294921875e-06,2.86102294921875e-06
20230524_000000,131,PSFL,PSFL,0.8762951493263245,0.876555860042572,True,True,True,True,True,True,0.0002607107162475586,0.0002607107162475586,1.0507018487260211e-05,1,0.0002607107162475586,0.0002607107162475586,0.0002607107162475586,1,0.0002607107162475586,0.0002607107162475586,0.0002607107162475586
20230524_000000,132,PSFL,PSFL,0.9602530002593994,0.9604864120483398,True,True,True,True,True,True,0.0002334117889404297,0.0002334117889404297,9.164890798274428e-06,1,0.0002334117889404297,0.0002334117889404297,0.0002334117889404297,1,0.0002334117889404297,0.0002334117889404297,0.0002334117889404297
20230524_000000,133,HOSA,HOSA,0.18558093905448914,0.18569684028625488,True,True,True,True,True,True,0.00011590123176574707,0.000571228563785553,6.856866821181029e-05,3,0.0008826255798339844,0.0004781186580657959,0.0002942085266113281,3,0.0008826255798339844,0.0004781186580657959,0.0002942085266113281
20230524_000000,134,PSFL,PSFL,0.6134624481201172,0.6147215962409973,True,True,True,True,True,True,0.001259148120880127,0.001259148120880127,5.1382085075601935e-05,2,0.002235621213912964,0.001259148120880127,0.001117810606956482,2,0.002235621213912964,0.001259148120880127,0.001117810606956482
20230524_000000,135,PSFL,PSFL,0.7757207155227661,0.7753908634185791,True,True,True,True,True,True,0.0003298521041870117,0.0004830658435821533,2.4113805920933373e-05,2,0.000812917947769165,0.0004830658435821533,0.0004064589738845825,2,0.000812917947769165,0.0004830658435821533,0.0004064589738845825
20230524_000000,136,CALU,CALU,0.9717427492141724,0.9717885255813599,True,True,True,True,True,True,4.57763671875e-05,4.57763671875e-05,2.130213715645368e-06,1,4.57763671875e-05,4.57763671875e-05,4.57763671875e-05,1,4.57763671875e-05,4.57763671875e-05,4.57763671875e-05
20230524_000000,137,SHOT,SHOT,0.267225980758667,0.2677788734436035,True,True,True,True,True,True,0.0005528926849365234,0.0006771087646484375,6.688151188427582e-05,4,0.0021243244409561157,0.0006771087646484375,0.0005310811102390289,4,0.0021243244409561157,0.0006771087646484375,0.0005310811102390289
20230524_000000,138,CHMI,CHMI,0.18911755084991455,0.1895132064819336,True,True,True,True,True,True,0.00039565563201904297,0.0008993595838546753,0.00010275260865455493,3,0.001865968108177185,0.0008993595838546753,0.000621989369392395,3,0.001865968108177185,0.0008993595838546753,0.000621989369392395
20230524_000000,139,STVA,STVA,0.6744065880775452,0.6743600368499756,True,True,True,True,True,True,4.655122756958008e-05,0.00011301040649414062,9.751089237397537e-06,2,0.0001595616340637207,0.00011301040649414062,7.978081703186035e-05,2,0.0001595616340637207,0.00011301040649414062,7.978081703186035e-05
20230524_000000,14,COCO,COCO,0.1669745296239853,0.16849011182785034,True,True,True,True,True,True,0.0015155822038650513,0.0015155822038650513,0.00010579043009784073,4,0.0038921982049942017,0.0015155822038650513,0.0009730495512485504,4,0.0038921982049942017,0.0015155822038650513,0.0009730495512485504
20230524_000000,140,CALU,CALU,0.5057788491249084,0.5081438422203064,True,True,True,True,True,True,0.0023649930953979492,0.002382040023803711,9.56028452492319e-05,2,0.0024230480194091797,0.0023649930953979492,0.0012115240097045898,2,0.0024230480194091797,0.0023649930953979492,0.0012115240097045898
20230524_000000,141,HOSA,HOSA,0.15164679288864136,0.15221212804317474,True,True,True,True,True,True,0.0005653351545333862,0.0005653351545333862,6.132654380053282e-05,3,0.0014028772711753845,0.0005653351545333862,0.0004676257667597383,3,0.0014028772711753845,0.0005653351545333862,0.0004676257667597383
20230524_000000,142,CAGU,CAGU,0.5499057173728943,0.5499818921089172,True,True,True,True,True,True,7.617473602294922e-05,0.000275634229183197,1.7679816664895043e-05,1,7.617473602294922e-05,7.617473602294922e-05,7.617473602294922e-05,1,7.617473602294922e-05,7.617473602294922e-05,7.617473602294922e-05
20230524_000000,143,PSFL,PSFL,0.6842938661575317,0.6825860142707825,True,True,True,True,True,True,0.0017078518867492676,0.0017078518867492676,6.805561861256137e-05,2,0.00325658917427063,0.0017078518867492676,0.001628294587135315,2,0.00325658917427063,0.0017078518867492676,0.001628294587135315
20230524_000000,144,MYTO,MYTO,0.18197914958000183,0.18220824003219604,True,True,True,True,True,True,0.00022909045219421387,0.0003875419497489929,4.734632602776401e-05,1,0.00022909045219421387,0.00022909045219421387,0.00022909045219421387,1,0.00022909045219421387,0.00022909045219421387,0.00022909045219421387
20230524_000000,145,STVA,STVA,0.3241996765136719,0.3250793218612671,True,True,True,True,True,True,0.0008796453475952148,0.0008796453475952148,3.818784171016887e-05,3,0.0012392699718475342,0.0008796453475952148,0.0004130899906158447,3,0.0012392699718475342,0.0008796453475952148,0.0004130899906158447
20230524_000000,146,CALU,CALU,0.8163784742355347,0.8163200616836548,True,True,True,True,True,True,5.841255187988281e-05,0.000270746648311615,1.0749500688689295e-05,2,0.0003291592001914978,0.000270746648311615,0.0001645796000957489,2,0.0003291592001914978,0.000270746648311615,0.0001645796000957489
20230524_000000,147,PSFL,PSFL,0.9998770952224731,0.9998766183853149,True,True,True,True,True,True,4.76837158203125e-07,4.76837158203125e-07,1.8535235568606367e-08,1,4.76837158203125e-07,4.76837158203125e-07,4.76837158203125e-07,1,4.76837158203125e-07,4.76837158203125e-07,4.76837158203125e-07
20230524_000000,148,PSFL,PSFL,0.9629598259925842,0.96272873878479,True,True,True,True,True,True,0.00023108720779418945,0.00023108720779418945,9.070819032785948e-06,1,0.00023108720779418945,0.00023108720779418945,0.00023108720779418945,1,0.00023108720779418945,0.00023108720779418945,0.00023108720779418945
20230524_000000,149,HOSA,HOSA,0.3850349485874176,0.3846375346183777,True,True,True,True,True,True,0.000397413969039917,0.0005487501621246338,3.7620411603711545e-05,3,0.0011706799268722534,0.0005487501621246338,0.0003902266325894743,3,0.0011706799268722534,0.0005487501621246338,0.0003902266325894743
20230524_000000,15,PSFL,PSFL,0.4249466359615326,0.42557021975517273,True,True,True,True,True,True,0.0006235837936401367,0.0006235837936401367,3.326599835418165e-05,3,0.0010415688157081604,0.0006235837936401367,0.00034718960523605347,3,0.0010415688157081604,0.0006235837936401367,0.00034718960523605347
20230524_000000,150,SHOT,SHOT,0.6626687049865723,0.6628746390342712,True,True,True,True,True,True,0.0002059340476989746,0.0002059340476989746,1.1252894182689488e-05,2,0.00024433434009552,0.0002059340476989746,0.00012216717004776,2,0.00024433434009552,0.0002059340476989746,0.00012216717004776
20230524_000000,16,CALU,CALU,0.825433611869812,0.8259148597717285,True,True,True,True,True,True,0.0004812479019165039,0.0004812479019165039,1.8873613953473978e-05,2,0.0009576976299285889,0.0004812479019165039,0.00047884881496429443,2,0.0009576976299285889,0.0004812479019165039,0.00047884881496429443
20230524_000000,17,PSFL,PSFL,0.9399927258491516,0.9424146413803101,True,True,True,True,True,True,0.0024219155311584473,0.0024219155311584473,9.497696737525985e-05,1,0.0024219155311584473,0.0024219155311584473,0.0024219155311584473,1,0.0024219155311584473,0.0024219155311584473,0.0024219155311584473
20230524_000000,18,HOSA,HOSA,0.5321388244628906,0.5319069027900696,True,True,True,True,True,True,0.00023192167282104492,0.00030227750539779663,2.5652239855844527e-05,3,0.0007029697299003601,0.00030227750539779663,0.00023432324815075845,3,0.0007029697299003601,0.00030227750539779663,0.00023432324815075845
20230524_000000,19,CALU,CALU,0.8687223196029663,0.8692039251327515,True,True,True,True,True,True,0.00048160552978515625,0.00048160552978515625,1.9097818949376233e-05,1,0.00048160552978515625,0.00048160552978515625,0.00048160552978515625,1,0.00048160552978515625,0.00048160552978515625,0.00048160552978515625
20230524_000000,2,PSFL,PSFL,0.6809573173522949,0.6810805201530457,True,True,True,True,True,True,0.00012320280075073242,0.0003586709499359131,3.251874659326859e-05,1,0.00012320280075073242,0.00012320280075073242,0.00012320280075073242,1,0.00012320280075073242,0.00012320280075073242,0.00012320280075073242
20230524_000000,20,PSFL,PSFL,0.8568801283836365,0.8565902709960938,True,True,True,True,True,True,0.0002898573875427246,0.00043895095586776733,1.7833956007962115e-05,1,0.0002898573875427246,0.0002898573875427246,0.0002898573875427246,1,0.0002898573875427246,0.0002898573875427246,0.0002898573875427246
20230524_000000,21,HOSA,HOSA,0.23444148898124695,0.2348165214061737,True,True,True,True,True,True,0.0003750324249267578,0.0005247294902801514,5.1359857025090605e-05,3,0.0012074857950210571,0.0005247294902801514,0.00040249526500701904,3,0.0012074857950210571,0.0005247294902801514,0.00040249526500701904
20230524_000000,22,PSFL,PSFL,0.22846928238868713,0.22852574288845062,True,True,True,True,True,True,5.646049976348877e-05,0.0009542703628540039,5.707848322344944e-05,4,0.002003125846385956,0.0009542703628540039,0.000500781461596489,4,0.002003125846385956,0.0009542703628540039,0.000500781461596489
20230524_000000,23,MEKE,MEKE,0.4267306625843048,0.42693132162094116,True,True,True,True,True,True,0.00020065903663635254,0.0004048347473144531,3.283453042968176e-05,2,0.0002956390380859375,0.00020065903663635254,0.00014781951904296875,2,0.0002956390380859375,0.00020065903663635254,0.00014781951904296875
20230524_000000,24,CALU,CALU,0.9724441766738892,0.9724621176719666,True,True,True,True,True,True,1.7940998077392578e-05,5.799718201160431e-05,2.366741455261945e-06,1,1.7940998077392578e-05,1.7940998077392578e-05,1.7940998077392578e-05,1,1.7940998077392578e-05,1.7940998077392578e-05,1.7940998077392578e-05
20230524_000000,25,TUMI,TUMI,0.17331205308437347,0.17478564381599426,True,True,True,True,True,True,0.0014735907316207886,0.0014735907316207886,0.00010068489791592583,4,0.0027672424912452698,0.0014735907316207886,0.0006918106228113174,4,0.0027672424912452698,0.0014735907316207886,0.0006918106228113174
20230524_000000,26,COCO,COCO,0.1705801784992218,0.17021557688713074,True,True,True,True,True,True,0.00036460161209106445,0.0006253868341445923,7.636009831912816e-05,4,0.0017288550734519958,0.0005612224340438843,0.00043221376836299896,4,0.0017288550734519958,0.0005612224340438843,0.00043221376836299896
20230524_000000,27,BUVI,BUVI,0.24371741712093353,0.2435227930545807,True,True,True,True,True,True,0.00019462406635284424,0.0033582597970962524,0.0001567824074300006,4,0.0072517842054367065,0.0033582597970962524,0.0018129460513591766,4,0.0072517842054367065,0.0033582597970962524,0.0018129460513591766
20230524_000000,28,COCO,COCO,0.41180306673049927,0.4120563268661499,True,True,True,True,True,True,0.00025326013565063477,0.00025326013565063477,2.5406669010408223e-05,4,0.0007095858454704285,0.00025326013565063477,0.00017739646136760712,4,0.0007095858454704285,0.00025326013565063477,0.00017739646136760712
20230524_000000,29,PSFL,PSFL,0.8037187457084656,0.8051092028617859,True,True,True,True,True,True,0.0013904571533203125,0.0013904571533203125,6.909739749971777e-05,1,0.0013904571533203125,0.0013904571533203125,0.0013904571533203125,1,0.0013904571533203125,0.0013904571533203125,0.0013904571533203125
20230524_000000,3,DEFU,DEFU,0.20335784554481506,0.2036985605955124,True,True,True,True,True,True,0.00034071505069732666,0.0005019456148147583,7.155578350648284e-05,4,0.0010934993624687195,0.00041078776121139526,0.00027337484061717987,4,0.0010934993624687195,0.00041078776121139526,0.00027337484061717987
20230524_000000,30,HOSA,HOSA,0.33225178718566895,0.3319636285305023,True,True,True,True,True,True,0.000288158655166626,0.0003701150417327881,3.143044887110591e-05,4,0.0010520592331886292,0.0003701150417327881,0.0002630148082971573,4,0.0010520592331886292,0.0003701150417327881,0.0002630148082971573
20230524_000000,31,PSFL,PSFL,0.7238572835922241,0.7239564657211304,True,True,True,True,True,True,9.918212890625e-05,0.00020021945238113403,9.349120773549657e-06,1,9.918212890625e-05,9.918212890625e-05,9.918212890625e-05,1,9.918212890625e-05,9.918212890625e-05,9.918212890625e-05
20230524_000000,32,PSFL,PSFL,0.9286565780639648,0.9283163547515869,True,True,True,True,True,True,0.0003402233123779297,0.0003402233123779297,1.36349190142937e-05,1,0.0003402233123779297,0.0003402233123779297,0.0003402233123779297,1,0.0003402233123779297,0.0003402233123779297,0.0003402233123779297
20230524_000000,33,HOSA,HOSA,0.36805862188339233,0.367998868227005,True,True,True,True,True,True,5.97536563873291e-05,0.0008040592074394226,9.342432167613879e-05,3,0.0011316239833831787,0.0006547942757606506,0.00037720799446105957,3,0.0011316239833831787,0.0006547942757606506,0.00037720799446105957
20230524_000000,34,PSFL,PSFL,0.8926690220832825,0.8923640847206116,True,True,True,True,True,True,0.00030493736267089844,0.0003111734986305237,1.3232505807536654e-05,1,0.00030493736267089844,0.00030493736267089844,0.00030493736267089844,1,0.00030493736267089844,0.00030493736267089844,0.00030493736267089844
20230524_000000,35,CALU,CALU,0.3570092022418976,0.35718777775764465,True,True,True,True,True,True,0.0001785755157470703,0.0007990747690200806,3.6183639167575166e-05,5,0.0015868023037910461,0.0007990747690200806,0.00031736044911667705,5,0.0015868023037910461,0.0007990747690200806,0.00031736044911667705
20230524_000000,36,CALU,CALU,0.3621973991394043,0.3594246506690979,True,True,True,True,True,True,0.0027727484703063965,0.0027727484703063965,0.00012508523650467396,3,0.005414694547653198,0.0027727484703063965,0.0018048981437459588,3,0.005414694547653198,0.0027727484703063965,0.0018048981437459588
20230524_000000,37,COCO,COCO,0.6095770001411438,0.6088886857032776,True,True,True,True,True,True,0.0006883144378662109,0.0006883144378662109,2.840190973074641e-05,3,0.0012577325105667114,0.0006883144378662109,0.0004192441701889038,3,0.0012577325105667114,0.0006883144378662109,0.0004192441701889038
20230524_000000,38,CALU,CALU,0.6638030409812927,0.6647086143493652,True,True,True,True,True,True,0.0009055733680725098,0.0009055733680725098,3.5679840948432684e-05,2,0.001536637544631958,0.0009055733680725098,0.000768318772315979,2,0.001536637544631958,0.0009055733680725098,0.000768318772315979
20230524_000000,39,BUVI,BUVI,0.29829999804496765,0.2953444719314575,True,True,True,True,True,True,0.002955526113510132,0.002955526113510132,0.0001603903219802305,5,0.00684790313243866,0.002955526113510132,0.001369580626487732,5,0.00684790313243866,0.002955526113510132,0.001369580626487732
20230524_000000,4,PSFL,PSFL,0.6428000926971436,0.6474639177322388,True,True,True,True,True,True,0.004663825035095215,0.004663825035095215,0.00018647177785169333,3,0.009348049759864807,0.004663825035095215,0.003116016509011388,3,0.009348049759864807,0.004663825035095215,0.003116016509011388
20230524_000000,40,HOSA,HOSA,0.248443603515625,0.24905598163604736,True,True,True,True,True,True,0.0006123781204223633,0.0006123781204223633,5.051835978520103e-05,4,0.001073680818080902,0.0006123781204223633,0.0002684202045202255,4,0.001073680818080902,0.0006123781204223633,0.0002684202045202255
20230524_000000,41,CALU,CALU,0.7533077001571655,0.7526383399963379,True,True,True,True,True,True,0.0006693601608276367,0.0006693601608276367,2.6317222364014015e-05,2,0.0011373907327651978,0.0006693601608276367,0.0005686953663825989,2,0.0011373907327651978,0.0006693601608276367,0.0005686953663825989
20230524_000000,42,SHOT,SHOT,0.26685631275177,0.2679213285446167,True,True,True,True,True,True,0.0010650157928466797,0.0010650157928466797,5.605976184597239e-05,4,0.0017746686935424805,0.0010650157928466797,0.0004436671733856201,4,0.0017746686935424805,0.0010650157928466797,0.0004436671733856201
20230524_000000,43,TUMI,TUMI,0.23137827217578888,0.23151057958602905,True,True,True,True,True,True,0.00013230741024017334,0.00026480481028556824,3.59061305061914e-05,3,0.00040668994188308716,0.00018468499183654785,0.00013556331396102905,3,0.00040668994188308716,0.00018468499183654785,0.00013556331396102905
20230524_000000,44,PSFL,PSFL,0.9779364466667175,0.9781142473220825,True,True,True,True,True,True,0.00017780065536499023,0.00017780065536499023,6.993914666963974e-06,1,0.00017780065536499023,0.00017780065536499023,0.00017780065536499023,1,0.00017780065536499023,0.00017780065536499023,0.00017780065536499023
20230524_000000,45,CALU,CALU,0.9708643555641174,0.9704840779304504,True,True,True,True,True,True,0.0003802776336669922,0.0003802776336669922,1.4914468010829296e-05,1,0.0003802776336669922,0.0003802776336669922,0.0003802776336669922,1,0.0003802776336669922,0.0003802776336669922,0.0003802776336669922
20230524_000000,46,PSFL,PSFL,0.8635067343711853,0.8632364273071289,True,True,True,True,True,True,0.0002703070640563965,0.0002703070640563965,1.0601442227198277e-05,2,0.0004041343927383423,0.0002703070640563965,0.00020206719636917114,2,0.0004041343927383423,0.0002703070640563965,0.00020206719636917114
20230524_000000,47,PSFL,PSFL,0.3757464289665222,0.3747780919075012,True,True,True,True,True,True,0.0009683370590209961,0.0010427236557006836,4.4509684812510386e-05,3,0.002052396535873413,0.0010427236557006836,0.0006841321592219174,3,0.002052396535873413,0.0010427236557006836,0.0006841321592219174
20230524_000000,48,SHOT,SHOT,0.5181035995483398,0.5170300006866455,True,True,True,True,True,True,0.001073598861694336,0.001073598861694336,4.6034536353545263e-05,2,0.0011692047119140625,0.001073598861694336,0.0005846023559570312,2,0.0011692047119140625,0.001073598861694336,0.0005846023559570312
20230524_000000,49,BUVI,BUVI,0.3730665445327759,0.37178608775138855,True,True,True,True,True,True,0.001280456781387329,0.001280456781387329,6.870511424494907e-05,3,0.0023700743913650513,0.001280456781387329,0.0007900248165242374,3,0.0023700743913650513,0.001280456781387329,0.0007900248165242374
20230524_000000,5,PSFL,PSFL,0.7833156585693359,0.7836049199104309,True,True,True,True,True,True,0.0002892613410949707,0.0002892613410949707,1.192292711493792e-05,2,0.0005111247301101685,0.0002892613410949707,0.00025556236505508423,2,0.0005111247301101685,0.0002892613410949707,0.00025556236505508423
20230524_000000,50,CALU,CALU,0.8926400542259216,0.8922374844551086,True,True,True,True,True,True,0.0004025697708129883,0.0004025697708129883,1.6079251508926973e-05,1,0.0004025697708129883,0.0004025697708129883,0.0004025697708129883,1,0.0004025697708129883,0.0004025697708129883,0.0004025697708129883
20230524_000000,51,COCO,COCO,0.9559402465820312,0.9561203718185425,True,True,True,True,True,True,0.00018012523651123047,0.00018012523651123047,7.068886588967871e-06,1,0.00018012523651123047,0.00018012523651123047,0.00018012523651123047,1,0.00018012523651123047,0.00018012523651123047,0.00018012523651123047
20230524_000000,52,CALU,CALU,0.5470061898231506,0.5468979477882385,True,True,True,True,True,True,0.00010824203491210938,0.0003701522946357727,1.5704939869465306e-05,2,0.00022013485431671143,0.00011189281940460205,0.00011006742715835571,2,0.00022013485431671143,0.00011189281940460205,0.00011006742715835571
20230524_000000,53,PSFL,PSFL,0.5456478595733643,0.5435882210731506,True,True,True,True,True,True,0.002059638500213623,0.002059638500213623,9.180341294268146e-05,2,0.0035318508744239807,0.002059638500213623,0.0017659254372119904,2,0.0035318508744239807,0.002059638500213623,0.0017659254372119904
20230524_000000,54,PSFL,PSFL,0.29930421710014343,0.30180624127388,True,True,True,True,True,True,0.0025020241737365723,0.0025020241737365723,0.00011630739754764363,2,0.003165304660797119,0.0025020241737365723,0.0015826523303985596,2,0.003165304660797119,0.0025020241737365723,0.0015826523303985596
20230524_000000,55,PSFL,PSFL,0.999783456325531,0.9997850060462952,True,True,True,True,True,True,1.5497207641601562e-06,1.5592522686347365e-06,6.219227799419969e-08,1,1.5497207641601562e-06,1.5497207641601562e-06,1.5497207641601562e-06,1,1.5497207641601562e-06,1.5497207641601562e-06,1.5497207641601562e-06
20230524_000000,56,PSFL,PSFL,0.9968773126602173,0.99689781665802,True,True,True,True,True,True,2.0503997802734375e-05,2.0503997802734375e-05,8.040697707656363e-07,1,2.0503997802734375e-05,2.0503997802734375e-05,2.0503997802734375e-05,1,2.0503997802734375e-05,2.0503997802734375e-05,2.0503997802734375e-05
20230524_000000,57,CALU,CALU,0.3381101191043854,0.3392449617385864,True,True,True,True,True,True,0.0011348426342010498,0.0011348426342010498,5.3467661928152665e-05,3,0.002047702670097351,0.0011348426342010498,0.0006825675372965634,3,0.002047702670097351,0.0011348426342010498,0.0006825675372965634
20230524_000000,58,PSFL,PSFL,0.9986706972122192,0.9986615180969238,True,True,True,True,True,True,9.179115295410156e-06,9.179115295410156e-06,3.5836478673445527e-07,1,9.179115295410156e-06,9.179115295410156e-06,9.179115295410156e-06,1,9.179115295410156e-06,9.179115295410156e-06,9.179115295410156e-06
20230524_000000,59,STVA,STVA,0.4772973656654358,0.4768403172492981,True,True,True,True,True,True,0.0004570484161376953,0.001281052827835083,7.39294191589579e-05,3,0.0028228014707565308,0.001281052827835083,0.0009409338235855103,3,0.0028228014707565308,0.001281052827835083,0.0009409338235855103
20230524_000000,6,FLY,FLY,0.11493924260139465,0.1154138445854187,True,True,True,True,True,True,0.00047460198402404785,0.0009110197424888611,7.734508835710585e-05,2,0.001385621726512909,0.0009110197424888611,0.0006928108632564545,2,0.001385621726512909,0.0009110197424888611,0.0006928108632564545
20230524_000000,60,CALU,CALU,0.9890671372413635,0.9890581965446472,True,True,True,True,True,True,8.940696716308594e-06,1.2172735296189785e-05,1.2213606623845408e-06,1,8.940696716308594e-06,8.940696716308594e-06,8.940696716308594e-06,1,8.940696716308594e-06,8.940696716308594e-06,8.940696716308594e-06
20230524_000000,61,PSFL,PSFL,0.9997311234474182,0.9997349381446838,True,True,True,True,True,True,3.814697265625e-06,3.814697265625e-06,1.4855538665869972e-07,1,3.814697265625e-06,3.814697265625e-06,3.814697265625e-06,1,3.814697265625e-06,3.814697265625e-06,3.814697265625e-06
20230524_000000,62,BUVI,BUVI,0.3247647285461426,0.3238982856273651,True,True,True,True,True,True,0.0008664429187774658,0.001223042607307434,5.596942355623469e-05,3,0.0022544413805007935,0.001223042607307434,0.0007514804601669312,3,0.0022544413805007935,0.001223042607307434,0.0007514804601669312
20230524_000000,63,PSFL,PSFL,0.3967897295951843,0.39647266268730164,True,True,True,True,True,True,0.00031706690788269043,0.00031706690788269043,3.304337587906048e-05,2,0.0005427524447441101,0.00031706690788269043,0.00027137622237205505,2,0.0005427524447441101,0.00031706690788269043,0.00027137622237205505
20230524_000000,64,PSFL,PSFL,0.9999697208404541,0.9999693632125854,True,True,True,True,True,True,3.5762786865234375e-07,3.5762786865234375e-07,1.3747234461902735e-08,1,3.5762786865234375e-07,3.5762786865234375e-07,3.5762786865234375e-07,1,3.5762786865234375e-07,3.5762786865234375e-07,3.5762786865234375e-07
20230524_000000,65,SHOT,SHOT,0.19959226250648499,0.19860537350177765,True,True,True,True,True,True,0.0009868890047073364,0.0009868890047073364,7.36168003641069e-05,3,0.002163320779800415,0.0009868890047073364,0.000721106946002692,3,0.002163320779800415,0.0009868890047073364,0.000721106946002692
20230524_000000,66,PSFL,PSFL,0.984428882598877,0.9847432374954224,True,True,True,True,True,True,0.00031435489654541016,0.00031435489654541016,1.233990042237565e-05,1,0.00031435489654541016,0.00031435489654541016,0.00031435489654541016,1,0.00031435489654541016,0.00031435489654541016,0.00031435489654541016
20230524_000000,67,STVA,STVA,0.8356388211250305,0.8344846963882446,True,True,True,True,True,True,0.0011541247367858887,0.0011541247367858887,4.722818630398251e-05,1,0.0011541247367858887,0.0011541247367858887,0.0011541247367858887,1,0.0011541247367858887,0.0011541247367858887,0.0011541247367858887
20230524_000000,68,MYTO,MYTO,0.47031185030937195,0.46915382146835327,True,True,True,True,True,True,0.0011580288410186768,0.0011580288410186768,4.795177301275544e-05,2,0.0019632577896118164,0.0011580288410186768,0.0009816288948059082,2,0.0019632577896118164,0.0011580288410186768,0.0009816288948059082
20230524_000000,69,CAGU,CAGU,0.944234311580658,0.9441601634025574,True,True,True,True,True,True,7.414817810058594e-05,7.414817810058594e-05,3.2887037377804518e-06,1,7.414817810058594e-05,7.414817810058594e-05,7.414817810058594e-05,1,7.414817810058594e-05,7.414817810058594e-05,7.414817810058594e-05
20230524_000000,7,SHOT,SHOT,0.4015054404735565,0.40088221430778503,True,True,True,True,True,True,0.0006232261657714844,0.0006232261657714844,3.9683385693933815e-05,4,0.0015164464712142944,0.0006232261657714844,0.0003791116178035736,4,0.0015164464712142944,0.0006232261657714844,0.0003791116178035736
20230524_000000,70,SHOT,SHOT,0.5020112991333008,0.503105878829956,True,True,True,True,True,True,0.0010945796966552734,0.0010945796966552734,5.7287037634523585e-05,3,0.001820400357246399,0.0010945796966552734,0.0006068001384846866,3,0.001820400357246399,0.0010945796966552734,0.0006068001384846866
20230524_000000,71,PSFL,PSFL,0.1736930012702942,0.17316658794879913,True,True,True,True,True,True,0.0005264133214950562,0.0006225258111953735,7.701887079747394e-05,4,0.001987069845199585,0.0006225258111953735,0.0004967674612998962,4,0.001987069845199585,0.0006225258111953735,0.0004967674612998962
20230524_000000,72,SHOT,SHOT,0.20226411521434784,0.20250752568244934,True,True,True,True,True,True,0.00024341046810150146,0.0006665885448455811,4.976987838745117e-05,3,0.0012766122817993164,0.0006665885448455811,0.0004255374369677156,3,0.0012766122817993164,0.0006665885448455811,0.0004255374369677156
20230524_000000,73,PSFL,PSFL,0.9877153038978577,0.9878308176994324,True,True,True,True,True,True,0.00011551380157470703,0.00011551380157470703,4.615635134541662e-06,1,0.00011551380157470703,0.00011551380157470703,0.00011551380157470703,1,0.00011551380157470703,0.00011551380157470703,0.00011551380157470703
20230524_000000,74,SHOT,SHOT,0.2909338176250458,0.2906492054462433,True,True,True,True,True,True,0.00028461217880249023,0.00029323995113372803,4.1738065192475915e-05,2,0.0005778521299362183,0.00029323995113372803,0.00028892606496810913,2,0.0005778521299362183,0.00029323995113372803,0.00028892606496810913
20230524_000000,75,MYTO,MYTO,0.3383749723434448,0.33870968222618103,True,True,True,True,True,True,0.00033470988273620605,0.00033470988273620605,2.997290539497044e-05,3,0.0008499175310134888,0.00033470988273620605,0.00028330585337243974,3,0.0008499175310134888,0.00033470988273620605,0.00028330585337243974
20230524_000000,76,CALU,CALU,0.5446304082870483,0.5430299043655396,True,True,True,True,True,True,0.001600503921508789,0.001600503921508789,6.300284439930692e-05,3,0.002433210611343384,0.001600503921508789,0.0008110702037811279,3,0.002433210611343384,0.001600503921508789,0.0008110702037811279
20230524_000000,77,CALU,CALU,0.8619706630706787,0.8644357323646545,True,True,True,True,True,True,0.00246506929397583,0.00246506929397583,9.822114952839911e-05,1,0.00246506929397583,0.00246506929397583,0.00246506929397583,1,0.00246506929397583,0.00246506929397583,0.00246506929397583
20230524_000000,78,PSFL,PSFL,0.4726800322532654,0.4711533784866333,True,True,True,True,True,True,0.00152665376663208,0.00152665376663208,6.284400296863168e-05,2,0.0028747618198394775,0.00152665376663208,0.0014373809099197388,2,0.0028747618198394775,0.00152665376663208,0.0014373809099197388
20230524_000000,79,PSFL,PSFL,0.9864888787269592,0.9868009090423584,True,True,True,True,True,True,0.0003120303153991699,0.0003120303153991699,1.2252874512341805e-05,1,0.0003120303153991699,0.0003120303153991699,0.0003120303153991699,1,0.0003120303153991699,0.0003120303153991699,0.0003120303153991699
20230524_000000,8,CALU,CALU,0.8153910636901855,0.8155515193939209,True,True,True,True,True,True,0.00016045570373535156,0.00016045570373535156,8.567682925786357e-06,2,0.00017777085304260254,0.00016045570373535156,8.888542652130127e-05,2,0.00017777085304260254,0.00016045570373535156,8.888542652130127e-05
20230524_000000,80,DEFU,DEFU,0.2940601408481598,0.29332393407821655,True,True,True,True,True,True,0.0007362067699432373,0.0007362067699432373,6.624469097005203e-05,3,0.001569218933582306,0.0007362067699432373,0.000523072958458215,3,0.001569218933582306,0.0007362067699432373,0.000523072958458215
20230524_000000,81,PSFL,PSFL,0.994101345539093,0.9941149950027466,True,True,True,True,True,True,1.3649463653564453e-05,1.4258082956075668e-05,5.606952981906943e-07,1,1.3649463653564453e-05,1.3649463653564453e-05,1.3649463653564453e-05,1,1.3649463653564453e-05,1.3649463653564453e-05,1.3649463653564453e-05
20230524_000000,82,PSFL,PSFL,0.9747783541679382,0.9751293659210205,True,True,True,True,True,True,0.0003510117530822754,0.0003510117530822754,1.3770021723757964e-05,1,0.0003510117530822754,0.0003510117530822754,0.0003510117530822754,1,0.0003510117530822754,0.0003510117530822754,0.0003510117530822754
20230524_000000,83,CAGU,CAGU,0.18864822387695312,0.18899774551391602,True,True,True,True,True,True,0.0003495216369628906,0.0003495216369628906,4.2907908209599555e-05,3,0.0004816800355911255,0.0003495216369628906,0.0001605600118637085,3,0.0004816800355911255,0.0003495216369628906,0.0001605600118637085
20230524_000000,84,HOSA,HOSA,0.4816479980945587,0.48170632123947144,True,True,True,True,True,True,5.8323144912719727e-05,0.00030306726694107056,2.815862899296917e-05,3,0.000362299382686615,0.00030306726694107056,0.00012076646089553833,3,0.000362299382686615,0.00030306726694107056,0.00012076646089553833
20230524_000000,85,PSFL,PSFL,0.9948770403862,0.9948390126228333,True,True,True,True,True,True,3.802776336669922e-05,3.802776336669922e-05,1.49061986576271e-06,1,3.802776336669922e-05,3.802776336669922e-05,3.802776336669922e-05,1,3.802776336669922e-05,3.802776336669922e-05,3.802776336669922e-05
20230524_000000,86,PSFL,PSFL,0.9616305232048035,0.9619987607002258,True,True,True,True,True,True,0.0003682374954223633,0.0003682374954223633,1.4449388800130691e-05,1,0.0003682374954223633,0.0003682374954223633,0.0003682374954223633,1,0.0003682374954223633,0.0003682374954223633,0.0003682374954223633
20230524_000000,87,CALU,CALU,0.4561990797519684,0.4566704034805298,True,True,True,True,True,True,0.00047132372856140137,0.00047132372856140137,4.386849468573928e-05,3,0.0009734928607940674,0.00047132372856140137,0.0003244976105634123,3,0.0009734928607940674,0.00047132372856140137,0.0003244976105634123
20230524_000000,88,DOG,DOG,0.35623887181282043,0.3561355769634247,True,True,True,True,True,True,0.00010329484939575195,0.0003945454955101013,1.782314393494744e-05,4,0.0003688931465148926,0.00015635788440704346,9.222328662872314e-05,5,0.0007634386420249939,0.0003945454955101013,0.00015268773131538182
20230524_000000,89,BUVI,BUVI,0.42155715823173523,0.422179639339447,True,True,True,True,True,True,0.000622481107711792,0.000622481107711792,2.6862895538215525e-05,2,0.0006285309791564941,0.000622481107711792,0.00031426548957824707,2,0.0006285309791564941,0.000622481107711792,0.00031426548957824707
20230524_000000,9,CALU,CALU,0.4769783020019531,0.47718819975852966,True,True,True,True,True,True,0.00020989775657653809,0.000643998384475708,3.891017331625335e-05,2,0.0004954934120178223,0.0002855956554412842,0.00024774670600891113,2,0.0004954934120178223,0.0002855956554412842,0.00024774670600891113
20230524_000000,90,PSFL,PSFL,0.9991449117660522,0.9991700649261475,True,True,True,True,True,True,2.5153160095214844e-05,2.5153160095214844e-05,9.858632665782352e-07,1,2.5153160095214844e-05,2.5153160095214844e-05,2.5153160095214844e-05,1,2.5153160095214844e-05,2.5153160095214844e-05,2.5153160095214844e-05
20230524_000000,91,TUMI,TUMI,0.1440567821264267,0.1434127241373062,True,True,True,True,False,False,0.0006440579891204834,0.0009116902947425842,7.88515608292073e-05,3,0.0008357316255569458,0.0006440579891204834,0.00027857720851898193,3,0.0008357316255569458,0.0006440579891204834,0.00027857720851898193
20230524_000000,92,STVA,STVA,0.3554096817970276,0.3557310700416565,True,True,True,True,True,True,0.00032138824462890625,0.00032138824462890625,2.250306170026306e-05,4,0.0008809641003608704,0.00032138824462890625,0.0002202410250902176,4,0.0008809641003608704,0.00032138824462890625,0.0002202410250902176
20230524_000000,93,MYTO,MYTO,0.33756887912750244,0.3379076421260834,True,True,True,True,True,True,0.0003387629985809326,0.0004710964858531952,3.665231270133518e-05,2,0.0004284381866455078,0.0003387629985809326,0.0002142190933227539,2,0.0004284381866455078,0.0003387629985809326,0.0002142190933227539
20230524_000000,94,CALU,CALU,0.9298847317695618,0.9297589659690857,True,True,True,True,True,True,0.00012576580047607422,0.00012576580047607422,4.9364125516149215e-06,1,0.00012576580047607422,0.00012576580047607422,0.00012576580047607422,1,0.00012576580047607422,0.00012576580047607422,0.00012576580047607422
20230524_000000,95,PSFL,PSFL,0.9846296906471252,0.9848042726516724,True,True,True,True,True,True,0.00017458200454711914,0.00017485860735177994,6.860184839752037e-06,1,0.00017458200454711914,0.00017458200454711914,0.00017458200454711914,1,0.00017458200454711914,0.00017458200454711914,0.00017458200454711914
20230524_000000,96,CALU,CALU,0.7746829390525818,0.7763075828552246,True,True,True,True,True,True,0.0016246438026428223,0.0016246438026428223,6.371034396579489e-05,2,0.0029896199703216553,0.0016246438026428223,0.0014948099851608276,2,0.0029896199703216553,0.0016246438026428223,0.0014948099851608276
20230524_000000,97,CALU,CALU,0.941248893737793,0.9408639073371887,True,True,True,True,True,True,0.00038498640060424805,0.00038498640060424805,1.5194905245152768e-05,1,0.00038498640060424805,0.00038498640060424805,0.00038498640060424805,1,0.00038498640060424805,0.00038498640060424805,0.00038498640060424805
20230524_000000,98,CAGU,CAGU,0.4267742335796356,0.42819535732269287,True,True,True,True,True,True,0.001421123743057251,0.001421123743057251,6.284344999585301e-05,2,0.0016607195138931274,0.001421123743057251,0.0008303597569465637,2,0.0016607195138931274,0.001421123743057251,0.0008303597569465637
20230524_000000,99,BUVI,BUVI,0.8006680607795715,0.8020400404930115,True,True,True,True,True,True,0.0013719797134399414,0.0013719797134399414,5.432517718872987e-05,2,0.002553701400756836,0.0013719797134399414,0.001276850700378418,2,0.002553701400756836,0.0013719797134399414,0.001276850700378418
20230524_200000,1,PSFL,PSFL,0.9976928234100342,0.997686505317688,True,True,True,True,True,True,6.318092346191406e-06,6.318092346191406e-06,2.4927950903474994e-07,1,6.318092346191406e-06,6.318092346191406e-06,6.318092346191406e-06,1,6.318092346191406e-06,6.318092346191406e-06,6.318092346191406e-06
20230524_200000,10,PSFL,PSFL,0.9999580383300781,0.9999581575393677,True,True,True,True,True,True,1.1920928955078125e-07,1.1920928955078125e-07,4.309289369786029e-09,1,1.1920928955078125e-07,1.1920928955078125e-07,1.1920928955078125e-07,1,1.1920928955078125e-07,1.1920928955078125e-07,1.1920928955078125e-07
20230524_200000,100,PSFL,PSFL,0.996727705001831,0.9967144727706909,True,True,True,True,True,True,1.3232231140136719e-05,1.3232231140136719e-05,5.186134330870118e-07,1,1.3232231140136719e-05,1.3232231140136719e-05,1.3232231140136719e-05,1,1.3232231140136719e-05,1.3232231140136719e-05,1.3232231140136719e-05
20230524_200000,101,CALU,CALU,0.5610015392303467,0.5619492530822754,True,True,True,True,True,True,0.0009477138519287109,0.0009477138519287109,4.0020466258283705e-05,2,0.0010177791118621826,0.0009477138519287109,0.0005088895559310913,2,0.0010177791118621826,0.0009477138519287109,0.0005088895559310913
20230524_200000,102,PSFL,PSFL,0.9997765421867371,0.9997749924659729,True,True,True,True,True,True,1.5497207641601562e-06,1.5497207641601562e-06,6.03243250907326e-08,1,1.5497207641601562e-06,1.5497207641601562e-06,1.5497207641601562e-06,1,1.5497207641601562e-06,1.5497207641601562e-06,1.5497207641601562e-06
20230524_200000,103,PSFL,PSFL,0.7429047226905823,0.7447052001953125,True,True,True,True,True,True,0.0018004775047302246,0.0018004775047302246,7.44137869332917e-05,2,0.003441452980041504,0.0018004775047302246,0.001720726490020752,2,0.003441452980041504,0.0018004775047302246,0.001720726490020752
20230524_200000,104,PSFL,PSFL,0.6413955092430115,0.6421034932136536,True,True,True,True,True,True,0.0007079839706420898,0.0007079839706420898,2.780732756946236e-05,2,0.001188129186630249,0.0007079839706420898,0.0005940645933151245,2,0.001188129186630249,0.0007079839706420898,0.0005940645933151245
20230524_200000,105,PSFL,PSFL,0.9993423819541931,0.9993389248847961,True,True,True,True,True,True,3.4570693969726562e-06,3.5245902836322784e-06,1.3692300626644283e-07,1,3.4570693969726562e-06,3.4570693969726562e-06,3.4570693969726562e-06,1,3.4570693969726562e-06,3.4570693969726562e-06,3.4570693969726562e-06
20230524_200000,106,PSFL,PSFL,0.999629020690918,0.9996317625045776,True,True,True,True,True,True,2.7418136596679688e-06,2.7418136596679688e-06,1.09159941530379e-07,1,2.7418136596679688e-06,2.7418136596679688e-06,2.7418136596679688e-06,1,2.7418136596679688e-06,2.7418136596679688e-06,2.7418136596679688e-06
20230524_200000,107,PSFL,PSFL,0.972337543964386,0.9721466898918152,True,True,True,True,True,True,0.00019085407257080078,0.00019085407257080078,7.484857633244246e-06,1,0.00019085407257080078,0.00019085407257080078,0.00019085407257080078,1,0.00019085407257080078,0.00019085407257080078,0.00019085407257080078
20230524_200000,108,PSFL,PSFL,0.9993719458580017,0.9993817806243896,True,True,True,True,True,True,9.834766387939453e-06,9.958806913346052e-06,3.881301893216005e-07,1,9.834766387939453e-06,9.834766387939453e-06,9.834766387939453e-06,1,9.834766387939453e-06,9.834766387939453e-06,9.834766387939453e-06
20230524_200000,109,PSFL,PSFL,0.9862766265869141,0.9861961603164673,True,True,True,True,True,True,8.046627044677734e-05,8.046627044677734e-05,3.1542765555059304e-06,1,8.046627044677734e-05,8.046627044677734e-05,8.046627044677734e-05,1,8.046627044677734e-05,8.046627044677734e-05,8.046627044677734e-05
20230524_200000,11,PSFL,PSFL,0.9991672039031982,0.9991693496704102,True,True,True,True,True,True,2.1457672119140625e-06,2.1457672119140625e-06,8.26165873490936e-08,1,2.1457672119140625e-06,2.1457672119140625e-06,2.1457672119140625e-06,1,2.1457672119140625e-06,2.1457672119140625e-06,2.1457672119140625e-06
20230524_200000,110,PSFL,PSFL,0.999707043170929,0.9997115731239319,True,True,True,True,True,True,4.5299530029296875e-06,4.5299530029296875e-06,1.7728109469317133e-07,1,4.5299530029296875e-06,4.5299530029296875e-06,4.5299530029296875e-06,1,4.5299530029296875e-06,4.5299530029296875e-06,4.5299530029296875e-06
20230524_200000,111,PSFL,PSFL,0.9959897398948669,0.9960289001464844,True,True,True,True,True,True,3.916025161743164e-05,3.916025161743164e-05,1.5387134908451117e-06,1,3.916025161743164e-05,3.916025161743164e-05,3.916025161743164e-05,1,3.916025161743164e-05,3.916025161743164e-05,3.916025161743164e-05
20230524_200000,112,PSFL,PSFL,0.8009599447250366,0.801705539226532,True,True,True,True,True,True,0.0007455945014953613,0.0007455945014953613,2.9268623620737344e-05,2,0.000992804765701294,0.0007455945014953613,0.000496402382850647,2,0.000992804765701294,0.0007455945014953613,0.000496402382850647
20230524_200000,113,PSFL,PSFL,0.9882301092147827,0.988190770149231,True,True,True,True,True,True,3.933906555175781e-05,3.933906555175781e-05,1.5439984508702764e-06,1,3.933906555175781e-05,3.933906555175781e-05,3.933906555175781e-05,1,3.933906555175781e-05,3.933906555175781e-05,3.933906555175781e-05
20230524_200000,114,PSFL,PSFL,0.99366295337677,0.9936885237693787,True,True,True,True,True,True,2.5570392608642578e-05,2.5570392608642578e-05,1.0041629820989328e-06,1,2.5570392608642578e-05,2.5570392608642578e-05,2.5570392608642578e-05,1,2.5570392608642578e-05,2.5570392608642578e-05,2.5570392608642578e-05
20230524_200000,115,PSFL,PSFL,0.9997764229774475,0.9997785687446594,True,True,True,True,True,True,2.1457672119140625e-06,2.1457672119140625e-06,8.257887884610682e-08,1,2.1457672119140625e-06,2.1457672119140625e-06,2.1457672119140625e-06,1,2.1457672119140625e-06,2.1457672119140625e-06,2.1457672119140625e-06
20230524_200000,116,PSFL,PSFL,0.9986500144004822,0.9986522793769836,True,True,True,True,True,True,2.2649765014648438e-06,2.3585744202136993e-06,9.107016296638903e-08,1,2.2649765014648438e-06,2.2649765014648438e-06,2.2649765014648438e-06,1,2.2649765014648438e-06,2.2649765014648438e-06,2.2649765014648438e-06
20230524_200000,117,PSFL,PSFL,0.997840166091919,0.9978285431861877,True,True,True,True,True,True,1.1622905731201172e-05,1.1622905731201172e-05,4.5483412236535514e-07,1,1.1622905731201172e-05,1.1622905731201172e-05,1.1622905731201172e-05,1,1.1622905731201172e-05,1.1622905731201172e-05,1.1622905731201172e-05
20230524_200000,118,PSFL,PSFL,0.9999070167541504,0.9999088048934937,True,True,True,True,True,True,1.7881393432617188e-06,1.7881393432617188e-06,6.968946308916202e-08,1,1.7881393432617188e-06,1.7881393432617188e-06,1.7881393432617188e-06,1,1.7881393432617188e-06,1.7881393432617188e-06,1.7881393432617188e-06
20230524_200000,119,COCO,COCO,0.5285574197769165,0.5287135243415833,True,True,True,True,True,True,0.00015610456466674805,0.00019758567214012146,1.3841039617545903e-05,2,0.00020015239715576172,0.00015610456466674805,0.00010007619857788086,2,0.00020015239715576172,0.00015610456466674805,0.00010007619857788086
20230524_200000,12,PSFL,PSFL,0.9621778130531311,0.9622946381568909,True,True,True,True,True,True,0.00011682510375976562,0.00011682510375976562,4.589026502799243e-06,1,0.00011682510375976562,0.00011682510375976562,0.00011682510375976562,1,0.00011682510375976562,0.00011682510375976562,0.00011682510375976562
20230524_200000,120,CALU,CALU,0.9922422170639038,0.9922844767570496,True,True,True,True,True,True,4.225969314575195e-05,4.272535443305969e-05,1.6842740251377109e-06,1,4.225969314575195e-05,4.225969314575195e-05,4.225969314575195e-05,1,4.225969314575195e-05,4.225969314575195e-05,4.225969314575195e-05
20230524_200000,121,PSFL,PSFL,0.9998698234558105,0.9998698234558105,True,True,True,True,True,True,0.0,7.55098881199956e-08,2.103113239115828e-09,1,0.0,0.0,0.0,1,0.0,0.0,0.0
20230524_200000,122,PSFL,PSFL,0.9549459218978882,0.955070436000824,True,True,True,True,True,True,0.00012451410293579102,0.00012451410293579102,4.891934622719418e-06,1,0.00012451410293579102,0.00012451410293579102,0.00012451410293579102,1,0.00012451410293579102,0.00012451410293579102,0.00012451410293579102
20230524_200000,123,CAGU,CAGU,0.4240207076072693,0.42525625228881836,True,True,True,True,True,True,0.0012355446815490723,0.0012355446815490723,5.06697288074065e-05,2,0.0013598799705505371,0.0012355446815490723,0.0006799399852752686,2,0.0013598799705505371,0.0012355446815490723,0.0006799399852752686
20230524_200000,124,PSFL,PSFL,0.9939636588096619,0.9939741492271423,True,True,True,True,True,True,1.049041748046875e-05,1.177983358502388e-05,4.622330607162439e-07,1,1.049041748046875e-05,1.049041748046875e-05,1.049041748046875e-05,1,1.049041748046875e-05,1.049041748046875e-05,1.049041748046875e-05
20230524_200000,125,PSFL,PSFL,0.999900221824646,0.999900221824646,True,True,True,True,True,True,0.0,9.997165761888027e-09,1.960235723741377e-10,1,0.0,0.0,0.0,1,0.0,0.0,0.0
20230524_200000,126,PSFL,PSFL,0.986730694770813,0.9867382049560547,True,True,True,True,True,True,7.510185241699219e-06,8.012168109416962e-06,3.595073394535575e-07,1,7.510185241699219e-06,7.510185241699219e-06,7.510185241699219e-06,1,7.510185241699219e-06,7.510185241699219e-06,7.510185241699219e-06
20230524_200000,127,CALU,CALU,0.9912703037261963,0.9913330674171448,True,True,True,True,True,True,6.276369094848633e-05,6.290711462497711e-05,2.4642556581966346e-06,1,6.276369094848633e-05,6.276369094848633e-05,6.276369094848633e-05,1,6.276369094848633e-05,6.276369094848633e-05,6.276369094848633e-05
20230524_200000,128,PSFL,PSFL,0.9997376799583435,0.999739944934845,True,True,True,True,True,True,2.2649765014648438e-06,2.272485289722681e-06,8.910996029953822e-08,1,2.2649765014648438e-06,2.2649765014648438e-06,2.2649765014648438e-06,1,2.2649765014648438e-06,2.2649765014648438e-06,2.2649765014648438e-06
20230524_200000,129,PSFL,PSFL,0.999920129776001,0.9999189376831055,True,True,True,True,True,True,1.1920928955078125e-06,1.2660239008255303e-06,4.8198725011161514e-08,1,1.1920928955078125e-06,1.1920928955078125e-06,1.1920928955078125e-06,1,1.1920928955078125e-06,1.1920928955078125e-06,1.1920928955078125e-06
20230524_200000,13,PSFL,PSFL,0.9996552467346191,0.9996562004089355,True,True,True,True,True,True,9.5367431640625e-07,9.5367431640625e-07,3.617837407432489e-08,1,9.5367431640625e-07,9.5367431640625e-07,9.5367431640625e-07,1,9.5367431640625e-07,9.5367431640625e-07,9.5367431640625e-07
20230524_200000,130,PSFL,PSFL,0.965195894241333,0.9653534889221191,True,True,True,True,True,True,0.0001575946807861328,0.00015779584646224976,6.188649422256276e-06,1,0.0001575946807861328,0.0001575946807861328,0.0001575946807861328,1,0.0001575946807861328,0.0001575946807861328,0.0001575946807861328
20230524_200000,131,PSFL,PSFL,0.9507095813751221,0.9514561295509338,True,True,True,True,True,True,0.0007465481758117676,0.0007465481758117676,2.9283890398801304e-05,1,0.0007465481758117676,0.0007465481758117676,0.0007465481758117676,1,0.0007465481758117676,0.0007465481758117676,0.0007465481758117676
20230524_200000,132,PSFL,PSFL,0.9993589520454407,0.9993687272071838,True,True,True,True,True,True,9.775161743164062e-06,9.775161743164062e-06,3.8234233556977415e-07,1,9.775161743164062e-06,9.775161743164062e-06,9.775161743164062e-06,1,9.775161743164062e-06,9.775161743164062e-06,9.775161743164062e-06
20230524_200000,133,PSFL,PSFL,0.8391319513320923,0.838651716709137,True,True,True,True,True,True,0.00048023462295532227,0.0004912763833999634,1.9381166566745378e-05,2,0.0009715110063552856,0.0004912763833999634,0.0004857555031776428,2,0.0009715110063552856,0.0004912763833999634,0.0004857555031776428
20230524_200000,134,PSFL,PSFL,0.9999659061431885,0.999966025352478,True,True,True,True,True,True,1.1920928955078125e-07,1.6195917851291597e-07,5.514710021969904e-09,1,1.1920928955078125e-07,1.1920928955078125e-07,1.1920928955078125e-07,1,1.1920928955078125e-07,1.1920928955078125e-07,1.1920928955078125e-07
20230524_200000,135,PSFL,PSFL,0.9999288320541382,0.9999293088912964,True,True,True,True,True,True,4.76837158203125e-07,4.76837158203125e-07,1.815661754278608e-08,1,4.76837158203125e-07,4.76837158203125e-07,4.76837158203125e-07,1,4.76837158203125e-07,4.76837158203125e-07,4.76837158203125e-07
20230524_200000,136,CALU,CALU,0.6900513172149658,0.6886463761329651,True,True,True,True,True,True,0.0014049410820007324,0.0014049410820007324,5.7394365285290405e-05,2,0.0027252137660980225,0.0014049410820007324,0.0013626068830490112,2,0.0027252137660980225,0.0014049410820007324,0.0013626068830490112
20230524_200000,137,PSFL,PSFL,0.9982452392578125,0.9982611536979675,True,True,True,True,True,True,1.5914440155029297e-05,1.5918281860649586e-05,6.243270718186977e-07,1,1.5914440155029297e-05,1.5914440155029297e-05,1.5914440155029297e-05,1,1.5914440155029297e-05,1.5914440155029297e-05,1.5914440155029297e-05
20230524_200000,138,PSFL,PSFL,0.9947903156280518,0.9947775602340698,True,True,True,True,True,True,1.2755393981933594e-05,1.2755393981933594e-05,5.006889409742143e-07,1,1.2755393981933594e-05,1.2755393981933594e-05,1.2755393981933594e-05,1,1.2755393981933594e-05,1.2755393981933594e-05,1.2755393981933594e-05
20230524_200000,139,PSFL,PSFL,0.9996805191040039,0.9996814727783203,True,True,True,True,False,False,9.5367431640625e-07,9.5367431640625e-07,3.7531748375840834e-08,1,9.5367431640625e-07,9.5367431640625e-07,9.5367431640625e-07,1,9.5367431640625e-07,9.5367431640625e-07,9.5367431640625e-07
20230524_200000,14,CALU,CALU,0.9555410742759705,0.9551865458488464,True,True,True,True,True,True,0.00035452842712402344,0.00035452842712402344,1.3932785805081949e-05,1,0.00035452842712402344,0.00035452842712402344,0.00035452842712402344,1,0.00035452842712402344,0.00035452842712402344,0.00035452842712402344
20230524_200000,140,COCO,COCO,0.447683721780777,0.4493868350982666,True,True,True,True,True,True,0.001703113317489624,0.001703113317489624,7.443359208991751e-05,2,0.003176659345626831,0.001703113317489624,0.0015883296728134155,2,0.003176659345626831,0.001703113317489624,0.0015883296728134155
20230524_200000,141,PSFL,PSFL,0.999099850654602,0.9990940093994141,True,True,True,True,True,True,5.841255187988281e-06,5.841255187988281e-06,2.2798168686222198e-07,1,5.841255187988281e-06,5.841255187988281e-06,5.841255187988281e-06,1,5.841255187988281e-06,5.841255187988281e-06,5.841255187988281e-06
20230524_200000,142,PSFL,PSFL,0.9997057318687439,0.9997044205665588,True,True,True,True,True,True,1.3113021850585938e-06,1.3113021850585938e-06,5.056029195316114e-08,1,1.3113021850585938e-06,1.3113021850585938e-06,1.3113021850585938e-06,1,1.3113021850585938e-06,1.3113021850585938e-06,1.3113021850585938e-06
20230524_200000,143,PSFL,PSFL,0.7825307846069336,0.7823430895805359,True,True,True,True,True,True,0.00018769502639770508,0.00018769502639770508,1.0215686415904202e-05,2,0.00032182037830352783,0.00018769502639770508,0.00016091018915176392,2,0.00032182037830352783,0.00018769502639770508,0.00016091018915176392
20230524_200000,144,PSFL,PSFL,0.9996755123138428,0.9996750354766846,True,True,True,True,True,True,4.76837158203125e-07,4.820467438548803e-07,2.0602511696665715e-08,1,4.76837158203125e-07,4.76837158203125e-07,4.76837158203125e-07,1,4.76837158203125e-07,4.76837158203125e-07,4.76837158203125e-07
20230524_200000,145,PSFL,PSFL,0.9958493709564209,0.9958677291870117,True,True,True,True,True,True,1.8358230590820312e-05,1.9098632037639618e-05,7.575824838568224e-07,1,1.8358230590820312e-05,1.8358230590820312e-05,1.8358230590820312e-05,1,1.8358230590820312e-05,1.8358230590820312e-05,1.8358230590820312e-05
20230524_200000,146,PSFL,PSFL,0.9996165037155151,0.999613344669342,True,True,True,True,True,True,3.159046173095703e-06,3.203109372407198e-06,1.2478568578444538e-07,1,3.159046173095703e-06,3.159046173095703e-06,3.159046173095703e-06,1,3.159046173095703e-06,3.159046173095703e-06,3.159046173095703e-06
20230524_200000,147,PSFL,PSFL,0.9988922476768494,0.9988828301429749,True,True,True,True,True,True,9.417533874511719e-06,9.451410733163357e-06,3.70459730447692e-07,1,9.417533874511719e-06,9.417533874511719e-06,9.417533874511719e-06,1,9.417533874511719e-06,9.417533874511719e-06,9.417533874511719e-06
20230524_200000,148,PSFL,PSFL,0.9999222755432129,0.9999228715896606,True,True,True,True,True,True,5.960464477539062e-07,5.994515959173441e-07,2.3456165010316e-08,1,5.960464477539062e-07,5.960464477539062e-07,5.960464477539062e-07,1,5.960464477539062e-07,5.960464477539062e-07,5.960464477539062e-07
20230524_200000,149,PSFL,PSFL,0.9985668063163757,0.9985590577125549,True,True,True,True,True,True,7.748603820800781e-06,7.748603820800781e-06,3.037274325379258e-07,1,7.748603820800781e-06,7.748603820800781e-06,7.748603820800781e-06,1,7.748603820800781e-06,7.748603820800781e-06,7.748603820800781e-06
20230524_200000,15,PSFL,PSFL,0.9992414712905884,0.9992610812187195,True,True,True,True,True,True,1.9609928131103516e-05,1.9609928131103516e-05,7.688781238357478e-07,1,1.9609928131103516e-05,1.9609928131103516e-05,1.9609928131103516e-05,1,1.9609928131103516e-05,1.9609928131103516e-05,1.9609928131103516e-05
20230524_200000,150,PSFL,PSFL,0.9997784495353699,0.99978107213974,True,True,True,True,True,True,2.6226043701171875e-06,2.6987981982529163e-06,1.0440396636113292e-07,1,2.6226043701171875e-06,2.6226043701171875e-06,2.6226043701171875e-06,1,2.6226043701171875e-06,2.6226043701171875e-06,2.6226043701171875e-06
20230524_200000,16,BUVI,BUVI,0.9989042282104492,0.9989112615585327,True,True,True,True,True,True,7.033348083496094e-06,7.3267146944999695e-06,3.4603417020662164e-07,1,7.033348083496094e-06,7.033348083496094e-06,7.033348083496094e-06,1,7.033348083496094e-06,7.033348083496094e-06,7.033348083496094e-06
20230524_200000,17,PSFL,PSFL,0.8444861769676208,0.8438010811805725,True,True,True,True,True,True,0.0006850957870483398,0.0006850957870483398,2.7056881663156673e-05,1,0.0006850957870483398,0.0006850957870483398,0.0006850957870483398,1,0.0006850957870483398,0.0006850957870483398,0.0006850957870483398
20230524_200000,18,CALU,CALU,0.9609039425849915,0.9611992835998535,True,True,True,True,True,True,0.00029534101486206055,0.00029534101486206055,1.158255327027291e-05,1,0.00029534101486206055,0.00029534101486206055,0.00029534101486206055,1,0.00029534101486206055,0.00029534101486206055,0.00029534101486206055
20230524_200000,19,CALU,CALU,0.9900425672531128,0.9899897575378418,True,True,True,True,True,True,5.2809715270996094e-05,5.2809715270996094e-05,2.080143758576014e-06,1,5.2809715270996094e-05,5.2809715270996094e-05,5.2809715270996094e-05,1,5.2809715270996094e-05,5.2809715270996094e-05,5.2809715270996094e-05
20230524_200000,2,PSFL,PSFL,0.9979725480079651,0.9979471564292908,True,True,True,True,True,True,2.5391578674316406e-05,2.5391578674316406e-05,9.987819566958933e-07,1,2.5391578674316406e-05,2.5391578674316406e-05,2.5391578674316406e-05,1,2.5391578674316406e-05,2.5391578674316406e-05,2.5391578674316406e-05
20230524_200000,20,PSFL,PSFL,0.9993962049484253,0.9994038343429565,True,True,True,True,True,True,7.62939453125e-06,7.631315384060144e-06,2.992438794535701e-07,1,7.62939453125e-06,7.62939453125e-06,7.62939453125e-06,1,7.62939453125e-06,7.62939453125e-06,7.62939453125e-06
20230524_200000,21,PSFL,PSFL,0.9999027252197266,0.9999029636383057,True,True,True,True,True,True,2.384185791015625e-07,2.384185791015625e-07,9.654833377226169e-09,1,2.384185791015625e-07,2.384185791015625e-07,2.384185791015625e-07,1,2.384185791015625e-07,2.384185791015625e-07,2.384185791015625e-07
20230524_200000,22,PSFL,PSFL,0.7213147878646851,0.7184666395187378,True,True,True,True,True,True,0.0028481483459472656,0.002862393856048584,0.00011243141489103436,2,0.00571054220199585,0.002862393856048584,0.002855271100997925,2,0.00571054220199585,0.002862393856048584,0.002855271100997925
20230524_200000,23,PSFL,PSFL,0.9992927312850952,0.999288022518158,True,True,True,True,True,True,4.708766937255859e-06,4.708766937255859e-06,1.8591249784094543e-07,1,4.708766937255859e-06,4.708766937255859e-06,4.708766937255859e-06,1,4.708766937255859e-06,4.708766937255859e-06,4.708766937255859e-06
20230524_200000,24,PSFL,PSFL,0.7093338370323181,0.7088626027107239,True,True,True,True,True,True,0.0004712343215942383,0.0004712343215942383,1.8481956431060098e-05,3,0.0009303241968154907,0.0004712343215942383,0.0003101080656051636,3,0.0009303241968154907,0.0004712343215942383,0.0003101080656051636
20230524_200000,25,PSFL,PSFL,0.998725950717926,0.9987053871154785,True,True,True,True,True,True,2.0563602447509766e-05,2.058164682239294e-05,8.073803314800898e-07,1,2.0563602447509766e-05,2.0563602447509766e-05,2.0563602447509766e-05,1,2.0563602447509766e-05,2.0563602447509766e-05,2.0563602447509766e-05
20230524_200000,26,PSFL,PSFL,0.9999845027923584,0.999984622001648,True,True,True,True,True,True,1.1920928955078125e-07,1.1920928955078125e-07,3.886410304687615e-09,1,1.1920928955078125e-07,1.1920928955078125e-07,1.1920928955078125e-07,1,1.1920928955078125e-07,1.1920928955078125e-07,1.1920928955078125e-07
20230524_200000,27,CALU,CALU,0.7551355361938477,0.7543184757232666,True,True,True,True,True,True,0.0008170604705810547,0.0008556097745895386,3.3723354135872796e-05,2,0.0016726702451705933,0.0008556097745895386,0.0008363351225852966,2,0.0016726702451705933,0.0008556097745895386,0.0008363351225852966
20230524_200000,28,PSFL,PSFL,0.9999654293060303,0.9999655485153198,True,True,True,True,True,True,1.1920928955078125e-07,1.1920928955078125e-07,3.237035528513843e-09,1,1.1920928955078125e-07,1.1920928955078125e-07,1.1920928955078125e-07,1,1.1920928955078125e-07,1.1920928955078125e-07,1.1920928955078125e-07
20230524_200000,29,PSFL,PSFL,0.9962663054466248,0.9963284134864807,True,True,True,True,True,True,6.210803985595703e-05,6.210803985595703e-05,2.4364883302041562e-06,1,6.210803985595703e-05,6.210803985595703e-05,6.210803985595703e-05,1,6.210803985595703e-05,6.210803985595703e-05,6.210803985595703e-05
20230524_200000,3,PSFL,PSFL,0.9952225089073181,0.9952635765075684,True,True,True,True,True,True,4.106760025024414e-05,4.106760025024414e-05,1.6106419025163632e-06,1,4.106760025024414e-05,4.106760025024414e-05,4.106760025024414e-05,1,4.106760025024414e-05,4.106760025024414e-05,4.106760025024414e-05
20230524_200000,30,PSFL,PSFL,0.9999315738677979,0.9999322891235352,True,True,True,True,True,True,7.152557373046875e-07,7.152557373046875e-07,2.648353536471859e-08,1,7.152557373046875e-07,7.152557373046875e-07,7.152557373046875e-07,1,7.152557373046875e-07,7.152557373046875e-07,7.152557373046875e-07
20230524_200000,31,CALU,CALU,0.8429766297340393,0.8440520763397217,True,True,True,True,True,True,0.001075446605682373,0.001075446605682373,4.223551877657883e-05,2,0.0021427571773529053,0.001075446605682373,0.0010713785886764526,2,0.0021427571773529053,0.001075446605682373,0.0010713785886764526
20230524_200000,32,CALU,CALU,0.88230961561203,0.8820236921310425,True,True,True,True,True,True,0.00028592348098754883,0.00028592348098754883,1.1345882739988156e-05,2,0.0005677640438079834,0.00028592348098754883,0.0002838820219039917,2,0.0005677640438079834,0.00028592348098754883,0.0002838820219039917
20230524_200000,33,PSFL,PSFL,0.994013249874115,0.9940471649169922,True,True,True,True,True,True,3.3915042877197266e-05,3.3915042877197266e-05,1.3306439541338477e-06,1,3.3915042877197266e-05,3.3915042877197266e-05,3.3915042877197266e-05,1,3.3915042877197266e-05,3.3915042877197266e-05,3.3915042877197266e-05
20230524_200000,34,COCO,COCO,0.4685104191303253,0.468944787979126,True,True,True,True,True,True,0.0004343688488006592,0.0004343688488006592,2.1421064957394265e-05,2,0.0004578828811645508,0.0004343688488006592,0.0002289414405822754,2,0.0004578828811645508,0.0004343688488006592,0.0002289414405822754
20230524_200000,35,PSFL,PSFL,0.41204676032066345,0.4139592945575714,True,True,True,True,True,True,0.001912534236907959,0.002054929733276367,8.687730587553233e-05,2,0.003967463970184326,0.002054929733276367,0.001983731985092163,2,0.003967463970184326,0.002054929733276367,0.001983731985092163
20230524_200000,36,PSFL,PSFL,0.9853375554084778,0.985453724861145,True,True,True,True,True,True,0.00011616945266723633,0.0001187250018119812,4.66534766019322e-06,1,0.00011616945266723633,0.00011616945266723633,0.00011616945266723633,1,0.00011616945266723633,0.00011616945266723633,0.00011616945266723633
20230524_200000,37,PSFL,PSFL,0.9579341411590576,0.9584636688232422,True,True,True,True,True,True,0.0005295276641845703,0.0005295276641845703,2.0796092940145172e-05,1,0.0005295276641845703,0.0005295276641845703,0.0005295276641845703,1,0.0005295276641845703,0.0005295276641845703,0.0005295276641845703
20230524_200000,38,PSFL,PSFL,0.9999351501464844,0.9999352693557739,True,True,True,True,True,True,1.1920928955078125e-07,1.5705882105976343e-07,5.423325788456168e-09,1,1.1920928955078125e-07,1.1920928955078125e-07,1.1920928955078125e-07,1,1.1920928955078125e-07,1.1920928955078125e-07,1.1920928955078125e-07
20230524_200000,39,PSFL,PSFL,0.9999940395355225,0.9999939203262329,True,True,True,True,True,True,1.1920928955078125e-07,1.1920928955078125e-07,2.804415810686578e-09,1,1.1920928955078125e-07,1.1920928955078125e-07,1.1920928955078125e-07,1,1.1920928955078125e-07,1.1920928955078125e-07,1.1920928955078125e-07
20230524_200000,4,PSFL,PSFL,0.9996309280395508,0.9996298551559448,True,True,True,True,True,True,1.0728836059570312e-06,1.1152296792715788e-06,4.294988897868279e-08,1,1.0728836059570312e-06,1.0728836059570312e-06,1.0728836059570312e-06,1,1.0728836059570312e-06,1.0728836059570312e-06,1.0728836059570312e-06
20230524_200000,40,PSFL,PSFL,0.9998445510864258,0.9998416900634766,True,True,True,True,True,True,2.86102294921875e-06,2.86102294921875e-06,1.1154963175386001e-07,1,2.86102294921875e-06,2.86102294921875e-06,2.86102294921875e-06,1,2.86102294921875e-06,2.86102294921875e-06,2.86102294921875e-06
20230524_200000,41,PSFL,PSFL,0.9994195699691772,0.999426007270813,True,True,True,True,True,True,6.4373016357421875e-06,6.4373016357421875e-06,2.5260715119657107e-07,1,6.4373016357421875e-06,6.4373016357421875e-06,6.4373016357421875e-06,1,6.4373016357421875e-06,6.4373016357421875e-06,6.4373016357421875e-06
20230524_200000,42,PSFL,PSFL,0.9953244924545288,0.9953367114067078,True,True,True,True,True,True,1.2218952178955078e-05,1.2218952178955078e-05,4.770236046169885e-07,1,1.2218952178955078e-05,1.2218952178955078e-05,1.2218952178955078e-05,1,1.2218952178955078e-05,1.2218952178955078e-05,1.2218952178955078e-05
20230524_200000,43,PSFL,PSFL,0.6087774038314819,0.6098088026046753,True,True,True,True,True,True,0.0010313987731933594,0.0010313987731933594,4.0449813241139054e-05,2,0.0012275278568267822,0.0010313987731933594,0.0006137639284133911,2,0.0012275278568267822,0.0010313987731933594,0.0006137639284133911
20230524_200000,44,CALU,CALU,0.6789859533309937,0.6815389394760132,True,True,True,True,True,True,0.0025529861450195312,0.0025529861450195312,0.00010011839913204312,3,0.005098506808280945,0.0025529861450195312,0.0016995022306218743,3,0.005098506808280945,0.0025529861450195312,0.0016995022306218743
20230524_200000,45,PSFL,PSFL,0.9916176199913025,0.9916384816169739,True,True,True,True,True,True,2.086162567138672e-05,2.086162567138672e-05,8.250673886323057e-07,1,2.086162567138672e-05,2.086162567138672e-05,2.086162567138672e-05,1,2.086162567138672e-05,2.086162567138672e-05,2.086162567138672e-05
20230524_200000,46,PSFL,PSFL,0.9988717436790466,0.9988610744476318,True,True,True,True,True,True,1.0669231414794922e-05,1.0685063898563385e-05,4.187922684195655e-07,1,1.0669231414794922e-05,1.0669231414794922e-05,1.0669231414794922e-05,1,1.0669231414794922e-05,1.0669231414794922e-05,1.0669231414794922e-05
20230524_200000,47,PSFL,PSFL,0.9995185136795044,0.9995207786560059,True,True,True,True,True,True,2.2649765014648438e-06,2.308341208845377e-06,8.967842290985573e-08,1,2.2649765014648438e-06,2.2649765014648438e-06,2.2649765014648438e-06,1,2.2649765014648438e-06,2.2649765014648438e-06,2.2649765014648438e-06
20230524_200000,48,PSFL,PSFL,0.9972026348114014,0.9971803426742554,True,True,True,True,True,True,2.2292137145996094e-05,2.2292137145996094e-05,8.739172585592314e-07,1,2.2292137145996094e-05,2.2292137145996094e-05,2.2292137145996094e-05,1,2.2292137145996094e-05,2.2292137145996094e-05,2.2292137145996094e-05
20230524_200000,49,PSFL,PSFL,0.9997851252555847,0.9997864365577698,True,True,True,True,True,True,1.3113021850585938e-06,1.3113021850585938e-06,5.0741515877916754e-08,1,1.3113021850585938e-06,1.3113021850585938e-06,1.3113021850585938e-06,1,1.3113021850585938e-06,1.3113021850585938e-06,1.3113021850585938e-06
20230524_200000,5,PSFL,PSFL,0.9995729327201843,0.9995693564414978,True,True,True,True,True,True,3.5762786865234375e-06,3.5762786865234375e-06,1.3979324364754575e-07,1,3.5762786865234375e-06,3.5762786865234375e-06,3.5762786865234375e-06,1,3.5762786865234375e-06,3.5762786865234375e-06,3.5762786865234375e-06
20230524_200000,50,PSFL,PSFL,0.9988100528717041,0.9988202452659607,True,True,True,True,True,True,1.0192394256591797e-05,1.0311370715498924e-05,4.0224091435447917e-07,1,1.0192394256591797e-05,1.0192394256591797e-05,1.0192394256591797e-05,1,1.0192394256591797e-05,1.0192394256591797e-05,1.0192394256591797e-05
20230524_200000,51,PSFL,PSFL,0.9998421669006348,0.9998427629470825,True,True,True,True,True,True,5.960464477539062e-07,5.960464477539062e-07,2.3369045365484453e-08,1,5.960464477539062e-07,5.960464477539062e-07,5.960464477539062e-07,1,5.960464477539062e-07,5.960464477539062e-07,5.960464477539062e-07
20230524_200000,52,CALU,CALU,0.9635170698165894,0.9635856747627258,True,True,True,True,True,True,6.860494613647461e-05,6.860494613647461e-05,2.6990815058525186e-06,1,6.860494613647461e-05,6.860494613647461e-05,6.860494613647461e-05,1,6.860494613647461e-05,6.860494613647461e-05,6.860494613647461e-05
20230524_200000,53,PSFL,PSFL,0.998833954334259,0.9988327622413635,True,True,True,True,True,True,1.1920928955078125e-06,1.7174752429127693e-06,7.02041518252372e-08,1,1.1920928955078125e-06,1.1920928955078125e-06,1.1920928955078125e-06,1,1.1920928955078125e-06,1.1920928955078125e-06,1.1920928955078125e-06
20230524_200000,54,PSFL,PSFL,0.9955543875694275,0.995546817779541,True,True,True,True,True,True,7.569789886474609e-06,7.569789886474609e-06,2.9546254154411145e-07,1,7.569789886474609e-06,7.569789886474609e-06,7.569789886474609e-06,1,7.569789886474609e-06,7.569789886474609e-06,7.569789886474609e-06
20230524_200000,55,PSFL,PSFL,0.9999116659164429,0.9999110698699951,True,True,True,True,True,True,5.960464477539062e-07,6.145128281787038e-07,2.3750519773102496e-08,1,5.960464477539062e-07,5.960464477539062e-07,5.960464477539062e-07,1,5.960464477539062e-07,5.960464477539062e-07,5.960464477539062e-07
20230524_200000,56,PSFL,PSFL,0.9972140192985535,0.9972477555274963,True,True,True,True,True,True,3.3736228942871094e-05,3.3736228942871094e-05,1.3241319720691536e-06,1,3.3736228942871094e-05,3.3736228942871094e-05,3.3736228942871094e-05,1,3.3736228942871094e-05,3.3736228942871094e-05,3.3736228942871094e-05
20230524_200000,57,PSFL,PSFL,0.999971866607666,0.999971866607666,True,True,True,True,True,True,0.0,9.300038072979078e-08,3.0631182035278925e-09,1,0.0,0.0,0.0,1,0.0,0.0,0.0
20230524_200000,58,PSFL,PSFL,0.999855637550354,0.9998577833175659,True,True,True,True,True,True,2.1457672119140625e-06,2.16922489926219e-06,8.460898470730172e-08,1,2.1457672119140625e-06,2.1457672119140625e-06,2.1457672119140625e-06,1,2.1457672119140625e-06,2.1457672119140625e-06,2.1457672119140625e-06
20230524_200000,59,PSFL,PSFL,0.893334150314331,0.8911184072494507,True,True,True,True,True,True,0.002215743064880371,0.002215743064880371,8.75058030942455e-05,1,0.002215743064880371,0.002215743064880371,0.002215743064880371,1,0.002215743064880371,0.002215743064880371,0.002215743064880371
20230524_200000,6,PSFL,PSFL,0.996260941028595,0.9962500929832458,True,True,True,True,True,True,1.0848045349121094e-05,1.12967099994421e-05,4.812735028281168e-07,1,1.0848045349121094e-05,1.0848045349121094e-05,1.0848045349121094e-05,1,1.0848045349121094e-05,1.0848045349121094e-05,1.0848045349121094e-05
20230524_200000,60,PSFL,PSFL,0.9717822670936584,0.9715555906295776,True,True,True,True,True,True,0.00022667646408081055,0.00022667646408081055,8.931304364523385e-06,1,0.00022667646408081055,0.00022667646408081055,0.00022667646408081055,1,0.00022667646408081055,0.00022667646408081055,0.00022667646408081055
20230524_200000,61,PSFL,PSFL,0.9999698400497437,0.9999696016311646,True,True,True,True,True,True,2.384185791015625e-07,3.1636591302230954e-07,1.0956145324314548e-08,1,2.384185791015625e-07,2.384185791015625e-07,2.384185791015625e-07,1,2.384185791015625e-07,2.384185791015625e-07,2.384185791015625e-07
20230524_200000,62,PSFL,PSFL,0.9999006986618042,0.9999011754989624,True,True,True,True,True,True,4.76837158203125e-07,4.76837158203125e-07,2.1771635161371705e-08,1,4.76837158203125e-07,4.76837158203125e-07,4.76837158203125e-07,1,4.76837158203125e-07,4.76837158203125e-07,4.76837158203125e-07
20230524_200000,63,PSFL,PSFL,0.9981334805488586,0.9981380701065063,True,True,True,True,True,True,4.589557647705078e-06,4.589557647705078e-06,1.9481451829506113e-07,1,4.589557647705078e-06,4.589557647705078e-06,4.589557647705078e-06,1,4.589557647705078e-06,4.589557647705078e-06,4.589557647705078e-06
20230524_200000,64,COCO,COCO,0.9584785103797913,0.9585852026939392,True,True,True,True,True,True,0.00010669231414794922,0.00011431053280830383,4.790901584783569e-06,1,0.00010669231414794922,0.00010669231414794922,0.00010669231414794922,1,0.00010669231414794922,0.00010669231414794922,0.00010669231414794922
20230524_200000,65,PSFL,PSFL,0.9999667406082153,0.9999673366546631,True,True,True,True,True,True,5.960464477539062e-07,5.960464477539062e-07,2.3214246525071758e-08,1,5.960464477539062e-07,5.960464477539062e-07,5.960464477539062e-07,1,5.960464477539062e-07,5.960464477539062e-07,5.960464477539062e-07
20230524_200000,66,PSFL,PSFL,0.9995348453521729,0.9995458722114563,True,True,True,True,True,True,1.1026859283447266e-05,1.1084397556260228e-05,4.3356439505259914e-07,1,1.1026859283447266e-05,1.1026859283447266e-05,1.1026859283447266e-05,1,1.1026859283447266e-05,1.1026859283447266e-05,1.1026859283447266e-05
20230524_200000,67,PSFL,PSFL,0.9997468590736389,0.9997490048408508,True,True,True,True,True,True,2.1457672119140625e-06,2.1457672119140625e-06,8.325599765157676e-08,1,2.1457672119140625e-06,2.1457672119140625e-06,2.1457672119140625e-06,1,2.1457672119140625e-06,2.1457672119140625e-06,2.1457672119140625e-06
20230524_200000,68,CALU,CALU,0.9707616567611694,0.9709921479225159,True,True,True,True,True,True,0.00023049116134643555,0.00023049116134643555,9.038269126904197e-06,1,0.00023049116134643555,0.00023049116134643555,0.00023049116134643555,1,0.00023049116134643555,0.00023049116134643555,0.00023049116134643555
20230524_200000,69,PSFL,PSFL,0.9998282194137573,0.9998277425765991,True,True,True,True,True,True,4.76837158203125e-07,4.76837158203125e-07,1.7632899584896222e-08,1,4.76837158203125e-07,4.76837158203125e-07,4.76837158203125e-07,1,4.76837158203125e-07,4.76837158203125e-07,4.76837158203125e-07
20230524_200000,7,PSFL,PSFL,0.9987194538116455,0.9987276196479797,True,True,True,True,True,True,8.165836334228516e-06,8.227420039474964e-06,3.214649382243806e-07,1,8.165836334228516e-06,8.165836334228516e-06,8.165836334228516e-06,1,8.165836334228516e-06,8.165836334228516e-06,8.165836334228516e-06
20230524_200000,70,PSFL,PSFL,0.9978870749473572,0.9978960752487183,True,True,True,True,True,True,9.000301361083984e-06,9.000301361083984e-06,3.497832494758768e-07,1,9.000301361083984e-06,9.000301361083984e-06,9.000301361083984e-06,1,9.000301361083984e-06,9.000301361083984e-06,9.000301361083984e-06
20230524_200000,71,PSFL,PSFL,0.9917346239089966,0.9917201995849609,True,True,True,True,True,True,1.4424324035644531e-05,1.4424324035644531e-05,5.655116979141894e-07,1,1.4424324035644531e-05,1.4424324035644531e-05,1.4424324035644531e-05,1,1.4424324035644531e-05,1.4424324035644531e-05,1.4424324035644531e-05
20230524_200000,72,PSFL,PSFL,0.9998387098312378,0.9998363256454468,True,True,True,True,True,True,2.384185791015625e-06,2.384185791015625e-06,9.152915936283534e-08,1,2.384185791015625e-06,2.384185791015625e-06,2.384185791015625e-06,1,2.384185791015625e-06,2.384185791015625e-06,2.384185791015625e-06
20230524_200000,73,PSFL,PSFL,0.9988604784011841,0.9988609552383423,True,True,True,True,True,True,4.76837158203125e-07,5.611218512058258e-07,2.3591715248016953e-08,1,4.76837158203125e-07,4.76837158203125e-07,4.76837158203125e-07,1,4.76837158203125e-07,4.76837158203125e-07,4.76837158203125e-07
20230524_200000,74,PSFL,PSFL,0.9992026686668396,0.9992085099220276,True,True,True,True,True,True,5.841255187988281e-06,5.841255187988281e-06,2.2705592073180014e-07,1,5.841255187988281e-06,5.841255187988281e-06,5.841255187988281e-06,1,5.841255187988281e-06,5.841255187988281e-06,5.841255187988281e-06
20230524_200000,75,PSFL,PSFL,0.9999724626541138,0.9999727010726929,True,True,True,True,True,True,2.384185791015625e-07,2.384185791015625e-07,8.871938739218876e-09,1,2.384185791015625e-07,2.384185791015625e-07,2.384185791015625e-07,1,2.384185791015625e-07,2.384185791015625e-07,2.384185791015625e-07
20230524_200000,76,PSFL,PSFL,0.999272882938385,0.999276340007782,True,True,True,True,True,True,3.4570693969726562e-06,3.4570693969726562e-06,1.35645208843016e-07,1,3.4570693969726562e-06,3.4570693969726562e-06,3.4570693969726562e-06,1,3.4570693969726562e-06,3.4570693969726562e-06,3.4570693969726562e-06
20230524_200000,77,CALU,CALU,0.45143449306488037,0.45091044902801514,True,True,True,True,True,True,0.0005240440368652344,0.0007745325565338135,3.1570281862514094e-05,3,0.0015454888343811035,0.0007745325565338135,0.0005151629447937012,3,0.0015454888343811035,0.0007745325565338135,0.0005151629447937012
20230524_200000,78,PSFL,PSFL,0.9982315897941589,0.9982315897941589,True,True,True,True,True,True,0.0,2.514570951461792e-08,6.400254770611014e-10,1,0.0,0.0,0.0,1,0.0,0.0,0.0
20230524_200000,79,PSFL,PSFL,0.9991065859794617,0.9991083741188049,True,True,True,True,True,True,1.7881393432617188e-06,1.8033315427601337e-06,7.042116578759305e-08,1,1.7881393432617188e-06,1.7881393432617188e-06,1.7881393432617188e-06,1,1.7881393432617188e-06,1.7881393432617188e-06,1.7881393432617188e-06
20230524_200000,8,PSFL,PSFL,0.9965850114822388,0.9965873956680298,True,True,True,True,True,True,2.384185791015625e-06,2.414919435977936e-06,9.436316616984186e-08,1,2.384185791015625e-06,2.384185791015625e-06,2.384185791015625e-06,1,2.384185791015625e-06,2.384185791015625e-06,2.384185791015625e-06
20230524_200000,80,PSFL,PSFL,0.9978923201560974,0.9979288578033447,True,True,True,True,True,True,3.653764724731445e-05,3.663450479507446e-05,1.4349241155287018e-06,1,3.653764724731445e-05,3.653764724731445e-05,3.653764724731445e-05,1,3.653764724731445e-05,3.653764724731445e-05,3.653764724731445e-05
20230524_200000,81,PSFL,PSFL,0.9998419284820557,0.9998395442962646,True,True,True,True,True,True,2.384185791015625e-06,2.4390319595113397e-06,9.457500027565402e-08,1,2.384185791015625e-06,2.384185791015625e-06,2.384185791015625e-06,1,2.384185791015625e-06,2.384185791015625e-06,2.384185791015625e-06
20230524_200000,82,PSFL,PSFL,0.9826404452323914,0.9830242395401001,True,True,True,True,True,True,0.00038379430770874023,0.00038379430770874023,1.50495407069684e-05,1,0.00038379430770874023,0.00038379430770874023,0.00038379430770874023,1,0.00038379430770874023,0.00038379430770874023,0.00038379430770874023
20230524_200000,83,BUVI,BUVI,0.9999716281890869,0.9999713897705078,True,True,True,True,True,True,2.384185791015625e-07,2.3967004381120205e-07,1.076785327569496e-08,1,2.384185791015625e-07,2.384185791015625e-07,2.384185791015625e-07,1,2.384185791015625e-07,2.384185791015625e-07,2.384185791015625e-07
20230524_200000,84,PSFL,PSFL,0.4145604074001312,0.416213721036911,True,True,True,True,True,True,0.0016533136367797852,0.0016533136367797852,7.258391997311264e-05,3,0.0025887414813041687,0.0016533136367797852,0.0008629138465039432,3,0.0025887414813041687,0.0016533136367797852,0.0008629138465039432
20230524_200000,85,CALU,CALU,0.9936115145683289,0.9936121106147766,True,True,True,True,True,True,5.960464477539062e-07,1.462642103433609e-06,5.936761837688209e-08,1,5.960464477539062e-07,5.960464477539062e-07,5.960464477539062e-07,1,5.960464477539062e-07,5.960464477539062e-07,5.960464477539062e-07
20230524_200000,86,PSFL,PSFL,0.8957740068435669,0.8967571258544922,True,True,True,True,True,True,0.000983119010925293,0.000983119010925293,3.9485479646828026e-05,1,0.000983119010925293,0.000983119010925293,0.000983119010925293,1,0.000983119010925293,0.000983119010925293,0.000983119010925293
20230524_200000,87,PSFL,PSFL,0.9989860653877258,0.998981773853302,True,True,True,True,True,True,4.291534423828125e-06,4.291534423828125e-06,1.6800890989543404e-07,1,4.291534423828125e-06,4.291534423828125e-06,4.291534423828125e-06,1,4.291534423828125e-06,4.291534423828125e-06,4.291534423828125e-06
20230524_200000,88,PSFL,PSFL,0.9995692372322083,0.9995720982551575,True,True,True,True,True,True,2.86102294921875e-06,2.86102294921875e-06,1.1182972059486929e-07,1,2.86102294921875e-06,2.86102294921875e-06,2.86102294921875e-06,1,2.86102294921875e-06,2.86102294921875e-06,2.86102294921875e-06
20230524_200000,89,PSFL,PSFL,0.9993273019790649,0.9993359446525574,True,True,True,True,True,True,8.64267349243164e-06,8.680915925651789e-06,3.3971110724451137e-07,1,8.64267349243164e-06,8.64267349243164e-06,8.64267349243164e-06,1,8.64267349243164e-06,8.64267349243164e-06,8.64267349243164e-06
20230524_200000,9,PSFL,PSFL,0.9989546537399292,0.998956561088562,True,True,True,True,True,True,1.9073486328125e-06,1.9073486328125e-06,7.331045992486906e-08,1,1.9073486328125e-06,1.9073486328125e-06,1.9073486328125e-06,1,1.9073486328125e-06,1.9073486328125e-06,1.9073486328125e-06
20230524_200000,90,PSFL,PSFL,0.974128246307373,0.9738436341285706,True,True,True,True,True,True,0.00028461217880249023,0.00028461217880249023,1.1160857866343576e-05,1,0.00028461217880249023,0.00028461217880249023,0.00028461217880249023,1,0.00028461217880249023,0.00028461217880249023,0.00028461217880249023
20230524_200000,91,COCO,COCO,0.6179940104484558,0.6196950078010559,True,True,True,True,True,True,0.0017009973526000977,0.0017009973526000977,6.692155875498429e-05,2,0.0022081732749938965,0.0017009973526000977,0.0011040866374969482,2,0.0022081732749938965,0.0017009973526000977,0.0011040866374969482
20230524_200000,92,PSFL,PSFL,0.996195912361145,0.9961662292480469,True,True,True,True,True,True,2.968311309814453e-05,2.968311309814453e-05,1.163754291155783e-06,1,2.968311309814453e-05,2.968311309814453e-05,2.968311309814453e-05,1,2.968311309814453e-05,2.968311309814453e-05,2.968311309814453e-05
20230524_200000,93,PSFL,PSFL,0.9995313882827759,0.9995286464691162,True,True,True,True,True,True,2.7418136596679688e-06,2.7418136596679688e-06,1.6797459068129683e-07,1,2.7418136596679688e-06,2.7418136596679688e-06,2.7418136596679688e-06,1,2.7418136596679688e-06,2.7418136596679688e-06,2.7418136596679688e-06
20230524_200000,94,PSFL,PSFL,0.9964311122894287,0.9964497089385986,True,True,True,True,True,True,1.8596649169921875e-05,1.8596649169921875e-05,7.429927109114942e-07,1,1.8596649169921875e-05,1.8596649169921875e-05,1.8596649169921875e-05,1,1.8596649169921875e-05,1.8596649169921875e-05,1.8596649169921875e-05
20230524_200000,95,PSFL,PSFL,0.9535227417945862,0.9533054828643799,True,True,True,True,True,True,0.00021725893020629883,0.00021725893020629883,8.518292816006579e-06,1,0.00021725893020629883,0.00021725893020629883,0.00021725893020629883,1,0.00021725893020629883,0.00021725893020629883,0.00021725893020629883
20230524_200000,96,PSFL,PSFL,0.9991999268531799,0.9992043375968933,True,True,True,True,True,True,4.410743713378906e-06,4.410743713378906e-06,1.7523761641768942e-07,1,4.410743713378906e-06,4.410743713378906e-06,4.410743713378906e-06,1,4.410743713378906e-06,4.410743713378906e-06,4.410743713378906e-06
20230524_200000,97,PSFL,PSFL,0.9988297820091248,0.9988402724266052,True,True,True,True,True,True,1.049041748046875e-05,1.0543502867221832e-05,4.124449333176017e-07,1,1.049041748046875e-05,1.049041748046875e-05,1.049041748046875e-05,1,1.049041748046875e-05,1.049041748046875e-05,1.049041748046875e-05
20230524_200000,98,PSFL,PSFL,0.9921294450759888,0.992215096950531,True,True,True,True,True,True,8.565187454223633e-05,8.565187454223633e-05,3.431710638324148e-06,1,8.565187454223633e-05,8.565187454223633e-05,8.565187454223633e-05,1,8.565187454223633e-05,8.565187454223633e-05,8.565187454223633e-05
20230524_200000,99,PSFL,PSFL,0.8428265452384949,0.8435206413269043,True,True,True,True,True,True,0.0006940960884094238,0.0006940960884094238,2.7264171876595356e-05,2,0.0011813640594482422,0.0006940960884094238,0.0005906820297241211,2,0.0011813640594482422,0.0006940960884094238,0.0005906820297241211
20230525_000000,1,PSFL,PSFL,0.729656457901001,0.7274307012557983,True,True,True,True,True,True,0.0022257566452026367,0.0022257566452026367,8.728406100999564e-05,2,0.004451394081115723,0.0022257566452026367,0.0022256970405578613,2,0.004451394081115723,0.0022257566452026367,0.0022256970405578613
20230525_000000,10,PSFL,PSFL,0.9884004592895508,0.988409161567688,True,True,True,True,True,True,8.702278137207031e-06,8.702278137207031e-06,3.4049463693008875e-07,1,8.702278137207031e-06,8.702278137207031e-06,8.702278137207031e-06,1,8.702278137207031e-06,8.702278137207031e-06,8.702278137207031e-06
20230525_000000,100,CAGU,CAGU,0.7009976506233215,0.7005406618118286,True,True,True,True,True,True,0.0004569888114929199,0.0007163137197494507,2.8114149245084263e-05,2,0.0011733025312423706,0.0007163137197494507,0.0005866512656211853,2,0.0011733025312423706,0.0007163137197494507,0.0005866512656211853
20230525_000000,101,PSFL,PSFL,0.9883267283439636,0.9881556034088135,True,True,True,True,True,True,0.00017112493515014648,0.0001711491495370865,6.711291462124791e-06,1,0.00017112493515014648,0.00017112493515014648,0.00017112493515014648,1,0.00017112493515014648,0.00017112493515014648,0.00017112493515014648
20230525_000000,102,COCO,COCO,0.23767122626304626,0.2386476993560791,True,True,True,True,True,True,0.0009764730930328369,0.0009764730930328369,4.763129254570231e-05,3,0.001110084354877472,0.0009764730930328369,0.0003700281085912138,3,0.001110084354877472,0.0009764730930328369,0.0003700281085912138
20230525_000000,103,SHOT,SHOT,0.17464281618595123,0.17487037181854248,True,True,True,True,True,True,0.00022755563259124756,0.001159071922302246,6.741746619809419e-05,3,0.0017260834574699402,0.001159071922302246,0.0005753611330874264,3,0.0017260834574699402,0.001159071922302246,0.0005753611330874264
20230525_000000,104,PSFL,PSFL,0.7409602403640747,0.7397677302360535,True,True,True,True,True,True,0.0011925101280212402,0.0011925101280212402,4.676981916418299e-05,2,0.002383708953857422,0.0011925101280212402,0.001191854476928711,2,0.002383708953857422,0.0011925101280212402,0.001191854476928711
20230525_000000,105,PSFL,PSFL,0.9464371800422668,0.9462012648582458,True,True,True,True,True,True,0.0002359151840209961,0.0002722404897212982,1.0684411790862214e-05,1,0.0002359151840209961,0.0002359151840209961,0.0002359151840209961,1,0.0002359151840209961,0.0002359151840209961,0.0002359151840209961
20230525_000000,106,PSFL,PSFL,0.8966951370239258,0.8969132304191589,True,True,True,True,True,True,0.0002180933952331543,0.00021816790103912354,8.554440682928544e-06,2,0.00043626129627227783,0.00021816790103912354,0.00021813064813613892,2,0.00043626129627227783,0.00021816790103912354,0.00021813064813613892
20230525_000000,107,CALU,CALU,0.7076947093009949,0.7072934508323669,True,True,True,True,True,True,0.0004012584686279297,0.0007638037204742432,3.216133336536586e-05,2,0.0011650621891021729,0.0007638037204742432,0.0005825310945510864,2,0.0011650621891021729,0.0007638037204742432,0.0005825310945510864
20230525_000000,108,POEC,POEC,0.3172835111618042,0.3160986304283142,True,True,True,True,True,True,0.0011848807334899902,0.0011848807334899902,6.068748189136386e-05,3,0.0019848868250846863,0.0011848807334899902,0.0006616289610974491,3,0.0019848868250846863,0.0011848807334899902,0.0006616289610974491
20230525_000000,109,PSFL,PSFL,0.8402312994003296,0.8383162021636963,True,True,True,True,True,True,0.0019150972366333008,0.0019402951002120972,7.669164915569127e-05,2,0.003855392336845398,0.0019402951002120972,0.001927696168422699,2,0.003855392336845398,0.0019402951002120972,0.001927696168422699
20230525_000000,11,POEC,POEC,0.5609647631645203,0.5619571805000305,True,True,True,True,True,True,0.000992417335510254,0.0011157840490341187,6.88572326907888e-05,3,0.0028472542762756348,0.0011157840490341187,0.0009490847587585449,3,0.0028472542762756348,0.0011157840490341187,0.0009490847587585449
20230525_000000,110,PSFL,PSFL,0.6056581139564514,0.6041712164878845,True,True,True,True,True,True,0.0014868974685668945,0.0014868974685668945,5.834798139403574e-05,3,0.002958625555038452,0.0014868974685668945,0.000986208557151258,3,0.002958625555038452,0.0014868974685668945,0.000986208557151258
20230525_000000,111,PSFL,PSFL,0.7039205431938171,0.7014521956443787,True,True,True,True,True,True,0.0024683475494384766,0.0024945735931396484,9.783505083760247e-05,2,0.004962921142578125,0.0024945735931396484,0.0024814605712890625,2,0.004962921142578125,0.0024945735931396484,0.0024814605712890625
20230525_000000,112,PSFL,PSFL,0.8260347843170166,0.8250693678855896,True,True,True,True,True,True,0.000965416431427002,0.0010028854012489319,4.0416212868876755e-05,2,0.001968301832675934,0.0010028854012489319,0.000984150916337967,2,0.001968301832675934,0.0010028854012489319,0.000984150916337967
20230525_000000,113,CALU,CALU,0.5760860443115234,0.574916660785675,True,True,True,True,True,True,0.0011693835258483887,0.0011693835258483887,6.044356996426359e-05,3,0.002198457717895508,0.0011693835258483887,0.0007328192587010562,3,0.002198457717895508,0.0011693835258483887,0.0007328192587010562
20230525_000000,114,COCO,COCO,0.6033242344856262,0.6028711199760437,True,True,True,True,True,True,0.00045311450958251953,0.00045311450958251953,2.044065149675589e-05,2,0.00046630948781967163,0.00045311450958251953,0.00023315474390983582,2,0.00046630948781967163,0.00045311450958251953,0.00023315474390983582
20230525_000000,115,CALU,CALU,0.36916667222976685,0.36992308497428894,True,True,True,True,True,True,0.0007564127445220947,0.0014316439628601074,6.69262808514759e-05,3,0.0024596303701400757,0.0014316439628601074,0.0008198767900466919,3,0.0024596303701400757,0.0014316439628601074,0.0008198767900466919
20230525_000000,116,CALU,CALU,0.3496554493904114,0.34784185886383057,True,True,True,True,True,True,0.0018135905265808105,0.0018135905265808105,7.76612723711878e-05,2,0.0026509463787078857,0.0018135905265808105,0.0013254731893539429,2,0.0026509463787078857,0.0018135905265808105,0.0013254731893539429
20230525_000000,117,PSFL,PSFL,0.9988476037979126,0.9988365769386292,True,True,True,True,True,True,1.1026859283447266e-05,1.1026859283447266e-05,4.3218059886385163e-07,1,1.1026859283447266e-05,1.1026859283447266e-05,1.1026859283447266e-05,1,1.1026859283447266e-05,1.1026859283447266e-05,1.1026859283447266e-05
20230525_000000,118,PSFL,PSFL,0.9612895846366882,0.9616912603378296,True,True,True,True,True,True,0.0004016757011413574,0.0004016757011413574,1.575352143845521e-05,1,0.0004016757011413574,0.0004016757011413574,0.0004016757011413574,1,0.0004016757011413574,0.0004016757011413574,0.0004016757011413574
20230525_000000,119,PSFL,PSFL,0.6201438903808594,0.6207724809646606,True,True,True,True,True,True,0.0006285905838012695,0.0007518380880355835,4.3285530409775674e-05,3,0.0017017573118209839,0.0007518380880355835,0.0005672524566762149,3,0.0017017573118209839,0.0007518380880355835,0.0005672524566762149
20230525_000000,12,CALU,CALU,0.203867569565773,0.20476852357387543,True,True,True,True,True,True,0.000900954008102417,0.000900954008102417,6.742609548382461e-05,3,0.001567646861076355,0.000900954008102417,0.000522548973094672,3,0.001567646861076355,0.000900954008102417,0.000522548973094672
20230525_000000,120,COCO,COCO,0.2697892189025879,0.27009186148643494,True,True,True,True,True,True,0.0003026425838470459,0.0003026425838470459,2.955809759441763e-05,2,0.0005410239100456238,0.0003026425838470459,0.0002705119550228119,2,0.0005410239100456238,0.0003026425838470459,0.0002705119550228119
20230525_000000,121,PSFL,PSFL,0.9965851306915283,0.9965875148773193,True,True,True,True,True,True,2.384185791015625e-06,5.504582077264786e-06,2.1634842539697274e-07,1,2.384185791015625e-06,2.384185791015625e-06,2.384185791015625e-06,1,2.384185791015625e-06,2.384185791015625e-06,2.384185791015625e-06
20230525_000000,122,CAGU,CAGU,0.46802768111228943,0.46868622303009033,True,True,True,True,True,True,0.0006585419178009033,0.0006585419178009033,3.080189708271064e-05,2,0.0008413791656494141,0.0006585419178009033,0.00042068958282470703,2,0.0008413791656494141,0.0006585419178009033,0.00042068958282470703
20230525_000000,123,CALU,CALU,0.7007803916931152,0.6999319791793823,True,True,True,True,True,True,0.0008484125137329102,0.0010490864515304565,4.23544661316555e-05,2,0.0018974989652633667,0.0010490864515304565,0.0009487494826316833,2,0.0018974989652633667,0.0010490864515304565,0.0009487494826316833
20230525_000000,124,HOSA,HOSA,0.43740785121917725,0.43717727065086365,True,True,True,True,True,True,0.00023058056831359863,0.00032326579093933105,3.823181759798899e-05,2,0.0005538463592529297,0.00032326579093933105,0.00027692317962646484,2,0.0005538463592529297,0.00032326579093933105,0.00027692317962646484
20230525_000000,125,TUMI,TUMI,0.18464523553848267,0.1840754598379135,True,True,True,True,True,True,0.0005697757005691528,0.0005697757005691528,4.023286237497814e-05,1,0.0005697757005691528,0.0005697757005691528,0.0005697757005691528,2,0.0007788687944412231,0.0005697757005691528,0.00038943439722061157
20230525_000000,126,CALU,CALU,0.9231000542640686,0.9238338470458984,True,True,True,True,True,True,0.000733792781829834,0.000733792781829834,2.9257185815367848e-05,1,0.000733792781829834,0.000733792781829834,0.000733792781829834,1,0.000733792781829834,0.000733792781829834,0.000733792781829834
20230525_000000,127,PSFL,PSFL,0.9983344674110413,0.9983183145523071,True,True,True,True,True,True,1.615285873413086e-05,1.6814330592751503e-05,6.92781497946271e-07,1,1.615285873413086e-05,1.615285873413086e-05,1.615285873413086e-05,1,1.615285873413086e-05,1.615285873413086e-05,1.615285873413086e-05
20230525_000000,128,PSFL,PSFL,0.9365449547767639,0.9377599954605103,True,True,True,True,True,True,0.0012150406837463379,0.001216113567352295,4.7709665523143485e-05,1,0.0012150406837463379,0.0012150406837463379,0.0012150406837463379,1,0.0012150406837463379,0.0012150406837463379,0.0012150406837463379
20230525_000000,129,PSFL,PSFL,0.9463558197021484,0.9462929964065552,True,True,True,True,True,True,6.282329559326172e-05,6.282329559326172e-05,4.254452051100088e-06,1,6.282329559326172e-05,6.282329559326172e-05,6.282329559326172e-05,1,6.282329559326172e-05,6.282329559326172e-05,6.282329559326172e-05
20230525_000000,13,SHOT,SHOT,0.4520178735256195,0.4520227313041687,True,True,True,True,True,True,4.857778549194336e-06,0.00021428987383842468,1.562116995046381e-05,2,4.4599175453186035e-05,3.97413969039917e-05,2.2299587726593018e-05,2,4.4599175453186035e-05,3.97413969039917e-05,2.2299587726593018e-05
20230525_000000,130,PSFL,PSFL,0.9873440265655518,0.9874911308288574,True,True,True,True,True,True,0.00014710426330566406,0.00015145353972911835,5.937366950092837e-06,1,0.00014710426330566406,0.00014710426330566406,0.00014710426330566406,1,0.00014710426330566406,0.00014710426330566406,0.00014710426330566406
20230525_000000,131,FLY,FLY,0.19173207879066467,0.19093644618988037,True,True,True,True,True,True,0.0007956326007843018,0.0007956326007843018,6.827025208622217e-05,3,0.0009980499744415283,0.0007956326007843018,0.0003326833248138428,3,0.0009980499744415283,0.0007956326007843018,0.0003326833248138428
20230525_000000,132,PSFL,PSFL,0.9664175510406494,0.9671845436096191,True,True,True,True,True,True,0.0007669925689697266,0.0007669925689697266,3.0080329452175647e-05,1,0.0007669925689697266,0.0007669925689697266,0.0007669925689697266,1,0.0007669925689697266,0.0007669925689697266,0.0007669925689697266
20230525_000000,133,PSFL,PSFL,0.9697195887565613,0.9700618386268616,True,True,True,True,True,True,0.00034224987030029297,0.0003431830555200577,1.348959358438151e-05,1,0.00034224987030029297,0.00034224987030029297,0.00034224987030029297,1,0.00034224987030029297,0.00034224987030029297,0.00034224987030029297
20230525_000000,134,PSFL,PSFL,0.9990795850753784,0.9990817308425903,True,True,True,True,True,True,2.1457672119140625e-06,2.1553714759647846e-06,8.43454088794715e-08,1,2.1457672119140625e-06,2.1457672119140625e-06,2.1457672119140625e-06,1,2.1457672119140625e-06,2.1457672119140625e-06,2.1457672119140625e-06
20230525_000000,135,DEFU,DEFU,0.2682955265045166,0.2697600722312927,True,True,True,True,True,True,0.001464545726776123,0.001464545726776123,8.046107541304082e-05,3,0.0025700628757476807,0.001464545726776123,0.0008566876058466733,3,0.0025700628757476807,0.001464545726776123,0.0008566876058466733
20230525_000000,136,PSFL,PSFL,0.998880922794342,0.9988911747932434,True,True,True,True,True,True,1.0251998901367188e-05,1.0251998901367188e-05,4.014659680251498e-07,1,1.0251998901367188e-05,1.0251998901367188e-05,1.0251998901367188e-05,1,1.0251998901367188e-05,1.0251998901367188e-05,1.0251998901367188e-05
20230525_000000,137,BUVI,BUVI,0.5707537531852722,0.5638098120689392,True,True,True,True,True,True,0.006943941116333008,0.006943941116333008,0.0002723116194829345,2,0.013358265161514282,0.006943941116333008,0.006679132580757141,2,0.013358265161514282,0.006943941116333008,0.006679132580757141
20230525_000000,138,PSFL,PSFL,0.9994598031044006,0.9994592070579529,True,True,True,True,True,True,5.960464477539062e-07,5.960464477539062e-07,2.2646803543580063e-08,1,5.960464477539062e-07,5.960464477539062e-07,5.960464477539062e-07,1,5.960464477539062e-07,5.960464477539062e-07,5.960464477539062e-07
20230525_000000,139,PSFL,PSFL,0.8929360508918762,0.8921834826469421,True,True,True,True,True,True,0.000752568244934082,0.0007633045315742493,2.9933673431514762e-05,1,0.000752568244934082,0.000752568244934082,0.000752568244934082,2,0.0015158727765083313,0.0007633045315742493,0.0007579363882541656
20230525_000000,14,PSFL,PSFL,0.30356326699256897,0.3041982054710388,True,True,True,True,True,True,0.0006349384784698486,0.0006782710552215576,5.167474228073843e-05,3,0.0015156865119934082,0.0006782710552215576,0.0005052288179285824,3,0.0015156865119934082,0.0006782710552215576,0.0005052288179285824
20230525_000000,140,CALU,CALU,0.7976926565170288,0.7982349395751953,True,True,True,True,True,True,0.0005422830581665039,0.0005422830581665039,2.1288637071847916e-05,1,0.0005422830581665039,0.0005422830581665039,0.0005422830581665039,1,0.0005422830581665039,0.0005422830581665039,0.0005422830581665039
20230525_000000,141,CAGU,CAGU,0.2876652181148529,0.2869303822517395,True,True,True,True,True,True,0.0007348358631134033,0.0007348358631134033,5.599263386102393e-05,2,0.0009090006351470947,0.0007348358631134033,0.00045450031757354736,2,0.0009090006351470947,0.0007348358631134033,0.00045450031757354736
20230525_000000,142,PSFL,PSFL,0.9986642599105835,0.9986851811408997,True,True,True,True,True,True,2.092123031616211e-05,2.092123031616211e-05,8.202007961699564e-07,1,2.092123031616211e-05,2.092123031616211e-05,2.092123031616211e-05,1,2.092123031616211e-05,2.092123031616211e-05,2.092123031616211e-05
20230525_000000,143,PSFL,PSFL,0.8579272627830505,0.8565759658813477,True,True,True,True,True,True,0.0013512969017028809,0.001351386308670044,5.299414988257922e-05,2,0.002702683210372925,0.001351386308670044,0.0013513416051864624,2,0.002702683210372925,0.001351386308670044,0.0013513416051864624
20230525_000000,144,CALU,CALU,0.9206591844558716,0.9203922748565674,True,True,True,True,True,True,0.0002669095993041992,0.00028620660305023193,1.1225100934098009e-05,1,0.0002669095993041992,0.0002669095993041992,0.0002669095993041992,1,0.0002669095993041992,0.0002669095993041992,0.0002669095993041992
20230525_000000,145,DEFU,DEFU,0.2834436893463135,0.2838669717311859,True,True,True,True,True,True,0.0004232823848724365,0.0004232823848724365,3.3695836464175954e-05,2,0.0005263537168502808,0.0004232823848724365,0.0002631768584251404,2,0.0005263537168502808,0.0004232823848724365,0.0002631768584251404
20230525_000000,146,PSFL,PSFL,0.39549532532691956,0.3980172276496887,True,True,True,True,True,True,0.002521902322769165,0.003505110740661621,0.00016469703405164182,3,0.007426708936691284,0.003505110740661621,0.002475569723173976,3,0.007426708936691284,0.003505110740661621,0.002475569723173976
20230525_000000,147,CAGU,CAGU,0.8753395080566406,0.8754360675811768,True,True,True,True,True,True,9.655952453613281e-05,9.655952453613281e-05,6.8045656007598154e-06,1,9.655952453613281e-05,9.655952453613281e-05,9.655952453613281e-05,1,9.655952453613281e-05,9.655952453613281e-05,9.655952453613281e-05
20230525_000000,148,CALU,CALU,0.8042065501213074,0.8056126832962036,True,True,True,True,True,True,0.0014061331748962402,0.0014061331748962402,6.151106936158612e-05,1,0.0014061331748962402,0.0014061331748962402,0.0014061331748962402,1,0.0014061331748962402,0.0014061331748962402,0.0014061331748962402
20230525_000000,149,CALU,CALU,0.8347508311271667,0.8350126147270203,True,True,True,True,True,True,0.0002617835998535156,0.0002617835998535156,1.04730015664245e-05,2,0.0003849118947982788,0.0002617835998535156,0.0001924559473991394,2,0.0003849118947982788,0.0002617835998535156,0.0001924559473991394
20230525_000000,15,CALU,CALU,0.49646639823913574,0.49769073724746704,True,True,True,True,True,True,0.0012243390083312988,0.0015278756618499756,6.003147063893266e-05,3,0.0027784407138824463,0.0015278756618499756,0.0009261469240300357,3,0.0027784407138824463,0.0015278756618499756,0.0009261469240300357
20230525_000000,150,PSFL,PSFL,0.5323978066444397,0.5324093103408813,True,True,True,True,True,True,1.150369644165039e-05,0.00033180415630340576,2.0775247321580537e-05,1,1.150369644165039e-05,1.150369644165039e-05,1.150369644165039e-05,1,1.150369644165039e-05,1.150369644165039e-05,1.150369644165039e-05
20230525_000000,16,POEC,POEC,0.41482752561569214,0.41756945848464966,True,True,True,True,True,True,0.0027419328689575195,0.0027419328689575195,0.00013041397323831916,3,0.0054800137877464294,0.0027419328689575195,0.0018266713013872504,3,0.0054800137877464294,0.0027419328689575195,0.0018266713013872504
20230525_000000,17,PSFL,PSFL,0.9993481040000916,0.999350368976593,True,True,True,True,True,True,2.2649765014648438e-06,2.2649765014648438e-06,9.372539722107831e-08,1,2.2649765014648438e-06,2.2649765014648438e-06,2.2649765014648438e-06,1,2.2649765014648438e-06,2.2649765014648438e-06,2.2649765014648438e-06
20230525_000000,18,HOSA,HOSA,0.37839043140411377,0.3786959648132324,True,True,True,True,True,True,0.00030553340911865234,0.0004911124706268311,2.890876385208685e-05,2,0.0007966458797454834,0.0004911124706268311,0.0003983229398727417,2,0.0007966458797454834,0.0004911124706268311,0.0003983229398727417
20230525_000000,19,CALU,CALU,0.4360201954841614,0.4380887448787689,True,True,True,True,True,True,0.002068549394607544,0.002068549394607544,8.897965744836256e-05,2,0.0027310624718666077,0.002068549394607544,0.0013655312359333038,2,0.0027310624718666077,0.002068549394607544,0.0013655312359333038
20230525_000000,2,CALU,CALU,0.7654117941856384,0.7707411050796509,True,True,True,True,True,True,0.005329310894012451,0.005329310894012451,0.00020920699171256274,2,0.01064331829547882,0.005329310894012451,0.00532165914773941,2,0.01064331829547882,0.005329310894012451,0.00532165914773941
20230525_000000,20,CAGU,CAGU,0.4078666567802429,0.40878012776374817,True,True,True,True,True,True,0.000913470983505249,0.001463368535041809,7.487590482924134e-05,3,0.00273112952709198,0.001463368535041809,0.0009103764896281064,3,0.00273112952709198,0.001463368535041809,0.0009103764896281064
20230525_000000,21,PSFL,PSFL,0.9982984662055969,0.9982977509498596,True,True,True,True,True,True,7.152557373046875e-07,1.0891817510128021e-06,5.5937988463483634e-08,1,7.152557373046875e-07,7.152557373046875e-07,7.152557373046875e-07,1,7.152557373046875e-07,7.152557373046875e-07,7.152557373046875e-07
20230525_000000,22,PSFL,PSFL,0.8816674947738647,0.8795389533042908,True,True,True,True,True,True,0.0021285414695739746,0.0021285414695739746,8.347422408405691e-05,2,0.004257038235664368,0.0021285414695739746,0.002128519117832184,2,0.004257038235664368,0.0021285414695739746,0.002128519117832184
20230525_000000,23,CALU,CALU,0.9579214453697205,0.9579706788063049,True,True,True,True,True,True,4.9233436584472656e-05,4.9233436584472656e-05,2.9964878649479942e-06,1,4.9233436584472656e-05,4.9233436584472656e-05,4.9233436584472656e-05,1,4.9233436584472656e-05,4.9233436584472656e-05,4.9233436584472656e-05
20230525_000000,24,PSFL,PSFL,0.6696616411209106,0.6771642565727234,True,True,True,True,True,True,0.007502615451812744,0.0075151026248931885,0.0002948665642179549,2,0.015017718076705933,0.0075151026248931885,0.007508859038352966,2,0.015017718076705933,0.0075151026248931885,0.007508859038352966
20230525_000000,25,COCO,COCO,0.279898077249527,0.27994707226753235,True,True,True,True,True,True,4.8995018005371094e-05,0.0006294697523117065,5.786423935205676e-05,3,0.0010157078504562378,0.0006294697523117065,0.0003385692834854126,3,0.0010157078504562378,0.0006294697523117065,0.0003385692834854126
20230525_000000,26,PSFL,PSFL,0.9975454211235046,0.9976050853729248,True,True,True,True,True,True,5.9664249420166016e-05,5.9726880863308907e-05,2.3414399947796483e-06,1,5.9664249420166016e-05,5.9664249420166016e-05,5.9664249420166016e-05,1,5.9664249420166016e-05,5.9664249420166016e-05,5.9664249420166016e-05
20230525_000000,27,PSFL,PSFL,0.9606300592422485,0.9612669944763184,True,True,True,True,True,True,0.0006369352340698242,0.0006370283663272858,2.4979764930321835e-05,1,0.0006369352340698242,0.0006369352340698242,0.0006369352340698242,1,0.0006369352340698242,0.0006369352340698242,0.0006369352340698242
20230525_000000,28,PSFL,PSFL,0.9893292784690857,0.9893314838409424,True,True,True,True,True,True,2.205371856689453e-06,4.984904080629349e-06,1.952745947164658e-07,1,2.205371856689453e-06,2.205371856689453e-06,2.205371856689453e-06,1,2.205371856689453e-06,2.205371856689453e-06,2.205371856689453e-06
20230525_000000,29,PSFL,PSFL,0.7094346880912781,0.7089918851852417,True,True,True,True,True,True,0.00044280290603637695,0.00044280290603637695,1.736273043206893e-05,2,0.0006036311388015747,0.00044280290603637695,0.00030181556940078735,2,0.0006036311388015747,0.00044280290603637695,0.00030181556940078735
20230525_000000,3,PSFL,PSFL,0.7687636017799377,0.7715324759483337,True,True,True,True,True,False,0.002768874168395996,0.002768874168395996,0.0001092332458938472,2,0.005529493093490601,0.002768874168395996,0.0027647465467453003,2,0.005529493093490601,0.002768874168395996,0.0027647465467453003
20230525_000000,30,BUVI,BUVI,0.5384643077850342,0.5352081060409546,True,True,True,True,True,False,0.00325620174407959,0.00325620174407959,0.0001280734722968191,3,0.006495445966720581,0.00325620174407959,0.0021651487331837416,3,0.006495445966720581,0.00325620174407959,0.0021651487331837416
20230525_000000,31,COCO,COCO,0.13505715131759644,0.13503603637218475,True,True,True,True,True,True,2.111494541168213e-05,0.000293683260679245,3.389136691112071e-05,4,0.00034993141889572144,0.0002846270799636841,8.748285472393036e-05,4,0.00034993141889572144,0.0002846270799636841,8.748285472393036e-05
20230525_000000,32,TUMI,TUMI,0.14767226576805115,0.1483030468225479,True,True,True,True,True,True,0.0006307810544967651,0.0007551349699497223,7.504664245061576e-05,1,0.0006307810544967651,0.0006307810544967651,0.0006307810544967651,1,0.0006307810544967651,0.0006307810544967651,0.0006307810544967651
20230525_000000,33,PSFL,PSFL,0.4978487491607666,0.49578601121902466,True,True,True,True,True,True,0.0020627379417419434,0.0020627379417419434,9.284754924010485e-05,2,0.002892404794692993,0.0020627379417419434,0.0014462023973464966,2,0.002892404794692993,0.0020627379417419434,0.0014462023973464966
20230525_000000,34,PSFL,PSFL,0.5341506600379944,0.5342029929161072,True,True,True,True,True,True,5.233287811279297e-05,0.0004473179578781128,2.2061363779357634e-05,2,0.0004996508359909058,0.0004473179578781128,0.0002498254179954529,2,0.0004996508359909058,0.0004473179578781128,0.0002498254179954529
20230525_000000,35,SHOT,SHOT,0.3307417333126068,0.3313325345516205,True,True,True,True,True,True,0.0005908012390136719,0.0007634162902832031,5.8854217058978975e-05,3,0.0014000385999679565,0.0007634162902832031,0.000466679543023929,3,0.0014000385999679565,0.0007634162902832031,0.000466679543023929
20230525_000000,36,CAGU,CAGU,0.7670412659645081,0.766910195350647,True,True,True,True,True,True,0.00013107061386108398,0.00013107061386108398,5.348689228412695e-06,2,0.0001601576805114746,0.00013107061386108398,8.00788402557373e-05,2,0.0001601576805114746,0.00013107061386108398,8.00788402557373e-05
20230525_000000,37,PSFL,PSFL,0.7928192019462585,0.7918832898139954,True,True,True,True,True,True,0.0009359121322631836,0.0009359121322631836,3.6929664929630235e-05,2,0.0015766173601150513,0.0009359121322631836,0.0007883086800575256,2,0.0015766173601150513,0.0009359121322631836,0.0007883086800575256
20230525_000000,38,SHOT,SHOT,0.3169824481010437,0.31705242395401,True,True,True,True,True,True,6.99758529663086e-05,0.00018439814448356628,2.4835178919602185e-05,2,8.063018321990967e-05,6.99758529663086e-05,4.0315091609954834e-05,2,8.063018321990967e-05,6.99758529663086e-05,4.0315091609954834e-05
20230525_000000,39,COCO,COCO,0.12439997494220734,0.12408613413572311,True,True,True,True,True,True,0.0003138408064842224,0.0005532130599021912,4.6382996515603736e-05,3,0.0012839064002037048,0.0005532130599021912,0.0004279688000679016,3,0.0012839064002037048,0.0005532130599021912,0.0004279688000679016
20230525_000000,4,PSFL,PSFL,0.9731235504150391,0.973326563835144,True,True,True,True,True,True,0.00020301342010498047,0.00020301342010498047,7.960868970258161e-06,1,0.00020301342010498047,0.00020301342010498047,0.00020301342010498047,1,0.00020301342010498047,0.00020301342010498047,0.00020301342010498047
20230525_000000,40,COCO,COCO,0.6690793633460999,0.6693661212921143,True,True,True,True,True,True,0.0002867579460144043,0.0002867579460144043,1.2125510693294927e-05,2,0.0005690157413482666,0.0002867579460144043,0.0002845078706741333,2,0.0005690157413482666,0.0002867579460144043,0.0002845078706741333
20230525_000000,41,CALU,CALU,0.9999961853027344,0.9999961853027344,True,True,True,True,True,True,0.0,6.825189302617218e-09,4.703522016313855e-10,1,0.0,0.0,0.0,1,0.0,0.0,0.0
20230525_000000,42,PSFL,PSFL,0.6835646033287048,0.6805095076560974,True,True,True,True,True,True,0.003055095672607422,0.003055095672607422,0.00012431391223799437,2,0.006068214774131775,0.003055095672607422,0.0030341073870658875,2,0.006068214774131775,0.003055095672607422,0.0030341073870658875
20230525_000000,43,PSFL,PSFL,0.9749007821083069,0.9749783873558044,True,True,True,True,True,True,7.76052474975586e-05,7.76052474975586e-05,3.047705149583635e-06,1,7.76052474975586e-05,7.76052474975586e-05,7.76052474975586e-05,1,7.76052474975586e-05,7.76052474975586e-05,7.76052474975586e-05
20230525_000000,44,BUVI,BUVI,0.3099116384983063,0.311065137386322,True,True,True,True,True,True,0.001153498888015747,0.001153498888015747,5.979148409096524e-05,3,0.0018135607242584229,0.001153498888015747,0.0006045202608220279,3,0.0018135607242584229,0.001153498888015747,0.0006045202608220279
20230525_000000,45,BUVI,BUVI,0.16859810054302216,0.16659095883369446,True,True,True,True,True,True,0.0020071417093276978,0.0020071417093276978,9.313999180449173e-05,5,0.0036665797233581543,0.0020071417093276978,0.0007333159446716309,5,0.0036665797233581543,0.0020071417093276978,0.0007333159446716309
20230525_000000,46,PSFL,PSFL,0.9778368473052979,0.9774647951126099,True,True,True,True,True,True,0.0003720521926879883,0.0003720521926879883,1.4591007129638456e-05,1,0.0003720521926879883,0.0003720521926879883,0.0003720521926879883,1,0.0003720521926879883,0.0003720521926879883,0.0003720521926879883
20230525_000000,47,PSFL,PSFL,0.7162390351295471,0.7178792357444763,True,True,True,True,True,True,0.0016402006149291992,0.0016402006149291992,6.809797923779115e-05,2,0.0022642016410827637,0.0016402006149291992,0.0011321008205413818,2,0.0022642016410827637,0.0016402006149291992,0.0011321008205413818
20230525_000000,48,PSFL,PSFL,0.963320255279541,0.9633675813674927,True,True,True,True,True,True,4.7326087951660156e-05,4.738569259643555e-05,1.859880853771756e-06,1,4.7326087951660156e-05,4.7326087951660156e-05,4.7326087951660156e-05,1,4.7326087951660156e-05,4.7326087951660156e-05,4.7326087951660156e-05
20230525_000000,49,CAGU,CAGU,0.6801958084106445,0.6794688105583191,True,True,True,True,True,True,0.0007269978523254395,0.0007269978523254395,3.309318344690837e-05,2,0.0014260411262512207,0.0007269978523254395,0.0007130205631256104,2,0.0014260411262512207,0.0007269978523254395,0.0007130205631256104
20230525_000000,5,STVA,STVA,0.5127884149551392,0.5091157555580139,True,True,True,True,True,True,0.003672659397125244,0.003672659397125244,0.00016521301586180925,3,0.007809042930603027,0.003672659397125244,0.0026030142325907946,3,0.007809042930603027,0.003672659397125244,0.0026030142325907946
20230525_000000,50,PSFL,PSFL,0.8189991116523743,0.8179906010627747,True,True,True,True,True,True,0.0010085105895996094,0.0010085105895996094,4.084379179403186e-05,1,0.0010085105895996094,0.0010085105895996094,0.0010085105895996094,1,0.0010085105895996094,0.0010085105895996094,0.0010085105895996094
20230525_000000,51,PSFL,PSFL,0.9889700412750244,0.9890998005867004,True,True,True,True,True,True,0.0001297593116760254,0.0001297593116760254,5.087467798148282e-06,1,0.0001297593116760254,0.0001297593116760254,0.0001297593116760254,1,0.0001297593116760254,0.0001297593116760254,0.0001297593116760254
20230525_000000,52,BUVI,BUVI,0.5296139121055603,0.5357521772384644,True,True,True,True,True,True,0.006138265132904053,0.006138265132904053,0.0002544154122006148,3,0.012063458561897278,0.006138265132904053,0.004021152853965759,3,0.012063458561897278,0.006138265132904053,0.004021152853965759
20230525_000000,53,POEC,POEC,0.47271615266799927,0.47235313057899475,True,True,True,True,True,True,0.0003630220890045166,0.0006542801856994629,4.547625940176658e-05,2,0.0010173022747039795,0.0006542801856994629,0.0005086511373519897,2,0.0010173022747039795,0.0006542801856994629,0.0005086511373519897
20230525_000000,54,COCO,COCO,0.21037636697292328,0.21013867855072021,True,True,True,True,True,True,0.00023768842220306396,0.0005197376012802124,4.2496547393966466e-05,3,0.001155659556388855,0.0005197376012802124,0.0003852198424283415,3,0.001155659556388855,0.0005197376012802124,0.0003852198424283415
20230525_000000,55,PSFL,PSFL,0.8734245896339417,0.873732328414917,True,True,True,True,True,True,0.0003077387809753418,0.0003077387809753418,1.3671209671883844e-05,1,0.0003077387809753418,0.0003077387809753418,0.0003077387809753418,1,0.0003077387809753418,0.0003077387809753418,0.0003077387809753418
20230525_000000,56,PSFL,PSFL,0.999086856842041,0.9991053938865662,True,True,True,True,True,True,1.8537044525146484e-05,1.8537044525146484e-05,7.256282401613134e-07,1,1.8537044525146484e-05,1.8537044525146484e-05,1.8537044525146484e-05,1,1.8537044525146484e-05,1.8537044525146484e-05,1.8537044525146484e-05
20230525_000000,57,PSFL,PSFL,0.9598208665847778,0.9595881104469299,True,True,True,True,True,True,0.0002327561378479004,0.0002566725015640259,1.0065259630209766e-05,1,0.0002327561378479004,0.0002327561378479004,0.0002327561378479004,1,0.0002327561378479004,0.0002327561378479004,0.0002327561378479004
20230525_000000,58,CAGU,CAGU,0.6439530849456787,0.6469072699546814,True,True,True,True,True,True,0.0029541850090026855,0.0029541850090026855,0.00011585089669097215,2,0.005294859409332275,0.0029541850090026855,0.0026474297046661377,2,0.005294859409332275,0.0029541850090026855,0.0026474297046661377
20230525_000000,59,PSFL,PSFL,0.9860579371452332,0.985996663570404,True,True,True,True,True,True,6.127357482910156e-05,6.127357482910156e-05,2.4074670363916084e-06,1,6.127357482910156e-05,6.127357482910156e-05,6.127357482910156e-05,1,6.127357482910156e-05,6.127357482910156e-05,6.127357482910156e-05
20230525_000000,6,PSFL,PSFL,0.9984246492385864,0.9984257221221924,True,True,True,True,True,True,1.0728836059570312e-06,1.523294486105442e-06,6.02603904553689e-08,1,1.0728836059570312e-06,1.0728836059570312e-06,1.0728836059570312e-06,1,1.0728836059570312e-06,1.0728836059570312e-06,1.0728836059570312e-06
20230525_000000,60,PSFL,PSFL,0.9939932227134705,0.9941351413726807,True,True,True,True,True,True,0.00014191865921020508,0.00014198431745171547,5.566726031247526e-06,1,0.00014191865921020508,0.00014191865921020508,0.00014191865921020508,1,0.00014191865921020508,0.00014191865921020508,0.00014191865921020508
20230525_000000,61,CALU,CALU,0.9998103976249695,0.9998132586479187,True,True,True,True,True,True,2.86102294921875e-06,2.86102294921875e-06,1.114273970870272e-07,1,2.86102294921875e-06,2.86102294921875e-06,2.86102294921875e-06,1,2.86102294921875e-06,2.86102294921875e-06,2.86102294921875e-06
20230525_000000,62,PSFL,PSFL,0.2694343626499176,0.2702929675579071,True,True,True,True,True,True,0.000858604907989502,0.0009284093976020813,6.800678966101259e-05,2,0.0017870143055915833,0.0009284093976020813,0.0008935071527957916,2,0.0017870143055915833,0.0009284093976020813,0.0008935071527957916
20230525_000000,63,PSFL,PSFL,0.9906944036483765,0.9906589984893799,True,True,True,True,True,True,3.540515899658203e-05,3.540515899658203e-05,1.5020636965346057e-06,1,3.540515899658203e-05,3.540515899658203e-05,3.540515899658203e-05,1,3.540515899658203e-05,3.540515899658203e-05,3.540515899658203e-05
20230525_000000,64,BUVI,BUVI,0.7304084300994873,0.7265676856040955,True,True,True,True,True,True,0.0038407444953918457,0.0038407444953918457,0.00015061593148857355,1,0.0038407444953918457,0.0038407444953918457,0.0038407444953918457,1,0.0038407444953918457,0.0038407444953918457,0.0038407444953918457
20230525_000000,65,POEC,POEC,0.1905900537967682,0.19237956404685974,True,True,True,True,True,True,0.0017895102500915527,0.0017895102500915527,0.00011950560292461887,4,0.004101872444152832,0.0017895102500915527,0.001025468111038208,4,0.004101872444152832,0.0017895102500915527,0.001025468111038208
20230525_000000,66,CALU,CALU,0.9810073971748352,0.9810565114021301,True,True,True,True,True,True,4.9114227294921875e-05,4.9114227294921875e-05,2.259514303659671e-06,1,4.9114227294921875e-05,4.9114227294921875e-05,4.9114227294921875e-05,1,4.9114227294921875e-05,4.9114227294921875e-05,4.9114227294921875e-05
20230525_000000,67,CALU,CALU,0.5721389055252075,0.5740880370140076,True,True,True,True,True,True,0.0019491314888000488,0.0019491314888000488,9.10424132598564e-05,2,0.0022171735763549805,0.0019491314888000488,0.0011085867881774902,2,0.0022171735763549805,0.0019491314888000488,0.0011085867881774902
20230525_000000,68,CAGU,CAGU,0.43121182918548584,0.4320935606956482,True,True,True,True,True,True,0.0008817315101623535,0.0008817315101623535,5.828058783663437e-05,2,0.0014953985810279846,0.0008817315101623535,0.0007476992905139923,2,0.0014953985810279846,0.0008817315101623535,0.0007476992905139923
20230525_000000,69,BUVI,BUVI,0.591775119304657,0.5900763273239136,True,True,True,True,True,True,0.0016987919807434082,0.0016987919807434082,7.670575723750517e-05,3,0.0020694956183433533,0.0016987919807434082,0.0006898318533785641,3,0.0020694956183433533,0.0016987919807434082,0.0006898318533785641
20230525_000000,7,PSFL,PSFL,0.99406498670578,0.9941668510437012,True,True,True,True,True,True,0.00010186433792114258,0.00010186433792114258,3.9955111788003705e-06,1,0.00010186433792114258,0.00010186433792114258,0.00010186433792114258,1,0.00010186433792114258,0.00010186433792114258,0.00010186433792114258
20230525_000000,70,COCO,COCO,0.8737285137176514,0.8734501004219055,True,True,True,True,True,True,0.0002784132957458496,0.0002784132957458496,1.5447947589564137e-05,1,0.0002784132957458496,0.0002784132957458496,0.0002784132957458496,1,0.0002784132957458496,0.0002784132957458496,0.0002784132957458496
20230525_000000,71,HOSA,HOSA,0.35059550404548645,0.35020026564598083,True,True,True,True,True,True,0.00039523839950561523,0.0009615421295166016,3.895515692420304e-05,3,0.0015104115009307861,0.0009615421295166016,0.0005034704809077084,3,0.0015104115009307861,0.0009615421295166016,0.0005034704809077084
20230525_000000,72,HOSA,HOSA,0.37033358216285706,0.37037044763565063,True,True,True,True,True,True,3.68654727935791e-05,0.0005190074443817139,3.23219173878897e-05,2,0.000555872917175293,0.0005190074443817139,0.0002779364585876465,2,0.000555872917175293,0.0005190074443817139,0.0002779364585876465
20230525_000000,73,CALU,CALU,0.808461606502533,0.8122879862785339,True,True,True,True,True,True,0.0038263797760009766,0.0038263797760009766,0.00015105740749277174,1,0.0038263797760009766,0.0038263797760009766,0.0038263797760009766,1,0.0038263797760009766,0.0038263797760009766,0.0038263797760009766
20230525_000000,74,CAGU,CAGU,0.37956327199935913,0.3796069622039795,True,True,True,True,True,True,4.369020462036133e-05,0.0005517154932022095,3.0160190362948924e-05,3,0.0008533820509910583,0.0005517154932022095,0.00028446069336496294,3,0.0008533820509910583,0.0005517154932022095,0.00028446069336496294
20230525_000000,75,CAGU,CAGU,0.3867536187171936,0.3876602351665497,True,True,True,True,True,True,0.0009066164493560791,0.001823514699935913,7.367768557742238e-05,2,0.002730131149291992,0.001823514699935913,0.001365065574645996,2,0.002730131149291992,0.001823514699935913,0.001365065574645996
20230525_000000,76,PSFL,PSFL,0.3905983567237854,0.3908907473087311,True,True,True,True,True,True,0.0002923905849456787,0.0002923905849456787,3.729205855051987e-05,3,0.0005281642079353333,0.0002923905849456787,0.000176054731127806,3,0.0005281642079353333,0.0002923905849456787,0.000176054731127806
20230525_000000,77,CAGU,CAGU,0.65094393491745,0.6507850885391235,True,True,True,True,True,True,0.00015884637832641602,0.000386655330657959,3.080868555116467e-05,2,0.000545501708984375,0.000386655330657959,0.0002727508544921875,2,0.000545501708984375,0.000386655330657959,0.0002727508544921875
20230525_000000,78,PSFL,PSFL,0.6214413642883301,0.6219977140426636,True,True,True,True,True,True,0.0005563497543334961,0.0007354319095611572,2.8841683160862885e-05,2,0.0012917816638946533,0.0007354319095611572,0.0006458908319473267,2,0.0012917816638946533,0.0007354319095611572,0.0006458908319473267
20230525_000000,79,CAGU,CAGU,0.5500227212905884,0.5504003167152405,True,True,True,True,True,True,0.0003775954246520996,0.0003775954246520996,1.9034301658393815e-05,2,0.0006002634763717651,0.0003775954246520996,0.00030013173818588257,2,0.0006002634763717651,0.0003775954246520996,0.00030013173818588257
20230525_000000,8,PSFL,PSFL,0.43099501729011536,0.42938897013664246,True,True,True,True,True,True,0.0016060471534729004,0.0019040703773498535,7.533461757702753e-05,3,0.0037877559661865234,0.0019040703773498535,0.0012625852832570672,3,0.0037877559661865234,0.0019040703773498535,0.0012625852832570672
20230525_000000,80,PSFL,PSFL,0.9432770609855652,0.9432222247123718,True,True,True,True,True,True,5.4836273193359375e-05,5.4836273193359375e-05,2.1510320493689505e-06,1,5.4836273193359375e-05,5.4836273193359375e-05,5.4836273193359375e-05,1,5.4836273193359375e-05,5.4836273193359375e-05,5.4836273193359375e-05
20230525_000000,81,CALU,CALU,0.6294673085212708,0.6290944814682007,True,True,True,True,True,True,0.00037282705307006836,0.00038679689168930054,3.6522247683024034e-05,2,0.0006141513586044312,0.00037282705307006836,0.0003070756793022156,2,0.0006141513586044312,0.00037282705307006836,0.0003070756793022156
20230525_000000,82,SHOT,SHOT,0.22192063927650452,0.22253279387950897,True,True,True,True,True,True,0.0006121546030044556,0.0006121546030044556,6.155710434541106e-05,2,0.0009660869836807251,0.0006121546030044556,0.00048304349184036255,2,0.0009660869836807251,0.0006121546030044556,0.00048304349184036255
20230525_000000,83,CALU,CALU,0.8213958144187927,0.8191414475440979,True,True,True,True,True,True,0.0022543668746948242,0.0022543668746948242,8.925846486818045e-05,1,0.0022543668746948242,0.0022543668746948242,0.0022543668746948242,1,0.0022543668746948242,0.0022543668746948242,0.0022543668746948242
20230525_000000,84,CALU,CALU,0.9928949475288391,0.9928770661354065,True,True,True,True,True,True,1.7881393432617188e-05,1.7881393432617188e-05,7.013830440882884e-07,1,1.7881393432617188e-05,1.7881393432617188e-05,1.7881393432617188e-05,1,1.7881393432617188e-05,1.7881393432617188e-05,1.7881393432617188e-05
20230525_000000,85,PSFL,PSFL,0.7529593706130981,0.753028392791748,True,True,True,True,True,True,6.902217864990234e-05,0.00017154216766357422,6.754440164513653e-06,2,0.00024056434631347656,0.00017154216766357422,0.00012028217315673828,2,0.00024056434631347656,0.00017154216766357422,0.00012028217315673828
20230525_000000,86,BUVI,BUVI,0.9925808906555176,0.9925866723060608,True,True,True,True,True,True,5.781650543212891e-06,8.557690307497978e-06,4.721618438452424e-07,1,5.781650543212891e-06,5.781650543212891e-06,5.781650543212891e-06,1,5.781650543212891e-06,5.781650543212891e-06,5.781650543212891e-06
20230525_000000,87,CALU,CALU,0.872261643409729,0.871891975402832,True,True,True,True,True,True,0.00036966800689697266,0.00036966800689697266,1.4510293112834916e-05,1,0.00036966800689697266,0.00036966800689697266,0.00036966800689697266,1,0.00036966800689697266,0.00036966800689697266,0.00036966800689697266
20230525_000000,88,PSFL,PSFL,0.7741514444351196,0.774162232875824,True,True,True,True,True,True,1.0788440704345703e-05,0.0001701563596725464,6.785866389691364e-06,2,0.0001809448003768921,0.0001701563596725464,9.047240018844604e-05,2,0.0001809448003768921,0.0001701563596725464,9.047240018844604e-05
20230525_000000,89,PSFL,PSFL,0.9923374056816101,0.9924650192260742,True,True,True,True,True,True,0.00012761354446411133,0.00012765731662511826,5.006682840758003e-06,1,0.00012761354446411133,0.00012761354446411133,0.00012761354446411133,1,0.00012761354446411133,0.00012761354446411133,0.00012761354446411133
20230525_000000,9,CAGU,CAGU,0.5005912184715271,0.49799829721450806,True,True,True,True,True,True,0.002592921257019043,0.002592921257019043,0.00010168064181925729,4,0.005030132830142975,0.002592921257019043,0.0012575332075357437,4,0.005030132830142975,0.002592921257019043,0.0012575332075357437
20230525_000000,90,PSFL,PSFL,0.9426710605621338,0.9426552653312683,True,True,True,True,True,True,1.5795230865478516e-05,0.00013249367475509644,5.2935306484869216e-06,1,1.5795230865478516e-05,1.5795230865478516e-05,1.5795230865478516e-05,1,1.5795230865478516e-05,1.5795230865478516e-05,1.5795230865478516e-05
20230525_000000,91,PSFL,PSFL,0.9977161884307861,0.9976925849914551,True,True,True,True,True,True,2.3603439331054688e-05,2.3603439331054688e-05,9.256442012883781e-07,1,2.3603439331054688e-05,2.3603439331054688e-05,2.3603439331054688e-05,1,2.3603439331054688e-05,2.3603439331054688e-05,2.3603439331054688e-05
20230525_000000,92,PSFL,PSFL,0.49515166878700256,0.4950448274612427,True,True,True,True,True,True,0.0001068413257598877,0.0001068413257598877,6.007449428580003e-06,2,0.00016349554061889648,0.0001068413257598877,8.174777030944824e-05,2,0.00016349554061889648,0.0001068413257598877,8.174777030944824e-05
20230525_000000,93,PSFL,PSFL,0.9366773366928101,0.9363957643508911,True,True,True,True,True,True,0.0002815723419189453,0.0002815723419189453,1.1056248695240356e-05,1,0.0002815723419189453,0.0002815723419189453,0.0002815723419189453,1,0.0002815723419189453,0.0002815723419189453,0.0002815723419189453
20230525_000000,94,PSFL,PSFL,0.9956686496734619,0.9956613183021545,True,True,True,True,True,True,7.331371307373047e-06,7.331371307373047e-06,2.862174142137519e-07,1,7.331371307373047e-06,7.331371307373047e-06,7.331371307373047e-06,1,7.331371307373047e-06,7.331371307373047e-06,7.331371307373047e-06
20230525_000000,95,MYTO,MYTO,0.31490254402160645,0.3148311376571655,True,True,True,True,True,True,7.140636444091797e-05,0.00042682886123657227,4.21922086388804e-05,2,0.0004982352256774902,0.00042682886123657227,0.0002491176128387451,2,0.0004982352256774902,0.00042682886123657227,0.0002491176128387451
20230525_000000,96,MYTO,MYTO,0.36090072989463806,0.36154165863990784,True,True,True,True,True,True,0.0006409287452697754,0.0006409287452697754,3.5280503652757034e-05,3,0.0007598772644996643,0.0006409287452697754,0.0002532924117986113,3,0.0007598772644996643,0.0006409287452697754,0.0002532924117986113
20230525_000000,97,CAGU,CAGU,0.37033769488334656,0.36887574195861816,True,True,True,True,True,True,0.0014619529247283936,0.0014619529247283936,6.44712636130862e-05,2,0.0020563602447509766,0.0014619529247283936,0.0010281801223754883,2,0.0020563602447509766,0.0014619529247283936,0.0010281801223754883
20230525_000000,98,PSFL,PSFL,0.8109941482543945,0.8109615445137024,True,True,True,True,True,True,3.260374069213867e-05,0.00011120736598968506,7.434701274178224e-06,2,0.00014381110668182373,0.00011120736598968506,7.190555334091187e-05,2,0.00014381110668182373,0.00011120736598968506,7.190555334091187e-05
20230525_000000,99,PSFL,PSFL,0.9742041826248169,0.9742257595062256,True,True,True,True,True,True,2.1576881408691406e-05,2.2197142243385315e-05,8.737270036363043e-07,1,2.1576881408691406e-05,2.1576881408691406e-05,2.1576881408691406e-05,1,2.1576881408691406e-05,2.1576881408691406e-05,2.1576881408691406e-05
20230525_200000,1,PSFL,PSFL,0.9995002746582031,0.9994977712631226,True,True,True,True,True,True,2.5033950805664062e-06,2.5033950805664062e-06,9.735413897260514e-08,1,2.5033950805664062e-06,2.5033950805664062e-06,2.5033950805664062e-06,1,2.5033950805664062e-06,2.5033950805664062e-06,2.5033950805664062e-06
20230525_200000,10,BUVI,BUVI,0.8956943154335022,0.8956400752067566,True,True,True,True,True,True,5.424022674560547e-05,0.0002375468611717224,9.3144644779386e-06,1,5.424022674560547e-05,5.424022674560547e-05,5.424022674560547e-05,1,5.424022674560547e-05,5.424022674560547e-05,5.424022674560547e-05
20230525_200000,100,BUVI,BUVI,0.5889027118682861,0.5901544690132141,True,True,True,True,True,True,0.0012517571449279785,0.0015611499547958374,8.189947402570397e-05,3,0.003649190068244934,0.0015611499547958374,0.001216396689414978,3,0.003649190068244934,0.0015611499547958374,0.001216396689414978
20230525_200000,101,CALU,CALU,0.9897980690002441,0.9898086786270142,True,True,True,True,True,True,1.0609626770019531e-05,2.7218367904424667e-05,1.089024976863584e-06,1,1.0609626770019531e-05,1.0609626770019531e-05,1.0609626770019531e-05,1,1.0609626770019531e-05,1.0609626770019531e-05,1.0609626770019531e-05
20230525_200000,102,PSFL,PSFL,0.5939249396324158,0.5916693210601807,True,True,True,True,True,True,0.0022556185722351074,0.0024760961532592773,9.710227459436283e-05,2,0.004731714725494385,0.0024760961532592773,0.0023658573627471924,2,0.004731714725494385,0.0024760961532592773,0.0023658573627471924
20230525_200000,103,BUVI,BUVI,0.9994008541107178,0.9994008541107178,True,True,True,True,True,True,0.0,1.720036379992962e-07,5.8654432422144964e-09,1,0.0,0.0,0.0,1,0.0,0.0,0.0
20230525_200000,104,CALU,CALU,0.9962933659553528,0.9963381290435791,True,True,True,True,True,True,4.476308822631836e-05,4.476308822631836e-05,1.7586963849680615e-06,1,4.476308822631836e-05,4.476308822631836e-05,4.476308822631836e-05,1,4.476308822631836e-05,4.476308822631836e-05,4.476308822631836e-05
20230525_200000,105,PSFL,PSFL,0.9998921155929565,0.999891996383667,True,True,True,True,True,True,1.1920928955078125e-07,1.6560807125642896e-07,5.58467982969546e-09,1,1.1920928955078125e-07,1.1920928955078125e-07,1.1920928955078125e-07,1,1.1920928955078125e-07,1.1920928955078125e-07,1.1920928955078125e-07
20230525_200000,106,PSFL,PSFL,0.9850651621818542,0.9850437641143799,True,True,True,True,True,True,2.1398067474365234e-05,2.1780841052532196e-05,8.588434070588846e-07,1,2.1398067474365234e-05,2.1398067474365234e-05,2.1398067474365234e-05,1,2.1398067474365234e-05,2.1398067474365234e-05,2.1398067474365234e-05
20230525_200000,107,PSFL,PSFL,0.9991157650947571,0.9991188645362854,True,True,True,True,True,True,3.0994415283203125e-06,3.0994415283203125e-06,1.2082735167950887e-07,1,3.0994415283203125e-06,3.0994415283203125e-06,3.0994415283203125e-06,1,3.0994415283203125e-06,3.0994415283203125e-06,3.0994415283203125e-06
20230525_200000,108,PSFL,PSFL,0.9879648685455322,0.9879902005195618,True,True,True,True,True,True,2.5331974029541016e-05,3.0202791094779968e-05,1.2062183714078856e-06,1,2.5331974029541016e-05,2.5331974029541016e-05,2.5331974029541016e-05,1,2.5331974029541016e-05,2.5331974029541016e-05,2.5331974029541016e-05
20230525_200000,109,CALU,CALU,0.9999452829360962,0.9999457597732544,True,True,True,True,True,True,4.76837158203125e-07,5.231122486293316e-07,1.97830747339367e-08,1,4.76837158203125e-07,4.76837158203125e-07,4.76837158203125e-07,1,4.76837158203125e-07,4.76837158203125e-07,4.76837158203125e-07
20230525_200000,11,PSFL,PSFL,0.28377434611320496,0.28048020601272583,True,True,True,True,True,True,0.003294140100479126,0.003294140100479126,0.00014255309361033142,4,0.006720736622810364,0.003294140100479126,0.001680184155702591,4,0.006720736622810364,0.003294140100479126,0.001680184155702591
20230525_200000,110,PSFL,PSFL,0.550295352935791,0.5496047139167786,True,True,True,True,True,True,0.0006906390190124512,0.002715855836868286,0.00010652285709511489,3,0.005423322319984436,0.002715855836868286,0.0018077740678563714,3,0.005423322319984436,0.002715855836868286,0.0018077740678563714
20230525_200000,111,PSFL,PSFL,0.5413857698440552,0.54301518201828,True,True,True,True,True,True,0.0016294121742248535,0.0016596615314483643,6.757924711564556e-05,2,0.0032890737056732178,0.0016596615314483643,0.0016445368528366089,2,0.0032890737056732178,0.0016596615314483643,0.0016445368528366089
20230525_200000,112,PSFL,PSFL,0.6513994932174683,0.6517087817192078,True,True,True,True,True,True,0.00030928850173950195,0.00041174888610839844,1.6151809177245013e-05,2,0.0007210373878479004,0.00041174888610839844,0.0003605186939239502,2,0.0007210373878479004,0.00041174888610839844,0.0003605186939239502
20230525_200000,113,PSFL,PSFL,0.9999704360961914,0.9999701976776123,True,True,True,True,True,True,2.384185791015625e-07,2.384185791015625e-07,9.016563495833907e-09,1,2.384185791015625e-07,2.384185791015625e-07,2.384185791015625e-07,1,2.384185791015625e-07,2.384185791015625e-07,2.384185791015625e-07
20230525_200000,114,PSFL,PSFL,0.9998462200164795,0.9998441934585571,True,True,True,True,True,True,2.0265579223632812e-06,2.0265579223632812e-06,8.010052710005766e-08,1,2.0265579223632812e-06,2.0265579223632812e-06,2.0265579223632812e-06,1,2.0265579223632812e-06,2.0265579223632812e-06,2.0265579223632812e-06
20230525_200000,115,PSFL,PSFL,0.9996727705001831,0.9996699094772339,True,True,True,True,True,True,2.86102294921875e-06,2.86102294921875e-06,1.1137468192146116e-07,1,2.86102294921875e-06,2.86102294921875e-06,2.86102294921875e-06,1,2.86102294921875e-06,2.86102294921875e-06,2.86102294921875e-06
20230525_200000,116,PSFL,PSFL,0.7945473194122314,0.7939526438713074,True,True,True,True,True,True,0.0005946755409240723,0.0006835013628005981,3.468857903499156e-05,2,0.0012781769037246704,0.0006835013628005981,0.0006390884518623352,2,0.0012781769037246704,0.0006835013628005981,0.0006390884518623352
20230525_200000,117,PSFL,PSFL,0.9999431371688843,0.9999432563781738,True,True,True,True,True,True,1.1920928955078125e-07,1.1920928955078125e-07,4.322708413440068e-09,1,1.1920928955078125e-07,1.1920928955078125e-07,1.1920928955078125e-07,1,1.1920928955078125e-07,1.1920928955078125e-07,1.1920928955078125e-07
20230525_200000,118,PSFL,PSFL,0.8254355192184448,0.825682520866394,True,True,True,True,True,True,0.00024700164794921875,0.00024700164794921875,9.830056114878971e-06,2,0.0004934221506118774,0.00024700164794921875,0.0002467110753059387,2,0.0004934221506118774,0.00024700164794921875,0.0002467110753059387
20230525_200000,119,PSFL,PSFL,0.3897560238838196,0.39090999960899353,True,True,False,False,True,True,0.0011539757251739502,0.0017690211534500122,8.104432345135137e-05,3,0.0035502612590789795,0.0017690211534500122,0.0011834204196929932,3,0.0035502612590789795,0.0017690211534500122,0.0011834204196929932
20230525_200000,12,PSFL,PSFL,0.9641144871711731,0.9633259773254395,True,True,True,True,True,True,0.0007885098457336426,0.0007885098457336426,3.09488495986443e-05,1,0.0007885098457336426,0.0007885098457336426,0.0007885098457336426,1,0.0007885098457336426,0.0007885098457336426,0.0007885098457336426
20230525_200000,120,BUVI,BUVI,0.8841937780380249,0.8845252990722656,True,True,True,True,True,True,0.00033152103424072266,0.0004967153072357178,2.004216003115289e-05,1,0.00033152103424072266,0.00033152103424072266,0.00033152103424072266,1,0.00033152103424072266,0.00033152103424072266,0.00033152103424072266
20230525_200000,121,PSFL,PSFL,0.9918245673179626,0.9918863773345947,True,True,True,True,True,True,6.181001663208008e-05,6.181001663208008e-05,2.4249670786957722e-06,1,6.181001663208008e-05,6.181001663208008e-05,6.181001663208008e-05,1,6.181001663208008e-05,6.181001663208008e-05,6.181001663208008e-05
20230525_200000,122,PSFL,PSFL,0.9890457987785339,0.989043116569519,True,True,True,True,True,True,2.682209014892578e-06,2.682209014892578e-06,1.0392218285915078e-07,1,2.682209014892578e-06,2.682209014892578e-06,2.682209014892578e-06,1,2.682209014892578e-06,2.682209014892578e-06,2.682209014892578e-06
20230525_200000,123,PSFL,PSFL,0.9992191791534424,0.999225378036499,True,True,True,True,True,True,6.198883056640625e-06,6.198883056640625e-06,2.426576202196884e-07,1,6.198883056640625e-06,6.198883056640625e-06,6.198883056640625e-06,1,6.198883056640625e-06,6.198883056640625e-06,6.198883056640625e-06
20230525_200000,124,PSFL,PSFL,0.9997479319572449,0.9997500777244568,True,True,True,True,True,True,2.1457672119140625e-06,2.1457672119140625e-06,8.259009121047711e-08,1,2.1457672119140625e-06,2.1457672119140625e-06,2.1457672119140625e-06,1,2.1457672119140625e-06,2.1457672119140625e-06,2.1457672119140625e-06
20230525_200000,125,PSFL,PSFL,0.9999945163726807,0.9999945163726807,True,True,True,True,True,True,0.0,3.051673047593795e-08,5.985887341353191e-10,1,0.0,0.0,0.0,1,0.0,0.0,0.0
20230525_200000,126,PSFL,PSFL,0.9253627061843872,0.926275372505188,True,True,True,True,True,True,0.0009126663208007812,0.0009867139160633087,3.870186264975928e-05,1,0.0009126663208007812,0.0009126663208007812,0.0009126663208007812,1,0.0009126663208007812,0.0009126663208007812,0.0009126663208007812
20230525_200000,127,CALU,CALU,0.8306998610496521,0.8316120505332947,True,True,True,True,True,True,0.0009121894836425781,0.0009121894836425781,3.577367897378281e-05,1,0.0009121894836425781,0.0009121894836425781,0.0009121894836425781,1,0.0009121894836425781,0.0009121894836425781,0.0009121894836425781
20230525_200000,128,PSFL,PSFL,0.9948122501373291,0.9949284791946411,True,True,True,True,True,True,0.00011622905731201172,0.00011622905731201172,4.55733243143186e-06,1,0.00011622905731201172,0.00011622905731201172,0.00011622905731201172,1,0.00011622905731201172,0.00011622905731201172,0.00011622905731201172
20230525_200000,129,PSFL,PSFL,0.827196478843689,0.8277770280838013,True,True,True,True,True,True,0.0005805492401123047,0.0009657330811023712,3.9034079236444086e-05,2,0.0008723214268684387,0.0005805492401123047,0.00043616071343421936,2,0.0008723214268684387,0.0005805492401123047,0.00043616071343421936
20230525_200000,13,PSFL,PSFL,0.9998795986175537,0.9998797178268433,True,True,True,True,True,True,1.1920928955078125e-07,1.5230034478008747e-07,5.723300056104108e-09,1,1.1920928955078125e-07,1.1920928955078125e-07,1.1920928955078125e-07,1,1.1920928955078125e-07,1.1920928955078125e-07,1.1920928955078125e-07
20230525_200000,130,PSFL,PSFL,0.9860791563987732,0.9862822890281677,True,True,True,True,True,True,0.00020313262939453125,0.00020313262939453125,7.966425073391292e-06,1,0.00020313262939453125,0.00020313262939453125,0.00020313262939453125,1,0.00020313262939453125,0.00020313262939453125,0.00020313262939453125
20230525_200000,131,PSFL,PSFL,0.9565043449401855,0.9570552110671997,True,True,True,True,True,True,0.0005508661270141602,0.0005610845983028412,2.236555883428082e-05,1,0.0005508661270141602,0.0005508661270141602,0.0005508661270141602,1,0.0005508661270141602,0.0005508661270141602,0.0005508661270141602
20230525_200000,132,PSFL,PSFL,0.7602900266647339,0.7594035863876343,True,True,True,True,True,True,0.0008864402770996094,0.0009052753448486328,3.590352207538672e-05,2,0.0017917156219482422,0.0009052753448486328,0.0008958578109741211,2,0.0017917156219482422,0.0009052753448486328,0.0008958578109741211
20230525_200000,133,PSFL,PSFL,0.9872755408287048,0.9873180985450745,True,True,True,True,True,True,4.2557716369628906e-05,4.2557716369628906e-05,1.6693946918167057e-06,1,4.2557716369628906e-05,4.2557716369628906e-05,4.2557716369628906e-05,1,4.2557716369628906e-05,4.2557716369628906e-05,4.2557716369628906e-05
20230525_200000,134,PSFL,PSFL,0.9972314238548279,0.9972077012062073,True,True,True,True,True,True,2.372264862060547e-05,2.37275380641222e-05,9.304075092586572e-07,1,2.372264862060547e-05,2.372264862060547e-05,2.372264862060547e-05,1,2.372264862060547e-05,2.372264862060547e-05,2.372264862060547e-05
20230525_200000,135,PSFL,PSFL,0.9978669285774231,0.9978675842285156,True,True,True,True,True,True,6.556510925292969e-07,6.556510925292969e-07,2.5696687444565214e-08,1,6.556510925292969e-07,6.556510925292969e-07,6.556510925292969e-07,1,6.556510925292969e-07,6.556510925292969e-07,6.556510925292969e-07
20230525_200000,136,PSFL,PSFL,0.9996581077575684,0.9996616840362549,True,True,True,True,True,True,3.5762786865234375e-06,3.610330168157816e-06,1.4157186001284572e-07,1,3.5762786865234375e-06,3.5762786865234375e-06,3.5762786865234375e-06,1,3.5762786865234375e-06,3.5762786865234375e-06,3.5762786865234375e-06
20230525_200000,137,PSFL,PSFL,0.9887312054634094,0.9889857769012451,True,True,True,True,True,True,0.00025457143783569336,0.00025457143783569336,9.984319149225485e-06,1,0.00025457143783569336,0.00025457143783569336,0.00025457143783569336,1,0.00025457143783569336,0.00025457143783569336,0.00025457143783569336
20230525_200000,138,CALU,CALU,0.9835050702095032,0.9835090041160583,True,True,True,True,True,True,3.933906555175781e-06,2.6640482246875763e-05,1.1059501048293896e-06,1,3.933906555175781e-06,3.933906555175781e-06,3.933906555175781e-06,1,3.933906555175781e-06,3.933906555175781e-06,3.933906555175781e-06
20230525_200000,139,PSFL,PSFL,0.9995549321174622,0.9995567202568054,True,True,True,True,True,True,1.7881393432617188e-06,1.847249222919345e-06,7.129223433821608e-08,1,1.7881393432617188e-06,1.7881393432617188e-06,1.7881393432617188e-06,1,1.7881393432617188e-06,1.7881393432617188e-06,1.7881393432617188e-06
20230525_200000,14,PSFL,PSFL,0.9997661709785461,0.9997643828392029,True,True,True,True,True,False,1.7881393432617188e-06,1.8398422980681062e-06,7.121895606587714e-08,1,1.7881393432617188e-06,1.7881393432617188e-06,1.7881393432617188e-06,1,1.7881393432617188e-06,1.7881393432617188e-06,1.7881393432617188e-06
20230525_200000,140,PSFL,PSFL,0.9998997449874878,0.9998998641967773,True,True,True,True,True,True,1.1920928955078125e-07,1.2653617886826396e-07,4.857420243808974e-09,1,1.1920928955078125e-07,1.1920928955078125e-07,1.1920928955078125e-07,1,1.1920928955078125e-07,1.1920928955078125e-07,1.1920928955078125e-07
20230525_200000,141,PSFL,PSFL,0.9902704954147339,0.990259051322937,True,True,True,True,True,True,1.1444091796875e-05,1.1861324310302734e-05,4.860506805925979e-07,1,1.1444091796875e-05,1.1444091796875e-05,1.1444091796875e-05,1,1.1444091796875e-05,1.1444091796875e-05,1.1444091796875e-05
20230525_200000,142,PSFL,PSFL,0.999336302280426,0.9993280172348022,True,True,True,True,True,True,8.285045623779297e-06,8.302507922053337e-06,3.2672221550456015e-07,1,8.285045623779297e-06,8.285045623779297e-06,8.285045623779297e-06,1,8.285045623779297e-06,8.285045623779297e-06,8.285045623779297e-06
20230525_200000,143,PSFL,PSFL,0.9902747869491577,0.9903738498687744,True,True,True,True,True,True,9.906291961669922e-05,9.906291961669922e-05,3.883970293827588e-06,1,9.906291961669922e-05,9.906291961669922e-05,9.906291961669922e-05,1,9.906291961669922e-05,9.906291961669922e-05,9.906291961669922e-05
20230525_200000,144,PSFL,PSFL,0.9896664619445801,0.9895064234733582,True,True,True,True,True,True,0.00016003847122192383,0.00016006361693143845,6.276553904172033e-06,1,0.00016003847122192383,0.00016003847122192383,0.00016003847122192383,1,0.00016003847122192383,0.00016003847122192383,0.00016003847122192383
20230525_200000,145,PSFL,PSFL,0.9997733235359192,0.9997726082801819,True,True,True,True,True,True,7.152557373046875e-07,7.152557373046875e-07,2.8290514819673263e-08,1,7.152557373046875e-07,7.152557373046875e-07,7.152557373046875e-07,1,7.152557373046875e-07,7.152557373046875e-07,7.152557373046875e-07
20230525_200000,146,PSFL,PSFL,0.9996722936630249,0.9996708631515503,True,True,True,True,True,True,1.430511474609375e-06,1.430511474609375e-06,5.510714728984567e-08,1,1.430511474609375e-06,1.430511474609375e-06,1.430511474609375e-06,1,1.430511474609375e-06,1.430511474609375e-06,1.430511474609375e-06
20230525_200000,147,CALU,CALU,0.9995076656341553,0.9995056390762329,True,True,True,True,True,True,2.0265579223632812e-06,2.0265579223632812e-06,7.965576287460863e-08,1,2.0265579223632812e-06,2.0265579223632812e-06,2.0265579223632812e-06,1,2.0265579223632812e-06,2.0265579223632812e-06,2.0265579223632812e-06
20230525_200000,148,PSFL,PSFL,0.9992007613182068,0.9991958737373352,True,True,True,True,True,True,4.887580871582031e-06,4.887580871582031e-06,1.914439593520001e-07,1,4.887580871582031e-06,4.887580871582031e-06,4.887580871582031e-06,1,4.887580871582031e-06,4.887580871582031e-06,4.887580871582031e-06
20230525_200000,149,PSFL,PSFL,0.6762938499450684,0.6785544753074646,True,True,True,True,True,True,0.0022606253623962402,0.0022606253623962402,8.869668818078935e-05,2,0.004468262195587158,0.0022606253623962402,0.002234131097793579,2,0.004468262195587158,0.0022606253623962402,0.002234131097793579
20230525_200000,15,PSFL,PSFL,0.7689730525016785,0.7694143056869507,True,True,True,True,True,True,0.0004412531852722168,0.00044126808643341064,1.7304340872215107e-05,2,0.0008825212717056274,0.00044126808643341064,0.0004412606358528137,2,0.0008825212717056274,0.00044126808643341064,0.0004412606358528137
20230525_200000,150,PSFL,PSFL,0.8927963972091675,0.8931548595428467,True,True,True,True,True,True,0.0003584623336791992,0.0003584623336791992,1.4059603927307762e-05,1,0.0003584623336791992,0.0003584623336791992,0.0003584623336791992,1,0.0003584623336791992,0.0003584623336791992,0.0003584623336791992
20230525_200000,16,PSFL,PSFL,0.9997859597206116,0.9997838139533997,True,True,True,True,True,True,2.1457672119140625e-06,2.1457672119140625e-06,8.246085059226971e-08,1,2.1457672119140625e-06,2.1457672119140625e-06,2.1457672119140625e-06,1,2.1457672119140625e-06,2.1457672119140625e-06,2.1457672119140625e-06
20230525_200000,17,PSFL,PSFL,0.9891408681869507,0.9894558787345886,True,True,True,True,True,True,0.00031501054763793945,0.00031501054763793945,1.2351942132227123e-05,1,0.00031501054763793945,0.00031501054763793945,0.00031501054763793945,1,0.00031501054763793945,0.00031501054763793945,0.00031501054763793945
20230525_200000,18,PSFL,PSFL,0.9824584126472473,0.982377827167511,True,True,True,True,True,True,8.058547973632812e-05,8.058547973632812e-05,3.158974323014263e-06,1,8.058547973632812e-05,8.058547973632812e-05,8.058547973632812e-05,1,8.058547973632812e-05,8.058547973632812e-05,8.058547973632812e-05
20230525_200000,19,PSFL,PSFL,0.9980230331420898,0.9980241060256958,True,True,True,True,True,True,1.0728836059570312e-06,1.1203810572624207e-06,4.3284657635922485e-08,1,1.0728836059570312e-06,1.0728836059570312e-06,1.0728836059570312e-06,1,1.0728836059570312e-06,1.0728836059570312e-06,1.0728836059570312e-06
20230525_200000,2,COCO,COCO,0.8257765173912048,0.8254745006561279,True,True,True,True,True,True,0.0003020167350769043,0.0005316585302352905,2.2442784029408358e-05,1,0.0003020167350769043,0.0003020167350769043,0.0003020167350769043,1,0.0003020167350769043,0.0003020167350769043,0.0003020167350769043
20230525_200000,20,PSFL,PSFL,0.9965279698371887,0.9964892864227295,True,True,True,True,True,True,3.8683414459228516e-05,3.8683414459228516e-05,1.5201327414615662e-06,1,3.8683414459228516e-05,3.8683414459228516e-05,3.8683414459228516e-05,1,3.8683414459228516e-05,3.8683414459228516e-05,3.8683414459228516e-05
20230525_200000,21,PSFL,PSFL,0.9998424053192139,0.9998418092727661,True,True,True,True,True,True,5.960464477539062e-07,5.960464477539062e-07,2.2814990785491318e-08,1,5.960464477539062e-07,5.960464477539062e-07,5.960464477539062e-07,1,5.960464477539062e-07,5.960464477539062e-07,5.960464477539062e-07
20230525_200000,22,PSFL,PSFL,0.9997685551643372,0.9997662901878357,True,True,True,True,True,True,2.2649765014648438e-06,2.2649765014648438e-06,8.750552638048248e-08,1,2.2649765014648438e-06,2.2649765014648438e-06,2.2649765014648438e-06,1,2.2649765014648438e-06,2.2649765014648438e-06,2.2649765014648438e-06
20230525_200000,23,CALU,CALU,0.5179128050804138,0.5173954963684082,True,True,True,True,True,True,0.0005173087120056152,0.0010256171226501465,4.0731691115070134e-05,2,0.0015429258346557617,0.0010256171226501465,0.0007714629173278809,2,0.0015429258346557617,0.0010256171226501465,0.0007714629173278809
20230525_200000,24,PSFL,PSFL,0.999359667301178,0.9993552565574646,True,True,True,True,True,True,4.410743713378906e-06,4.410743713378906e-06,1.7237405813830264e-07,1,4.410743713378906e-06,4.410743713378906e-06,4.410743713378906e-06,1,4.410743713378906e-06,4.410743713378906e-06,4.410743713378906e-06
20230525_200000,25,PSFL,PSFL,0.999697208404541,0.9996942281723022,True,True,True,True,True,True,2.9802322387695312e-06,2.9802322387695312e-06,1.1732499416439168e-07,1,2.9802322387695312e-06,2.9802322387695312e-06,2.9802322387695312e-06,1,2.9802322387695312e-06,2.9802322387695312e-06,2.9802322387695312e-06
20230525_200000,26,PSFL,PSFL,0.9986456036567688,0.9986332058906555,True,True,True,True,True,True,1.239776611328125e-05,1.239776611328125e-05,4.842206067223742e-07,1,1.239776611328125e-05,1.239776611328125e-05,1.239776611328125e-05,1,1.239776611328125e-05,1.239776611328125e-05,1.239776611328125e-05
20230525_200000,27,PSFL,PSFL,0.9939649701118469,0.9939297437667847,True,True,True,True,True,True,3.522634506225586e-05,3.522634506225586e-05,1.3836854577675695e-06,1,3.522634506225586e-05,3.522634506225586e-05,3.522634506225586e-05,1,3.522634506225586e-05,3.522634506225586e-05,3.522634506225586e-05
20230525_200000,28,CALU,CALU,0.9308299422264099,0.9306169152259827,True,True,True,True,True,True,0.0002130270004272461,0.0002130270004272461,8.430194611719344e-06,1,0.0002130270004272461,0.0002130270004272461,0.0002130270004272461,1,0.0002130270004272461,0.0002130270004272461,0.0002130270004272461
20230525_200000,29,PSFL,PSFL,0.9491600394248962,0.9490264654159546,True,True,True,True,True,True,0.0001335740089416504,0.0001335740089416504,5.236483502812916e-06,1,0.0001335740089416504,0.0001335740089416504,0.0001335740089416504,1,0.0001335740089416504,0.0001335740089416504,0.0001335740089416504
20230525_200000,3,PSFL,PSFL,0.9997053742408752,0.999707043170929,True,True,True,True,True,True,1.6689300537109375e-06,1.720793079584837e-06,6.692960141663207e-08,1,1.6689300537109375e-06,1.6689300537109375e-06,1.6689300537109375e-06,1,1.6689300537109375e-06,1.6689300537109375e-06,1.6689300537109375e-06
20230525_200000,30,PSFL,PSFL,0.9765165448188782,0.9763039946556091,True,True,True,True,True,True,0.00021255016326904297,0.00021255016326904297,8.38712730910629e-06,1,0.00021255016326904297,0.00021255016326904297,0.00021255016326904297,1,0.00021255016326904297,0.00021255016326904297,0.00021255016326904297
20230525_200000,31,BUVI,BUVI,0.999962329864502,0.9999620914459229,True,True,True,True,True,True,2.384185791015625e-07,2.384185791015625e-07,8.668499695829723e-09,1,2.384185791015625e-07,2.384185791015625e-07,2.384185791015625e-07,1,2.384185791015625e-07,2.384185791015625e-07,2.384185791015625e-07
20230525_200000,32,BUVI,BUVI,0.5880812406539917,0.5909188985824585,True,True,True,True,True,True,0.002837657928466797,0.0031029880046844482,0.00012624503870029002,2,0.005940645933151245,0.0031029880046844482,0.0029703229665756226,2,0.005940645933151245,0.0031029880046844482,0.0029703229665756226
20230525_200000,33,CALU,CALU,0.9994502663612366,0.9994495511054993,True,True,True,True,True,True,7.152557373046875e-07,7.152557373046875e-07,2.604918414306212e-08,1,7.152557373046875e-07,7.152557373046875e-07,7.152557373046875e-07,1,7.152557373046875e-07,7.152557373046875e-07,7.152557373046875e-07
20230525_200000,34,BUVI,BUVI,0.625968337059021,0.6230533719062805,True,True,True,True,True,True,0.0029149651527404785,0.0029149651527404785,0.00011431275197537616,2,0.005407243967056274,0.0029149651527404785,0.002703621983528137,2,0.005407243967056274,0.0029149651527404785,0.002703621983528137
20230525_200000,35,PSFL,PSFL,0.9974437952041626,0.9974554181098938,True,True,True,True,True,True,1.1622905731201172e-05,1.429673284292221e-05,5.623754191219632e-07,1,1.1622905731201172e-05,1.1622905731201172e-05,1.1622905731201172e-05,1,1.1622905731201172e-05,1.1622905731201172e-05,1.1622905731201172e-05
20230525_200000,36,PSFL,PSFL,0.9999567270278931,0.9999566078186035,True,True,True,True,True,True,1.1920928955078125e-07,1.2999953469261527e-07,5.0060053879974475e-09,1,1.1920928955078125e-07,1.1920928955078125e-07,1.1920928955078125e-07,1,1.1920928955078125e-07,1.1920928955078125e-07,1.1920928955078125e-07
20230525_200000,37,PSFL,PSFL,0.9986947178840637,0.998675525188446,True,True,True,True,True,True,1.919269561767578e-05,1.921853981912136e-05,7.541116247011814e-07,1,1.919269561767578e-05,1.919269561767578e-05,1.919269561767578e-05,1,1.919269561767578e-05,1.919269561767578e-05,1.919269561767578e-05
20230525_200000,38,PSFL,PSFL,0.9995038509368896,0.9995019435882568,True,True,True,True,True,True,1.9073486328125e-06,1.9073486328125e-06,7.42493142524836e-08,1,1.9073486328125e-06,1.9073486328125e-06,1.9073486328125e-06,1,1.9073486328125e-06,1.9073486328125e-06,1.9073486328125e-06
20230525_200000,39,PSFL,PSFL,0.9988283514976501,0.9988539218902588,True,True,True,True,True,True,2.5570392608642578e-05,2.56755156442523e-05,1.0050724768007058e-06,1,2.5570392608642578e-05,2.5570392608642578e-05,2.5570392608642578e-05,1,2.5570392608642578e-05,2.5570392608642578e-05,2.5570392608642578e-05
20230525_200000,4,PSFL,PSFL,0.9985902905464172,0.9985827207565308,True,True,True,True,True,True,7.569789886474609e-06,7.569789886474609e-06,2.966364434087154e-07,1,7.569789886474609e-06,7.569789886474609e-06,7.569789886474609e-06,1,7.569789886474609e-06,7.569789886474609e-06,7.569789886474609e-06
20230525_200000,40,PSFL,PSFL,0.9996474981307983,0.999657154083252,True,True,True,True,True,True,9.655952453613281e-06,9.655952453613281e-06,3.782353417136619e-07,1,9.655952453613281e-06,9.655952453613281e-06,9.655952453613281e-06,1,9.655952453613281e-06,9.655952453613281e-06,9.655952453613281e-06
20230525_200000,41,PSFL,PSFL,0.38511672616004944,0.38500580191612244,True,True,True,True,True,True,0.00011092424392700195,0.0005085170269012451,3.2628326152917e-05,3,0.0006991997361183167,0.0005085170269012451,0.00023306657385546714,3,0.0006991997361183167,0.0005085170269012451,0.00023306657385546714
20230525_200000,42,PSFL,PSFL,0.9719014763832092,0.9721665978431702,True,True,True,True,True,True,0.0002651214599609375,0.0002651214599609375,1.0395847311883699e-05,1,0.0002651214599609375,0.0002651214599609375,0.0002651214599609375,1,0.0002651214599609375,0.0002651214599609375,0.0002651214599609375
20230525_200000,43,PSFL,PSFL,0.9588944315910339,0.9588773250579834,True,True,True,True,True,True,1.710653305053711e-05,0.0002334127202630043,1.0580125490378123e-05,1,1.710653305053711e-05,1.710653305053711e-05,1.710653305053711e-05,1,1.710653305053711e-05,1.710653305053711e-05,1.710653305053711e-05
20230525_200000,44,PSFL,PSFL,0.999798595905304,0.9998026490211487,True,True,True,True,True,True,4.0531158447265625e-06,4.0531158447265625e-06,1.5737649050606706e-07,1,4.0531158447265625e-06,4.0531158447265625e-06,4.0531158447265625e-06,1,4.0531158447265625e-06,4.0531158447265625e-06,4.0531158447265625e-06
20230525_200000,45,CALU,CALU,0.890273928642273,0.8905783891677856,True,True,True,True,True,True,0.0003044605255126953,0.0003384798765182495,1.328782491327729e-05,2,0.0006429404020309448,0.0003384798765182495,0.0003214702010154724,2,0.0006429404020309448,0.0003384798765182495,0.0003214702010154724
20230525_200000,46,PSFL,PSFL,0.9998446702957153,0.9998449087142944,True,True,True,True,True,True,2.384185791015625e-07,2.384185791015625e-07,8.568113329943117e-09,1,2.384185791015625e-07,2.384185791015625e-07,2.384185791015625e-07,1,2.384185791015625e-07,2.384185791015625e-07,2.384185791015625e-07
20230525_200000,47,CALU,CALU,0.9931447505950928,0.993134617805481,True,True,True,True,True,True,1.0132789611816406e-05,1.1594966053962708e-05,5.998226697556674e-07,1,1.0132789611816406e-05,1.0132789611816406e-05,1.0132789611816406e-05,1,1.0132789611816406e-05,1.0132789611816406e-05,1.0132789611816406e-05
20230525_200000,48,PSFL,PSFL,0.9999768733978271,0.9999767541885376,True,True,True,True,True,True,1.1920928955078125e-07,1.1920928955078125e-07,3.997171482694739e-09,1,1.1920928955078125e-07,1.1920928955078125e-07,1.1920928955078125e-07,1,1.1920928955078125e-07,1.1920928955078125e-07,1.1920928955078125e-07
20230525_200000,49,PSFL,PSFL,0.9977642297744751,0.9977651834487915,True,True,True,True,True,True,9.5367431640625e-07,1.990934833884239e-06,7.942789892467772e-08,1,9.5367431640625e-07,9.5367431640625e-07,9.5367431640625e-07,1,9.5367431640625e-07,9.5367431640625e-07,9.5367431640625e-07
20230525_200000,5,CALU,CALU,0.6323553323745728,0.6328218579292297,True,True,True,True,True,True,0.0004665255546569824,0.0009265914559364319,6.980288162594661e-05,2,0.0010616779327392578,0.0005951523780822754,0.0005308389663696289,2,0.0010616779327392578,0.0005951523780822754,0.0005308389663696289
20230525_200000,50,PSFL,PSFL,0.9978653788566589,0.9978273510932922,True,True,True,True,True,True,3.802776336669922e-05,3.802776336669922e-05,1.4899537745804992e-06,1,3.802776336669922e-05,3.802776336669922e-05,3.802776336669922e-05,1,3.802776336669922e-05,3.802776336669922e-05,3.802776336669922e-05
20230525_200000,51,PSFL,PSFL,0.9998534917831421,0.9998515844345093,True,True,True,True,True,True,1.9073486328125e-06,1.9073486328125e-06,7.414052305421137e-08,1,1.9073486328125e-06,1.9073486328125e-06,1.9073486328125e-06,1,1.9073486328125e-06,1.9073486328125e-06,1.9073486328125e-06
20230525_200000,52,PSFL,PSFL,0.9983460903167725,0.9983558058738708,True,True,True,True,True,True,9.715557098388672e-06,9.74826980382204e-06,3.8164645843608014e-07,1,9.715557098388672e-06,9.715557098388672e-06,9.715557098388672e-06,1,9.715557098388672e-06,9.715557098388672e-06,9.715557098388672e-06
20230525_200000,53,BUVI,BUVI,0.9962595701217651,0.9962664246559143,True,True,True,True,True,True,6.854534149169922e-06,6.906222552061081e-06,2.698244259136118e-07,1,6.854534149169922e-06,6.854534149169922e-06,6.854534149169922e-06,1,6.854534149169922e-06,6.854534149169922e-06,6.854534149169922e-06
20230525_200000,54,BUVI,BUVI,0.7947911620140076,0.7897946238517761,True,True,True,True,True,True,0.004996538162231445,0.004996538162231445,0.00019610259914770722,2,0.009778812527656555,0.004996538162231445,0.004889406263828278,2,0.009778812527656555,0.004996538162231445,0.004889406263828278
20230525_200000,55,PSFL,PSFL,0.8609213829040527,0.8620448708534241,True,True,True,True,True,True,0.0011234879493713379,0.0011234879493713379,4.4230509956832975e-05,1,0.0011234879493713379,0.0011234879493713379,0.0011234879493713379,1,0.0011234879493713379,0.0011234879493713379,0.0011234879493713379
20230525_200000,56,PSFL,PSFL,0.999962329864502,0.9999618530273438,True,True,True,True,True,True,4.76837158203125e-07,4.76837158203125e-07,1.840135688269129e-08,1,4.76837158203125e-07,4.76837158203125e-07,4.76837158203125e-07,1,4.76837158203125e-07,4.76837158203125e-07,4.76837158203125e-07
20230525_200000,57,PSFL,PSFL,0.9777512550354004,0.9776533842086792,True,True,True,True,True,True,9.78708267211914e-05,9.792298078536987e-05,3.840164026769344e-06,1,9.78708267211914e-05,9.78708267211914e-05,9.78708267211914e-05,1,9.78708267211914e-05,9.78708267211914e-05,9.78708267211914e-05
20230525_200000,58,PSFL,PSFL,0.8242217302322388,0.8241741061210632,True,True,True,True,True,True,4.762411117553711e-05,0.0002126544713973999,8.349162271770183e-06,2,0.000260278582572937,0.0002126544713973999,0.0001301392912864685,2,0.000260278582572937,0.0002126544713973999,0.0001301392912864685
20230525_200000,59,PSFL,PSFL,0.9996371269226074,0.9996337890625,True,True,True,True,True,True,3.337860107421875e-06,3.337860107421875e-06,1.3138338772478164e-07,1,3.337860107421875e-06,3.337860107421875e-06,3.337860107421875e-06,1,3.337860107421875e-06,3.337860107421875e-06,3.337860107421875e-06
20230525_200000,6,PSFL,PSFL,0.4776867926120758,0.4777447283267975,True,True,True,True,True,True,5.793571472167969e-05,0.0006387531757354736,2.5051018383237533e-05,3,0.0012208521366119385,0.0006387531757354736,0.0004069507122039795,3,0.0012208521366119385,0.0006387531757354736,0.0004069507122039795
20230525_200000,60,BUVI,BUVI,0.7576414942741394,0.7587668299674988,True,True,True,True,True,True,0.001125335693359375,0.001125335693359375,4.490091305342503e-05,2,0.0012272447347640991,0.001125335693359375,0.0006136223673820496,2,0.0012272447347640991,0.001125335693359375,0.0006136223673820496
20230525_200000,61,PSFL,PSFL,0.9971352815628052,0.9971231818199158,True,True,True,True,True,True,1.2099742889404297e-05,1.2099742889404297e-05,4.998105964659771e-07,1,1.2099742889404297e-05,1.2099742889404297e-05,1.2099742889404297e-05,1,1.2099742889404297e-05,1.2099742889404297e-05,1.2099742889404297e-05
20230525_200000,62,PSFL,PSFL,0.9588863253593445,0.9588968753814697,True,True,True,True,True,True,1.055002212524414e-05,1.055002212524414e-05,4.1444369003329484e-07,1,1.055002212524414e-05,1.055002212524414e-05,1.055002212524414e-05,1,1.055002212524414e-05,1.055002212524414e-05,1.055002212524414e-05
20230525_200000,63,PSFL,PSFL,0.9147552251815796,0.915492057800293,True,True,True,True,True,True,0.0007368326187133789,0.0007369145750999451,2.8897004085592926e-05,1,0.0007368326187133789,0.0007368326187133789,0.0007368326187133789,1,0.0007368326187133789,0.0007368326187133789,0.0007368326187133789
20230525_200000,64,BUVI,BUVI,0.8959120512008667,0.8958080410957336,True,True,True,True,True,True,0.00010401010513305664,0.00010481476783752441,4.111023372388445e-06,2,0.00020882487297058105,0.00010481476783752441,0.00010441243648529053,2,0.00020882487297058105,0.00010481476783752441,0.00010441243648529053
20230525_200000,65,PSFL,PSFL,0.9996907711029053,0.9996944665908813,True,True,True,True,True,True,3.6954879760742188e-06,3.6954879760742188e-06,1.4289734906469675e-07,1,3.6954879760742188e-06,3.6954879760742188e-06,3.6954879760742188e-06,1,3.6954879760742188e-06,3.6954879760742188e-06,3.6954879760742188e-06
20230525_200000,66,PSFL,PSFL,0.5844994187355042,0.5843541026115417,True,True,True,True,True,True,0.00014531612396240234,0.00014549493789672852,5.707070613425458e-06,2,0.00029081106185913086,0.00014549493789672852,0.00014540553092956543,2,0.00029081106185913086,0.00014549493789672852,0.00014540553092956543
20230525_200000,67,PSFL,PSFL,0.9800676703453064,0.979812741279602,True,True,True,True,True,True,0.0002549290657043457,0.0002549290657043457,9.995777872973122e-06,1,0.0002549290657043457,0.0002549290657043457,0.0002549290657043457,1,0.0002549290657043457,0.0002549290657043457,0.0002549290657043457
20230525_200000,68,CALU,CALU,0.6003631949424744,0.602398157119751,True,True,True,True,True,True,0.0020349621772766113,0.0020349621772766113,7.980579539434984e-05,3,0.004061341285705566,0.0020349621772766113,0.0013537803897634149,3,0.004061341285705566,0.0020349621772766113,0.0013537803897634149
20230525_200000,69,PSFL,PSFL,0.999880313873291,0.9998788833618164,True,True,True,True,True,True,1.430511474609375e-06,1.4542529243044555e-06,5.656807289255994e-08,1,1.430511474609375e-06,1.430511474609375e-06,1.430511474609375e-06,1,1.430511474609375e-06,1.430511474609375e-06,1.430511474609375e-06
20230525_200000,7,CALU,CALU,0.24330148100852966,0.24517084658145905,True,True,True,True,True,True,0.0018693655729293823,0.0018693655729293823,0.0001274327514693141,3,0.003253631293773651,0.0018693655729293823,0.001084543764591217,3,0.003253631293773651,0.0018693655729293823,0.001084543764591217
20230525_200000,70,COCO,COCO,0.7912800312042236,0.7910386323928833,True,True,True,True,True,True,0.00024139881134033203,0.00024139881134033203,1.3313023373484612e-05,1,0.00024139881134033203,0.00024139881134033203,0.00024139881134033203,1,0.00024139881134033203,0.00024139881134033203,0.00024139881134033203
20230525_200000,71,BUVI,BUVI,0.9104191064834595,0.9106460213661194,True,True,True,True,True,True,0.0002269148826599121,0.0002269148826599121,8.988283298094757e-06,1,0.0002269148826599121,0.0002269148826599121,0.0002269148826599121,1,0.0002269148826599121,0.0002269148826599121,0.0002269148826599121
20230525_200000,72,PSFL,PSFL,0.9989919066429138,0.9990090131759644,True,True,True,True,True,True,1.710653305053711e-05,1.7187558114528656e-05,6.725070420543489e-07,1,1.710653305053711e-05,1.710653305053711e-05,1.710653305053711e-05,1,1.710653305053711e-05,1.710653305053711e-05,1.710653305053711e-05
20230525_200000,73,PSFL,PSFL,0.907446026802063,0.9073449373245239,True,True,True,True,True,True,0.0001010894775390625,0.0001010894775390625,6.59483202980482e-06,1,0.0001010894775390625,0.0001010894775390625,0.0001010894775390625,1,0.0001010894775390625,0.0001010894775390625,0.0001010894775390625
20230525_200000,74,PSFL,PSFL,0.9733202457427979,0.9734773635864258,True,True,True,True,True,True,0.0001571178436279297,0.0001571178436279297,6.1639343584829476e-06,1,0.0001571178436279297,0.0001571178436279297,0.0001571178436279297,1,0.0001571178436279297,0.0001571178436279297,0.0001571178436279297
20230525_200000,75,PSFL,PSFL,0.9996707439422607,0.9996711015701294,True,True,True,True,True,True,3.5762786865234375e-07,3.5762786865234375e-07,1.3236432394592157e-08,1,3.5762786865234375e-07,3.5762786865234375e-07,3.5762786865234375e-07,1,3.5762786865234375e-07,3.5762786865234375e-07,3.5762786865234375e-07
20230525_200000,76,COCO,COCO,0.8205751180648804,0.820076048374176,True,True,True,True,True,True,0.0004990696907043457,0.0004990696907043457,3.4383545425953344e-05,1,0.0004990696907043457,0.0004990696907043457,0.0004990696907043457,1,0.0004990696907043457,0.0004990696907043457,0.0004990696907043457
20230525_200000,77,PSFL,PSFL,0.9946501851081848,0.9946685433387756,True,True,True,True,True,True,1.8358230590820312e-05,1.8466264009475708e-05,7.228837262118759e-07,1,1.8358230590820312e-05,1.8358230590820312e-05,1.8358230590820312e-05,1,1.8358230590820312e-05,1.8358230590820312e-05,1.8358230590820312e-05
20230525_200000,78,PSFL,PSFL,0.9996553659439087,0.9996570348739624,True,True,True,True,True,True,1.6689300537109375e-06,1.6689300537109375e-06,6.385180739698626e-08,1,1.6689300537109375e-06,1.6689300537109375e-06,1.6689300537109375e-06,1,1.6689300537109375e-06,1.6689300537109375e-06,1.6689300537109375e-06
20230525_200000,79,PSFL,PSFL,0.9996746778488159,0.9996713399887085,True,True,True,True,True,True,3.337860107421875e-06,3.337860107421875e-06,1.3079393568204978e-07,1,3.337860107421875e-06,3.337860107421875e-06,3.337860107421875e-06,1,3.337860107421875e-06,3.337860107421875e-06,3.337860107421875e-06
20230525_200000,8,PSFL,PSFL,0.9990746974945068,0.9990724325180054,True,True,True,True,True,True,2.2649765014648438e-06,2.2649765014648438e-06,8.834201992158341e-08,1,2.2649765014648438e-06,2.2649765014648438e-06,2.2649765014648438e-06,1,2.2649765014648438e-06,2.2649765014648438e-06,2.2649765014648438e-06
20230525_200000,80,CALU,CALU,0.834575355052948,0.8345211148262024,True,True,True,True,True,True,5.424022674560547e-05,0.00028750672936439514,1.743278517096769e-05,1,5.424022674560547e-05,5.424022674560547e-05,5.424022674560547e-05,1,5.424022674560547e-05,5.424022674560547e-05,5.424022674560547e-05
20230525_200000,81,PSFL,PSFL,0.9814316034317017,0.9815670847892761,True,True,True,True,True,True,0.0001354813575744629,0.00013550184667110443,5.314363079378381e-06,1,0.0001354813575744629,0.0001354813575744629,0.0001354813575744629,1,0.0001354813575744629,0.0001354813575744629,0.0001354813575744629
20230525_200000,82,PSFL,PSFL,0.993954598903656,0.9938637018203735,True,True,True,True,True,True,9.08970832824707e-05,9.08970832824707e-05,3.564411372281029e-06,1,9.08970832824707e-05,9.08970832824707e-05,9.08970832824707e-05,1,9.08970832824707e-05,9.08970832824707e-05,9.08970832824707e-05
20230525_200000,83,PSFL,PSFL,0.9994294047355652,0.9994268417358398,True,True,True,True,True,True,2.562999725341797e-06,2.562999725341797e-06,1.0280056272904403e-07,1,2.562999725341797e-06,2.562999725341797e-06,2.562999725341797e-06,1,2.562999725341797e-06,2.562999725341797e-06,2.562999725341797e-06
20230525_200000,84,CALU,CALU,0.9195939898490906,0.9189961552619934,True,True,True,True,True,True,0.000597834587097168,0.0005997419357299805,2.3546495867776684e-05,1,0.000597834587097168,0.000597834587097168,0.000597834587097168,1,0.000597834587097168,0.000597834587097168,0.000597834587097168
20230525_200000,85,PSFL,PSFL,0.9991222023963928,0.999114453792572,True,True,True,True,True,True,7.748603820800781e-06,7.813447155058384e-06,3.0514101467815635e-07,1,7.748603820800781e-06,7.748603820800781e-06,7.748603820800781e-06,1,7.748603820800781e-06,7.748603820800781e-06,7.748603820800781e-06
20230525_200000,86,PSFL,PSFL,0.9218282103538513,0.9226787686347961,True,True,True,True,True,True,0.0008505582809448242,0.0008505582809448242,3.335789006086998e-05,1,0.0008505582809448242,0.0008505582809448242,0.0008505582809448242,1,0.0008505582809448242,0.0008505582809448242,0.0008505582809448242
20230525_200000,87,PSFL,PSFL,0.9848715662956238,0.9845043420791626,True,True,True,True,True,True,0.00036722421646118164,0.00036722421646118164,1.440175219613593e-05,1,0.00036722421646118164,0.00036722421646118164,0.00036722421646118164,1,0.00036722421646118164,0.00036722421646118164,0.00036722421646118164
20230525_200000,88,PSFL,PSFL,0.9998992681503296,0.9998989105224609,True,True,True,True,True,True,3.5762786865234375e-07,3.5762786865234375e-07,1.3963085798707198e-08,1,3.5762786865234375e-07,3.5762786865234375e-07,3.5762786865234375e-07,1,3.5762786865234375e-07,3.5762786865234375e-07,3.5762786865234375e-07
20230525_200000,89,PSFL,PSFL,0.998909592628479,0.9989062547683716,True,True,True,True,True,True,3.337860107421875e-06,3.3532269299030304e-06,1.3741428972480207e-07,1,3.337860107421875e-06,3.337860107421875e-06,3.337860107421875e-06,1,3.337860107421875e-06,3.337860107421875e-06,3.337860107421875e-06
20230525_200000,9,PSFL,PSFL,0.9600396156311035,0.9597218632698059,True,True,True,True,True,True,0.0003177523612976074,0.0003177523612976074,1.2470131878217217e-05,1,0.0003177523612976074,0.0003177523612976074,0.0003177523612976074,1,0.0003177523612976074,0.0003177523612976074,0.0003177523612976074
20230525_200000,90,PSFL,PSFL,0.9895025491714478,0.9897698163986206,True,True,True,True,True,True,0.00026726722717285156,0.00026726722717285156,1.0479631782800425e-05,1,0.00026726722717285156,0.00026726722717285156,0.00026726722717285156,1,0.00026726722717285156,0.00026726722717285156,0.00026726722717285156
20230525_200000,91,PSFL,PSFL,0.9999212026596069,0.9999212026596069,True,True,True,True,True,True,0.0,5.3318217396736145e-08,1.065918464604465e-09,1,0.0,0.0,0.0,1,0.0,0.0,0.0
20230525_200000,92,PSFL,PSFL,0.9881161451339722,0.988138735294342,True,True,True,True,True,True,2.2590160369873047e-05,2.265162765979767e-05,8.881318649400782e-07,1,2.2590160369873047e-05,2.2590160369873047e-05,2.2590160369873047e-05,1,2.2590160369873047e-05,2.2590160369873047e-05,2.2590160369873047e-05
20230525_200000,93,PSFL,PSFL,0.9973347783088684,0.9973638653755188,True,True,True,True,True,True,2.9087066650390625e-05,2.9087066650390625e-05,1.1391090311008156e-06,1,2.9087066650390625e-05,2.9087066650390625e-05,2.9087066650390625e-05,1,2.9087066650390625e-05,2.9087066650390625e-05,2.9087066650390625e-05
20230525_200000,94,PSFL,PSFL,0.7576449513435364,0.7586057782173157,True,True,True,True,True,True,0.0009608268737792969,0.0010898858308792114,4.2770559957716614e-05,2,0.0020507127046585083,0.0010898858308792114,0.0010253563523292542,2,0.0020507127046585083,0.0010898858308792114,0.0010253563523292542
20230525_200000,95,PSFL,PSFL,0.9528890252113342,0.9526698589324951,True,True,True,True,True,True,0.00021916627883911133,0.00021916627883911133,8.609461474406999e-06,1,0.00021916627883911133,0.00021916627883911133,0.00021916627883911133,1,0.00021916627883911133,0.00021916627883911133,0.00021916627883911133
20230525_200000,96,PSFL,PSFL,0.9572369456291199,0.9578340649604797,True,True,True,True,True,True,0.0005971193313598633,0.0005971193313598633,2.3449079890269786e-05,1,0.0005971193313598633,0.0005971193313598633,0.0005971193313598633,1,0.0005971193313598633,0.0005971193313598633,0.0005971193313598633
20230525_200000,97,PSFL,PSFL,0.850037157535553,0.8485180139541626,True,True,True,True,False,False,0.0015191435813903809,0.0016595721244812012,6.513388507300988e-05,2,0.003178715705871582,0.0016595721244812012,0.001589357852935791,2,0.003178715705871582,0.0016595721244812012,0.001589357852935791
20230525_200000,98,PSFL,PSFL,0.9998650550842285,0.9998655319213867,True,True,True,True,True,True,4.76837158203125e-07,5.686015356332064e-07,2.0530489308612232e-08,1,4.76837158203125e-07,4.76837158203125e-07,4.76837158203125e-07,1,4.76837158203125e-07,4.76837158203125e-07,4.76837158203125e-07
20230525_200000,99,PSFL,PSFL,0.9996485710144043,0.9996507167816162,True,True,True,True,True,True,2.1457672119140625e-06,2.1504820324480534e-06,8.424025566000637e-08,1,2.1457672119140625e-06,2.1457672119140625e-06,2.1457672119140625e-06,1,2.1457672119140625e-06,2.1457672119140625e-06,2.1457672119140625e-06
20230526_000000,1,PSFL,PSFL,0.9861655235290527,0.9858946800231934,True,True,True,True,True,True,0.000270843505859375,0.000270843505859375,1.0619352906360291e-05,1,0.000270843505859375,0.000270843505859375,0.000270843505859375,1,0.000270843505859375,0.000270843505859375,0.000270843505859375
20230526_000000,10,CAGU,CAGU,0.26900044083595276,0.2676245868206024,True,True,True,True,True,True,0.0013758540153503418,0.0013758540153503418,9.862991282716393e-05,4,0.002793930470943451,0.0013758540153503418,0.0006984826177358627,4,0.002793930470943451,0.0013758540153503418,0.0006984826177358627
20230526_000000,100,PSFL,PSFL,0.9867205619812012,0.9869276881217957,True,True,True,True,True,True,0.00020712614059448242,0.00020718201994895935,8.13393580756383e-06,1,0.00020712614059448242,0.00020712614059448242,0.00020712614059448242,1,0.00020712614059448242,0.00020712614059448242,0.00020712614059448242
20230526_000000,101,SHOT,SHOT,0.5033881068229675,0.5038469433784485,True,True,True,True,True,True,0.00045883655548095703,0.0006306171417236328,3.016544178535696e-05,2,0.0010894536972045898,0.0006306171417236328,0.0005447268486022949,2,0.0010894536972045898,0.0006306171417236328,0.0005447268486022949
20230526_000000,102,PSFL,PSFL,0.9848559498786926,0.9848843812942505,True,True,True,True,True,True,2.8431415557861328e-05,2.8431415557861328e-05,1.5070158951857593e-06,1,2.8431415557861328e-05,2.8431415557861328e-05,2.8431415557861328e-05,1,2.8431415557861328e-05,2.8431415557861328e-05,2.8431415557861328e-05
20230526_000000,103,PSFL,PSFL,0.9966316819190979,0.996650755405426,True,True,True,True,True,True,1.9073486328125e-05,1.9073486328125e-05,7.465490057256829e-07,1,1.9073486328125e-05,1.9073486328125e-05,1.9073486328125e-05,1,1.9073486328125e-05,1.9073486328125e-05,1.9073486328125e-05
20230526_000000,104,PSFL,PSFL,0.9402604699134827,0.9423273205757141,True,True,True,True,True,True,0.0020668506622314453,0.0020668506622314453,8.105294546112418e-05,1,0.0020668506622314453,0.0020668506622314453,0.0020668506622314453,1,0.0020668506622314453,0.0020668506622314453,0.0020668506622314453
20230526_000000,105,PSFL,PSFL,0.982631504535675,0.9826215505599976,True,True,True,True,True,True,9.953975677490234e-06,3.212643787264824e-05,2.07967491405725e-06,1,9.953975677490234e-06,9.953975677490234e-06,9.953975677490234e-06,1,9.953975677490234e-06,9.953975677490234e-06,9.953975677490234e-06
20230526_000000,106,POEC,POEC,0.22801654040813446,0.2280692607164383,True,True,True,True,True,True,5.272030830383301e-05,0.0009694993495941162,5.943412907072343e-05,3,0.00125228613615036,0.0009694993495941162,0.0004174287023488432,3,0.00125228613615036,0.0009694993495941162,0.0004174287023488432
20230526_000000,107,HOSA,HOSA,0.44702306389808655,0.44646286964416504,True,True,True,True,True,True,0.0005601942539215088,0.0006281435489654541,2.880505235225428e-05,2,0.0011883378028869629,0.0006281435489654541,0.0005941689014434814,2,0.0011883378028869629,0.0006281435489654541,0.0005941689014434814
20230526_000000,108,PSFL,PSFL,0.9904608130455017,0.9905664324760437,True,True,True,True,True,True,0.00010561943054199219,0.00010561943054199219,4.141876615904039e-06,1,0.00010561943054199219,0.00010561943054199219,0.00010561943054199219,1,0.00010561943054199219,0.00010561943054199219,0.00010561943054199219
20230526_000000,109,PSFL,PSFL,0.9611117243766785,0.960993230342865,True,True,True,True,True,True,0.00011849403381347656,0.00011901557445526123,4.692027232522378e-06,1,0.00011849403381347656,0.00011849403381347656,0.00011849403381347656,1,0.00011849403381347656,0.00011849403381347656,0.00011849403381347656
20230526_000000,11,PSFL,PSFL,0.9999339580535889,0.9999334812164307,True,True,True,True,True,True,4.76837158203125e-07,5.105648597236723e-07,1.9983987797900227e-08,1,4.76837158203125e-07,4.76837158203125e-07,4.76837158203125e-07,1,4.76837158203125e-07,4.76837158203125e-07,4.76837158203125e-07
20230526_000000,110,PSFL,PSFL,0.9895824193954468,0.9896315932273865,True,True,True,True,True,True,4.9173831939697266e-05,4.917755722999573e-05,1.9285666894575115e-06,1,4.9173831939697266e-05,4.9173831939697266e-05,4.9173831939697266e-05,1,4.9173831939697266e-05,4.9173831939697266e-05,4.9173831939697266e-05
20230526_000000,111,BUVI,BUVI,0.3164915144443512,0.3175241947174072,True,True,True,True,True,True,0.0010326802730560303,0.001102358102798462,9.508055518381298e-05,4,0.0032794997096061707,0.001102358102798462,0.0008198749274015427,4,0.0032794997096061707,0.001102358102798462,0.0008198749274015427
20230526_000000,112,PSFL,PSFL,0.9930576086044312,0.9930261373519897,True,True,True,True,True,True,3.147125244140625e-05,3.224611282348633e-05,1.2641970670301816e-06,1,3.147125244140625e-05,3.147125244140625e-05,3.147125244140625e-05,1,3.147125244140625e-05,3.147125244140625e-05,3.147125244140625e-05
20230526_000000,113,PSFL,PSFL,0.6000880599021912,0.6013080477714539,True,True,True,True,True,True,0.0012199878692626953,0.0012736916542053223,5.008057996747084e-05,2,0.0024936795234680176,0.0012736916542053223,0.0012468397617340088,2,0.0024936795234680176,0.0012736916542053223,0.0012468397617340088
20230526_000000,114,SHOT,SHOT,0.23793168365955353,0.2392929345369339,True,True,True,True,True,True,0.001361250877380371,0.001361250877380371,0.0001274031528737396,4,0.002971738576889038,0.001361250877380371,0.0007429346442222595,4,0.002971738576889038,0.001361250877380371,0.0007429346442222595
20230526_000000,115,PSFL,PSFL,0.9983038902282715,0.9982765913009644,True,True,True,True,True,True,2.7298927307128906e-05,2.7298927307128906e-05,1.0700739494495792e-06,1,2.7298927307128906e-05,2.7298927307128906e-05,2.7298927307128906e-05,1,2.7298927307128906e-05,2.7298927307128906e-05,2.7298927307128906e-05
20230526_000000,116,PSFL,PSFL,0.7590548396110535,0.7582434415817261,True,True,True,True,True,True,0.0008113980293273926,0.0008113980293273926,3.359979746164754e-05,2,0.0013008713722229004,0.0008113980293273926,0.0006504356861114502,2,0.0013008713722229004,0.0008113980293273926,0.0006504356861114502
20230526_000000,117,COCO,COCO,0.35950204730033875,0.3591621220111847,True,True,True,True,True,True,0.00033992528915405273,0.00034058094024658203,2.5206738428096287e-05,1,0.00033992528915405273,0.00033992528915405273,0.00033992528915405273,1,0.00033992528915405273,0.00033992528915405273,0.00033992528915405273
20230526_000000,118,PSFL,PSFL,0.7383242249488831,0.7368205189704895,True,True,True,True,True,True,0.0015037059783935547,0.0015037059783935547,5.989797136862762e-05,1,0.0015037059783935547,0.0015037059783935547,0.0015037059783935547,1,0.0015037059783935547,0.0015037059783935547,0.0015037059783935547
20230526_000000,119,PSFL,PSFL,0.9984789490699768,0.9984800219535828,True,True,True,True,True,True,1.0728836059570312e-06,1.0728836059570312e-06,4.5592550179662794e-08,1,1.0728836059570312e-06,1.0728836059570312e-06,1.0728836059570312e-06,1,1.0728836059570312e-06,1.0728836059570312e-06,1.0728836059570312e-06
20230526_000000,12,PSFL,PSFL,0.9593555927276611,0.9594149589538574,True,True,True,True,True,True,5.936622619628906e-05,5.936622619628906e-05,2.327206857444253e-06,1,5.936622619628906e-05,5.936622619628906e-05,5.936622619628906e-05,1,5.936622619628906e-05,5.936622619628906e-05,5.936622619628906e-05
20230526_000000,120,PSFL,PSFL,0.6495199203491211,0.6484752297401428,True,True,True,True,True,True,0.0010446906089782715,0.0010446906089782715,4.1058236092794687e-05,3,0.0020910948514938354,0.0010446906089782715,0.0006970316171646118,3,0.0020910948514938354,0.0010446906089782715,0.0006970316171646118
20230526_000000,121,STVA,STVA,0.74382084608078,0.7430199384689331,True,True,True,True,True,True,0.0008009076118469238,0.0008009076118469238,3.2317067962139845e-05,2,0.0009799450635910034,0.0008009076118469238,0.0004899725317955017,2,0.0009799450635910034,0.0008009076118469238,0.0004899725317955017
20230526_000000,122,CALU,CALU,0.9997584223747253,0.9997562766075134,True,True,True,True,True,True,2.1457672119140625e-06,2.1457672119140625e-06,8.513139704291461e-08,1,2.1457672119140625e-06,2.1457672119140625e-06,2.1457672119140625e-06,1,2.1457672119140625e-06,2.1457672119140625e-06,2.1457672119140625e-06
20230526_000000,123,PSFL,PSFL,0.9280160665512085,0.9277207851409912,True,True,True,True,True,True,0.00029528141021728516,0.0003088638186454773,1.2117456208216026e-05,1,0.00029528141021728516,0.00029528141021728516,0.00029528141021728516,1,0.00029528141021728516,0.00029528141021728516,0.00029528141021728516
20230526_000000,124,PSFL,PSFL,0.9946399331092834,0.994782030582428,True,True,True,True,True,True,0.00014209747314453125,0.00014209747314453125,5.572311692958465e-06,1,0.00014209747314453125,0.00014209747314453125,0.00014209747314453125,1,0.00014209747314453125,0.00014209747314453125,0.00014209747314453125
20230526_000000,125,PSFL,PSFL,0.570472776889801,0.5748183727264404,True,True,True,True,True,True,0.004345595836639404,0.004399687051773071,0.00017271142860408872,2,0.008745282888412476,0.004399687051773071,0.004372641444206238,2,0.008745282888412476,0.004399687051773071,0.004372641444206238
20230526_000000,126,CALU,CALU,0.671587347984314,0.6699540615081787,True,True,True,True,True,True,0.001633286476135254,0.001633286476135254,7.331066444749013e-05,2,0.0030349642038345337,0.001633286476135254,0.0015174821019172668,2,0.0030349642038345337,0.001633286476135254,0.0015174821019172668
20230526_000000,127,PSFL,PSFL,0.6792844533920288,0.6784900426864624,True,True,True,True,True,True,0.0007944107055664062,0.0007944107055664062,3.11678450088948e-05,2,0.0015861690044403076,0.0007944107055664062,0.0007930845022201538,2,0.0015861690044403076,0.0007944107055664062,0.0007930845022201538
20230526_000000,128,MYTO,MYTO,0.25654336810112,0.25656822323799133,True,True,True,True,True,True,2.485513687133789e-05,0.0006006509065628052,4.419327524374239e-05,2,0.0006255060434341431,0.0006006509065628052,0.00031275302171707153,2,0.0006255060434341431,0.0006006509065628052,0.00031275302171707153
20230526_000000,129,BUVI,BUVI,0.3295688331127167,0.329304963350296,True,True,True,True,True,True,0.0002638697624206543,0.0006471574306488037,4.078494384884834e-05,3,0.0015529990196228027,0.0006471574306488037,0.0005176663398742676,3,0.0015529990196228027,0.0006471574306488037,0.0005176663398742676
20230526_000000,13,POEC,POEC,0.8396450281143188,0.8394778966903687,True,True,True,True,False,False,0.0001671314239501953,0.00044464319944381714,2.7441365091362968e-05,1,0.0001671314239501953,0.0001671314239501953,0.0001671314239501953,1,0.0001671314239501953,0.0001671314239501953,0.0001671314239501953
20230526_000000,130,PSFL,PSFL,0.9998571872711182,0.9998577833175659,True,True,True,True,True,True,5.960464477539062e-07,6.708141881972551e-07,2.4858783476133794e-08,1,5.960464477539062e-07,5.960464477539062e-07,5.960464477539062e-07,1,5.960464477539062e-07,5.960464477539062e-07,5.960464477539062e-07
20230526_000000,131,PSFL,PSFL,0.9398878216743469,0.9398149847984314,True,True,True,True,True,True,7.283687591552734e-05,7.291138172149658e-05,2.858399057004135e-06,1,7.283687591552734e-05,7.283687591552734e-05,7.283687591552734e-05,1,7.283687591552734e-05,7.283687591552734e-05,7.283687591552734e-05
20230526_000000,132,COCO,COCO,0.4863104522228241,0.48496392369270325,True,True,True,True,True,True,0.0013465285301208496,0.0013465285301208496,6.1012458900222555e-05,3,0.002802044153213501,0.0013465285301208496,0.0009340147371403873,3,0.002802044153213501,0.0013465285301208496,0.0009340147371403873
20230526_000000,133,PSFL,PSFL,0.7509481310844421,0.7472139000892639,True,True,True,True,True,True,0.0037342309951782227,0.0037342309951782227,0.00014683985500596464,2,0.007464885711669922,0.0037342309951782227,0.003732442855834961,2,0.007464885711669922,0.0037342309951782227,0.003732442855834961
20230526_000000,134,HOSA,HOSA,0.21553902328014374,0.21602456271648407,True,True,True,True,True,True,0.00048553943634033203,0.00048553943634033203,4.497096597333439e-05,3,0.0005690157413482666,0.00048553943634033203,0.00018967191863339394,3,0.0005690157413482666,0.00048553943634033203,0.00018967191863339394
20230526_000000,135,MYTO,MYTO,0.47832122445106506,0.4781709909439087,True,True,True,True,True,True,0.00015023350715637207,0.00028493069112300873,2.8433567422325723e-05,1,0.00015023350715637207,0.00015023350715637207,0.00015023350715637207,1,0.00015023350715637207,0.00015023350715637207,0.00015023350715637207
20230526_000000,136,PSFL,PSFL,0.9993324875831604,0.9993376135826111,True,True,True,True,True,True,5.125999450683594e-06,5.125999450683594e-06,2.0918075449571916e-07,1,5.125999450683594e-06,5.125999450683594e-06,5.125999450683594e-06,1,5.125999450683594e-06,5.125999450683594e-06,5.125999450683594e-06
20230526_000000,137,PSFL,PSFL,0.9711996912956238,0.971166729927063,True,True,True,True,True,True,3.2961368560791016e-05,3.2961368560791016e-05,1.343951794297027e-06,1,3.2961368560791016e-05,3.2961368560791016e-05,3.2961368560791016e-05,1,3.2961368560791016e-05,3.2961368560791016e-05,3.2961368560791016e-05
20230526_000000,138,PSFL,PSFL,0.9322608709335327,0.9323466420173645,True,True,True,True,True,True,8.577108383178711e-05,8.577108383178711e-05,6.0594802562263794e-06,1,8.577108383178711e-05,8.577108383178711e-05,8.577108383178711e-05,1,8.577108383178711e-05,8.577108383178711e-05,8.577108383178711e-05
20230526_000000,139,PSFL,PSFL,0.8527346849441528,0.8544876575469971,True,True,True,True,True,True,0.0017529726028442383,0.0017529726028442383,7.068806007737294e-05,2,0.003499731421470642,0.0017529726028442383,0.001749865710735321,2,0.003499731421470642,0.0017529726028442383,0.001749865710735321
20230526_000000,14,PSFL,PSFL,0.950185239315033,0.9501838684082031,True,True,True,True,True,True,1.3709068298339844e-06,1.4081597328186035e-06,5.453868467952816e-08,1,1.3709068298339844e-06,1.3709068298339844e-06,1.3709068298339844e-06,1,1.3709068298339844e-06,1.3709068298339844e-06,1.3709068298339844e-06
20230526_000000,140,CALU,CALU,0.9999436140060425,0.9999439716339111,True,True,True,True,True,True,3.5762786865234375e-07,3.5762786865234375e-07,1.7304984112342936e-08,1,3.5762786865234375e-07,3.5762786865234375e-07,3.5762786865234375e-07,1,3.5762786865234375e-07,3.5762786865234375e-07,3.5762786865234375e-07
20230526_000000,141,CALU,CALU,0.9730803966522217,0.97288978099823,True,True,True,True,True,True,0.00019061565399169922,0.00019061565399169922,7.4779431997740176e-06,1,0.00019061565399169922,0.00019061565399169922,0.00019061565399169922,1,0.00019061565399169922,0.00019061565399169922,0.00019061565399169922
20230526_000000,142,CHMI,CHMI,0.41360893845558167,0.41352036595344543,True,True,True,True,True,True,8.857250213623047e-05,0.0036370158195495605,0.0001451352727599442,3,0.005948096513748169,0.0036370158195495605,0.001982698915526271,3,0.005948096513748169,0.0036370158195495605,0.001982698915526271
20230526_000000,143,HOSA,HOSA,0.279523104429245,0.2794860303401947,True,True,True,True,True,True,3.707408905029297e-05,0.00041556358337402344,2.260856308566872e-05,2,0.0004526376724243164,0.00041556358337402344,0.0002263188362121582,2,0.0004526376724243164,0.00041556358337402344,0.0002263188362121582
20230526_000000,144,CALU,CALU,0.4698597490787506,0.4698406755924225,True,True,True,True,True,True,1.9073486328125e-05,0.0008160769939422607,3.2004478271119297e-05,2,0.0006698966026306152,0.0006508231163024902,0.0003349483013153076,2,0.0006698966026306152,0.0006508231163024902,0.0003349483013153076
20230526_000000,145,CAGU,CAGU,0.9640733003616333,0.9642372727394104,True,True,True,True,True,True,0.0001639723777770996,0.00019164010882377625,7.816309334884863e-06,1,0.0001639723777770996,0.0001639723777770996,0.0001639723777770996,1,0.0001639723777770996,0.0001639723777770996,0.0001639723777770996
20230526_000000,146,CALU,CALU,0.9498628377914429,0.949766218662262,True,True,True,True,True,True,9.66191291809082e-05,0.00014598295092582703,6.168613253976218e-06,1,9.66191291809082e-05,9.66191291809082e-05,9.66191291809082e-05,1,9.66191291809082e-05,9.66191291809082e-05,9.66191291809082e-05
20230526_000000,147,PSFL,PSFL,0.9963381290435791,0.9963186979293823,True,True,True,True,True,True,1.9431114196777344e-05,1.9431114196777344e-05,7.603299536640407e-07,1,1.9431114196777344e-05,1.9431114196777344e-05,1.9431114196777344e-05,1,1.9431114196777344e-05,1.9431114196777344e-05,1.9431114196777344e-05
20230526_000000,148,BUVI,BUVI,0.4019626975059509,0.3996768593788147,True,True,True,True,True,True,0.0022858381271362305,0.0022858381271362305,8.964147855294868e-05,3,0.004570618271827698,0.0022858381271362305,0.001523539423942566,3,0.004570618271827698,0.0022858381271362305,0.001523539423942566
20230526_000000,149,PSFL,PSFL,0.8479374051094055,0.847429096698761,True,True,True,True,True,True,0.0005083084106445312,0.0005083084106445312,1.996766332013067e-05,1,0.0005083084106445312,0.0005083084106445312,0.0005083084106445312,1,0.0005083084106445312,0.0005083084106445312,0.0005083084106445312
20230526_000000,15,SITT,SITT,0.145766943693161,0.14563485980033875,True,True,True,True,True,True,0.00013208389282226562,0.001035846769809723,5.938488175161183e-05,3,0.0003284439444541931,0.00013545900583267212,0.00010948131239274517,3,0.0003284439444541931,0.00013545900583267212,0.00010948131239274517
20230526_000000,150,PSFL,PSFL,0.9520485401153564,0.9525887370109558,True,True,True,True,True,True,0.0005401968955993652,0.0005401968955993652,2.1255886167637073e-05,1,0.0005401968955993652,0.0005401968955993652,0.0005401968955993652,1,0.0005401968955993652,0.0005401968955993652,0.0005401968955993652
20230526_000000,16,PSFL,PSFL,0.552986204624176,0.552629292011261,True,True,True,True,True,True,0.00035691261291503906,0.00035691261291503906,2.1949479560134932e-05,1,0.00035691261291503906,0.00035691261291503906,0.00035691261291503906,1,0.00035691261291503906,0.00035691261291503906,0.00035691261291503906
20230526_000000,17,SHOT,SHOT,0.731499969959259,0.7325896620750427,True,True,True,True,True,True,0.0010896921157836914,0.0010896921157836914,5.348908234736882e-05,1,0.0010896921157836914,0.0010896921157836914,0.0010896921157836914,1,0.0010896921157836914,0.0010896921157836914,0.0010896921157836914
20230526_000000,18,CALU,CALU,0.8546321988105774,0.8534199595451355,True,True,True,True,True,True,0.0012122392654418945,0.0012122392654418945,4.753301982418634e-05,2,0.002123139798641205,0.0012122392654418945,0.0010615698993206024,2,0.002123139798641205,0.0012122392654418945,0.0010615698993206024
20230526_000000,19,PSFL,PSFL,0.7113804221153259,0.7130273580551147,True,True,True,True,True,True,0.0016469359397888184,0.0016469359397888184,6.458910502260551e-05,3,0.0032275021076202393,0.0016469359397888184,0.001075834035873413,3,0.0032275021076202393,0.0016469359397888184,0.001075834035873413
20230526_000000,2,PSFL,PSFL,0.8960235118865967,0.8955151438713074,True,True,True,True,True,True,0.0005083680152893066,0.0005269572138786316,2.1929403374087997e-05,1,0.0005083680152893066,0.0005083680152893066,0.0005083680152893066,1,0.0005083680152893066,0.0005083680152893066,0.0005083680152893066
20230526_000000,20,CAGU,CAGU,0.49718549847602844,0.49764707684516907,True,True,True,True,True,True,0.000461578369140625,0.000461578369140625,3.500374805298634e-05,2,0.0006542056798934937,0.000461578369140625,0.0003271028399467468,2,0.0006542056798934937,0.000461578369140625,0.0003271028399467468
20230526_000000,21,CALU,CALU,0.6494199633598328,0.6493961811065674,True,True,True,True,True,True,2.378225326538086e-05,0.0001944899559020996,7.629718311363831e-06,2,0.00021827220916748047,0.0001944899559020996,0.00010913610458374023,2,0.00021827220916748047,0.0001944899559020996,0.00010913610458374023
20230526_000000,22,POEC,POEC,0.29253214597702026,0.2929996848106384,True,True,True,True,True,True,0.00046753883361816406,0.0018007755279541016,7.106713019311428e-05,3,0.0029038190841674805,0.0018007755279541016,0.0009679396753199399,3,0.0029038190841674805,0.0018007755279541016,0.0009679396753199399
20230526_000000,23,CAGU,CAGU,0.6847430467605591,0.6854259967803955,True,True,True,True,True,True,0.0006829500198364258,0.0006829500198364258,2.871439210139215e-05,1,0.0006829500198364258,0.0006829500198364258,0.0006829500198364258,1,0.0006829500198364258,0.0006829500198364258,0.0006829500198364258
20230526_000000,24,PSFL,PSFL,0.9987190961837769,0.998728334903717,True,True,True,True,True,True,9.238719940185547e-06,9.240931831300259e-06,3.625079614266724e-07,1,9.238719940185547e-06,9.238719940185547e-06,9.238719940185547e-06,1,9.238719940185547e-06,9.238719940185547e-06,9.238719940185547e-06
20230526_000000,25,POEC,POEC,0.3595656752586365,0.3604280352592468,True,True,True,True,True,True,0.0008623600006103516,0.001405462622642517,6.750602187821642e-05,3,0.002958521246910095,0.001405462622642517,0.0009861737489700317,3,0.002958521246910095,0.001405462622642517,0.0009861737489700317
20230526_000000,26,CALU,CALU,0.39734336733818054,0.3982652425765991,True,True,True,True,True,True,0.0009218752384185791,0.0009218752384185791,5.356202746042982e-05,2,0.0017438530921936035,0.0009218752384185791,0.0008719265460968018,2,0.0017438530921936035,0.0009218752384185791,0.0008719265460968018
20230526_000000,27,PSFL,PSFL,0.47263118624687195,0.471475750207901,True,True,True,True,True,True,0.0011554360389709473,0.0011554360389709473,5.090480044600554e-05,2,0.0011811703443527222,0.0011554360389709473,0.0005905851721763611,2,0.0011811703443527222,0.0011554360389709473,0.0005905851721763611
20230526_000000,28,CALU,CALU,0.7633087038993835,0.7636270523071289,True,True,True,True,True,True,0.00031834840774536133,0.00031834840774536133,2.1305471818777733e-05,1,0.00031834840774536133,0.00031834840774536133,0.00031834840774536133,1,0.00031834840774536133,0.00031834840774536133,0.00031834840774536133
20230526_000000,29,PSFL,PSFL,0.9795575737953186,0.9797433018684387,True,True,True,True,True,True,0.0001857280731201172,0.0001857280731201172,7.284558250830742e-06,1,0.0001857280731201172,0.0001857280731201172,0.0001857280731201172,1,0.0001857280731201172,0.0001857280731201172,0.0001857280731201172
20230526_000000,3,CALU,CALU,0.8312700390815735,0.8308084607124329,True,True,True,True,True,True,0.000461578369140625,0.0006202906370162964,3.135525548714213e-05,1,0.000461578369140625,0.000461578369140625,0.000461578369140625,1,0.000461578369140625,0.000461578369140625,0.000461578369140625
20230526_000000,30,PSFL,PSFL,0.532380223274231,0.5381937026977539,True,True,True,True,True,True,0.005813479423522949,0.005951792001724243,0.00023380150378216058,2,0.011765271425247192,0.005951792001724243,0.005882635712623596,2,0.011765271425247192,0.005951792001724243,0.005882635712623596
20230526_000000,31,PSFL,PSFL,0.9999901056289673,0.9999901056289673,True,True,True,True,True,True,0.0,6.555137588293292e-08,2.3532851223251328e-09,1,0.0,0.0,0.0,1,0.0,0.0,0.0
20230526_000000,32,CALU,CALU,0.633797287940979,0.6346131563186646,True,True,True,True,True,True,0.0008158683776855469,0.0008158683776855469,3.745526191778481e-05,1,0.0008158683776855469,0.0008158683776855469,0.0008158683776855469,1,0.0008158683776855469,0.0008158683776855469,0.0008158683776855469
20230526_000000,33,HOSA,HOSA,0.2648632824420929,0.26519837975502014,True,True,True,True,True,True,0.0003350973129272461,0.0003350973129272461,3.250933878007345e-05,3,0.0007539093494415283,0.0003350973129272461,0.0002513031067792326,3,0.0007539093494415283,0.0003350973129272461,0.0002513031067792326
20230526_000000,34,BUVI,BUVI,0.5833737850189209,0.5801405906677246,True,True,True,True,True,True,0.003233194351196289,0.003233283758163452,0.00012680025247391313,2,0.006466478109359741,0.003233283758163452,0.0032332390546798706,2,0.006466478109359741,0.003233283758163452,0.0032332390546798706
20230526_000000,35,PSFL,PSFL,0.9980505704879761,0.9980422258377075,True,True,True,True,True,True,8.344650268554688e-06,8.354894816875458e-06,3.276714437561168e-07,1,8.344650268554688e-06,8.344650268554688e-06,8.344650268554688e-06,1,8.344650268554688e-06,8.344650268554688e-06,8.344650268554688e-06
20230526_000000,36,TUMI,TUMI,0.22458326816558838,0.22502963244915009,True,True,True,True,True,True,0.00044636428356170654,0.00044636428356170654,4.7534627810819075e-05,1,0.00044636428356170654,0.00044636428356170654,0.00044636428356170654,1,0.00044636428356170654,0.00044636428356170654,0.00044636428356170654
20230526_000000,37,PSFL,PSFL,0.5695430636405945,0.5694079399108887,True,True,True,True,True,True,0.00013512372970581055,0.00016295164823532104,1.9187540601706132e-05,1,0.00013512372970581055,0.00013512372970581055,0.00013512372970581055,1,0.00013512372970581055,0.00013512372970581055,0.00013512372970581055
20230526_000000,38,HOSA,HOSA,0.2970694303512573,0.29668372869491577,True,True,True,True,True,True,0.00038570165634155273,0.00042006373405456543,5.696350854123011e-05,2,0.0008057653903961182,0.00042006373405456543,0.0004028826951980591,2,0.0008057653903961182,0.00042006373405456543,0.0004028826951980591
20230526_000000,39,PSFL,PSFL,0.3638021945953369,0.3641889691352844,True,True,True,True,True,True,0.00038677453994750977,0.0003966987133026123,3.265230043325573e-05,4,0.0012297183275222778,0.0003966987133026123,0.00030742958188056946,4,0.0012297183275222778,0.0003966987133026123,0.00030742958188056946
20230526_000000,4,CALU,CALU,0.9999194145202637,0.9999192953109741,True,True,True,True,True,True,1.1920928955078125e-07,1.355583663098514e-07,7.787004818737842e-09,1,1.1920928955078125e-07,1.1920928955078125e-07,1.1920928955078125e-07,1,1.1920928955078125e-07,1.1920928955078125e-07,1.1920928955078125e-07
20230526_000000,40,TUMI,TUMI,0.20616018772125244,0.20658880472183228,True,True,True,True,True,True,0.000428617000579834,0.0007684752345085144,5.941474955761805e-05,3,0.0008902847766876221,0.000428617000579834,0.0002967616019304842,3,0.0008902847766876221,0.000428617000579834,0.0002967616019304842
20230526_000000,41,PSFL,PSFL,0.8546534180641174,0.8549792766571045,True,True,True,True,True,True,0.00032585859298706055,0.0003258734941482544,1.2779480130120646e-05,2,0.0006517320871353149,0.0003258734941482544,0.00032586604356765747,2,0.0006517320871353149,0.0003258734941482544,0.00032586604356765747
20230526_000000,42,HOSA,HOSA,0.1732836663722992,0.17327505350112915,True,True,True,True,True,True,8.612871170043945e-06,0.0005319342017173767,3.793523501371965e-05,3,0.0010533705353736877,0.0005319342017173767,0.00035112351179122925,3,0.0010533705353736877,0.0005319342017173767,0.00035112351179122925
20230526_000000,43,PSFL,PSFL,0.9985368251800537,0.9985068440437317,True,True,True,True,True,True,2.9981136322021484e-05,2.998439595103264e-05,1.1758756954804994e-06,1,2.9981136322021484e-05,2.9981136322021484e-05,2.9981136322021484e-05,1,2.9981136322021484e-05,2.9981136322021484e-05,2.9981136322021484e-05
20230526_000000,44,PSFL,PSFL,0.6603636145591736,0.66066575050354,True,True,True,True,True,True,0.0003021359443664551,0.0008767619729042053,3.786376692005433e-05,2,0.0006877779960632324,0.00038564205169677734,0.0003438889980316162,2,0.0006877779960632324,0.00038564205169677734,0.0003438889980316162
20230526_000000,45,HOSA,HOSA,0.2930619716644287,0.29246437549591064,True,True,True,True,True,True,0.0005975961685180664,0.0009275376796722412,5.695722211385146e-05,3,0.0016782954335212708,0.0009275376796722412,0.0005594317917712033,3,0.0016782954335212708,0.0009275376796722412,0.0005594317917712033
20230526_000000,46,CALU,CALU,0.49446192383766174,0.4969235956668854,True,True,True,True,True,True,0.002461671829223633,0.002461671829223633,0.00010391294927103445,2,0.004086509346961975,0.002461671829223633,0.0020432546734809875,2,0.004086509346961975,0.002461671829223633,0.0020432546734809875
20230526_000000,47,PSFL,PSFL,0.9698998928070068,0.9702306985855103,True,True,True,True,True,True,0.00033080577850341797,0.000330902636051178,1.2976145626453217e-05,1,0.00033080577850341797,0.00033080577850341797,0.00033080577850341797,1,0.00033080577850341797,0.00033080577850341797,0.00033080577850341797
20230526_000000,48,HOSA,HOSA,0.44653114676475525,0.4467616677284241,True,True,True,True,True,True,0.00023052096366882324,0.00034530460834503174,3.56129567080643e-05,2,0.000575825572013855,0.00034530460834503174,0.0002879127860069275,2,0.000575825572013855,0.00034530460834503174,0.0002879127860069275
20230526_000000,49,PSFL,PSFL,0.9204613566398621,0.9206426739692688,True,True,True,True,True,True,0.00018131732940673828,0.00018131732940673828,7.94156403571833e-06,1,0.00018131732940673828,0.00018131732940673828,0.00018131732940673828,1,0.00018131732940673828,0.00018131732940673828,0.00018131732940673828
20230526_000000,5,PSFL,PSFL,0.9992451667785645,0.9992408752441406,True,True,True,True,True,True,4.291534423828125e-06,4.359579179435968e-06,1.7344778768801916e-07,1,4.291534423828125e-06,4.291534423828125e-06,4.291534423828125e-06,1,4.291534423828125e-06,4.291534423828125e-06,4.291534423828125e-06
20230526_000000,50,PSFL,PSFL,0.9364141821861267,0.9364343285560608,True,True,True,True,True,True,2.014636993408203e-05,6.18472695350647e-05,3.405757979635382e-06,1,2.014636993408203e-05,2.014636993408203e-05,2.014636993408203e-05,1,2.014636993408203e-05,2.014636993408203e-05,2.014636993408203e-05
20230526_000000,51,MYTO,MYTO,0.3987521529197693,0.3970308005809784,True,True,True,True,True,True,0.0017213523387908936,0.0017213523387908936,7.360045128734782e-05,2,0.0032626092433929443,0.0017213523387908936,0.0016313046216964722,2,0.0032626092433929443,0.0017213523387908936,0.0016313046216964722
20230526_000000,52,PSFL,PSFL,0.9962747097015381,0.9962109327316284,True,True,True,True,True,True,6.377696990966797e-05,6.377696990966797e-05,2.5010660920088412e-06,1,6.377696990966797e-05,6.377696990966797e-05,6.377696990966797e-05,1,6.377696990966797e-05,6.377696990966797e-05,6.377696990966797e-05
20230526_000000,53,PSFL,PSFL,0.9866042733192444,0.986513078212738,True,True,True,True,True,True,9.119510650634766e-05,9.119510650634766e-05,3.618934670157614e-06,1,9.119510650634766e-05,9.119510650634766e-05,9.119510650634766e-05,1,9.119510650634766e-05,9.119510650634766e-05,9.119510650634766e-05
20230526_000000,54,PSFL,PSFL,0.6158223152160645,0.6154805421829224,True,True,True,True,True,True,0.00034177303314208984,0.0006039440631866455,2.521717397030443e-05,2,0.0009457170963287354,0.0006039440631866455,0.0004728585481643677,2,0.0009457170963287354,0.0006039440631866455,0.0004728585481643677
20230526_000000,55,PSFL,PSFL,0.9950717091560364,0.9950333833694458,True,True,True,True,True,True,3.832578659057617e-05,3.834813833236694e-05,1.50344715166284e-06,1,3.832578659057617e-05,3.832578659057617e-05,3.832578659057617e-05,1,3.832578659057617e-05,3.832578659057617e-05,3.832578659057617e-05
20230526_000000,56,PSFL,PSFL,0.9323623776435852,0.9325675964355469,True,True,True,True,True,True,0.00020521879196166992,0.00020521879196166992,8.103071195364464e-06,1,0.00020521879196166992,0.00020521879196166992,0.00020521879196166992,1,0.00020521879196166992,0.00020521879196166992,0.00020521879196166992
20230526_000000,57,PSFL,PSFL,0.9898865222930908,0.9898343086242676,True,True,True,True,True,True,5.221366882324219e-05,5.8599747717380524e-05,2.4169887637981446e-06,1,5.221366882324219e-05,5.221366882324219e-05,5.221366882324219e-05,1,5.221366882324219e-05,5.221366882324219e-05,5.221366882324219e-05
20230526_000000,58,PSFL,PSFL,0.8281646370887756,0.8299887180328369,True,True,True,True,True,True,0.0018240809440612793,0.0018240809440612793,7.156816718634218e-05,2,0.003628075122833252,0.0018240809440612793,0.001814037561416626,2,0.003628075122833252,0.0018240809440612793,0.001814037561416626
20230526_000000,59,PSFL,PSFL,0.4656839072704315,0.46569982171058655,True,True,True,True,True,True,1.5914440155029297e-05,0.00024240463972091675,2.2975969841354527e-05,2,3.369152545928955e-05,1.7777085304260254e-05,1.6845762729644775e-05,2,3.369152545928955e-05,1.7777085304260254e-05,1.6845762729644775e-05
20230526_000000,6,PSFL,PSFL,0.9910638332366943,0.9912727475166321,True,True,True,True,True,True,0.00020891427993774414,0.00020891427993774414,8.192265340767335e-06,1,0.00020891427993774414,0.00020891427993774414,0.00020891427993774414,1,0.00020891427993774414,0.00020891427993774414,0.00020891427993774414
20230526_000000,60,CALU,CALU,0.976123571395874,0.9759941101074219,True,True,True,True,True,True,0.00012946128845214844,0.00012946128845214844,5.1992979024362285e-06,1,0.00012946128845214844,0.00012946128845214844,0.00012946128845214844,1,0.00012946128845214844,0.00012946128845214844,0.00012946128845214844
20230526_000000,61,PSFL,PSFL,0.8824983835220337,0.8822579383850098,True,True,True,True,True,True,0.00024044513702392578,0.00024044513702392578,9.430875252292026e-06,2,0.0004514530301094055,0.00024044513702392578,0.00022572651505470276,2,0.0004514530301094055,0.00024044513702392578,0.00022572651505470276
20230526_000000,62,CALU,CALU,0.902546763420105,0.9032244682312012,True,True,True,True,True,True,0.0006777048110961914,0.0006777048110961914,2.657597724464722e-05,1,0.0006777048110961914,0.0006777048110961914,0.0006777048110961914,1,0.0006777048110961914,0.0006777048110961914,0.0006777048110961914
20230526_000000,63,PSFL,PSFL,0.26430708169937134,0.2634509801864624,True,True,True,True,True,True,0.0008561015129089355,0.001351684331893921,6.911848322488368e-05,4,0.0026875436305999756,0.001351684331893921,0.0006718859076499939,4,0.0026875436305999756,0.001351684331893921,0.0006718859076499939
20230526_000000,64,POEC,POEC,0.5968940258026123,0.5995963215827942,True,True,True,True,True,True,0.0027022957801818848,0.0027022957801818848,0.0001110232769860886,2,0.004299148917198181,0.0027022957801818848,0.0021495744585990906,2,0.004299148917198181,0.0027022957801818848,0.0021495744585990906
20230526_000000,65,PSFL,PSFL,0.9919954538345337,0.991992712020874,True,True,True,True,True,True,2.7418136596679688e-06,2.7418136596679688e-06,1.0757479884659915e-07,1,2.7418136596679688e-06,2.7418136596679688e-06,2.7418136596679688e-06,1,2.7418136596679688e-06,2.7418136596679688e-06,2.7418136596679688e-06
20230526_000000,66,PSFL,PSFL,0.8726662993431091,0.8720869421958923,True,True,True,True,True,True,0.0005793571472167969,0.0005793571472167969,2.304270128661301e-05,1,0.0005793571472167969,0.0005793571472167969,0.0005793571472167969,1,0.0005793571472167969,0.0005793571472167969,0.0005793571472167969
20230526_000000,67,PSFL,PSFL,0.9325219988822937,0.9316617846488953,True,True,True,True,True,True,0.0008602142333984375,0.0008602142333984375,3.429732896620408e-05,1,0.0008602142333984375,0.0008602142333984375,0.0008602142333984375,1,0.0008602142333984375,0.0008602142333984375,0.0008602142333984375
20230526_000000,68,PSFL,PSFL,0.8041772842407227,0.8034854531288147,True,True,True,True,True,True,0.000691831111907959,0.000691831111907959,2.7158450393471867e-05,2,0.0013268738985061646,0.000691831111907959,0.0006634369492530823,2,0.0013268738985061646,0.000691831111907959,0.0006634369492530823
20230526_000000,69,TUMI,TUMI,0.20824655890464783,0.20720365643501282,True,True,True,True,True,True,0.0010429024696350098,0.0010429024696350098,7.12688488420099e-05,2,0.0011179447174072266,0.0010429024696350098,0.0005589723587036133,2,0.0011179447174072266,0.0010429024696350098,0.0005589723587036133
20230526_000000,7,SITT,SITT,0.3829340934753418,0.3824397623538971,True,True,True,True,True,True,0.0004943311214447021,0.0004943311214447021,2.8876813303213567e-05,3,0.0010385662317276,0.0004943311214447021,0.00034618875361047685,3,0.0010385662317276,0.0004943311214447021,0.00034618875361047685
20230526_000000,70,CAGU,CAGU,0.48761194944381714,0.4872114658355713,True,True,True,True,True,True,0.0004004836082458496,0.0004004836082458496,2.8116079192841426e-05,2,0.0006377995014190674,0.0004004836082458496,0.0003188997507095337,2,0.0006377995014190674,0.0004004836082458496,0.0003188997507095337
20230526_000000,71,POEC,POEC,0.7566015720367432,0.7555091977119446,True,True,True,True,True,True,0.001092374324798584,0.001092374324798584,4.2837044020416215e-05,1,0.001092374324798584,0.001092374324798584,0.001092374324798584,1,0.001092374324798584,0.001092374324798584,0.001092374324798584
20230526_000000,72,CAGU,CAGU,0.4466591477394104,0.44335466623306274,True,True,True,True,True,True,0.0033044815063476562,0.0033044815063476562,0.000129698368255049,2,0.005576074123382568,0.0033044815063476562,0.002788037061691284,2,0.005576074123382568,0.0033044815063476562,0.002788037061691284
20230526_000000,73,BUVI,BUVI,0.9234554171562195,0.9222812056541443,True,True,True,True,True,True,0.0011742115020751953,0.0011742115020751953,4.604337300406769e-05,1,0.0011742115020751953,0.0011742115020751953,0.0011742115020751953,1,0.0011742115020751953,0.0011742115020751953,0.0011742115020751953
20230526_000000,74,PSFL,PSFL,0.9201351404190063,0.9210451245307922,True,True,True,True,True,True,0.0009099841117858887,0.0009099841117858887,3.578050382202491e-05,1,0.0009099841117858887,0.0009099841117858887,0.0009099841117858887,1,0.0009099841117858887,0.0009099841117858887,0.0009099841117858887
20230526_000000,75,CAGU,CAGU,0.2763006389141083,0.27542823553085327,True,True,True,True,True,True,0.0008724033832550049,0.0008724033832550049,3.691073652589694e-05,4,0.001223832368850708,0.0008724033832550049,0.000305958092212677,4,0.001223832368850708,0.0008724033832550049,0.000305958092212677
20230526_000000,76,PSFL,PSFL,0.9982542395591736,0.9982574582099915,True,True,True,True,True,True,3.2186508178710938e-06,3.367895260453224e-06,1.88249941857066e-07,1,3.2186508178710938e-06,3.2186508178710938e-06,3.2186508178710938e-06,1,3.2186508178710938e-06,3.2186508178710938e-06,3.2186508178710938e-06
20230526_000000,77,POEC,POEC,0.4370347857475281,0.4372316896915436,True,True,True,True,True,True,0.00019690394401550293,0.00026670098304748535,2.4285191102535464e-05,2,0.0002450868487358093,0.00019690394401550293,0.00012254342436790466,2,0.0002450868487358093,0.00019690394401550293,0.00012254342436790466
20230526_000000,78,SHOT,SHOT,0.31925177574157715,0.3191911578178406,True,True,True,True,True,True,6.0617923736572266e-05,0.0007196962833404541,3.670574733405374e-05,4,0.0015612691640853882,0.0007196962833404541,0.00039031729102134705,4,0.0015612691640853882,0.0007196962833404541,0.00039031729102134705
20230526_000000,79,PSFL,PSFL,0.9461252689361572,0.9457664489746094,True,True,True,True,True,True,0.00035881996154785156,0.0003588646650314331,1.4072351405047812e-05,1,0.00035881996154785156,0.00035881996154785156,0.00035881996154785156,1,0.00035881996154785156,0.00035881996154785156,0.00035881996154785156
20230526_000000,8,PSFL,PSFL,0.9917560815811157,0.9917959570884705,True,True,True,True,True,True,3.987550735473633e-05,3.991276025772095e-05,1.5645858866264462e-06,1,3.987550735473633e-05,3.987550735473633e-05,3.987550735473633e-05,1,3.987550735473633e-05,3.987550735473633e-05,3.987550735473633e-05
20230526_000000,80,PSFL,PSFL,0.8502326607704163,0.8496071696281433,True,True,True,True,True,True,0.0006254911422729492,0.0006792247295379639,2.6654086468624882e-05,2,0.001304715871810913,0.0006792247295379639,0.0006523579359054565,2,0.001304715871810913,0.0006792247295379639,0.0006523579359054565
20230526_000000,81,HOSA,HOSA,0.35989832878112793,0.35940152406692505,True,True,True,True,True,True,0.0004968047142028809,0.0004968047142028809,4.949025242240168e-05,2,0.0007071346044540405,0.0004968047142028809,0.00035356730222702026,2,0.0007071346044540405,0.0004968047142028809,0.00035356730222702026
20230526_000000,82,COCO,COCO,0.3504704535007477,0.3499300181865692,True,True,True,True,True,True,0.0005404353141784668,0.0005404353141784668,2.790664257190656e-05,3,0.0010443776845932007,0.0005404353141784668,0.00034812590456567705,3,0.0010443776845932007,0.0005404353141784668,0.00034812590456567705
20230526_000000,83,PSFL,PSFL,0.9765809774398804,0.9765550494194031,True,True,True,True,True,True,2.5928020477294922e-05,4.585739225149155e-05,1.955004336195998e-06,1,2.5928020477294922e-05,2.5928020477294922e-05,2.5928020477294922e-05,1,2.5928020477294922e-05,2.5928020477294922e-05,2.5928020477294922e-05
20230526_000000,84,PSFL,PSFL,0.996282160282135,0.9962693452835083,True,True,True,True,True,True,1.2814998626708984e-05,1.2814998626708984e-05,5.01681029163592e-07,1,1.2814998626708984e-05,1.2814998626708984e-05,1.2814998626708984e-05,1,1.2814998626708984e-05,1.2814998626708984e-05,1.2814998626708984e-05
20230526_000000,85,PSFL,PSFL,0.9322958588600159,0.9317590594291687,True,True,True,True,True,True,0.000536799430847168,0.000536799430847168,2.1479003407876007e-05,1,0.000536799430847168,0.000536799430847168,0.000536799430847168,1,0.000536799430847168,0.000536799430847168,0.000536799430847168
20230526_000000,86,PSFL,PSFL,0.7662837505340576,0.7661356329917908,True,True,True,True,True,True,0.0001481175422668457,0.000982530415058136,3.88229382224381e-05,2,0.0009779930114746094,0.0008298754692077637,0.0004889965057373047,3,0.0019605234265327454,0.000982530415058136,0.0006535078282468021
20230526_000000,87,BUVI,BUVI,0.543693482875824,0.5445582866668701,True,True,True,True,True,True,0.0008648037910461426,0.0008648037910461426,3.593898145481944e-05,2,0.0013769567012786865,0.0008648037910461426,0.0006884783506393433,2,0.0013769567012786865,0.0008648037910461426,0.0006884783506393433
20230526_000000,88,POEC,POEC,0.25490355491638184,0.2552056610584259,True,True,True,True,True,True,0.0003021061420440674,0.0003117024898529053,2.6671923478716053e-05,3,0.0006591454148292542,0.0003117024898529053,0.00021971513342577964,3,0.0006591454148292542,0.0003117024898529053,0.00021971513342577964
20230526_000000,89,PSFL,PSFL,0.9995725750923157,0.9995719790458679,True,True,True,True,True,True,5.960464477539062e-07,5.960464477539062e-07,2.4530383058163352e-08,1,5.960464477539062e-07,5.960464477539062e-07,5.960464477539062e-07,1,5.960464477539062e-07,5.960464477539062e-07,5.960464477539062e-07
20230526_000000,9,CCOO,CCOO,0.19357658922672272,0.1930438131093979,True,True,True,True,True,True,0.0005327761173248291,0.0005327761173248291,3.24927423207555e-05,1,0.0005327761173248291,0.0005327761173248291,0.0005327761173248291,1,0.0005327761173248291,0.0005327761173248291,0.0005327761173248291
20230526_000000,90,CAGU,CAGU,0.4015304446220398,0.4026498794555664,True,True,True,True,True,True,0.0011194348335266113,0.0014251470565795898,8.513709326507524e-05,3,0.00335654616355896,0.0014251470565795898,0.0011188486823812127,3,0.00335654616355896,0.0014251470565795898,0.0011188486823812127
20230526_000000,91,CALU,CALU,0.9999997615814209,0.9999997615814209,True,True,True,True,True,True,0.0,9.259224498237018e-10,1.9907877429892196e-11,1,0.0,0.0,0.0,1,0.0,0.0,0.0
20230526_000000,92,PSFL,PSFL,0.5703077912330627,0.5680176019668579,True,True,True,True,True,True,0.002290189266204834,0.002290189266204834,0.00010286741598974913,2,0.004034817218780518,0.002290189266204834,0.002017408609390259,2,0.004034817218780518,0.002290189266204834,0.002017408609390259
20230526_000000,93,SHOT,SHOT,0.3437579870223999,0.34395715594291687,True,True,True,True,True,True,0.00019916892051696777,0.0006455481052398682,2.9596671083709225e-05,2,0.0008447170257568359,0.0006455481052398682,0.00042235851287841797,2,0.0008447170257568359,0.0006455481052398682,0.00042235851287841797
20230526_000000,94,CALU,CALU,0.7798509001731873,0.7781012654304504,True,True,True,True,True,True,0.0017496347427368164,0.0017496347427368164,6.89013977535069e-05,1,0.0017496347427368164,0.0017496347427368164,0.0017496347427368164,1,0.0017496347427368164,0.0017496347427368164,0.0017496347427368164
20230526_000000,95,PSFL,PSFL,0.8831491470336914,0.8832873106002808,True,True,True,True,True,True,0.00013816356658935547,0.00013816356658935547,5.419287845143117e-06,2,0.0001783818006515503,0.00013816356658935547,8.919090032577515e-05,2,0.0001783818006515503,0.00013816356658935547,8.919090032577515e-05
20230526_000000,96,PSFL,PSFL,0.528816282749176,0.5308377146720886,True,True,True,True,True,True,0.0020214319229125977,0.0020214319229125977,8.109813643386588e-05,3,0.004036515951156616,0.0020214319229125977,0.0013455053558573127,3,0.004036515951156616,0.0020214319229125977,0.0013455053558573127
20230526_000000,97,BUVI,BUVI,0.7382084131240845,0.7382833361625671,True,True,True,True,True,True,7.492303848266602e-05,0.00025303661823272705,1.1394391549401917e-05,2,0.00032795965671539307,0.00025303661823272705,0.00016397982835769653,2,0.00032795965671539307,0.00025303661823272705,0.00016397982835769653
20230526_000000,98,PSFL,PSFL,0.9583293795585632,0.958946704864502,True,True,True,True,True,True,0.0006173253059387207,0.0006173253059387207,2.4255536118289456e-05,1,0.0006173253059387207,0.0006173253059387207,0.0006173253059387207,1,0.0006173253059387207,0.0006173253059387207,0.0006173253059387207
20230526_000000,99,CALU,CALU,0.9326958060264587,0.9327120780944824,True,True,True,True,True,True,1.627206802368164e-05,7.32913613319397e-05,3.985331659350777e-06,1,1.627206802368164e-05,1.627206802368164e-05,1.627206802368164e-05,1,1.627206802368164e-05,1.627206802368164e-05,1.627206802368164e-05
20230526_200000,1,PSFL,PSFL,0.999403715133667,0.9993995428085327,True,True,True,True,True,True,4.172325134277344e-06,4.174711648374796e-06,1.6375575739857595e-07,1,4.172325134277344e-06,4.172325134277344e-06,4.172325134277344e-06,1,4.172325134277344e-06,4.172325134277344e-06,4.172325134277344e-06
20230526_200000,10,CALU,CALU,0.6984553933143616,0.6990324854850769,True,True,True,True,True,True,0.000577092170715332,0.0007203295826911926,2.890783071052283e-05,3,0.0013718977570533752,0.0007203295826911926,0.0004572992620524019,3,0.0013718977570533752,0.0007203295826911926,0.0004572992620524019
20230526_200000,100,PSFL,PSFL,0.9987521171569824,0.9987484216690063,True,True,True,True,True,True,3.6954879760742188e-06,3.72354406863451e-06,1.471452293344555e-07,1,3.6954879760742188e-06,3.6954879760742188e-06,3.6954879760742188e-06,1,3.6954879760742188e-06,3.6954879760742188e-06,3.6954879760742188e-06
20230526_200000,101,PSFL,PSFL,0.9995512366294861,0.9995561242103577,True,True,True,True,True,True,4.887580871582031e-06,4.887580871582031e-06,1.912061549091959e-07,1,4.887580871582031e-06,4.887580871582031e-06,4.887580871582031e-06,1,4.887580871582031e-06,4.887580871582031e-06,4.887580871582031e-06
20230526_200000,102,PSFL,PSFL,0.9995442032814026,0.9995412826538086,True,True,True,True,True,True,2.9206275939941406e-06,3.1217059586197138e-06,1.2487555522966431e-07,1,2.9206275939941406e-06,2.9206275939941406e-06,2.9206275939941406e-06,1,2.9206275939941406e-06,2.9206275939941406e-06,2.9206275939941406e-06
20230526_200000,103,PSFL,PSFL,0.9999306201934814,0.9999313354492188,True,True,True,True,True,True,7.152557373046875e-07,7.152557373046875e-07,2.693652056962037e-08,1,7.152557373046875e-07,7.152557373046875e-07,7.152557373046875e-07,1,7.152557373046875e-07,7.152557373046875e-07,7.152557373046875e-07
20230526_200000,104,PSFL,PSFL,0.9982082843780518,0.9982215762138367,True,True,True,True,True,True,1.329183578491211e-05,1.3301847502589226e-05,5.21452022894664e-07,1,1.329183578491211e-05,1.329183578491211e-05,1.329183578491211e-05,1,1.329183578491211e-05,1.329183578491211e-05,1.329183578491211e-05
20230526_200000,105,PSFL,PSFL,0.999854564666748,0.9998538494110107,True,True,True,True,True,True,7.152557373046875e-07,7.270427886396646e-07,2.835298396064445e-08,1,7.152557373046875e-07,7.152557373046875e-07,7.152557373046875e-07,1,7.152557373046875e-07,7.152557373046875e-07,7.152557373046875e-07
20230526_200000,106,CALU,CALU,0.7888612151145935,0.7902383804321289,True,True,True,True,True,True,0.0013771653175354004,0.0013771653175354004,5.401973248808645e-05,2,0.0025919675827026367,0.0013771653175354004,0.0012959837913513184,2,0.0025919675827026367,0.0013771653175354004,0.0012959837913513184
20230526_200000,107,PSFL,PSFL,0.9999948740005493,0.9999948740005493,True,True,True,True,True,True,0.0,2.712886271183379e-08,5.537153513479609e-10,1,0.0,0.0,0.0,1,0.0,0.0,0.0
20230526_200000,108,PSFL,PSFL,0.9973016977310181,0.9973241090774536,True,True,True,True,True,True,2.2411346435546875e-05,2.271798439323902e-05,8.913892770578968e-07,1,2.2411346435546875e-05,2.2411346435546875e-05,2.2411346435546875e-05,1,2.2411346435546875e-05,2.2411346435546875e-05,2.2411346435546875e-05
20230526_200000,109,PSFL,PSFL,0.9980902075767517,0.9981046915054321,True,True,True,True,True,True,1.4483928680419922e-05,1.4483928680419922e-05,5.681059747075778e-07,1,1.4483928680419922e-05,1.4483928680419922e-05,1.4483928680419922e-05,1,1.4483928680419922e-05,1.4483928680419922e-05,1.4483928680419922e-05
20230526_200000,11,PSFL,PSFL,0.9546831250190735,0.9550871849060059,True,True,True,True,True,True,0.00040405988693237305,0.00040405988693237305,1.5846702808630653e-05,1,0.00040405988693237305,0.00040405988693237305,0.00040405988693237305,1,0.00040405988693237305,0.00040405988693237305,0.00040405988693237305
20230526_200000,110,PSFL,PSFL,0.9993253946304321,0.9993280172348022,True,True,True,True,True,True,2.6226043701171875e-06,2.6226043701171875e-06,1.0091477520290937e-07,1,2.6226043701171875e-06,2.6226043701171875e-06,2.6226043701171875e-06,1,2.6226043701171875e-06,2.6226043701171875e-06,2.6226043701171875e-06
20230526_200000,111,PSFL,PSFL,0.9999310970306396,0.9999319314956665,True,True,True,True,True,True,8.344650268554688e-07,9.065988706424832e-07,3.4140157367801294e-08,1,8.344650268554688e-07,8.344650268554688e-07,8.344650268554688e-07,1,8.344650268554688e-07,8.344650268554688e-07,8.344650268554688e-07
20230526_200000,112,PSFL,PSFL,0.9999724626541138,0.9999724626541138,True,True,True,True,True,True,0.0,5.004585545975715e-08,1.108271141525563e-09,1,0.0,0.0,0.0,1,0.0,0.0,0.0
20230526_200000,113,PSFL,PSFL,0.9791498780250549,0.9791122674942017,True,True,True,True,True,True,3.7610530853271484e-05,3.785267472267151e-05,1.488985958530975e-06,1,3.7610530853271484e-05,3.7610530853271484e-05,3.7610530853271484e-05,1,3.7610530853271484e-05,3.7610530853271484e-05,3.7610530853271484e-05
20230526_200000,114,CALU,CALU,0.9944908618927002,0.9945687055587769,True,True,True,True,True,True,7.784366607666016e-05,7.784366607666016e-05,3.0673134006065084e-06,1,7.784366607666016e-05,7.784366607666016e-05,7.784366607666016e-05,1,7.784366607666016e-05,7.784366607666016e-05,7.784366607666016e-05
20230526_200000,115,PSFL,PSFL,0.9974760413169861,0.9974991679191589,True,True,True,True,True,True,2.3126602172851562e-05,2.335384488105774e-05,9.141592158812273e-07,1,2.3126602172851562e-05,2.3126602172851562e-05,2.3126602172851562e-05,1,2.3126602172851562e-05,2.3126602172851562e-05,2.3126602172851562e-05
20230526_200000,116,PSFL,PSFL,0.9987760186195374,0.9987820982933044,True,True,True,True,True,True,6.079673767089844e-06,6.09236303716898e-06,2.389055282492336e-07,1,6.079673767089844e-06,6.079673767089844e-06,6.079673767089844e-06,1,6.079673767089844e-06,6.079673767089844e-06,6.079673767089844e-06
20230526_200000,117,PSFL,PSFL,0.999920129776001,0.9999210834503174,True,True,True,True,True,True,9.5367431640625e-07,9.5367431640625e-07,3.638556478335886e-08,1,9.5367431640625e-07,9.5367431640625e-07,9.5367431640625e-07,1,9.5367431640625e-07,9.5367431640625e-07,9.5367431640625e-07
20230526_200000,118,PSFL,PSFL,0.9100756645202637,0.9098281264305115,True,True,True,True,True,True,0.00024753808975219727,0.00030688196420669556,1.2278102985874284e-05,1,0.00024753808975219727,0.00024753808975219727,0.00024753808975219727,1,0.00024753808975219727,0.00024753808975219727,0.00024753808975219727
20230526_200000,119,PSFL,PSFL,0.999645471572876,0.9996483325958252,True,True,True,True,True,True,2.86102294921875e-06,2.86102294921875e-06,1.1227959362258844e-07,1,2.86102294921875e-06,2.86102294921875e-06,2.86102294921875e-06,1,2.86102294921875e-06,2.86102294921875e-06,2.86102294921875e-06
20230526_200000,12,CALU,CALU,0.6775931119918823,0.6779723763465881,True,True,True,True,True,True,0.00037926435470581055,0.00041872262954711914,1.663202237978112e-05,2,0.0007979869842529297,0.00041872262954711914,0.00039899349212646484,2,0.0007979869842529297,0.00041872262954711914,0.00039899349212646484
20230526_200000,120,PSFL,PSFL,0.9995558857917786,0.9995556473731995,True,True,True,True,True,True,2.384185791015625e-07,2.384185791015625e-07,9.566221592649526e-09,1,2.384185791015625e-07,2.384185791015625e-07,2.384185791015625e-07,1,2.384185791015625e-07,2.384185791015625e-07,2.384185791015625e-07
20230526_200000,121,BUVI,BUVI,0.9998719692230225,0.9998691082000732,True,True,True,True,True,True,2.86102294921875e-06,2.86102294921875e-06,1.1348953421475017e-07,1,2.86102294921875e-06,2.86102294921875e-06,2.86102294921875e-06,1,2.86102294921875e-06,2.86102294921875e-06,2.86102294921875e-06
20230526_200000,122,PSFL,PSFL,0.9974609613418579,0.9974831938743591,True,True,True,True,True,True,2.2232532501220703e-05,2.2232532501220703e-05,8.687189279044105e-07,1,2.2232532501220703e-05,2.2232532501220703e-05,2.2232532501220703e-05,1,2.2232532501220703e-05,2.2232532501220703e-05,2.2232532501220703e-05
20230526_200000,123,PSFL,PSFL,0.9995848536491394,0.9995835423469543,True,True,True,True,True,True,1.3113021850585938e-06,1.3113021850585938e-06,5.139731129588654e-08,1,1.3113021850585938e-06,1.3113021850585938e-06,1.3113021850585938e-06,1,1.3113021850585938e-06,1.3113021850585938e-06,1.3113021850585938e-06
20230526_200000,124,PSFL,PSFL,0.9993307590484619,0.99933260679245,True,True,True,True,True,True,1.8477439880371094e-06,1.87981640920043e-06,7.309010641165514e-08,1,1.8477439880371094e-06,1.8477439880371094e-06,1.8477439880371094e-06,1,1.8477439880371094e-06,1.8477439880371094e-06,1.8477439880371094e-06
20230526_200000,125,PSFL,PSFL,0.9321545362472534,0.9328990578651428,True,True,True,True,True,True,0.0007445216178894043,0.0007445216178894043,2.9206556064309552e-05,1,0.0007445216178894043,0.0007445216178894043,0.0007445216178894043,1,0.0007445216178894043,0.0007445216178894043,0.0007445216178894043
20230526_200000,126,PSFL,PSFL,0.9036015272140503,0.9033132791519165,True,True,True,True,True,True,0.00028824806213378906,0.00028824806213378906,1.1555224773474038e-05,1,0.00028824806213378906,0.00028824806213378906,0.00028824806213378906,1,0.00028824806213378906,0.00028824806213378906,0.00028824806213378906
20230526_200000,127,PSFL,PSFL,0.9996852874755859,0.9996806383132935,True,True,True,True,True,True,4.649162292480469e-06,4.655594239011407e-06,1.8338175777898869e-07,1,4.649162292480469e-06,4.649162292480469e-06,4.649162292480469e-06,1,4.649162292480469e-06,4.649162292480469e-06,4.649162292480469e-06
20230526_200000,128,CALU,CALU,0.5264394283294678,0.5274075865745544,True,True,True,True,True,True,0.0009681582450866699,0.001021057367324829,4.012773933936842e-05,2,0.001989215612411499,0.001021057367324829,0.0009946078062057495,2,0.001989215612411499,0.001021057367324829,0.0009946078062057495
20230526_200000,129,PSFL,PSFL,0.9977186918258667,0.9977110624313354,True,True,True,True,True,True,7.62939453125e-06,7.62939453125e-06,2.98732828696302e-07,1,7.62939453125e-06,7.62939453125e-06,7.62939453125e-06,1,7.62939453125e-06,7.62939453125e-06,7.62939453125e-06
20230526_200000,13,BUVI,BUVI,0.30979862809181213,0.3100317418575287,True,True,True,True,True,True,0.00023311376571655273,0.00023311376571655273,2.363633939239662e-05,2,0.00037498772144317627,0.00023311376571655273,0.00018749386072158813,2,0.00037498772144317627,0.00023311376571655273,0.00018749386072158813
20230526_200000,130,PSFL,PSFL,0.9969609379768372,0.9969885945320129,True,True,True,True,True,True,2.765655517578125e-05,2.7707545086741447e-05,1.0859732810786227e-06,1,2.765655517578125e-05,2.765655517578125e-05,2.765655517578125e-05,1,2.765655517578125e-05,2.765655517578125e-05,2.765655517578125e-05
20230526_200000,131,PSFL,PSFL,0.9999393224716187,0.9999393224716187,True,True,True,True,True,True,0.0,3.6518031265586615e-08,7.176935712394084e-10,1,0.0,0.0,0.0,1,0.0,0.0,0.0
20230526_200000,132,PSFL,PSFL,0.9989746809005737,0.9989749193191528,True,True,True,True,True,True,2.384185791015625e-07,2.384185791015625e-07,8.66444960223589e-09,1,2.384185791015625e-07,2.384185791015625e-07,2.384185791015625e-07,1,2.384185791015625e-07,2.384185791015625e-07,2.384185791015625e-07
20230526_200000,133,PSFL,PSFL,0.8693938851356506,0.8696480989456177,True,True,True,True,True,True,0.000254213809967041,0.00047811493277549744,2.247219526907429e-05,1,0.000254213809967041,0.000254213809967041,0.000254213809967041,1,0.000254213809967041,0.000254213809967041,0.000254213809967041
20230526_200000,134,CALU,CALU,0.9101954698562622,0.910306453704834,True,True,True,True,True,True,0.00011098384857177734,0.00013092905282974243,5.217070338403573e-06,1,0.00011098384857177734,0.00011098384857177734,0.00011098384857177734,1,0.00011098384857177734,0.00011098384857177734,0.00011098384857177734
20230526_200000,135,PSFL,PSFL,0.9992091059684753,0.9992249011993408,True,True,True,True,True,True,1.5795230865478516e-05,1.5908910427242517e-05,6.221668513717304e-07,1,1.5795230865478516e-05,1.5795230865478516e-05,1.5795230865478516e-05,1,1.5795230865478516e-05,1.5795230865478516e-05,1.5795230865478516e-05
20230526_200000,136,PSFL,PSFL,0.9993866682052612,0.9993871450424194,True,True,True,True,True,True,4.76837158203125e-07,4.76837158203125e-07,1.7624707027152908e-08,1,4.76837158203125e-07,4.76837158203125e-07,4.76837158203125e-07,1,4.76837158203125e-07,4.76837158203125e-07,4.76837158203125e-07
20230526_200000,137,PSFL,PSFL,0.9149355888366699,0.9151301980018616,True,True,True,True,True,True,0.0001946091651916504,0.00019976496696472168,7.838960300432518e-06,1,0.0001946091651916504,0.0001946091651916504,0.0001946091651916504,1,0.0001946091651916504,0.0001946091651916504,0.0001946091651916504
20230526_200000,138,SHOT,SHOT,0.2522454559803009,0.25386640429496765,True,True,True,True,True,True,0.001620948314666748,0.001620948314666748,0.00010517096234252676,3,0.002508997917175293,0.001620948314666748,0.0008363326196558774,3,0.002508997917175293,0.001620948314666748,0.0008363326196558774
20230526_200000,139,BUVI,BUVI,0.8600790500640869,0.8588621616363525,True,True,True,True,True,True,0.001216888427734375,0.001216888427734375,4.772021929966286e-05,2,0.00227365642786026,0.001216888427734375,0.00113682821393013,2,0.00227365642786026,0.001216888427734375,0.00113682821393013
20230526_200000,14,PSFL,PSFL,0.9995601773262024,0.999570906162262,True,True,True,True,True,True,1.0728836059570312e-05,1.0728836059570312e-05,4.1993033050857775e-07,1,1.0728836059570312e-05,1.0728836059570312e-05,1.0728836059570312e-05,1,1.0728836059570312e-05,1.0728836059570312e-05,1.0728836059570312e-05
20230526_200000,140,PSFL,PSFL,0.9982325434684753,0.9982205033302307,True,True,True,True,True,True,1.2040138244628906e-05,1.2040138244628906e-05,4.7076267151169304e-07,1,1.2040138244628906e-05,1.2040138244628906e-05,1.2040138244628906e-05,1,1.2040138244628906e-05,1.2040138244628906e-05,1.2040138244628906e-05
20230526_200000,141,PSFL,PSFL,0.9984550476074219,0.9984533786773682,True,True,True,True,True,True,1.6689300537109375e-06,1.6689300537109375e-06,6.256084361666581e-08,1,1.6689300537109375e-06,1.6689300537109375e-06,1.6689300537109375e-06,1,1.6689300537109375e-06,1.6689300537109375e-06,1.6689300537109375e-06
20230526_200000,142,PSFL,PSFL,0.9999130964279175,0.9999129772186279,True,True,True,True,True,True,1.1920928955078125e-07,1.210355549119413e-07,4.780863704922922e-09,1,1.1920928955078125e-07,1.1920928955078125e-07,1.1920928955078125e-07,1,1.1920928955078125e-07,1.1920928955078125e-07,1.1920928955078125e-07
20230526_200000,143,PSFL,PSFL,0.9987428784370422,0.9987468719482422,True,True,True,True,True,True,3.993511199951172e-06,4.088273271918297e-06,1.587212352660572e-07,1,3.993511199951172e-06,3.993511199951172e-06,3.993511199951172e-06,1,3.993511199951172e-06,3.993511199951172e-06,3.993511199951172e-06
20230526_200000,144,BUVI,BUVI,0.5448972582817078,0.5449625849723816,True,True,True,True,True,True,6.532669067382812e-05,0.00012260675430297852,4.94805135531351e-06,2,0.00018793344497680664,0.00012260675430297852,9.396672248840332e-05,2,0.00018793344497680664,0.00012260675430297852,9.396672248840332e-05
20230526_200000,145,PSFL,PSFL,0.993624210357666,0.9935890436172485,True,True,True,True,True,True,3.516674041748047e-05,3.516674041748047e-05,1.380132744088769e-06,1,3.516674041748047e-05,3.516674041748047e-05,3.516674041748047e-05,1,3.516674041748047e-05,3.516674041748047e-05,3.516674041748047e-05
20230526_200000,146,PSFL,PSFL,0.9993011951446533,0.9992952346801758,True,True,True,True,True,True,5.9604644775390625e-06,5.9604644775390625e-06,2.3337655363775411e-07,1,5.9604644775390625e-06,5.9604644775390625e-06,5.9604644775390625e-06,1,5.9604644775390625e-06,5.9604644775390625e-06,5.9604644775390625e-06
20230526_200000,147,PSFL,PSFL,0.9999489784240723,0.9999486207962036,True,True,True,True,True,True,3.5762786865234375e-07,4.3252657633274794e-07,1.5502218175811322e-08,1,3.5762786865234375e-07,3.5762786865234375e-07,3.5762786865234375e-07,1,3.5762786865234375e-07,3.5762786865234375e-07,3.5762786865234375e-07
20230526_200000,148,PSFL,PSFL,0.7981295585632324,0.7967323064804077,True,True,True,True,True,True,0.001397252082824707,0.0014056861400604248,5.515189695870504e-05,2,0.002802938222885132,0.0014056861400604248,0.001401469111442566,2,0.002802938222885132,0.0014056861400604248,0.001401469111442566
20230526_200000,149,PSFL,PSFL,0.9583249092102051,0.9584073424339294,True,True,True,True,True,True,8.243322372436523e-05,0.00023272261023521423,9.12918312678812e-06,1,8.243322372436523e-05,8.243322372436523e-05,8.243322372436523e-05,1,8.243322372436523e-05,8.243322372436523e-05,8.243322372436523e-05
20230526_200000,15,PSFL,PSFL,0.9998143315315247,0.9998145699501038,True,True,True,True,True,True,2.384185791015625e-07,2.418964868411422e-07,9.424624636267254e-09,1,2.384185791015625e-07,2.384185791015625e-07,2.384185791015625e-07,1,2.384185791015625e-07,2.384185791015625e-07,2.384185791015625e-07
20230526_200000,150,PSFL,PSFL,0.9996585845947266,0.9996582269668579,True,True,True,True,True,True,3.5762786865234375e-07,3.5762786865234375e-07,1.3611465732310535e-08,1,3.5762786865234375e-07,3.5762786865234375e-07,3.5762786865234375e-07,1,3.5762786865234375e-07,3.5762786865234375e-07,3.5762786865234375e-07
20230526_200000,16,PSFL,PSFL,0.9971187114715576,0.9971380233764648,True,True,True,True,True,True,1.9311904907226562e-05,2.1483050659298897e-05,8.42579481741268e-07,1,1.9311904907226562e-05,1.9311904907226562e-05,1.9311904907226562e-05,1,1.9311904907226562e-05,1.9311904907226562e-05,1.9311904907226562e-05
20230526_200000,17,PSFL,PSFL,0.9993336796760559,0.9993287324905396,True,True,True,True,True,True,4.947185516357422e-06,4.947185516357422e-06,1.934266720127198e-07,1,4.947185516357422e-06,4.947185516357422e-06,4.947185516357422e-06,1,4.947185516357422e-06,4.947185516357422e-06,4.947185516357422e-06
20230526_200000,18,PSFL,PSFL,0.995231568813324,0.9952399730682373,True,True,True,True,True,True,8.404254913330078e-06,8.404254913330078e-06,3.2923551884778135e-07,1,8.404254913330078e-06,8.404254913330078e-06,8.404254913330078e-06,1,8.404254913330078e-06,8.404254913330078e-06,8.404254913330078e-06
20230526_200000,19,PSFL,PSFL,0.9993125200271606,0.9993184804916382,True,True,True,True,True,True,5.9604644775390625e-06,5.9604644775390625e-06,2.3399047677230556e-07,1,5.9604644775390625e-06,5.9604644775390625e-06,5.9604644775390625e-06,1,5.9604644775390625e-06,5.9604644775390625e-06,5.9604644775390625e-06
20230526_200000,2,PSFL,PSFL,0.9999130964279175,0.9999127388000488,True,True,True,True,True,True,3.5762786865234375e-07,3.5762786865234375e-07,1.2433762464070242e-08,1,3.5762786865234375e-07,3.5762786865234375e-07,3.5762786865234375e-07,1,3.5762786865234375e-07,3.5762786865234375e-07,3.5762786865234375e-07
20230526_200000,20,PSFL,PSFL,0.5331133008003235,0.5334693789482117,True,True,True,True,True,True,0.0003560781478881836,0.0003560781478881836,2.8890784960822202e-05,1,0.0003560781478881836,0.0003560781478881836,0.0003560781478881836,1,0.0003560781478881836,0.0003560781478881836,0.0003560781478881836
20230526_200000,21,PSFL,PSFL,0.9923381805419922,0.992337167263031,True,True,True,True,True,True,1.0132789611816406e-06,1.0132789611816406e-06,4.26149533439002e-08,1,1.0132789611816406e-06,1.0132789611816406e-06,1.0132789611816406e-06,1,1.0132789611816406e-06,1.0132789611816406e-06,1.0132789611816406e-06
20230526_200000,22,PSFL,PSFL,0.9998779296875,0.9998784065246582,True,True,True,True,True,True,4.76837158203125e-07,7.349299266934395e-07,3.114372049140002e-08,1,4.76837158203125e-07,4.76837158203125e-07,4.76837158203125e-07,1,4.76837158203125e-07,4.76837158203125e-07,4.76837158203125e-07
20230526_200000,23,PSFL,PSFL,0.9999260902404785,0.9999264478683472,True,True,True,True,True,True,3.5762786865234375e-07,3.5762786865234375e-07,1.3353459671350265e-08,1,3.5762786865234375e-07,3.5762786865234375e-07,3.5762786865234375e-07,1,3.5762786865234375e-07,3.5762786865234375e-07,3.5762786865234375e-07
20230526_200000,24,PSFL,PSFL,0.6798938512802124,0.6761122941970825,True,True,True,True,True,True,0.003781557083129883,0.003932163119316101,0.0001657080720178783,2,0.007713720202445984,0.003932163119316101,0.003856860101222992,2,0.007713720202445984,0.003932163119316101,0.003856860101222992
20230526_200000,25,PSFL,PSFL,0.9982818365097046,0.9982732534408569,True,True,True,True,True,True,8.58306884765625e-06,8.58306884765625e-06,3.329355990899785e-07,1,8.58306884765625e-06,8.58306884765625e-06,8.58306884765625e-06,1,8.58306884765625e-06,8.58306884765625e-06,8.58306884765625e-06
20230526_200000,26,PSFL,PSFL,0.9975506663322449,0.9975538849830627,True,True,True,True,True,True,3.2186508178710938e-06,3.2545067369937897e-06,1.2692504469669075e-07,1,3.2186508178710938e-06,3.2186508178710938e-06,3.2186508178710938e-06,1,3.2186508178710938e-06,3.2186508178710938e-06,3.2186508178710938e-06
20230526_200000,27,PSFL,PSFL,0.997418999671936,0.9974139928817749,True,True,True,True,True,True,5.0067901611328125e-06,5.0067901611328125e-06,1.9500672010508424e-07,1,5.0067901611328125e-06,5.0067901611328125e-06,5.0067901611328125e-06,1,5.0067901611328125e-06,5.0067901611328125e-06,5.0067901611328125e-06
20230526_200000,28,PSFL,PSFL,0.9411724805831909,0.9409583806991577,True,True,True,True,True,True,0.00021409988403320312,0.00021409988403320312,8.393911230086815e-06,1,0.00021409988403320312,0.00021409988403320312,0.00021409988403320312,1,0.00021409988403320312,0.00021409988403320312,0.00021409988403320312
20230526_200000,29,PSFL,PSFL,0.9640985727310181,0.9647175669670105,True,True,True,True,True,True,0.0006189942359924316,0.0006189942359924316,2.441230208205525e-05,1,0.0006189942359924316,0.0006189942359924316,0.0006189942359924316,1,0.0006189942359924316,0.0006189942359924316,0.0006189942359924316
20230526_200000,3,PSFL,PSFL,0.9693551063537598,0.9693999886512756,True,True,True,True,True,True,4.488229751586914e-05,4.4887885451316833e-05,1.766564423633099e-06,1,4.488229751586914e-05,4.488229751586914e-05,4.488229751586914e-05,1,4.488229751586914e-05,4.488229751586914e-05,4.488229751586914e-05
20230526_200000,30,PSFL,PSFL,0.998916745185852,0.9989124536514282,True,True,True,True,True,True,4.291534423828125e-06,4.291534423828125e-06,1.6942657055096788e-07,1,4.291534423828125e-06,4.291534423828125e-06,4.291534423828125e-06,1,4.291534423828125e-06,4.291534423828125e-06,4.291534423828125e-06
20230526_200000,31,PSFL,PSFL,0.9994245767593384,0.9994230270385742,True,True,True,True,True,True,1.5497207641601562e-06,1.5951227396726608e-06,6.170008504113866e-08,1,1.5497207641601562e-06,1.5497207641601562e-06,1.5497207641601562e-06,1,1.5497207641601562e-06,1.5497207641601562e-06,1.5497207641601562e-06
20230526_200000,32,PSFL,PSFL,0.9983893632888794,0.9983718991279602,True,True,True,True,True,True,1.7464160919189453e-05,1.7464160919189453e-05,6.838177455392724e-07,1,1.7464160919189453e-05,1.7464160919189453e-05,1.7464160919189453e-05,1,1.7464160919189453e-05,1.7464160919189453e-05,1.7464160919189453e-05
20230526_200000,33,PSFL,PSFL,0.9997374415397644,0.9997393488883972,True,True,True,True,True,True,1.9073486328125e-06,1.9073486328125e-06,7.470535479114915e-08,1,1.9073486328125e-06,1.9073486328125e-06,1.9073486328125e-06,1,1.9073486328125e-06,1.9073486328125e-06,1.9073486328125e-06
20230526_200000,34,CALU,CALU,0.5884230732917786,0.5887067317962646,True,True,True,True,True,True,0.000283658504486084,0.000283658504486084,1.245197927346453e-05,2,0.0005407929420471191,0.000283658504486084,0.00027039647102355957,2,0.0005407929420471191,0.000283658504486084,0.00027039647102355957
20230526_200000,35,PSFL,PSFL,0.9446189403533936,0.944390058517456,True,True,True,True,True,True,0.0002288818359375,0.0002288818359375,8.97768131835619e-06,1,0.0002288818359375,0.0002288818359375,0.0002288818359375,1,0.0002288818359375,0.0002288818359375,0.0002288818359375
20230526_200000,36,PSFL,PSFL,0.9987673759460449,0.998757004737854,True,True,True,True,True,True,1.0371208190917969e-05,1.0371208190917969e-05,4.079950031155022e-07,1,1.0371208190917969e-05,1.0371208190917969e-05,1.0371208190917969e-05,1,1.0371208190917969e-05,1.0371208190917969e-05,1.0371208190917969e-05
20230526_200000,37,PSFL,PSFL,0.9961143732070923,0.9960876703262329,True,True,True,True,True,True,2.6702880859375e-05,2.6702880859375e-05,1.0468783102624002e-06,1,2.6702880859375e-05,2.6702880859375e-05,2.6702880859375e-05,1,2.6702880859375e-05,2.6702880859375e-05,2.6702880859375e-05
20230526_200000,38,PSFL,PSFL,0.9935126900672913,0.9935346841812134,True,True,True,True,True,True,2.199411392211914e-05,2.199411392211914e-05,8.6072179783514e-07,1,2.199411392211914e-05,2.199411392211914e-05,2.199411392211914e-05,1,2.199411392211914e-05,2.199411392211914e-05,2.199411392211914e-05
20230526_200000,39,CALU,CALU,0.6972272992134094,0.6985147595405579,True,True,True,True,True,True,0.0012874603271484375,0.0012874603271484375,5.049848186899908e-05,2,0.0018966197967529297,0.0012874603271484375,0.0009483098983764648,2,0.0018966197967529297,0.0012874603271484375,0.0009483098983764648
20230526_200000,4,PSFL,PSFL,0.9236854314804077,0.9232406616210938,True,True,True,True,True,True,0.00044476985931396484,0.00044476985931396484,1.7451418898417614e-05,1,0.00044476985931396484,0.00044476985931396484,0.00044476985931396484,1,0.00044476985931396484,0.00044476985931396484,0.00044476985931396484
20230526_200000,40,PSFL,PSFL,0.9986814856529236,0.9986699819564819,True,True,True,True,True,True,1.150369644165039e-05,1.1592637747526169e-05,4.5287490024747967e-07,1,1.150369644165039e-05,1.150369644165039e-05,1.150369644165039e-05,1,1.150369644165039e-05,1.150369644165039e-05,1.150369644165039e-05
20230526_200000,41,PSFL,PSFL,0.9969239830970764,0.9969497323036194,True,True,True,True,True,True,2.574920654296875e-05,2.574920654296875e-05,1.0089840998261934e-06,1,2.574920654296875e-05,2.574920654296875e-05,2.574920654296875e-05,1,2.574920654296875e-05,2.574920654296875e-05,2.574920654296875e-05
20230526_200000,42,PSFL,PSFL,0.9998956918716431,0.9998955726623535,True,True,True,True,True,True,1.1920928955078125e-07,2.3783650249242783e-07,8.032887244269205e-09,1,1.1920928955078125e-07,1.1920928955078125e-07,1.1920928955078125e-07,1,1.1920928955078125e-07,1.1920928955078125e-07,1.1920928955078125e-07
20230526_200000,43,PSFL,PSFL,0.8655215501785278,0.8645210862159729,True,True,True,True,True,True,0.0010004639625549316,0.0010004639625549316,4.17528317484539e-05,1,0.0010004639625549316,0.0010004639625549316,0.0010004639625549316,1,0.0010004639625549316,0.0010004639625549316,0.0010004639625549316
20230526_200000,44,PSFL,PSFL,0.9993284940719604,0.9993258714675903,True,True,True,True,True,True,2.6226043701171875e-06,2.6226043701171875e-06,1.0256989924073423e-07,1,2.6226043701171875e-06,2.6226043701171875e-06,2.6226043701171875e-06,1,2.6226043701171875e-06,2.6226043701171875e-06,2.6226043701171875e-06
20230526_200000,45,PSFL,PSFL,0.9984695315361023,0.9984754920005798,True,True,True,True,True,True,5.9604644775390625e-06,5.9604644775390625e-06,2.6089958282682346e-07,1,5.9604644775390625e-06,5.9604644775390625e-06,5.9604644775390625e-06,1,5.9604644775390625e-06,5.9604644775390625e-06,5.9604644775390625e-06
20230526_200000,46,PSFL,PSFL,0.993833065032959,0.9938533306121826,True,True,True,True,True,True,2.0265579223632812e-05,2.09687277674675e-05,8.220730478569749e-07,1,2.0265579223632812e-05,2.0265579223632812e-05,2.0265579223632812e-05,1,2.0265579223632812e-05,2.0265579223632812e-05,2.0265579223632812e-05
20230526_200000,47,PSFL,PSFL,0.9673664569854736,0.9677138328552246,True,True,True,True,True,True,0.00034737586975097656,0.0003532096743583679,1.3863196727470495e-05,1,0.00034737586975097656,0.00034737586975097656,0.00034737586975097656,1,0.00034737586975097656,0.00034737586975097656,0.00034737586975097656
20230526_200000,48,PSFL,PSFL,0.9938143491744995,0.9937751293182373,True,True,True,True,True,True,3.921985626220703e-05,3.921985626220703e-05,1.540902303531766e-06,1,3.921985626220703e-05,3.921985626220703e-05,3.921985626220703e-05,1,3.921985626220703e-05,3.921985626220703e-05,3.921985626220703e-05
20230526_200000,49,PSFL,PSFL,0.9931990504264832,0.9931719303131104,True,True,True,True,True,True,2.7120113372802734e-05,2.7120113372802734e-05,1.066145046024758e-06,1,2.7120113372802734e-05,2.7120113372802734e-05,2.7120113372802734e-05,1,2.7120113372802734e-05,2.7120113372802734e-05,2.7120113372802734e-05
20230526_200000,5,PSFL,PSFL,0.9993670582771301,0.9993752837181091,True,True,True,True,True,True,8.225440979003906e-06,8.225440979003906e-06,3.2085557677419274e-07,1,8.225440979003906e-06,8.225440979003906e-06,8.225440979003906e-06,1,8.225440979003906e-06,8.225440979003906e-06,8.225440979003906e-06
20230526_200000,50,PSFL,PSFL,0.9975661039352417,0.9975751042366028,True,True,True,True,True,True,9.000301361083984e-06,9.025447070598602e-06,3.5346536719771393e-07,1,9.000301361083984e-06,9.000301361083984e-06,9.000301361083984e-06,1,9.000301361083984e-06,9.000301361083984e-06,9.000301361083984e-06
20230526_200000,51,PSFL,PSFL,0.9998225569725037,0.999823272228241,True,True,True,True,True,True,7.152557373046875e-07,7.277121767401695e-07,2.8293882792240765e-08,1,7.152557373046875e-07,7.152557373046875e-07,7.152557373046875e-07,1,7.152557373046875e-07,7.152557373046875e-07,7.152557373046875e-07
20230526_200000,52,PSFL,PSFL,0.9997881054878235,0.9997871518135071,True,True,True,True,True,True,9.5367431640625e-07,9.5367431640625e-07,3.6279036663700026e-08,1,9.5367431640625e-07,9.5367431640625e-07,9.5367431640625e-07,1,9.5367431640625e-07,9.5367431640625e-07,9.5367431640625e-07
20230526_200000,53,PSFL,PSFL,0.9999737739562988,0.9999740123748779,True,True,True,True,True,True,2.384185791015625e-07,2.384185791015625e-07,8.16097056599574e-09,1,2.384185791015625e-07,2.384185791015625e-07,2.384185791015625e-07,1,2.384185791015625e-07,2.384185791015625e-07,2.384185791015625e-07
20230526_200000,54,PSFL,PSFL,0.9989481568336487,0.9989455342292786,True,True,True,True,True,True,2.6226043701171875e-06,2.6226043701171875e-06,1.2947482730396587e-07,1,2.6226043701171875e-06,2.6226043701171875e-06,2.6226043701171875e-06,1,2.6226043701171875e-06,2.6226043701171875e-06,2.6226043701171875e-06
20230526_200000,55,PSFL,PSFL,0.993545413017273,0.9935768246650696,True,True,True,True,True,True,3.141164779663086e-05,3.148987889289856e-05,1.2721666280413046e-06,1,3.141164779663086e-05,3.141164779663086e-05,3.141164779663086e-05,1,3.141164779663086e-05,3.141164779663086e-05,3.141164779663086e-05
20230526_200000,56,PSFL,PSFL,0.999901294708252,0.9999005794525146,True,True,True,True,True,True,7.152557373046875e-07,7.152557373046875e-07,2.795482600959076e-08,1,7.152557373046875e-07,7.152557373046875e-07,7.152557373046875e-07,1,7.152557373046875e-07,7.152557373046875e-07,7.152557373046875e-07
20230526_200000,57,PSFL,PSFL,0.9962487816810608,0.9961800575256348,True,True,True,True,True,True,6.872415542602539e-05,6.872415542602539e-05,2.7002568003808847e-06,1,6.872415542602539e-05,6.872415542602539e-05,6.872415542602539e-05,1,6.872415542602539e-05,6.872415542602539e-05,6.872415542602539e-05
20230526_200000,58,BUVI,BUVI,0.9943278431892395,0.9943232536315918,True,True,True,True,True,True,4.589557647705078e-06,1.5561003237962723e-05,6.152106948320579e-07,1,4.589557647705078e-06,4.589557647705078e-06,4.589557647705078e-06,1,4.589557647705078e-06,4.589557647705078e-06,4.589557647705078e-06
20230526_200000,59,PSFL,PSFL,0.9979590177536011,0.9979605674743652,True,True,True,True,True,True,1.5497207641601562e-06,1.5879049897193909e-06,6.331661239755704e-08,1,1.5497207641601562e-06,1.5497207641601562e-06,1.5497207641601562e-06,1,1.5497207641601562e-06,1.5497207641601562e-06,1.5497207641601562e-06
20230526_200000,6,PSFL,PSFL,0.999406099319458,0.999411940574646,True,True,True,True,True,True,5.841255187988281e-06,5.841255187988281e-06,2.2827927637081302e-07,1,5.841255187988281e-06,5.841255187988281e-06,5.841255187988281e-06,1,5.841255187988281e-06,5.841255187988281e-06,5.841255187988281e-06
20230526_200000,60,PSFL,PSFL,0.9948478937149048,0.9948984980583191,True,True,True,True,True,True,5.060434341430664e-05,5.060434341430664e-05,1.9897390757250832e-06,1,5.060434341430664e-05,5.060434341430664e-05,5.060434341430664e-05,1,5.060434341430664e-05,5.060434341430664e-05,5.060434341430664e-05
20230526_200000,61,PSFL,PSFL,0.999800980091095,0.9998010993003845,True,True,True,True,True,True,1.1920928955078125e-07,1.958396751433611e-07,6.441196021000906e-09,1,1.1920928955078125e-07,1.1920928955078125e-07,1.1920928955078125e-07,1,1.1920928955078125e-07,1.1920928955078125e-07,1.1920928955078125e-07
20230526_200000,62,PSFL,PSFL,0.9998931884765625,0.999893307685852,True,True,True,True,True,True,1.1920928955078125e-07,1.7446291167289019e-07,5.7615863191529115e-09,1,1.1920928955078125e-07,1.1920928955078125e-07,1.1920928955078125e-07,1,1.1920928955078125e-07,1.1920928955078125e-07,1.1920928955078125e-07
20230526_200000,63,PSFL,PSFL,0.998289167881012,0.9983121156692505,True,True,True,True,True,True,2.294778823852539e-05,2.294778823852539e-05,9.005023571262427e-07,1,2.294778823852539e-05,2.294778823852539e-05,2.294778823852539e-05,1,2.294778823852539e-05,2.294778823852539e-05,2.294778823852539e-05
20230526_200000,64,PSFL,PSFL,0.9997352957725525,0.9997386336326599,True,True,True,True,True,True,3.337860107421875e-06,3.337860107421875e-06,1.3020265043905965e-07,1,3.337860107421875e-06,3.337860107421875e-06,3.337860107421875e-06,1,3.337860107421875e-06,3.337860107421875e-06,3.337860107421875e-06
20230526_200000,65,PSFL,PSFL,0.9889078736305237,0.988986611366272,True,True,True,True,True,True,7.873773574829102e-05,7.959268987178802e-05,3.1273575586965308e-06,1,7.873773574829102e-05,7.873773574829102e-05,7.873773574829102e-05,1,7.873773574829102e-05,7.873773574829102e-05,7.873773574829102e-05
20230526_200000,66,PSFL,PSFL,0.9984960556030273,0.9984834790229797,True,True,True,True,True,True,1.2576580047607422e-05,1.2616743333637714e-05,4.943674980495416e-07,1,1.2576580047607422e-05,1.2576580047607422e-05,1.2576580047607422e-05,1,1.2576580047607422e-05,1.2576580047607422e-05,1.2576580047607422e-05
20230526_200000,67,PSFL,PSFL,0.9764960408210754,0.9765694737434387,True,True,True,True,True,True,7.343292236328125e-05,7.343292236328125e-05,3.016252776433248e-06,1,7.343292236328125e-05,7.343292236328125e-05,7.343292236328125e-05,1,7.343292236328125e-05,7.343292236328125e-05,7.343292236328125e-05
20230526_200000,68,PSFL,PSFL,0.9945763349533081,0.9945772886276245,True,True,True,True,True,True,9.5367431640625e-07,1.0100193321704865e-06,3.895180356039418e-08,1,9.5367431640625e-07,9.5367431640625e-07,9.5367431640625e-07,1,9.5367431640625e-07,9.5367431640625e-07,9.5367431640625e-07
20230526_200000,69,BUVI,BUVI,0.4637181758880615,0.4581844210624695,True,True,True,True,True,True,0.005533754825592041,0.005533754825592041,0.00021814345382153988,2,0.0062120407819747925,0.005533754825592041,0.0031060203909873962,2,0.0062120407819747925,0.005533754825592041,0.0031060203909873962
20230526_200000,7,CALU,CALU,0.7350531816482544,0.7355719208717346,True,True,True,True,True,True,0.0005187392234802246,0.0005187392234802246,2.080953163385857e-05,2,0.000994563102722168,0.0005187392234802246,0.000497281551361084,2,0.000994563102722168,0.0005187392234802246,0.000497281551361084
20230526_200000,70,PSFL,PSFL,0.9999426603317261,0.9999427795410156,True,True,True,True,True,True,1.1920928955078125e-07,1.1920928955078125e-07,3.432809814185589e-09,1,1.1920928955078125e-07,1.1920928955078125e-07,1.1920928955078125e-07,1,1.1920928955078125e-07,1.1920928955078125e-07,1.1920928955078125e-07
20230526_200000,71,PSFL,PSFL,0.9996470212936401,0.9996483325958252,True,True,True,True,True,True,1.3113021850585938e-06,1.3113021850585938e-06,5.113523471322878e-08,1,1.3113021850585938e-06,1.3113021850585938e-06,1.3113021850585938e-06,1,1.3113021850585938e-06,1.3113021850585938e-06,1.3113021850585938e-06
20230526_200000,72,PSFL,PSFL,0.9782959818840027,0.9783172011375427,True,True,True,True,True,True,2.1219253540039062e-05,2.9183924198150635e-05,1.3260057585284812e-06,1,2.1219253540039062e-05,2.1219253540039062e-05,2.1219253540039062e-05,1,2.1219253540039062e-05,2.1219253540039062e-05,2.1219253540039062e-05
20230526_200000,73,CALU,CALU,0.8101584911346436,0.8102386593818665,True,True,True,True,True,True,8.016824722290039e-05,0.00033280253410339355,1.4763947547180578e-05,2,0.00041297078132629395,0.00033280253410339355,0.00020648539066314697,2,0.00041297078132629395,0.00033280253410339355,0.00020648539066314697
20230526_200000,74,PSFL,PSFL,0.9999593496322632,0.9999594688415527,True,True,True,True,True,True,1.1920928955078125e-07,1.237567630596459e-07,5.284844561970203e-09,1,1.1920928955078125e-07,1.1920928955078125e-07,1.1920928955078125e-07,1,1.1920928955078125e-07,1.1920928955078125e-07,1.1920928955078125e-07
20230526_200000,75,CALU,CALU,0.9015973806381226,0.9016727805137634,True,True,True,True,True,True,7.539987564086914e-05,7.77561217546463e-05,3.0731625884072855e-06,1,7.539987564086914e-05,7.539987564086914e-05,7.539987564086914e-05,1,7.539987564086914e-05,7.539987564086914e-05,7.539987564086914e-05
20230526_200000,76,PSFL,PSFL,0.9999597072601318,0.9999591112136841,True,True,True,True,True,True,5.960464477539062e-07,5.960464477539062e-07,2.12578878944214e-08,1,5.960464477539062e-07,5.960464477539062e-07,5.960464477539062e-07,1,5.960464477539062e-07,5.960464477539062e-07,5.960464477539062e-07
20230526_200000,77,CALU,CALU,0.46001502871513367,0.4594762325286865,True,True,True,True,True,True,0.0005387961864471436,0.0005508661270141602,4.237253233441152e-05,2,0.0010896623134613037,0.0005508661270141602,0.0005448311567306519,2,0.0010896623134613037,0.0005508661270141602,0.0005448311567306519
20230526_200000,78,PSFL,PSFL,0.9993669390678406,0.9993653893470764,True,True,True,True,True,True,1.5497207641601562e-06,1.5497207641601562e-06,5.950496273499084e-08,1,1.5497207641601562e-06,1.5497207641601562e-06,1.5497207641601562e-06,1,1.5497207641601562e-06,1.5497207641601562e-06,1.5497207641601562e-06
20230526_200000,79,PSFL,PSFL,0.9991670846939087,0.9991762042045593,True,True,True,True,True,True,9.119510650634766e-06,9.154027793556452e-06,3.5930520425608847e-07,1,9.119510650634766e-06,9.119510650634766e-06,9.119510650634766e-06,1,9.119510650634766e-06,9.119510650634766e-06,9.119510650634766e-06
20230526_200000,8,PSFL,PSFL,0.7929006218910217,0.7927572131156921,True,True,True,True,True,True,0.00014340877532958984,0.0001445077359676361,8.622868335805833e-06,1,0.00014340877532958984,0.00014340877532958984,0.00014340877532958984,1,0.00014340877532958984,0.00014340877532958984,0.00014340877532958984
20230526_200000,80,PSFL,PSFL,0.9941357374191284,0.9941436648368835,True,True,True,True,True,True,7.927417755126953e-06,7.927417755126953e-06,3.099578975707118e-07,1,7.927417755126953e-06,7.927417755126953e-06,7.927417755126953e-06,1,7.927417755126953e-06,7.927417755126953e-06,7.927417755126953e-06
20230526_200000,81,PSFL,PSFL,0.9999116659164429,0.9999109506607056,True,True,True,True,True,True,7.152557373046875e-07,7.487687980756164e-07,2.8709692401207576e-08,1,7.152557373046875e-07,7.152557373046875e-07,7.152557373046875e-07,1,7.152557373046875e-07,7.152557373046875e-07,7.152557373046875e-07
20230526_200000,82,PSFL,PSFL,0.9522026181221008,0.9518395662307739,True,True,True,True,True,True,0.0003630518913269043,0.00036473944783210754,1.4370632925420068e-05,1,0.0003630518913269043,0.0003630518913269043,0.0003630518913269043,1,0.0003630518913269043,0.0003630518913269043,0.0003630518913269043
20230526_200000,83,PSFL,PSFL,0.9997411370277405,0.9997418522834778,True,True,True,True,True,True,7.152557373046875e-07,7.583003025501966e-07,2.9107431132047168e-08,1,7.152557373046875e-07,7.152557373046875e-07,7.152557373046875e-07,1,7.152557373046875e-07,7.152557373046875e-07,7.152557373046875e-07
20230526_200000,84,PSFL,PSFL,0.9998465776443481,0.999848484992981,True,True,True,True,True,True,1.9073486328125e-06,1.959066139534116e-06,7.581379435350755e-08,1,1.9073486328125e-06,1.9073486328125e-06,1.9073486328125e-06,1,1.9073486328125e-06,1.9073486328125e-06,1.9073486328125e-06
20230526_200000,85,PSFL,PSFL,0.9996830224990845,0.9996825456619263,True,True,True,True,True,True,4.76837158203125e-07,4.811154212802649e-07,1.8826602499188994e-08,1,4.76837158203125e-07,4.76837158203125e-07,4.76837158203125e-07,1,4.76837158203125e-07,4.76837158203125e-07,4.76837158203125e-07
20230526_200000,86,PSFL,PSFL,0.990341305732727,0.9902766942977905,True,True,True,True,True,True,6.461143493652344e-05,6.461143493652344e-05,2.535689191063284e-06,1,6.461143493652344e-05,6.461143493652344e-05,6.461143493652344e-05,1,6.461143493652344e-05,6.461143493652344e-05,6.461143493652344e-05
20230526_200000,87,PSFL,PSFL,0.998430073261261,0.9984230995178223,True,True,True,True,True,True,6.973743438720703e-06,6.973743438720703e-06,2.7339814323568135e-07,1,6.973743438720703e-06,6.973743438720703e-06,6.973743438720703e-06,1,6.973743438720703e-06,6.973743438720703e-06,6.973743438720703e-06
20230526_200000,88,PSFL,PSFL,0.9988985061645508,0.9988805651664734,True,True,True,True,True,True,1.7940998077392578e-05,1.7940998077392578e-05,7.042670517876104e-07,1,1.7940998077392578e-05,1.7940998077392578e-05,1.7940998077392578e-05,1,1.7940998077392578e-05,1.7940998077392578e-05,1.7940998077392578e-05
20230526_200000,89,PSFL,PSFL,0.9876686930656433,0.9877162575721741,True,True,True,True,True,True,4.756450653076172e-05,4.7643668949604034e-05,1.8671498764888383e-06,1,4.756450653076172e-05,4.756450653076172e-05,4.756450653076172e-05,1,4.756450653076172e-05,4.756450653076172e-05,4.756450653076172e-05
20230526_200000,9,PSFL,PSFL,0.9996135830879211,0.9996128678321838,True,True,True,True,True,True,7.152557373046875e-07,7.152557373046875e-07,2.703589530028694e-08,1,7.152557373046875e-07,7.152557373046875e-07,7.152557373046875e-07,1,7.152557373046875e-07,7.152557373046875e-07,7.152557373046875e-07
20230526_200000,90,PSFL,PSFL,0.9915635585784912,0.9915819764137268,True,True,True,True,True,True,1.8417835235595703e-05,1.8483027815818787e-05,7.244362905112212e-07,1,1.8417835235595703e-05,1.8417835235595703e-05,1.8417835235595703e-05,1,1.8417835235595703e-05,1.8417835235595703e-05,1.8417835235595703e-05
20230526_200000,91,PSFL,PSFL,0.9810046553611755,0.9812930226325989,True,True,True,True,True,True,0.00028836727142333984,0.0002884678542613983,1.1317794815113302e-05,1,0.00028836727142333984,0.00028836727142333984,0.00028836727142333984,1,0.00028836727142333984,0.00028836727142333984,0.00028836727142333984
20230526_200000,92,PSFL,PSFL,0.999976396560669,0.999976396560669,True,True,True,True,True,True,0.0,1.5043042367324233e-08,3.024434869214332e-10,1,0.0,0.0,0.0,1,0.0,0.0,0.0
20230526_200000,93,PSFL,PSFL,0.8979259133338928,0.8984286785125732,True,True,True,True,True,True,0.0005027651786804199,0.0005027651786804199,1.978838372451719e-05,1,0.0005027651786804199,0.0005027651786804199,0.0005027651786804199,1,0.0005027651786804199,0.0005027651786804199,0.0005027651786804199
20230526_200000,94,PSFL,PSFL,0.9995429515838623,0.9995392560958862,True,True,True,True,True,True,3.6954879760742188e-06,3.74956289306283e-06,1.4598415987165936e-07,1,3.6954879760742188e-06,3.6954879760742188e-06,3.6954879760742188e-06,1,3.6954879760742188e-06,3.6954879760742188e-06,3.6954879760742188e-06
20230526_200000,95,PSFL,PSFL,0.9992815852165222,0.9992863535881042,True,True,True,True,True,True,4.76837158203125e-06,4.802248440682888e-06,1.883286415704788e-07,1,4.76837158203125e-06,4.76837158203125e-06,4.76837158203125e-06,1,4.76837158203125e-06,4.76837158203125e-06,4.76837158203125e-06
20230526_200000,96,PSFL,PSFL,0.9925978183746338,0.9925177097320557,True,True,True,True,True,True,8.0108642578125e-05,8.022040128707886e-05,3.14701742354373e-06,1,8.0108642578125e-05,8.0108642578125e-05,8.0108642578125e-05,1,8.0108642578125e-05,8.0108642578125e-05,8.0108642578125e-05
20230526_200000,97,BUVI,BUVI,0.9523394703865051,0.9523822665214539,True,True,True,True,True,True,4.279613494873047e-05,4.279613494873047e-05,1.6829284277264378e-06,1,4.279613494873047e-05,4.279613494873047e-05,4.279613494873047e-05,1,4.279613494873047e-05,4.279613494873047e-05,4.279613494873047e-05
20230526_200000,98,PSFL,PSFL,0.9999915361404419,0.9999915361404419,True,True,True,True,True,True,0.0,4.173671186435968e-09,8.18819664849535e-11,1,0.0,0.0,0.0,1,0.0,0.0,0.0
20230526_200000,99,PSFL,PSFL,0.9998449087142944,0.9998465776443481,True,True,True,True,True,True,1.6689300537109375e-06,1.6689300537109375e-06,6.534966701110534e-08,1,1.6689300537109375e-06,1.6689300537109375e-06,1.6689300537109375e-06,1,1.6689300537109375e-06,1.6689300537109375e-06,1.6689300537109375e-06
