accuracy,std_dev,max_diff,min_diff,mean_abs_diff,pixels_within_1,pixels_within_2,pixels_within_5,pixels_greater_5,total_pixels,pct_within_1,pct_within_2,pct_within_5,pct_greater_5,audio_file,segment_idx,start_time
99.8112840466926,0.0445935277690667,2.0,0.0,0.0019221789883268482,256991,257000,257000,0,257000,99.9964980544747,100.0,100.0,0.0,20230522_000000,1,2312.584480230023
99.7727626459144,0.04882489528149589,2.0,0.0,0.002311284046692607,256990,257000,257000,0,257000,99.99610894941634,100.0,100.0,0.0,20230522_000000,2,20565.676798126387
99.81750972762646,0.044289877243464164,2.0,0.0,0.0018715953307392996,256988,257000,257000,0,257000,99.99533073929962,100.0,100.0,0.0,20230522_000000,3,17299.72233723818
99.82178988326848,0.04472667018812125,2.0,0.0,0.0018560311284046692,256981,257000,257000,0,257000,99.99260700389105,100.0,100.0,0.0,20230522_000000,4,7928.936243804393
99.81867704280155,0.04428955317318519,2.0,0.0,0.0018638132295719844,256987,257000,257000,0,257000,99.99494163424124,100.0,100.0,0.0,20230522_000000,5,14971.683741433937
99.82723735408561,0.043181773544788235,2.0,0.0,0.0017743190661478599,256988,257000,257000,0,257000,99.99533073929962,100.0,100.0,0.0,20230522_000000,6,8743.070213889196
99.82023346303502,0.043043995201065936,2.0,0.0,0.0018171206225680934,256995,257000,257000,0,257000,99.99805447470817,100.0,100.0,0.0,20230522_000000,7,29971.569525572002
99.80778210116732,0.04537071699527757,2.0,0.0,0.001968871595330739,256988,257000,257000,0,257000,99.99533073929962,100.0,100.0,0.0,20230522_000000,8,22288.189509738146
99.81206225680934,0.04437634253554873,2.0,0.0,0.0019105058365758755,256992,257000,257000,0,257000,99.99688715953307,100.0,100.0,0.0,20230522_000000,9,7112.896254549071
99.81284046692606,0.044810970969165406,2.0,0.0,0.0019182879377431907,256988,257000,257000,0,257000,99.99533073929962,100.0,100.0,0.0,20230522_000000,10,10502.869202243444
99.82451361867705,0.04254601821990995,2.0,0.0,0.0017743190661478599,256995,257000,257000,0,257000,99.99805447470817,100.0,100.0,0.0,20230522_000000,11,24884.14015106175
99.81789883268483,0.044113818967603496,2.0,0.0,0.0018638132295719844,256989,257000,257000,0,257000,99.99571984435798,100.0,100.0,0.0,20230522_000000,12,1811.7182452262082
99.8136186770428,0.04588305399904463,2.0,0.0,0.0019455252918287938,256979,257000,257000,0,257000,99.99182879377432,100.0,100.0,0.0,20230522_000000,13,26616.542414692507
99.8249027237354,0.04318177354478824,2.0,0.0,0.0017898832684824903,256990,257000,257000,0,257000,99.99610894941634,100.0,100.0,0.0,20230522_000000,14,26073.82339537809
99.80116731517509,0.04558277640470811,2.0,0.0,0.0020194552529182877,256992,257000,257000,0,257000,99.99688715953307,100.0,100.0,0.0,20230522_000000,15,12992.92512207919
99.78599221789884,0.04745765908092622,2.0,0.0,0.002178988326848249,256990,257000,257000,0,257000,99.99610894941634,100.0,100.0,0.0,20230522_000000,16,2143.716545591592
99.83424124513618,0.042089732834473606,2.0,0.0,0.0016964980544747082,256990,257000,257000,0,257000,99.99610894941634,100.0,100.0,0.0,20230522_000000,17,29574.652790121432
99.82373540856031,0.0429093202988022,2.0,0.0,0.0017898832684824903,256993,257000,257000,0,257000,99.99727626459143,100.0,100.0,0.0,20230522_000000,18,18369.827507285732
99.82334630350195,0.04494506093022044,2.0,0.0,0.0018521400778210117,256978,257000,257000,0,257000,99.99143968871596,100.0,100.0,0.0,20230522_000000,19,23251.807400046193
99.82451361867705,0.042818543498557765,2.0,0.0,0.001782101167315175,256993,257000,257000,0,257000,99.99727626459143,100.0,100.0,0.0,20230522_000000,20,6886.548508825506
99.80389105058366,0.04553956608836675,2.0,0.0,0.002,256990,257000,257000,0,257000,99.99610894941634,100.0,100.0,0.0,20230522_000000,21,16169.102032435878
99.83151750972763,0.04213453208026542,2.0,0.0,0.0017159533073929961,256992,257000,257000,0,257000,99.99688715953307,100.0,100.0,0.0,20230522_000000,22,28653.11798808252
99.80194552529183,0.04524003868358596,2.0,0.0,0.0020038910505836578,256994,257000,257000,0,257000,99.99766536964981,100.0,100.0,0.0,20230522_000000,23,20820.68637205134
99.79027237354086,0.04713030903533071,2.0,0.0,0.0021400778210116734,256989,257000,257000,0,257000,99.99571984435798,100.0,100.0,0.0,20230522_000000,24,4627.325071237526
99.81400778210117,0.04481326031657781,2.0,0.0,0.0019105058365758755,256987,257000,257000,0,257000,99.99494163424124,100.0,100.0,0.0,20230522_000000,25,4522.346788792098
99.82023346303502,0.044511656782430284,2.0,0.0,0.001859922178988327,256984,257000,257000,0,257000,99.99377431906615,100.0,100.0,0.0,20230522_000000,26,24128.703151982954
99.81089494163425,0.044636968051882164,2.0,0.0,0.0019260700389105059,256991,257000,257000,0,257000,99.9964980544747,100.0,100.0,0.0,20230522_000000,27,17456.396457744202
99.83268482490273,0.04199749240727531,2.0,0.0,0.0017042801556420234,256992,257000,257000,0,257000,99.99688715953307,100.0,100.0,0.0,20230522_000000,28,24194.28333179333
99.81517509727627,0.0448132603165778,2.0,0.0,0.0019027237354085603,256986,257000,257000,0,257000,99.99455252918288,100.0,100.0,0.0,20230522_000000,29,13876.114798416847
99.8249027237354,0.042774836902275036,2.0,0.0,0.0017782101167315176,256993,257000,257000,0,257000,99.99727626459143,100.0,100.0,0.0,20230522_000000,30,18899.464373139916
99.81284046692606,0.044941196285365824,2.0,0.0,0.0019221789883268482,256987,257000,257000,0,257000,99.99494163424124,100.0,100.0,0.0,20230522_000000,31,11724.340818996432
99.81322957198444,0.04476933975266114,2.0,0.0,0.001914396887159533,256988,257000,257000,0,257000,99.99533073929962,100.0,100.0,0.0,20230522_000000,32,32301.387297512945
99.82178988326848,0.04340504005129682,2.0,0.0,0.0018171206225680934,256991,257000,257000,0,257000,99.9964980544747,100.0,100.0,0.0,20230522_000000,33,4480.28855352504
99.8035019455253,0.045197862062267696,2.0,0.0,0.0019922178988326846,256993,257000,257000,0,257000,99.99727626459143,100.0,100.0,0.0,20230522_000000,34,15983.990860405369
99.82217898832685,0.0433606714620707,2.0,0.0,0.0018132295719844357,256991,257000,257000,0,257000,99.9964980544747,100.0,100.0,0.0,20230522_000000,35,24478.2725182027
99.81750972762646,0.04481326031657781,2.0,0.0,0.00188715953307393,256984,257000,257000,0,257000,99.99377431906615,100.0,100.0,0.0,20230522_000000,36,27889.401038283973
99.80155642023347,0.04541173089001326,2.0,0.0,0.0020116731517509727,256993,257000,257000,0,257000,99.99727626459143,100.0,100.0,0.0,20230522_000000,37,4950.22465105148
99.80817120622568,0.0453279822477813,2.0,0.0,0.0019649805447470815,256988,257000,257000,0,257000,99.99533073929962,100.0,100.0,0.0,20230522_000000,38,5181.497071786719
99.80389105058366,0.045669398280994006,2.0,0.0,0.0020038910505836578,256989,257000,257000,0,257000,99.99571984435798,100.0,100.0,0.0,20230522_000000,39,22039.42554271904
99.79805447470818,0.04592091871507227,2.0,0.0,0.0020505836575875486,256992,257000,257000,0,257000,99.99688715953307,100.0,100.0,0.0,20230522_000000,40,19316.495687347167
99.82918287937743,0.042272356349171016,2.0,0.0,0.001735408560311284,256993,257000,257000,0,257000,99.99727626459143,100.0,100.0,0.0,20230522_000000,41,12461.843690513708
99.78015564202335,0.04818640029920486,2.0,0.0,0.0022412451361867704,256989,257000,257000,0,257000,99.99571984435798,100.0,100.0,0.0,20230522_000000,42,19299.634417760215
99.82451361867705,0.044291159827465065,2.0,0.0,0.0018249027237354086,256982,257000,257000,0,257000,99.99299610894941,100.0,100.0,0.0,20230522_000000,43,15159.199765570127
99.83852140077822,0.04185844121705792,2.0,0.0,0.00166147859922179,256988,257000,257000,0,257000,99.99533073929962,100.0,100.0,0.0,20230522_000000,44,8142.800517970965
99.82645914396888,0.04313747750869609,2.0,0.0,0.0017782101167315176,256989,257000,257000,0,257000,99.99571984435798,100.0,100.0,0.0,20230522_000000,45,17917.880326620732
99.81789883268483,0.04411574227081202,2.0,0.0,0.0018638132295719844,256989,257000,257000,0,257000,99.99571984435798,100.0,100.0,0.0,20230522_000000,46,30523.45073836928
99.81011673151751,0.044856492192577174,2.0,0.0,0.0019377431906614786,256990,257000,257000,0,257000,99.99610894941634,100.0,100.0,0.0,20230522_000000,47,22033.01909138812
99.79182879377431,0.04634023573151631,2.0,0.0,0.002105058365758755,256994,257000,257000,0,257000,99.99766536964981,100.0,100.0,0.0,20230522_000000,48,3710.101851755643
99.8249027237354,0.04250010558101937,2.0,0.0,0.0017704280155642024,256995,257000,257000,0,257000,99.99805447470817,100.0,100.0,0.0,20230522_000000,49,28656.52832278158
99.81789883268483,0.04358203145170571,2.0,0.0,0.001848249027237354,256993,257000,257000,0,257000,99.99727626459143,100.0,100.0,0.0,20230522_000000,50,24319.430173173056
99.82879377431907,0.04300086245885639,2.0,0.0,0.0017587548638132297,256988,257000,257000,0,257000,99.99533073929962,100.0,100.0,0.0,20230522_000000,51,24893.37575330936
99.8124513618677,0.04446328121021255,2.0,0.0,0.0019105058365758755,256991,257000,257000,0,257000,99.9964980544747,100.0,100.0,0.0,20230522_000000,52,11017.603220529492
99.82023346303502,0.04358235661424926,2.0,0.0,0.0018326848249027238,256991,257000,257000,0,257000,99.9964980544747,100.0,100.0,0.0,20230522_000000,53,9505.882166632839
99.83579766536965,0.04232037107505647,2.0,0.0,0.0016926070038910505,256987,257000,257000,0,257000,99.99494163424124,100.0,100.0,0.0,20230522_000000,54,5122.413347715163
99.80700389105058,0.04558311386686629,2.0,0.0,0.001980544747081712,256987,257000,257000,0,257000,99.99494163424124,100.0,100.0,0.0,20230522_000000,55,105.10929790280824
99.80933852140078,0.045199201953097914,2.0,0.0,0.001953307392996109,256988,257000,257000,0,257000,99.99533073929962,100.0,100.0,0.0,20230522_000000,56,23387.11768170539
99.79922178988326,0.04579517860013943,2.0,0.0,0.002038910505836576,256992,257000,257000,0,257000,99.99688715953307,100.0,100.0,0.0,20230522_000000,57,23309.017503877312
99.82451361867705,0.043494273945415524,2.0,0.0,0.001801556420233463,256988,257000,257000,0,257000,99.99533073929962,100.0,100.0,0.0,20230522_000000,58,31477.511746205262
99.82529182879377,0.04300086245885639,2.0,0.0,0.001782101167315175,256991,257000,257000,0,257000,99.9964980544747,100.0,100.0,0.0,20230522_000000,59,24678.43170289827
99.81712062256808,0.043536217818697015,2.0,0.0,0.0018521400778210117,256994,257000,257000,0,257000,99.99766536964981,100.0,100.0,0.0,20230522_000000,60,16442.794077084887
99.81712062256808,0.04446361082447255,2.0,0.0,0.0018793774319066149,256987,257000,257000,0,257000,99.99494163424124,100.0,100.0,0.0,20230522_000000,61,3446.4337287720687
99.79844357976654,0.04600557441010371,2.0,0.0,0.0020505836575875486,256991,257000,257000,0,257000,99.9964980544747,100.0,100.0,0.0,20230522_000000,62,20252.22266922913
99.82568093385214,0.04336003457009374,2.0,0.0,0.0017898832684824903,256988,257000,257000,0,257000,99.99533073929962,100.0,100.0,0.0,20230522_000000,63,27259.986848609864
99.80428015564202,0.045755179821433914,2.0,0.0,0.0020038910505836578,256988,257000,257000,0,257000,99.99533073929962,100.0,100.0,0.0,20230522_000000,64,16442.185421491617
99.82023346303502,0.043850022045321985,2.0,0.0,0.0018404669260700388,256989,257000,257000,0,257000,99.99571984435798,100.0,100.0,0.0,20230522_000000,65,6442.332763956174
99.82529182879377,0.0430008624588564,2.0,0.0,0.001782101167315175,256991,257000,257000,0,257000,99.9964980544747,100.0,100.0,0.0,20230522_000000,66,12110.3218577221
99.8307392996109,0.042087542117973505,2.0,0.0,0.0017198443579766536,256993,257000,257000,0,257000,99.99727626459143,100.0,100.0,0.0,20230522_000000,67,5232.250169973132
99.77782101167315,0.0485464410439206,2.0,0.0,0.0022684824902723735,256988,257000,257000,0,257000,99.99533073929962,100.0,100.0,0.0,20230522_000000,68,30881.94982700165
99.82334630350195,0.04308997904870434,2.0,0.0,0.0017976653696498055,256992,257000,257000,0,257000,99.99688715953307,100.0,100.0,0.0,20230522_000000,69,29875.795003064683
99.81439688715953,0.04450816202848053,2.0,0.0,0.0018988326848249028,256989,257000,257000,0,257000,99.99571984435798,100.0,100.0,0.0,20230522_000000,70,29748.167296488005
99.80933852140078,0.04493986487328365,2.0,0.0,0.0019455252918287938,256990,257000,257000,0,257000,99.99610894941634,100.0,100.0,0.0,20230522_000000,71,19398.6172014979
99.81906614785993,0.04424544124873832,2.0,0.0,0.001859922178988327,256987,257000,257000,0,257000,99.99494163424124,100.0,100.0,0.0,20230522_000000,72,15824.961671641564
99.79182879377431,0.04696489995125237,2.0,0.0,0.002124513618677043,256989,257000,257000,0,257000,99.99571984435798,100.0,100.0,0.0,20230522_000000,73,3623.171887693149
99.7988326848249,0.04696764392075359,2.0,0.0,0.0020778210116731517,256983,257000,257000,0,257000,99.99338521400777,100.0,100.0,0.0,20230522_000000,74,11756.221087456075
99.76964980544747,0.04914191023782023,2.0,0.0,0.002342412451361868,256990,257000,257000,0,257000,99.99610894941634,100.0,100.0,0.0,20230522_000000,75,31912.58882123219
99.8420233463035,0.041016356727227234,2.0,0.0,0.0016147859922178989,256991,257000,257000,0,257000,99.9964980544747,100.0,100.0,0.0,20230522_000000,76,26129.822377769404
99.82568093385214,0.042684402631198375,2.0,0.0,0.0017704280155642024,256993,257000,257000,0,257000,99.99727626459143,100.0,100.0,0.0,20230522_000000,77,7755.381427229048
99.82879377431907,0.04217957413408583,2.0,0.0,0.001735408560311284,256994,257000,257000,0,257000,99.99766536964981,100.0,100.0,0.0,20230522_000000,78,7801.349136180986
99.82023346303502,0.043583002763385614,2.0,0.0,0.0018326848249027238,256991,257000,257000,0,257000,99.9964980544747,100.0,100.0,0.0,20230522_000000,79,18375.556692196416
99.80389105058366,0.045283869491984596,2.0,0.0,0.0019922178988326846,256992,257000,257000,0,257000,99.99688715953307,100.0,100.0,0.0,20230522_000000,80,2550.7832800607653
99.80778210116732,0.044984630669511035,2.0,0.0,0.0019571984435797665,256991,257000,257000,0,257000,99.9964980544747,100.0,100.0,0.0,20230522_000000,81,23705.023181827804
99.82840466926069,0.04277608562963799,2.0,0.0,0.001754863813229572,256990,257000,257000,0,257000,99.99610894941634,100.0,100.0,0.0,20230522_000000,82,26429.361131769827
99.81789883268483,0.04424641236862525,2.0,0.0,0.001867704280155642,256988,257000,257000,0,257000,99.99533073929962,100.0,100.0,0.0,20230522_000000,83,31674.9617812215
99.81750972762646,0.04349298457089695,2.0,0.0,0.001848249027237354,256994,257000,257000,0,257000,99.99766536964981,100.0,100.0,0.0,20230522_000000,84,17253.287418721953
99.81284046692606,0.0445516896255832,2.0,0.0,0.0019105058365758755,256990,257000,257000,0,257000,99.99610894941634,100.0,100.0,0.0,20230522_000000,85,4073.1314471240535
99.79221789883267,0.04729513962449425,2.0,0.0,0.002132295719844358,256986,257000,257000,0,257000,99.99455252918288,100.0,100.0,0.0,20230522_000000,86,21368.009647141735
99.82295719844359,0.04313590510181102,2.0,0.0,0.001801556420233463,256992,257000,257000,0,257000,99.99688715953307,100.0,100.0,0.0,20230522_000000,87,30666.535038285245
99.82957198443579,0.04236367165942386,2.0,0.0,0.001735408560311284,256992,257000,257000,0,257000,99.99688715953307,100.0,100.0,0.0,20230522_000000,88,5348.131947254046
99.81945525291829,0.043404077314679185,2.0,0.0,0.0018326848249027238,256993,257000,257000,0,257000,99.99727626459143,100.0,100.0,0.0,20230522_000000,89,17090.29862690241
99.79610894941634,0.04600488593502294,2.0,0.0,0.002066147859922179,256993,257000,257000,0,257000,99.99727626459143,100.0,100.0,0.0,20230522_000000,90,19646.363799427385
99.8307392996109,0.043182709682695636,2.0,0.0,0.0017509727626459145,256985,257000,257000,0,257000,99.99416342412452,100.0,100.0,0.0,20230522_000000,91,31233.78579976946
99.83501945525292,0.041858441217057916,2.0,0.0,0.0016848249027237353,256991,257000,257000,0,257000,99.9964980544747,100.0,100.0,0.0,20230522_000000,92,30085.650211354503
99.81284046692606,0.04428890092328271,2.0,0.0,0.0019027237354085603,256992,257000,257000,0,257000,99.99688715953307,100.0,100.0,0.0,20230522_000000,93,24461.529188640467
99.81011673151751,0.04511303310607274,2.0,0.0,0.0019455252918287938,256988,257000,257000,0,257000,99.99533073929962,100.0,100.0,0.0,20230522_000000,94,22343.432868442538
99.82101167315174,0.044028084332910604,2.0,0.0,0.0018404669260700388,256987,257000,257000,0,257000,99.99494163424124,100.0,100.0,0.0,20230522_000000,95,23090.99133166572
99.81089494163425,0.044637631496520516,2.0,0.0,0.0019260700389105059,256991,257000,257000,0,257000,99.9964980544747,100.0,100.0,0.0,20230522_000000,96,12922.562612316735
99.81400778210117,0.04428922773313477,2.0,0.0,0.001894941634241245,256991,257000,257000,0,257000,99.9964980544747,100.0,100.0,0.0,20230522_000000,97,21754.597248764712
99.82217898832685,0.04309061993218114,2.0,0.0,0.0018054474708171207,256993,257000,257000,0,257000,99.99727626459143,100.0,100.0,0.0,20230522_000000,98,12094.343235918768
99.83190661478599,0.04318363317863383,2.0,0.0,0.0017431906614785993,256984,257000,257000,0,257000,99.99377431906615,100.0,100.0,0.0,20230522_000000,99,29136.70097341572
99.83579766536965,0.042732562716323974,2.0,0.0,0.0017042801556420234,256984,257000,257000,0,257000,99.99377431906615,100.0,100.0,0.0,20230522_000000,100,14622.73314737591
99.81439688715953,0.045414731391593535,2.0,0.0,0.0019260700389105059,256982,257000,257000,0,257000,99.99299610894941,100.0,100.0,0.0,20230522_000000,101,8029.167015414665
99.80544747081711,0.045880739493893645,2.0,0.0,0.002,256986,257000,257000,0,257000,99.99455252918288,100.0,100.0,0.0,20230522_000000,102,2073.670730217659
99.79221789883267,0.046549505747501135,2.0,0.0,0.0021089494163424125,256992,257000,257000,0,257000,99.99688715953307,100.0,100.0,0.0,20230522_000000,103,681.257613108623
99.82062256809338,0.04340439962453333,2.0,0.0,0.0018249027237354086,256992,257000,257000,0,257000,99.99688715953307,100.0,100.0,0.0,20230522_000000,104,17940.410268284053
99.8089494163424,0.04446328121021255,2.0,0.0,0.001933852140077821,256994,257000,257000,0,257000,99.99766536964981,100.0,100.0,0.0,20230522_000000,105,19058.39842552245
99.7910505836576,0.04692328217644839,2.0,0.0,0.0021284046692607002,256990,257000,257000,0,257000,99.99610894941634,100.0,100.0,0.0,20230522_000000,106,232.89689304920955
99.81789883268483,0.04437732102603439,2.0,0.0,0.0018715953307392996,256987,257000,257000,0,257000,99.99494163424124,100.0,100.0,0.0,20230522_000000,107,22925.55257681133
99.7727626459144,0.04965336932063647,2.0,0.0,0.00233852140077821,256983,257000,257000,0,257000,99.99338521400777,100.0,100.0,0.0,20230522_000000,108,1906.8035615903623
99.7774319066148,0.049064118053405624,2.0,0.0,0.0022879377431906617,256984,257000,257000,0,257000,99.99377431906615,100.0,100.0,0.0,20230522_000000,109,2182.961826836639
99.76964980544747,0.04973021296623048,2.0,0.0,0.0023618677042801556,256985,257000,257000,0,257000,99.99416342412452,100.0,100.0,0.0,20230522_000000,110,1017.4028854211514
99.81089494163425,0.04502703224293261,2.0,0.0,0.0019377431906614786,256988,257000,257000,0,257000,99.99533073929962,100.0,100.0,0.0,20230522_000000,111,10701.917904339192
99.82256809338521,0.043983400374990184,2.0,0.0,0.0018287937743190661,256986,257000,257000,0,257000,99.99455252918288,100.0,100.0,0.0,20230522_000000,112,16652.488408360583
99.79455252918288,0.04642482209929182,2.0,0.0,0.0020894941634241244,256991,257000,257000,0,257000,99.9964980544747,100.0,100.0,0.0,20230522_000000,113,9019.321625283746
99.83618677042801,0.04171830779655503,2.0,0.0,0.0016731517509727626,256991,257000,257000,0,257000,99.9964980544747,100.0,100.0,0.0,20230522_000000,114,15721.604798486094
99.79805447470818,0.045920918715072256,2.0,0.0,0.0020505836575875486,256992,257000,257000,0,257000,99.99688715953307,100.0,100.0,0.0,20230522_000000,115,17464.708570013314
99.82373540856031,0.04318018521943942,2.0,0.0,0.0017976653696498055,256991,257000,257000,0,257000,99.9964980544747,100.0,100.0,0.0,20230522_000000,116,23427.942903752883
99.82568093385214,0.043894844883874136,2.0,0.0,0.0018054474708171207,256984,257000,257000,0,257000,99.99377431906615,100.0,100.0,0.0,20230522_000000,117,28578.62303765821
99.81206225680934,0.045029001271433236,2.0,0.0,0.0019299610894941634,256987,257000,257000,0,257000,99.99494163424124,100.0,100.0,0.0,20230522_000000,118,18662.342911160507
99.81712062256808,0.0438041776247475,2.0,0.0,0.001859922178988327,256992,257000,257000,0,257000,99.99688715953307,100.0,100.0,0.0,20230522_000000,119,7870.194686712725
99.81867704280155,0.044026816093832064,2.0,0.0,0.0018560311284046692,256989,257000,257000,0,257000,99.99571984435798,100.0,100.0,0.0,20230522_000000,120,15318.6476760895
99.8182879377432,0.0445954996420131,2.0,0.0,0.0018754863813229571,256985,257000,257000,0,257000,99.99416342412452,100.0,100.0,0.0,20230522_000000,121,13183.858032606515
99.79727626459145,0.04650993303493374,2.0,0.0,0.002073929961089494,256988,257000,257000,0,257000,99.99533073929962,100.0,100.0,0.0,20230522_000000,122,3055.0238967790815
99.80038910505836,0.045667720763890335,2.0,0.0,0.002027237354085603,256992,257000,257000,0,257000,99.99688715953307,100.0,100.0,0.0,20230522_000000,123,21343.13329128091
99.81750972762646,0.04349395369397342,2.0,0.0,0.001848249027237354,256994,257000,257000,0,257000,99.99766536964981,100.0,100.0,0.0,20230522_000000,124,11474.989586702468
99.82957198443579,0.042775464102094436,2.0,0.0,0.0017470817120622568,256989,257000,257000,0,257000,99.99571984435798,100.0,100.0,0.0,20230522_000000,125,13314.780516698915
99.83424124513618,0.04181209041212135,2.0,0.0,0.001688715953307393,256992,257000,257000,0,257000,99.99688715953307,100.0,100.0,0.0,20230522_000000,126,27977.94460619471
99.8147859922179,0.044068218056352845,2.0,0.0,0.0018832684824902724,256992,257000,257000,0,257000,99.99688715953307,100.0,100.0,0.0,20230522_000000,127,1754.4964120755387
99.82529182879377,0.043405990209543034,2.0,0.0,0.0017937743190661478,256988,257000,257000,0,257000,99.99533073929962,100.0,100.0,0.0,20230522_000000,128,21164.116353952457
99.79571984435798,0.046424822099291815,2.0,0.0,0.0020817120622568094,256990,257000,257000,0,257000,99.99610894941634,100.0,100.0,0.0,20230522_000000,129,20928.469784941954
99.78599221789884,0.047211751470407334,2.0,0.0,0.0021712062256809338,256992,257000,257000,0,257000,99.99688715953307,100.0,100.0,0.0,20230522_000000,130,1963.123288006318
99.82334630350195,0.04389579064836995,2.0,0.0,0.001821011673151751,256986,257000,257000,0,257000,99.99455252918288,100.0,100.0,0.0,20230522_000000,131,23585.381702433024
99.83424124513618,0.04222802134380642,2.0,0.0,0.0017003891050583657,256989,257000,257000,0,257000,99.99571984435798,100.0,100.0,0.0,20230522_000000,132,25929.5902417887
99.81556420233463,0.04502932472723914,2.0,0.0,0.001906614785992218,256984,257000,257000,0,257000,99.99377431906615,100.0,100.0,0.0,20230522_000000,133,3539.005416344712
99.82256809338521,0.04290899779863366,2.0,0.0,0.0017976653696498055,256994,257000,257000,0,257000,99.99766536964981,100.0,100.0,0.0,20230522_000000,134,6205.21925652389
99.80856031128404,0.046430196320963166,2.0,0.0,0.0019961089494163423,256979,257000,257000,0,257000,99.99182879377432,100.0,100.0,0.0,20230522_000000,135,17369.222997648234
99.80389105058366,0.04541139082065992,2.0,0.0,0.0019961089494163423,256991,257000,257000,0,257000,99.9964980544747,100.0,100.0,0.0,20230522_000000,136,4540.224238305555
99.82762645914397,0.04327115855453804,2.0,0.0,0.0017743190661478599,256987,257000,257000,0,257000,99.99494163424124,100.0,100.0,0.0,20230522_000000,137,5942.810503076911
99.80544747081711,0.044853197808647674,2.0,0.0,0.001968871595330739,256994,257000,257000,0,257000,99.99766536964981,100.0,100.0,0.0,20230522_000000,138,14983.59787937053
99.82101167315174,0.04349330900674515,2.0,0.0,0.0018249027237354086,256991,257000,257000,0,257000,99.9964980544747,100.0,100.0,0.0,20230522_000000,139,28322.851080437944
99.79377431906616,0.047129961449288854,2.0,0.0,0.0021167315175097275,256986,257000,257000,0,257000,99.99455252918288,100.0,100.0,0.0,20230522_000000,140,2441.565764666484
99.82412451361867,0.04433490491531499,2.0,0.0,0.0018287937743190661,256982,257000,257000,0,257000,99.99299610894941,100.0,100.0,0.0,20230522_000000,141,26170.224462370385
99.82801556420233,0.042134217304487076,2.0,0.0,0.0017392996108949415,256995,257000,257000,0,257000,99.99805447470817,100.0,100.0,0.0,20230522_000000,142,27723.055713265658
99.81517509727627,0.04375924945970289,2.0,0.0,0.0018715953307392996,256994,257000,257000,0,257000,99.99766536964981,100.0,100.0,0.0,20230522_000000,143,3171.067888993432
99.79066147859922,0.0468413284894482,2.0,0.0,0.0021284046692607002,256991,257000,257000,0,257000,99.9964980544747,100.0,100.0,0.0,20230522_000000,144,21121.66882682413
99.81167315175097,0.044288572743598736,2.0,0.0,0.0019105058365758755,256993,257000,257000,0,257000,99.99727626459143,100.0,100.0,0.0,20230522_000000,145,17508.56213919268
99.78287937743191,0.04753745338976284,2.0,0.0,0.0022023346303501946,256992,257000,257000,0,257000,99.99688715953307,100.0,100.0,0.0,20230522_000000,146,477.9774561811295
99.78832684824903,0.04758065989826352,2.0,0.0,0.0021673151750972765,256987,257000,257000,0,257000,99.99494163424124,100.0,100.0,0.0,20230522_000000,147,3020.594795042078
99.82723735408561,0.04250074538480847,2.0,0.0,0.001754863813229572,256993,257000,257000,0,257000,99.99727626459143,100.0,100.0,0.0,20230522_000000,148,24406.479544189253
99.80428015564202,0.045752844949095525,2.0,0.0,0.0020038910505836578,256988,257000,257000,0,257000,99.99533073929962,100.0,100.0,0.0,20230522_000000,149,7655.858939666181
99.82140077821012,0.04331498197742002,2.0,0.0,0.0018171206225680934,256992,257000,257000,0,257000,99.99688715953307,100.0,100.0,0.0,20230522_000000,150,13162.938508964662
99.7805447470817,0.04850868002460549,2.0,0.0,0.0022490272373540854,256986,257000,257000,0,257000,99.99455252918288,100.0,100.0,0.0,20230522_200000,1,6896.903412689054
99.80505836575875,0.04604903493752118,2.0,0.0,0.002007782101167315,256985,257000,257000,0,257000,99.99416342412452,100.0,100.0,0.0,20230522_200000,2,12388.710845664928
99.82684824902724,0.04349554100408754,2.0,0.0,0.0017859922178988328,256986,257000,257000,0,257000,99.99455252918288,100.0,100.0,0.0,20230522_200000,3,12930.20137703514
99.815953307393,0.043268255045171,2.0,0.0,0.0018521400778210117,256997,257000,257000,0,257000,99.9988326848249,100.0,100.0,0.0,20230522_200000,4,2358.920675441077
99.80544747081711,0.04537004958744242,2.0,0.0,0.0019844357976653696,256990,257000,257000,0,257000,99.99610894941634,100.0,100.0,0.0,20230522_200000,5,30.882261019237877
99.81167315175097,0.044682015966532554,2.0,0.0,0.0019221789883268482,256990,257000,257000,0,257000,99.99610894941634,100.0,100.0,0.0,20230522_200000,6,5593.962942718187
99.83268482490273,0.04129693080748256,2.0,0.0,0.0016848249027237353,256997,257000,257000,0,257000,99.9988326848249,100.0,100.0,0.0,20230522_200000,7,13275.150957958129
99.815953307393,0.04446459148054893,2.0,0.0,0.00188715953307393,256988,257000,257000,0,257000,99.99533073929962,100.0,100.0,0.0,20230522_200000,8,11249.333424146174
99.81284046692606,0.044551363381685444,2.0,0.0,0.0019105058365758755,256990,257000,257000,0,257000,99.99610894941634,100.0,100.0,0.0,20230522_200000,9,4087.050952351474
99.81517509727627,0.04375924945970288,2.0,0.0,0.0018715953307392996,256994,257000,257000,0,257000,99.99766536964981,100.0,100.0,0.0,20230522_200000,10,9980.763063583128
99.77315175097277,0.04984835153509949,2.0,0.0,0.002342412451361868,256981,257000,257000,0,257000,99.99260700389105,100.0,100.0,0.0,20230522_200000,11,10466.680187928796
99.81011673151751,0.045754850246336305,2.0,0.0,0.0019649805447470815,256983,257000,257000,0,257000,99.99338521400777,100.0,100.0,0.0,20230522_200000,12,11224.003980122867
99.79143968871595,0.04675853176817806,2.0,0.0,0.0021206225680933852,256991,257000,257000,0,257000,99.9964980544747,100.0,100.0,0.0,20230522_200000,13,9483.292157630278
99.78287937743191,0.048507968397750734,2.0,0.0,0.0022334630350194554,256984,257000,257000,0,257000,99.99377431906615,100.0,100.0,0.0,20230522_200000,14,6973.027986183232
99.80817120622568,0.04494086545740279,2.0,0.0,0.001953307392996109,256991,257000,257000,0,257000,99.9964980544747,100.0,100.0,0.0,20230522_200000,15,2720.8566422107046
99.8,0.04659419574095099,2.0,0.0,0.002058365758754864,256985,257000,257000,0,257000,99.99416342412452,100.0,100.0,0.0,20230522_200000,16,3119.2184724782987
99.81050583657589,0.04481130208036453,2.0,0.0,0.001933852140077821,256990,257000,257000,0,257000,99.99610894941634,100.0,100.0,0.0,20230522_200000,17,837.9486078805859
99.80428015564202,0.045111351680898214,2.0,0.0,0.0019844357976653696,256993,257000,257000,0,257000,99.99727626459143,100.0,100.0,0.0,20230522_200000,18,10541.642297689414
99.82295719844359,0.04367219059127437,2.0,0.0,0.0018171206225680934,256988,257000,257000,0,257000,99.99533073929962,100.0,100.0,0.0,20230522_200000,19,873.4000841155186
99.82178988326848,0.044598052626223995,2.0,0.0,0.0018521400778210117,256982,257000,257000,0,257000,99.99299610894941,100.0,100.0,0.0,20230522_200000,20,4493.329714380681
99.82762645914397,0.0432714741568557,2.0,0.0,0.0017743190661478599,256987,257000,257000,0,257000,99.99494163424124,100.0,100.0,0.0,20230522_200000,21,718.4394083179267
99.81206225680934,0.044506850319421844,2.0,0.0,0.001914396887159533,256991,257000,257000,0,257000,99.9964980544747,100.0,100.0,0.0,20230522_200000,22,6831.425873136819
99.82996108949416,0.04231851214535276,2.0,0.0,0.0017315175097276266,256992,257000,257000,0,257000,99.99688715953307,100.0,100.0,0.0,20230522_200000,23,13172.978810561974
99.79299610894941,0.047213141956082824,2.0,0.0,0.002124513618677043,256986,257000,257000,0,257000,99.99455252918288,100.0,100.0,0.0,20230522_200000,24,7609.975266156316
99.81556420233463,0.04528781722376444,2.0,0.0,0.001914396887159533,256982,257000,257000,0,257000,99.99299610894941,100.0,100.0,0.0,20230522_200000,25,814.9706183525917
99.79221789883267,0.04766579194603687,2.0,0.0,0.0021439688715953306,256983,257000,257000,0,257000,99.99338521400777,100.0,100.0,0.0,20230522_200000,26,7276.1667049217
99.80272373540856,0.04554024431025015,2.0,0.0,0.002007782101167315,256991,257000,257000,0,257000,99.9964980544747,100.0,100.0,0.0,20230522_200000,27,12198.035989690572
99.82334630350195,0.04349491026410962,2.0,0.0,0.0018093385214007782,256989,257000,257000,0,257000,99.99571984435798,100.0,100.0,0.0,20230522_200000,28,981.7736549799367
99.81167315175097,0.044550044788257415,2.0,0.0,0.0019182879377431907,256991,257000,257000,0,257000,99.9964980544747,100.0,100.0,0.0,20230522_200000,29,973.7432504478497
99.80856031128404,0.045542247000627804,2.0,0.0,0.001968871595330739,256986,257000,257000,0,257000,99.99455252918288,100.0,100.0,0.0,20230522_200000,30,12348.145525828015
99.81439688715953,0.04424511479984576,2.0,0.0,0.0018910505836575876,256991,257000,257000,0,257000,99.9964980544747,100.0,100.0,0.0,20230522_200000,31,5785.29609928828
99.81400778210117,0.045329299588032175,2.0,0.0,0.0019260700389105059,256983,257000,257000,0,257000,99.99338521400777,100.0,100.0,0.0,20230522_200000,32,13491.189310938393
99.82062256809338,0.0438057917123479,2.0,0.0,0.0018365758754863813,256989,257000,257000,0,257000,99.99571984435798,100.0,100.0,0.0,20230522_200000,33,8162.309276459913
99.76964980544747,0.04996439117179936,2.0,0.0,0.002369649805447471,256983,257000,257000,0,257000,99.99338521400777,100.0,100.0,0.0,20230522_200000,34,8294.752255963314
99.83112840466926,0.04190412183820878,2.0,0.0,0.0017120622568093384,256994,257000,257000,0,257000,99.99766536964981,100.0,100.0,0.0,20230522_200000,35,569.4185372777147
99.80466926070038,0.0457128041603315,2.0,0.0,0.002,256988,257000,257000,0,257000,99.99533073929962,100.0,100.0,0.0,20230522_200000,36,1174.658233930576
99.80272373540856,0.04515462775706378,2.0,0.0,0.0019961089494163423,256994,257000,257000,0,257000,99.99766536964981,100.0,100.0,0.0,20230522_200000,37,9418.842700562302
99.81011673151751,0.0445935277690667,2.0,0.0,0.0019299610894941634,256992,257000,257000,0,257000,99.99688715953307,100.0,100.0,0.0,20230522_200000,38,8098.571364838113
99.81673151750972,0.0447686877291503,2.0,0.0,0.0018910505836575876,256985,257000,257000,0,257000,99.99416342412452,100.0,100.0,0.0,20230522_200000,39,4532.947153154546
99.79727626459145,0.04638579549114477,2.0,0.0,0.0020700389105058367,256989,257000,257000,0,257000,99.99571984435798,100.0,100.0,0.0,20230522_200000,40,3736.250886608851
99.78599221789884,0.04758135611976679,2.0,0.0,0.0021828793774319065,256989,257000,257000,0,257000,99.99571984435798,100.0,100.0,0.0,20230522_200000,41,9595.833766502114
99.81050583657589,0.044551035776034066,2.0,0.0,0.0019260700389105059,256992,257000,257000,0,257000,99.99688715953307,100.0,100.0,0.0,20230522_200000,42,4501.626386135014
99.80311284046692,0.04600794252774483,2.0,0.0,0.0020194552529182877,256987,257000,257000,0,257000,99.99494163424124,100.0,100.0,0.0,20230522_200000,43,3805.7247355492377
99.8023346303502,0.04583781105270289,2.0,0.0,0.0020194552529182877,256989,257000,257000,0,257000,99.99571984435798,100.0,100.0,0.0,20230522_200000,44,1875.2240263221959
99.82645914396888,0.04217925466913772,2.0,0.0,0.0017509727626459145,256996,257000,257000,0,257000,99.99844357976654,100.0,100.0,0.0,20230522_200000,45,9248.735302465842
99.79844357976654,0.046132778160334335,2.0,0.0,0.0020544747081712063,256990,257000,257000,0,257000,99.99610894941634,100.0,100.0,0.0,20230522_200000,46,6551.1136757894365
99.82568093385214,0.043091570698990056,2.0,0.0,0.001782101167315175,256990,257000,257000,0,257000,99.99610894941634,100.0,100.0,0.0,20230522_200000,47,13310.974656676608
99.81284046692606,0.04442032617192207,2.0,0.0,0.001906614785992218,256991,257000,257000,0,257000,99.9964980544747,100.0,100.0,0.0,20230522_200000,48,13407.200870509429
99.83151750972763,0.04227267081263703,2.0,0.0,0.0017198443579766536,256991,257000,257000,0,257000,99.9964980544747,100.0,100.0,0.0,20230522_200000,49,133.4718662374824
99.82062256809338,0.04433458595517708,2.0,0.0,0.0018521400778210117,256985,257000,257000,0,257000,99.99416342412452,100.0,100.0,0.0,20230522_200000,50,8899.969812705034
99.8089494163424,0.04446261788815888,2.0,0.0,0.001933852140077821,256994,257000,257000,0,257000,99.99766536964981,100.0,100.0,0.0,20230522_200000,51,8066.572954714819
99.81945525291829,0.043539458846848386,2.0,0.0,0.0018365758754863813,256992,257000,257000,0,257000,99.99688715953307,100.0,100.0,0.0,20230522_200000,52,1432.5313345915038
99.79571984435798,0.046298756582525885,2.0,0.0,0.0020778210116731517,256991,257000,257000,0,257000,99.9964980544747,100.0,100.0,0.0,20230522_200000,53,7703.225741968116
99.77626459143968,0.048945195855242596,2.0,0.0,0.002291828793774319,256986,257000,257000,0,257000,99.99455252918288,100.0,100.0,0.0,20230522_200000,54,7248.31589633071
99.80272373540856,0.045922282347332526,2.0,0.0,0.0020194552529182877,256988,257000,257000,0,257000,99.99533073929962,100.0,100.0,0.0,20230522_200000,55,1897.8377402107435
99.7875486381323,0.04729374642751307,2.0,0.0,0.0021634241245136188,256990,257000,257000,0,257000,99.99610894941634,100.0,100.0,0.0,20230522_200000,56,5000.598587371572
99.81906614785993,0.044639910740394466,2.0,0.0,0.0018715953307392996,256984,257000,257000,0,257000,99.99377431906615,100.0,100.0,0.0,20230522_200000,57,985.6419478519559
99.82879377431907,0.04245760278248569,2.0,0.0,0.0017431906614785993,256992,257000,257000,0,257000,99.99688715953307,100.0,100.0,0.0,20230522_200000,58,3500.1071197285064
99.80972762645915,0.0450286764683587,2.0,0.0,0.0019455252918287938,256989,257000,257000,0,257000,99.99571984435798,100.0,100.0,0.0,20230522_200000,59,4083.2993413522577
99.80933852140078,0.04519853469242949,2.0,0.0,0.001953307392996109,256988,257000,257000,0,257000,99.99533073929962,100.0,100.0,0.0,20230522_200000,60,6278.308562054467
99.79221789883267,0.04815175191604763,2.0,0.0,0.002159533073929961,256979,257000,257000,0,257000,99.99182879377432,100.0,100.0,0.0,20230522_200000,61,7783.226963284016
99.81284046692606,0.04455136338168544,2.0,0.0,0.0019105058365758755,256990,257000,257000,0,257000,99.99610894941634,100.0,100.0,0.0,20230522_200000,62,4334.465624601534
99.8260700389105,0.04345094565187346,2.0,0.0,0.0017898832684824903,256987,257000,257000,0,257000,99.99494163424124,100.0,100.0,0.0,20230522_200000,63,14096.650229283237
99.80933852140078,0.04494152576334037,2.0,0.0,0.0019455252918287938,256990,257000,257000,0,257000,99.99610894941634,100.0,100.0,0.0,20230522_200000,64,11564.12798710296
99.79494163424124,0.04750157053847329,2.0,0.0,0.0021206225680933852,256982,257000,257000,0,257000,99.99299610894941,100.0,100.0,0.0,20230522_200000,65,7578.662243605326
99.78677042801556,0.04798746079536386,2.0,0.0,0.002190661478599222,256985,257000,257000,0,257000,99.99416342412452,100.0,100.0,0.0,20230522_200000,66,9569.143982793898
99.81206225680934,0.04424478697977101,2.0,0.0,0.001906614785992218,256993,257000,257000,0,257000,99.99727626459143,100.0,100.0,0.0,20230522_200000,67,7946.341503512103
99.82645914396888,0.043001493403715785,2.0,0.0,0.0017743190661478599,256990,257000,257000,0,257000,99.99610894941634,100.0,100.0,0.0,20230522_200000,68,13350.200533040117
99.80933852140078,0.04494283017594503,2.0,0.0,0.0019455252918287938,256990,257000,257000,0,257000,99.99610894941634,100.0,100.0,0.0,20230522_200000,69,1484.1873994841344
99.82178988326848,0.043672190591274376,2.0,0.0,0.0018249027237354086,256989,257000,257000,0,257000,99.99571984435798,100.0,100.0,0.0,20230522_200000,70,12581.803154141628
99.81050583657589,0.045200192776820365,2.0,0.0,0.0019455252918287938,256987,257000,257000,0,257000,99.99494163424124,100.0,100.0,0.0,20230522_200000,71,3789.2677230675654
99.8147859922179,0.044985612083799004,2.0,0.0,0.0019105058365758755,256985,257000,257000,0,257000,99.99416342412452,100.0,100.0,0.0,20230522_200000,72,12747.8036659778
99.80466926070038,0.045965133874216836,2.0,0.0,0.002007782101167315,256986,257000,257000,0,257000,99.99455252918288,100.0,100.0,0.0,20230522_200000,73,10637.34624807975
99.82918287937743,0.04281982206646955,2.0,0.0,0.0017509727626459145,256989,257000,257000,0,257000,99.99571984435798,100.0,100.0,0.0,20230522_200000,74,2227.257651256063
99.80155642023347,0.04592527322870583,2.0,0.0,0.002027237354085603,256989,257000,257000,0,257000,99.99571984435798,100.0,100.0,0.0,20230522_200000,75,4037.0038574487094
99.81011673151751,0.0449843008341134,2.0,0.0,0.001941634241245136,256989,257000,257000,0,257000,99.99571984435798,100.0,100.0,0.0,20230522_200000,76,3017.90169407388
99.81712062256808,0.04353753095102142,2.0,0.0,0.0018521400778210117,256994,257000,257000,0,257000,99.99766536964981,100.0,100.0,0.0,20230522_200000,77,4912.78876350181
99.78249027237354,0.04878773428381688,2.0,0.0,0.002245136186770428,256982,257000,257000,0,257000,99.99299610894941,100.0,100.0,0.0,20230522_200000,78,9850.458861465464
99.8112840466926,0.0451150064353252,2.0,0.0,0.0019377431906614786,256987,257000,257000,0,257000,99.99494163424124,100.0,100.0,0.0,20230522_200000,79,12220.534818935104
99.77120622568093,0.04898292791122117,2.0,0.0,0.0023268482490272375,256990,257000,257000,0,257000,99.99610894941634,100.0,100.0,0.0,20230522_200000,80,7241.50098442796
99.80972762645915,0.044899033323521874,2.0,0.0,0.001941634241245136,256990,257000,257000,0,257000,99.99610894941634,100.0,100.0,0.0,20230522_200000,81,3598.0652996574427
99.80428015564202,0.044852522700101205,2.0,0.0,0.0019766536964980546,256995,257000,257000,0,257000,99.99805447470817,100.0,100.0,0.0,20230522_200000,82,13012.102814219697
99.83852140077822,0.042959748521557636,2.0,0.0,0.0016926070038910505,256980,257000,257000,0,257000,99.99221789883268,100.0,100.0,0.0,20230522_200000,83,727.8465483967392
99.77548638132295,0.048906329202044074,2.0,0.0,0.0022957198443579767,256987,257000,257000,0,257000,99.99494163424124,100.0,100.0,0.0,20230522_200000,84,9088.027561046134
99.81167315175097,0.044811960241075165,2.0,0.0,0.0019260700389105059,256989,257000,257000,0,257000,99.99571984435798,100.0,100.0,0.0,20230522_200000,85,11882.899424525158
99.81556420233463,0.04437732102603439,2.0,0.0,0.00188715953307393,256989,257000,257000,0,257000,99.99571984435798,100.0,100.0,0.0,20230522_200000,86,631.6751230567887
99.81867704280155,0.04389291604060666,2.0,0.0,0.0018521400778210117,256990,257000,257000,0,257000,99.99610894941634,100.0,100.0,0.0,20230522_200000,87,4779.198085133703
99.80038910505836,0.04667695441273617,2.0,0.0,0.002058365758754864,256984,257000,257000,0,257000,99.99377431906615,100.0,100.0,0.0,20230522_200000,88,1874.38409853399
99.83035019455254,0.04227267081263703,2.0,0.0,0.0017276264591439688,256992,257000,257000,0,257000,99.99688715953307,100.0,100.0,0.0,20230522_200000,89,14038.545082459561
99.82217898832685,0.04376119664963366,2.0,0.0,0.0018249027237354086,256988,257000,257000,0,257000,99.99533073929962,100.0,100.0,0.0,20230522_200000,90,2315.1465560522406
99.81556420233463,0.044507508900171425,2.0,0.0,0.0018910505836575876,256988,257000,257000,0,257000,99.99533073929962,100.0,100.0,0.0,20230522_200000,91,6330.619213942267
99.81634241245136,0.04429052127482795,2.0,0.0,0.0018793774319066149,256989,257000,257000,0,257000,99.99571984435798,100.0,100.0,0.0,20230522_200000,92,10110.803177177148
99.79455252918288,0.04654950574750113,2.0,0.0,0.002093385214007782,256990,257000,257000,0,257000,99.99610894941634,100.0,100.0,0.0,20230522_200000,93,8036.673558492566
99.80661478599222,0.04638712717971878,2.0,0.0,0.002007782101167315,256981,257000,257000,0,257000,99.99260700389105,100.0,100.0,0.0,20230522_200000,94,1602.928961083992
99.80155642023347,0.04528285241386805,2.0,0.0,0.002007782101167315,256994,257000,257000,0,257000,99.99766536964981,100.0,100.0,0.0,20230522_200000,95,13540.689854660244
99.79143968871595,0.04725346538365656,2.0,0.0,0.0021361867704280156,256987,257000,257000,0,257000,99.99494163424124,100.0,100.0,0.0,20230522_200000,96,9900.929169174198
99.81322957198444,0.04437601363780705,2.0,0.0,0.0019027237354085603,256991,257000,257000,0,257000,99.9964980544747,100.0,100.0,0.0,20230522_200000,97,2135.6498023362274
99.82529182879377,0.04286443753801629,2.0,0.0,0.0017782101167315176,256992,257000,257000,0,257000,99.99688715953307,100.0,100.0,0.0,20230522_200000,98,516.2111621355809
99.82529182879377,0.04327115855453804,2.0,0.0,0.0017898832684824903,256989,257000,257000,0,257000,99.99571984435798,100.0,100.0,0.0,20230522_200000,99,5290.126626090683
99.8124513618677,0.04433231491997918,2.0,0.0,0.001906614785992218,256992,257000,257000,0,257000,99.99688715953307,100.0,100.0,0.0,20230522_200000,100,7916.5795861623255
99.815953307393,0.04433264345888512,2.0,0.0,0.0018832684824902724,256989,257000,257000,0,257000,99.99571984435798,100.0,100.0,0.0,20230522_200000,101,6157.984022155698
99.82178988326848,0.04393961889751176,2.0,0.0,0.0018326848249027238,256987,257000,257000,0,257000,99.99494163424124,100.0,100.0,0.0,20230522_200000,102,599.3238798433952
99.8249027237354,0.042774521175184,2.0,0.0,0.0017782101167315176,256993,257000,257000,0,257000,99.99727626459143,100.0,100.0,0.0,20230522_200000,103,5224.726911608925
99.83774319066147,0.04125056861662297,2.0,0.0,0.0016498054474708172,256993,257000,257000,0,257000,99.99727626459143,100.0,100.0,0.0,20230522_200000,104,13369.285014739933
99.82684824902724,0.04254853476223925,2.0,0.0,0.0017587548638132297,256993,257000,257000,0,257000,99.99727626459143,100.0,100.0,0.0,20230522_200000,105,13929.628085167307
99.83463035019456,0.042181770120911136,2.0,0.0,0.0016964980544747082,256989,257000,257000,0,257000,99.99571984435798,100.0,100.0,0.0,20230522_200000,106,571.613813577534
99.81556420233463,0.043981799690241054,2.0,0.0,0.0018754863813229571,256992,257000,257000,0,257000,99.99688715953307,100.0,100.0,0.0,20230522_200000,107,5126.690679684106
99.75291828793775,0.05126535192401031,2.0,0.0,0.0025252918287937743,256986,257000,257000,0,257000,99.99455252918288,100.0,100.0,0.0,20230522_200000,108,9772.65151011394
99.79260700389105,0.04786654662958286,2.0,0.0,0.0021478599221789883,256981,257000,257000,0,257000,99.99260700389105,100.0,100.0,0.0,20230522_200000,109,9555.82190758606
99.80739299610894,0.04630217046772817,2.0,0.0,0.002,256981,257000,257000,0,257000,99.99260700389105,100.0,100.0,0.0,20230522_200000,110,5067.507476758252
99.8035019455253,0.04634500167553706,2.0,0.0,0.002027237354085603,256984,257000,257000,0,257000,99.99377431906615,100.0,100.0,0.0,20230522_200000,111,8022.011062293365
99.79727626459145,0.046759902057214656,2.0,0.0,0.0020817120622568094,256986,257000,257000,0,257000,99.99455252918288,100.0,100.0,0.0,20230522_200000,112,12532.883902896754
99.8124513618677,0.0440692054496212,2.0,0.0,0.0018988326848249028,256994,257000,257000,0,257000,99.99766536964981,100.0,100.0,0.0,20230522_200000,113,13953.136860347076
99.7976653696498,0.04634299055136721,2.0,0.0,0.002066147859922179,256989,257000,257000,0,257000,99.99571984435798,100.0,100.0,0.0,20230522_200000,114,10738.51521246463
99.82957198443579,0.0429112256113871,2.0,0.0,0.0017509727626459145,256988,257000,257000,0,257000,99.99533073929962,100.0,100.0,0.0,20230522_200000,115,13264.344049776606
99.7976653696498,0.04659520174145241,2.0,0.0,0.002073929961089494,256987,257000,257000,0,257000,99.99494163424124,100.0,100.0,0.0,20230522_200000,116,3391.972496182251
99.81906614785993,0.044246412368625254,2.0,0.0,0.001859922178988327,256987,257000,257000,0,257000,99.99494163424124,100.0,100.0,0.0,20230522_200000,117,2328.3253190150845
99.79533073929962,0.046591802828191635,2.0,0.0,0.0020894941634241244,256989,257000,257000,0,257000,99.99571984435798,100.0,100.0,0.0,20230522_200000,118,11460.781364506016
99.82023346303502,0.04384970162983415,2.0,0.0,0.0018404669260700388,256989,257000,257000,0,257000,99.99571984435798,100.0,100.0,0.0,20230522_200000,119,2536.8063619504223
99.80389105058366,0.04617644651695084,2.0,0.0,0.0020194552529182877,256985,257000,257000,0,257000,99.99416342412452,100.0,100.0,0.0,20230522_200000,120,5907.354311549208
99.82217898832685,0.04362873568926471,2.0,0.0,0.001821011673151751,256989,257000,257000,0,257000,99.99571984435798,100.0,100.0,0.0,20230522_200000,121,2569.87958545607
99.82801556420233,0.04376278118588502,2.0,0.0,0.0017859922178988328,256983,257000,257000,0,257000,99.99338521400777,100.0,100.0,0.0,20230522_200000,122,13246.053966220865
99.79610894941634,0.0465078665387602,2.0,0.0,0.0020817120622568094,256989,257000,257000,0,257000,99.99571984435798,100.0,100.0,0.0,20230522_200000,123,11210.033716803267
99.82412451361867,0.04313590510181101,2.0,0.0,0.0017937743190661478,256991,257000,257000,0,257000,99.9964980544747,100.0,100.0,0.0,20230522_200000,124,5899.026250350661
99.78949416342412,0.04684028510847562,2.0,0.0,0.0021361867704280156,256992,257000,257000,0,257000,99.99688715953307,100.0,100.0,0.0,20230522_200000,125,9598.429348441283
99.81089494163425,0.044636968051882164,2.0,0.0,0.0019260700389105059,256991,257000,257000,0,257000,99.9964980544747,100.0,100.0,0.0,20230522_200000,126,10531.904416325808
99.81439688715953,0.04398147541539575,2.0,0.0,0.0018832684824902724,256993,257000,257000,0,257000,99.99727626459143,100.0,100.0,0.0,20230522_200000,127,3555.7402307301177
99.81867704280155,0.044026173707171525,2.0,0.0,0.0018560311284046692,256989,257000,257000,0,257000,99.99571984435798,100.0,100.0,0.0,20230522_200000,128,2280.9866942279173
99.79299610894941,0.047581356119766785,2.0,0.0,0.0021361867704280156,256983,257000,257000,0,257000,99.99338521400777,100.0,100.0,0.0,20230522_200000,129,10047.913879668668
99.82412451361867,0.04380705805550297,2.0,0.0,0.0018132295719844357,256986,257000,257000,0,257000,99.99455252918288,100.0,100.0,0.0,20230522_200000,130,5481.057801368875
99.81634241245136,0.04442162407602447,2.0,0.0,0.0018832684824902724,256988,257000,257000,0,257000,99.99533073929962,100.0,100.0,0.0,20230522_200000,131,554.8461786353882
99.81167315175097,0.04481063850403027,2.0,0.0,0.0019260700389105059,256989,257000,257000,0,257000,99.99571984435798,100.0,100.0,0.0,20230522_200000,132,6744.0466221200695
99.81050583657589,0.04494086545740282,2.0,0.0,0.0019377431906614786,256989,257000,257000,0,257000,99.99571984435798,100.0,100.0,0.0,20230522_200000,133,2859.479508608973
99.79961089494164,0.04638512179883293,2.0,0.0,0.0020544747081712063,256987,257000,257000,0,257000,99.99494163424124,100.0,100.0,0.0,20230522_200000,134,13159.578840816204
99.81400778210117,0.04442065269653476,2.0,0.0,0.0018988326848249028,256990,257000,257000,0,257000,99.99610894941634,100.0,100.0,0.0,20230522_200000,135,5009.9059054611225
99.81712062256808,0.043937704424864145,2.0,0.0,0.0018638132295719844,256991,257000,257000,0,257000,99.9964980544747,100.0,100.0,0.0,20230522_200000,136,11756.645266560541
99.82373540856031,0.04304464380387269,2.0,0.0,0.0017937743190661478,256992,257000,257000,0,257000,99.99688715953307,100.0,100.0,0.0,20230522_200000,137,12484.316457845182
99.78482490272373,0.04758065989826352,2.0,0.0,0.002190661478599222,256990,257000,257000,0,257000,99.99610894941634,100.0,100.0,0.0,20230522_200000,138,3194.048584364831
99.80856031128404,0.044897054548416665,2.0,0.0,0.0019494163424124513,256991,257000,257000,0,257000,99.9964980544747,100.0,100.0,0.0,20230522_200000,139,9456.955442422357
99.80778210116732,0.045242721281720626,2.0,0.0,0.0019649805447470815,256989,257000,257000,0,257000,99.99571984435798,100.0,100.0,0.0,20230522_200000,140,5709.220540876218
99.82023346303502,0.04424641236862525,2.0,0.0,0.0018521400778210117,256986,257000,257000,0,257000,99.99455252918288,100.0,100.0,0.0,20230522_200000,141,3991.8246583376003
99.81750972762646,0.04415870593079414,2.0,0.0,0.001867704280155642,256989,257000,257000,0,257000,99.99571984435798,100.0,100.0,0.0,20230522_200000,142,994.6605728088841
99.8089494163424,0.044983637117187586,2.0,0.0,0.0019494163424124513,256990,257000,257000,0,257000,99.99610894941634,100.0,100.0,0.0,20230522_200000,143,11080.224061245493
99.80972762645915,0.04567005998818525,2.0,0.0,0.0019649805447470815,256984,257000,257000,0,257000,99.99377431906615,100.0,100.0,0.0,20230522_200000,144,5031.2217374976735
99.7898832684825,0.04778344210339113,2.0,0.0,0.0021634241245136188,256984,257000,257000,0,257000,99.99377431906615,100.0,100.0,0.0,20230522_200000,145,7298.76451896572
99.7910505836576,0.04741855881622432,2.0,0.0,0.0021439688715953306,256986,257000,257000,0,257000,99.99455252918288,100.0,100.0,0.0,20230522_200000,146,9736.135599865858
99.8136186770428,0.0453717080777984,2.0,0.0,0.0019299610894941634,256983,257000,257000,0,257000,99.99338521400777,100.0,100.0,0.0,20230522_200000,147,12087.977147362373
99.8035019455253,0.04609210465758214,2.0,0.0,0.0020194552529182877,256986,257000,257000,0,257000,99.99455252918288,100.0,100.0,0.0,20230522_200000,148,4744.7153117760245
99.815953307393,0.04367089537562111,2.0,0.0,0.0018638132295719844,256994,257000,257000,0,257000,99.99766536964981,100.0,100.0,0.0,20230522_200000,149,395.46046719414306
99.82762645914397,0.04259251659249074,2.0,0.0,0.001754863813229572,256992,257000,257000,0,257000,99.99688715953307,100.0,100.0,0.0,20230522_200000,150,12566.206361054628
99.82645914396888,0.04327115855453804,2.0,0.0,0.001782101167315175,256988,257000,257000,0,257000,99.99533073929962,100.0,100.0,0.0,20230523_000000,1,8460.237780686128
99.79727626459145,0.046509591880582686,2.0,0.0,0.002073929961089494,256988,257000,257000,0,257000,99.99533073929962,100.0,100.0,0.0,20230523_000000,2,18804.140296329268
99.74280155642023,0.05190061218712275,2.0,0.0,0.0026147859922178987,256989,257000,257000,0,257000,99.99571984435798,100.0,100.0,0.0,20230523_000000,3,31855.235954537424
99.8260700389105,0.042773885466482225,2.0,0.0,0.0017704280155642024,256992,257000,257000,0,257000,99.99688715953307,100.0,100.0,0.0,20230523_000000,4,1239.074107877473
99.7739299610895,0.04930217517492727,2.0,0.0,0.002319066147859922,256985,257000,257000,0,257000,99.99416342412452,100.0,100.0,0.0,20230523_000000,5,19321.749806543074
99.83852140077822,0.04129755112361267,2.0,0.0,0.0016459143968871595,256992,257000,257000,0,257000,99.99688715953307,100.0,100.0,0.0,20230523_000000,6,11196.11417308537
99.79182879377431,0.04745974164349373,2.0,0.0,0.0021400778210116734,256985,257000,257000,0,257000,99.99416342412452,100.0,100.0,0.0,20230523_000000,7,25470.83583566085
99.80505836575875,0.04476636295807781,2.0,0.0,0.001968871595330739,256995,257000,257000,0,257000,99.99805447470817,100.0,100.0,0.0,20230523_000000,8,14133.92511080125
99.73579766536965,0.05300978357090298,2.0,0.0,0.0027003891050583657,256985,257000,257000,0,257000,99.99416342412452,100.0,100.0,0.0,20230523_000000,9,31877.430687665714
99.83112840466926,0.043001493403715785,2.0,0.0,0.0017431906614785993,256986,257000,257000,0,257000,99.99455252918288,100.0,100.0,0.0,20230523_000000,10,3745.5356531419548
99.72334630350194,0.05318882195049215,2.0,0.0,0.00278988326848249,256994,257000,257000,0,257000,99.99766536964981,100.0,100.0,0.0,20230523_000000,11,29133.159289527932
99.8035019455253,0.046595201741452416,2.0,0.0,0.002035019455252918,256982,257000,257000,0,257000,99.99299610894941,100.0,100.0,0.0,20230523_000000,12,6156.271348580364
99.82996108949416,0.042866952340485286,2.0,0.0,0.0017470817120622568,256988,257000,257000,0,257000,99.99533073929962,100.0,100.0,0.0,20230523_000000,13,1437.5910539041286
99.80155642023347,0.046426876638553084,2.0,0.0,0.0020428015564202336,256985,257000,257000,0,257000,99.99416342412452,100.0,100.0,0.0,20230523_000000,14,14123.030810555643
99.83112840466926,0.041763821587501214,2.0,0.0,0.001708171206225681,256995,257000,257000,0,257000,99.99805447470817,100.0,100.0,0.0,20230523_000000,15,16839.180249374567
99.80739299610894,0.0457968547544868,2.0,0.0,0.0019844357976653696,256985,257000,257000,0,257000,99.99416342412452,100.0,100.0,0.0,20230523_000000,16,26121.274047846964
99.76070038910507,0.049571996499885515,2.0,0.0,0.002416342412451362,256994,257000,257000,0,257000,99.99766536964981,100.0,100.0,0.0,20230523_000000,17,22245.92927426769
99.73813229571984,0.05257063877918165,2.0,0.0,0.002669260700389105,256987,257000,257000,0,257000,99.99494163424124,100.0,100.0,0.0,20230523_000000,18,30453.241943435958
99.78443579766537,0.04725241572327242,2.0,0.0,0.0021828793774319065,256993,257000,257000,0,257000,99.99727626459143,100.0,100.0,0.0,20230523_000000,19,23871.176816763847
99.82840466926069,0.042774521175184,2.0,0.0,0.001754863813229572,256990,257000,257000,0,257000,99.99610894941634,100.0,100.0,0.0,20230523_000000,20,6381.573761346973
99.82256809338521,0.04424673333309103,2.0,0.0,0.0018365758754863813,256984,257000,257000,0,257000,99.99377431906615,100.0,100.0,0.0,20230523_000000,21,13968.860179054076
99.63501945525292,0.06220844424846454,2.0,0.0,0.003727626459143969,256980,257000,257000,0,257000,99.99221789883268,100.0,100.0,0.0,20230523_000000,22,30732.14685163893
99.80622568093385,0.04489738772251895,2.0,0.0,0.0019649805447470815,256993,257000,257000,0,257000,99.99727626459143,100.0,100.0,0.0,20230523_000000,23,29821.926491189886
99.7431906614786,0.05220040589120249,2.0,0.0,0.002622568093385214,256986,257000,257000,0,257000,99.99455252918288,100.0,100.0,0.0,20230523_000000,24,20182.7574173443
99.63190661478599,0.06254853719485232,2.0,0.0,0.003762645914396887,256979,257000,257000,0,257000,99.99182879377432,100.0,100.0,0.0,20230523_000000,25,21485.79358128845
99.82023346303502,0.04331433742274413,2.0,0.0,0.0018249027237354086,256993,257000,257000,0,257000,99.99727626459143,100.0,100.0,0.0,20230523_000000,26,4036.3647237375426
99.71867704280154,0.05416321783135276,2.0,0.0,0.0028560311284046695,256989,257000,257000,0,257000,99.99571984435798,100.0,100.0,0.0,20230523_000000,27,29150.716895124595
99.78482490272373,0.048066725859994344,2.0,0.0,0.0022062256809338523,256986,257000,257000,0,257000,99.99455252918288,100.0,100.0,0.0,20230523_000000,28,16424.683660694296
99.7431906614786,0.052534576895558044,2.0,0.0,0.002634241245136187,256983,257000,257000,0,257000,99.99338521400777,100.0,100.0,0.0,20230523_000000,29,21599.32737817637
99.82918287937743,0.042956383394681406,2.0,0.0,0.001754863813229572,256988,257000,257000,0,257000,99.99533073929962,100.0,100.0,0.0,20230523_000000,30,10564.411922521467
99.81089494163425,0.04541407396531821,2.0,0.0,0.0019494163424124513,256985,257000,257000,0,257000,99.99416342412452,100.0,100.0,0.0,20230523_000000,31,22581.186118928195
99.7976653696498,0.046467227786764945,2.0,0.0,0.0020700389105058367,256988,257000,257000,0,257000,99.99533073929962,100.0,100.0,0.0,20230523_000000,32,17956.311326672116
99.78365758754863,0.04782325617728161,2.0,0.0,0.0022062256809338523,256989,257000,257000,0,257000,99.99571984435798,100.0,100.0,0.0,20230523_000000,33,6213.316931764896
99.70933852140078,0.05554179961787242,2.0,0.0,0.0029688715953307392,256984,257000,257000,0,257000,99.99377431906615,100.0,100.0,0.0,20230523_000000,34,21535.734515283242
99.82996108949416,0.043271474156855706,2.0,0.0,0.0017587548638132297,256985,257000,257000,0,257000,99.99416342412452,100.0,100.0,0.0,20230523_000000,35,12279.757235444882
99.7396887159533,0.05152439266562526,2.0,0.0,0.002622568093385214,256995,257000,257000,0,257000,99.99805447470817,100.0,100.0,0.0,20230523_000000,36,24230.58213442613
99.82062256809338,0.04420258107428425,2.0,0.0,0.001848249027237354,256986,257000,257000,0,257000,99.99455252918288,100.0,100.0,0.0,20230523_000000,37,5636.397591883665
99.76420233463034,0.04945467675779574,2.0,0.0,0.0023891050583657587,256992,257000,257000,0,257000,99.99688715953307,100.0,100.0,0.0,20230523_000000,38,18432.180994593833
99.8124513618677,0.04485584413616694,2.0,0.0,0.0019221789883268482,256988,257000,257000,0,257000,99.99533073929962,100.0,100.0,0.0,20230523_000000,39,13151.962565739379
99.71673151750973,0.054875702550374036,2.0,0.0,0.0028949416342412453,256984,257000,257000,0,257000,99.99377431906615,100.0,100.0,0.0,20230523_000000,40,27002.690783419814
99.83424124513618,0.0422277130015418,2.0,0.0,0.0017003891050583657,256989,257000,257000,0,257000,99.99571984435798,100.0,100.0,0.0,20230523_000000,41,9841.901856903443
99.815953307393,0.044464591480548925,2.0,0.0,0.00188715953307393,256988,257000,257000,0,257000,99.99533073929962,100.0,100.0,0.0,20230523_000000,42,6807.396797979006
99.75719844357977,0.05038851073068668,2.0,0.0,0.0024669260700389104,256990,257000,257000,0,257000,99.99610894941634,100.0,100.0,0.0,20230523_000000,43,25449.156904343865
99.72996108949417,0.05420292834052399,2.0,0.0,0.002782101167315175,256979,257000,257000,0,257000,99.99182879377432,100.0,100.0,0.0,20230523_000000,44,19648.554944698553
99.8112840466926,0.04575550807057718,2.0,0.0,0.0019571984435797665,256982,257000,257000,0,257000,99.99299610894941,100.0,100.0,0.0,20230523_000000,45,10437.008052706997
99.7976653696498,0.046215677755325736,2.0,0.0,0.0020622568093385213,256990,257000,257000,0,257000,99.99610894941634,100.0,100.0,0.0,20230523_000000,46,14308.56551334762
99.66653696498055,0.0589524464041281,2.0,0.0,0.003385214007782101,256987,257000,257000,0,257000,99.99494163424124,100.0,100.0,0.0,20230523_000000,47,21882.214828560955
99.8249027237354,0.043583643344793546,2.0,0.0,0.001801556420233463,256987,257000,257000,0,257000,99.99494163424124,100.0,100.0,0.0,20230523_000000,48,16555.903410774128
99.69066147859922,0.05728739952667659,2.0,0.0,0.003159533073929961,256983,257000,257000,0,257000,99.99338521400777,100.0,100.0,0.0,20230523_000000,49,25707.502106245192
99.75214007782101,0.05111219220122838,2.0,0.0,0.0025252918287937743,256988,257000,257000,0,257000,99.99533073929962,100.0,100.0,0.0,20230523_000000,50,31087.03893528618
99.69221789883268,0.05654172830416574,2.0,0.0,0.0031206225680933852,256989,257000,257000,0,257000,99.99571984435798,100.0,100.0,0.0,20230523_000000,51,23836.3193111119
99.64630350194552,0.06149198482560588,2.0,0.0,0.003622568093385214,256978,257000,257000,0,257000,99.99143968871596,100.0,100.0,0.0,20230523_000000,52,21338.857929008886
99.83657587548637,0.04167241985645975,2.0,0.0,0.001669260700389105,256991,257000,257000,0,257000,99.9964980544747,100.0,100.0,0.0,20230523_000000,53,9191.274084914172
99.68404669260701,0.05715182461868889,2.0,0.0,0.003198443579766537,256990,257000,257000,0,257000,99.99610894941634,100.0,100.0,0.0,20230523_000000,54,21500.8980502463
99.77431906614787,0.049142274402302934,2.0,0.0,0.002311284046692607,256986,257000,257000,0,257000,99.99455252918288,100.0,100.0,0.0,20230523_000000,55,20056.618964076617
99.79494163424124,0.04638341467615105,2.0,0.0,0.002085603112840467,256991,257000,257000,0,257000,99.9964980544747,100.0,100.0,0.0,20230523_000000,56,3024.6246360473237
99.82762645914397,0.04313653828326239,2.0,0.0,0.0017704280155642024,256988,257000,257000,0,257000,99.99533073929962,100.0,100.0,0.0,20230523_000000,57,30833.365067510767
99.80505836575875,0.045154288433803515,2.0,0.0,0.001980544747081712,256992,257000,257000,0,257000,99.99688715953307,100.0,100.0,0.0,20230523_000000,58,7606.92416908224
99.81789883268483,0.04424641236862525,2.0,0.0,0.001867704280155642,256988,257000,257000,0,257000,99.99533073929962,100.0,100.0,0.0,20230523_000000,59,10053.865609583716
99.80778210116732,0.046387127179718775,2.0,0.0,0.002,256980,257000,257000,0,257000,99.99221789883268,100.0,100.0,0.0,20230523_000000,60,26122.959029536098
99.7976653696498,0.04583541564729005,2.0,0.0,0.0020505836575875486,256993,257000,257000,0,257000,99.99727626459143,100.0,100.0,0.0,20230523_000000,61,4772.500129216086
99.81517509727627,0.044813260316577806,2.0,0.0,0.0019027237354085603,256986,257000,257000,0,257000,99.99455252918288,100.0,100.0,0.0,20230523_000000,62,1496.76990158826
99.75291828793775,0.05137888881977234,2.0,0.0,0.002529182879377432,256985,257000,257000,0,257000,99.99416342412452,100.0,100.0,0.0,20230523_000000,63,31867.719905858605
99.76459143968872,0.05080978713150902,2.0,0.0,0.0024319066147859923,256980,257000,257000,0,257000,99.99221789883268,100.0,100.0,0.0,20230523_000000,64,19797.941439489307
99.73813229571984,0.05234812086550243,2.0,0.0,0.00266147859922179,256989,257000,257000,0,257000,99.99571984435798,100.0,100.0,0.0,20230523_000000,65,24889.832711538376
99.81167315175097,0.04481063850403027,2.0,0.0,0.0019260700389105059,256989,257000,257000,0,257000,99.99571984435798,100.0,100.0,0.0,20230523_000000,66,14750.018861494327
99.80544747081711,0.04536971387759028,2.0,0.0,0.0019844357976653696,256990,257000,257000,0,257000,99.99610894941634,100.0,100.0,0.0,20230523_000000,67,28700.20221034319
99.77704280155642,0.048267082726870136,2.0,0.0,0.002264591439688716,256991,257000,257000,0,257000,99.9964980544747,100.0,100.0,0.0,20230523_000000,68,18644.829090068997
99.78443579766537,0.0479860599335655,2.0,0.0,0.0022062256809338523,256987,257000,257000,0,257000,99.99494163424124,100.0,100.0,0.0,20230523_000000,69,23265.787511181243
99.82529182879377,0.043540090332404184,2.0,0.0,0.0017976653696498055,256987,257000,257000,0,257000,99.99494163424124,100.0,100.0,0.0,20230523_000000,70,12436.29460191643
99.83229571984435,0.04218083761219468,2.0,0.0,0.0017120622568093384,256991,257000,257000,0,257000,99.9964980544747,100.0,100.0,0.0,20230523_000000,71,12943.956922845302
99.80311284046692,0.04588006630537911,2.0,0.0,0.0020155642023346305,256988,257000,257000,0,257000,99.99533073929962,100.0,100.0,0.0,20230523_000000,72,4779.540724816967
99.80505836575875,0.04592261995216091,2.0,0.0,0.0020038910505836578,256986,257000,257000,0,257000,99.99455252918288,100.0,100.0,0.0,20230523_000000,73,22270.714714851867
99.80544747081711,0.046134461739663526,2.0,0.0,0.002007782101167315,256984,257000,257000,0,257000,99.99377431906615,100.0,100.0,0.0,20230523_000000,74,28911.466451333737
99.70583657587548,0.055747866869319186,2.0,0.0,0.003,256985,257000,257000,0,257000,99.99416342412452,100.0,100.0,0.0,20230523_000000,75,27867.94903290462
99.8182879377432,0.04326955951407083,2.0,0.0,0.0018365758754863813,256995,257000,257000,0,257000,99.99805447470817,100.0,100.0,0.0,20230523_000000,76,28678.44707605354
99.7295719844358,0.05271297778172466,2.0,0.0,0.0027315175097276266,256993,257000,257000,0,257000,99.99727626459143,100.0,100.0,0.0,20230523_000000,77,25211.480134380123
99.81556420233463,0.045157621201997025,2.0,0.0,0.0019105058365758755,256983,257000,257000,0,257000,99.99338521400777,100.0,100.0,0.0,20230523_000000,78,7087.826739077402
99.7591439688716,0.04996105297767068,2.0,0.0,0.0024396887159533072,256992,257000,257000,0,257000,99.99688715953307,100.0,100.0,0.0,20230523_000000,79,26043.510021735758
99.7910505836576,0.04741821398170212,2.0,0.0,0.0021439688715953306,256986,257000,257000,0,257000,99.99455252918288,100.0,100.0,0.0,20230523_000000,80,22539.190614310024
99.78871595330739,0.04717070006221546,2.0,0.0,0.002151750972762646,256990,257000,257000,0,257000,99.99610894941634,100.0,100.0,0.0,20230523_000000,81,15045.841661590879
99.77237354085602,0.04969271714508804,2.0,0.0,0.002342412451361868,256983,257000,257000,0,257000,99.99338521400777,100.0,100.0,0.0,20230523_000000,82,18053.258857153607
99.7124513618677,0.054944940983590415,2.0,0.0,0.0029260700389105057,256987,257000,257000,0,257000,99.99494163424124,100.0,100.0,0.0,20230523_000000,83,29715.018828182798
99.80505836575875,0.046049708286176924,2.0,0.0,0.002007782101167315,256985,257000,257000,0,257000,99.99416342412452,100.0,100.0,0.0,20230523_000000,84,3930.562310545782
99.81011673151751,0.045242058678710236,2.0,0.0,0.0019494163424124513,256987,257000,257000,0,257000,99.99494163424124,100.0,100.0,0.0,20230523_000000,85,4318.586950781051
99.79221789883267,0.04680063702595529,2.0,0.0,0.0021167315175097275,256990,257000,257000,0,257000,99.99610894941634,100.0,100.0,0.0,20230523_000000,86,15048.86517609289
99.78171206225682,0.04753709476698562,2.0,0.0,0.0022101167315175096,256993,257000,257000,0,257000,99.99727626459143,100.0,100.0,0.0,20230523_000000,87,17202.299519090808
99.7533073929961,0.051111430326714016,2.0,0.0,0.0025175097276264593,256987,257000,257000,0,257000,99.99494163424124,100.0,100.0,0.0,20230523_000000,88,18102.47230456404
99.81050583657589,0.04545606496216646,2.0,0.0,0.001953307392996109,256985,257000,257000,0,257000,99.99416342412452,100.0,100.0,0.0,20230523_000000,89,10276.646246387678
99.68326848249028,0.057724410797615804,2.0,0.0,0.00322568093385214,256985,257000,257000,0,257000,99.99416342412452,100.0,100.0,0.0,20230523_000000,90,24461.037439044587
99.82957198443579,0.043182399041430175,2.0,0.0,0.0017587548638132297,256986,257000,257000,0,257000,99.99455252918288,100.0,100.0,0.0,20230523_000000,91,14334.068097580845
99.7774319066148,0.04846730702038721,2.0,0.0,0.0022684824902723735,256989,257000,257000,0,257000,99.99571984435798,100.0,100.0,0.0,20230523_000000,92,26396.430759458577
99.81011673151751,0.04485420032609059,2.0,0.0,0.0019377431906614786,256990,257000,257000,0,257000,99.99610894941634,100.0,100.0,0.0,20230523_000000,93,28890.753357892892
99.83229571984435,0.04204302014610691,2.0,0.0,0.001708171206225681,256992,257000,257000,0,257000,99.99688715953307,100.0,100.0,0.0,20230523_000000,94,13821.279633138136
99.75214007782101,0.051454565565378585,2.0,0.0,0.002536964980544747,256985,257000,257000,0,257000,99.99416342412452,100.0,100.0,0.0,20230523_000000,95,29371.2110100126
99.81556420233463,0.044376670066147005,2.0,0.0,0.00188715953307393,256989,257000,257000,0,257000,99.99571984435798,100.0,100.0,0.0,20230523_000000,96,14442.250067940175
99.81050583657589,0.045584118267009865,2.0,0.0,0.0019571984435797665,256984,257000,257000,0,257000,99.99377431906615,100.0,100.0,0.0,20230523_000000,97,5154.806309502661
99.79377431906616,0.04663336773911675,2.0,0.0,0.002101167315175097,256990,257000,257000,0,257000,99.99610894941634,100.0,100.0,0.0,20230523_000000,98,27902.097138060297
99.82684824902724,0.04376278118588502,2.0,0.0,0.0017937743190661478,256984,257000,257000,0,257000,99.99377431906615,100.0,100.0,0.0,20230523_000000,99,14576.859297712861
99.7964980544747,0.04621602173446851,2.0,0.0,0.0020700389105058367,256991,257000,257000,0,257000,99.9964980544747,100.0,100.0,0.0,20230523_000000,100,24348.546561178566
99.78832684824903,0.047334690163264796,2.0,0.0,0.002159533073929961,256989,257000,257000,0,257000,99.99571984435798,100.0,100.0,0.0,20230523_000000,101,27201.479211424128
99.82023346303502,0.043715910188920674,2.0,0.0,0.0018365758754863813,256990,257000,257000,0,257000,99.99610894941634,100.0,100.0,0.0,20230523_000000,102,8981.560105198423
99.77509727626459,0.04798463883737933,2.0,0.0,0.0022684824902723735,256995,257000,257000,0,257000,99.99805447470817,100.0,100.0,0.0,20230523_000000,103,25187.33256679668
99.80583657587549,0.04558378479798772,2.0,0.0,0.0019883268482490273,256988,257000,257000,0,257000,99.99533073929962,100.0,100.0,0.0,20230523_000000,104,15695.128188871802
99.81867704280155,0.044025850446955665,2.0,0.0,0.0018560311284046692,256989,257000,257000,0,257000,99.99571984435798,100.0,100.0,0.0,20230523_000000,105,7748.695037228329
99.81906614785993,0.04437699622963218,2.0,0.0,0.0018638132295719844,256986,257000,257000,0,257000,99.99455252918288,100.0,100.0,0.0,20230523_000000,106,14246.593550663669
99.64708171206226,0.060569548699639195,2.0,0.0,0.0035797665369649806,256987,257000,257000,0,257000,99.99494163424124,100.0,100.0,0.0,20230523_000000,107,23110.291010246896
99.8089494163424,0.0451133653563266,2.0,0.0,0.001953307392996109,256989,257000,257000,0,257000,99.99571984435798,100.0,100.0,0.0,20230523_000000,108,7594.778004738009
99.82684824902724,0.044027135220337174,2.0,0.0,0.001801556420233463,256982,257000,257000,0,257000,99.99299610894941,100.0,100.0,0.0,20230523_000000,109,10877.430016091115
99.77470817120623,0.04886527118986628,2.0,0.0,0.0022996108949416344,256988,257000,257000,0,257000,99.99533073929962,100.0,100.0,0.0,20230523_000000,110,28923.35306041278
99.77821011673151,0.04790276134688105,2.0,0.0,0.002245136186770428,256993,257000,257000,0,257000,99.99727626459143,100.0,100.0,0.0,20230523_000000,111,2609.7491762165655
99.768093385214,0.04965373156353984,2.0,0.0,0.002369649805447471,256987,257000,257000,0,257000,99.99494163424124,100.0,100.0,0.0,20230523_000000,112,4885.103351727848
99.84007782101168,0.04096722759439773,2.0,0.0,0.0016264591439688716,256993,257000,257000,0,257000,99.99727626459143,100.0,100.0,0.0,20230523_000000,113,12405.74705126618
99.80661478599222,0.04524105471626403,2.0,0.0,0.001972762645914397,256990,257000,257000,0,257000,99.99610894941634,100.0,100.0,0.0,20230523_000000,114,4949.056973900669
99.81400778210117,0.04481228729064622,2.0,0.0,0.0019105058365758755,256987,257000,257000,0,257000,99.99494163424124,100.0,100.0,0.0,20230523_000000,115,6929.505783708721
99.80622568093385,0.046049708286176924,2.0,0.0,0.002,256984,257000,257000,0,257000,99.99377431906615,100.0,100.0,0.0,20230523_000000,116,13436.74141235149
99.82412451361867,0.04300054487038536,2.0,0.0,0.0017898832684824903,256992,257000,257000,0,257000,99.99688715953307,100.0,100.0,0.0,20230523_000000,117,10716.586492941451
99.8124513618677,0.04472471628514233,2.0,0.0,0.0019182879377431907,256989,257000,257000,0,257000,99.99571984435798,100.0,100.0,0.0,20230523_000000,118,15090.356336937068
99.82801556420233,0.04240941248528408,2.0,0.0,0.0017470817120622568,256993,257000,257000,0,257000,99.99727626459143,100.0,100.0,0.0,20230523_000000,119,2016.6618343811613
99.68365758754864,0.057993413476024706,2.0,0.0,0.0032334630350194554,256982,257000,257000,0,257000,99.99299610894941,100.0,100.0,0.0,20230523_000000,120,26975.679192599717
99.82568093385214,0.042546337777794305,2.0,0.0,0.0017665369649805447,256994,257000,257000,0,257000,99.99766536964981,100.0,100.0,0.0,20230523_000000,121,12614.375008656893
99.7774319066148,0.04846873395662015,2.0,0.0,0.0022684824902723735,256989,257000,257000,0,257000,99.99571984435798,100.0,100.0,0.0,20230523_000000,122,24932.145473727312
99.62334630350195,0.06294672732802976,2.0,0.0,0.0038365758754863814,256982,257000,257000,0,257000,99.99299610894941,100.0,100.0,0.0,20230523_000000,123,30641.057143916176
99.77937743190661,0.048628674411177054,2.0,0.0,0.0022607003891050585,256986,257000,257000,0,257000,99.99455252918288,100.0,100.0,0.0,20230523_000000,124,632.6010148215059
99.80155642023347,0.045668731259833416,2.0,0.0,0.0020194552529182877,256991,257000,257000,0,257000,99.9964980544747,100.0,100.0,0.0,20230523_000000,125,28522.70831728039
99.77665369649806,0.04902426879407591,2.0,0.0,0.002291828793774319,256985,257000,257000,0,257000,99.99416342412452,100.0,100.0,0.0,20230523_000000,126,18645.458952484878
99.81206225680934,0.04489771954528092,2.0,0.0,0.0019260700389105059,256988,257000,257000,0,257000,99.99533073929962,100.0,100.0,0.0,20230523_000000,127,15448.419578067676
99.74591439688716,0.05238661717183052,2.0,0.0,0.0026108949416342414,256982,257000,257000,0,257000,99.99299610894941,100.0,100.0,0.0,20230523_000000,128,30533.51680097553
99.81322957198444,0.04554290390644396,2.0,0.0,0.0019377431906614786,256982,257000,257000,0,257000,99.99299610894941,100.0,100.0,0.0,20230523_000000,129,9671.466585036755
99.8249027237354,0.0433156209299638,2.0,0.0,0.0017937743190661478,256989,257000,257000,0,257000,99.99571984435798,100.0,100.0,0.0,20230523_000000,130,12630.887557487726
99.78249027237354,0.04745553048503999,2.0,0.0,0.0022023346303501946,256993,257000,257000,0,257000,99.99727626459143,100.0,100.0,0.0,20230523_000000,131,28878.486261276164
99.78599221789884,0.04733398519585731,2.0,0.0,0.0021750972762645915,256991,257000,257000,0,257000,99.9964980544747,100.0,100.0,0.0,20230523_000000,132,27067.5801898186
99.8089494163424,0.04575385356502992,2.0,0.0,0.001972762645914397,256984,257000,257000,0,257000,99.99377431906615,100.0,100.0,0.0,20230523_000000,133,17431.887743760177
99.7284046692607,0.054131488947342404,2.0,0.0,0.00278988326848249,256981,257000,257000,0,257000,99.99260700389105,100.0,100.0,0.0,20230523_000000,134,23793.327959776914
99.7455252918288,0.05208905090672826,2.0,0.0,0.002603112840466926,256985,257000,257000,0,257000,99.99416342412452,100.0,100.0,0.0,20230523_000000,135,25906.13032044578
99.63346303501946,0.06176812876017367,2.0,0.0,0.003719844357976654,256986,257000,257000,0,257000,99.99455252918288,100.0,100.0,0.0,20230523_000000,136,29078.313919565135
99.80116731517509,0.04671844680599685,2.0,0.0,0.0020544747081712063,256983,257000,257000,0,257000,99.99338521400777,100.0,100.0,0.0,20230523_000000,137,15812.776318897513
99.82957198443579,0.04208880260326856,2.0,0.0,0.0017276264591439688,256994,257000,257000,0,257000,99.99766536964981,100.0,100.0,0.0,20230523_000000,138,8839.828877388354
99.7669260700389,0.04988681931916102,2.0,0.0,0.002385214007782101,256986,257000,257000,0,257000,99.99455252918288,100.0,100.0,0.0,20230523_000000,139,15728.97289514583
99.81867704280155,0.04507267082721181,2.0,0.0,0.00188715953307393,256981,257000,257000,0,257000,99.99260700389105,100.0,100.0,0.0,20230523_000000,140,12594.307098735595
99.7568093385214,0.05088593772614261,2.0,0.0,0.0024863813229571985,256986,257000,257000,0,257000,99.99455252918288,100.0,100.0,0.0,20230523_000000,141,21663.47882473504
99.78910505836576,0.04737836950758789,2.0,0.0,0.0021556420233463033,256988,257000,257000,0,257000,99.99533073929962,100.0,100.0,0.0,20230523_000000,142,25850.233603321078
99.72645914396887,0.0532259874324948,2.0,0.0,0.0027704280155642024,256991,257000,257000,0,257000,99.9964980544747,100.0,100.0,0.0,20230523_000000,143,23454.78645859263
99.78910505836576,0.047498108981898095,2.0,0.0,0.002159533073929961,256987,257000,257000,0,257000,99.99494163424124,100.0,100.0,0.0,20230523_000000,144,27222.297415270146
99.79688715953307,0.045920918715072256,2.0,0.0,0.002058365758754864,256993,257000,257000,0,257000,99.99727626459143,100.0,100.0,0.0,20230523_000000,145,29782.114010226793
99.7591439688716,0.05007792682878778,2.0,0.0,0.002443579766536965,256991,257000,257000,0,257000,99.9964980544747,100.0,100.0,0.0,20230523_000000,146,31763.623407882886
99.80466926070038,0.04558378479798772,2.0,0.0,0.0019961089494163423,256989,257000,257000,0,257000,99.99571984435798,100.0,100.0,0.0,20230523_000000,147,17299.196113298753
99.71750972762646,0.054271072277374946,2.0,0.0,0.002867704280155642,256989,257000,257000,0,257000,99.99571984435798,100.0,100.0,0.0,20230523_000000,148,29373.612001460253
99.79844357976654,0.04638512179883293,2.0,0.0,0.0020622568093385213,256988,257000,257000,0,257000,99.99533073929962,100.0,100.0,0.0,20230523_000000,149,19170.22321703678
99.67782101167315,0.05859157754719943,2.0,0.0,0.0032957198443579767,256981,257000,257000,0,257000,99.99260700389105,100.0,100.0,0.0,20230523_000000,150,21473.236124409592
99.784046692607,0.04729339492050438,2.0,0.0,0.002186770428015564,256993,257000,257000,0,257000,99.99727626459143,100.0,100.0,0.0,20230523_200000,1,1202.7992378571391
99.71828793774318,0.0549497552446543,2.0,0.0,0.00288715953307393,256982,257000,257000,0,257000,99.99299610894941,100.0,100.0,0.0,20230523_200000,2,6141.163763704167
99.81712062256808,0.043936071061521774,2.0,0.0,0.0018638132295719844,256991,257000,257000,0,257000,99.9964980544747,100.0,100.0,0.0,20230523_200000,3,12420.246222967024
99.8,0.04609176960808987,2.0,0.0,0.0020428015564202336,256989,257000,257000,0,257000,99.99571984435798,100.0,100.0,0.0,20230523_200000,4,2603.8134918844557
99.79688715953307,0.04667524174493798,2.0,0.0,0.0020817120622568094,256987,257000,257000,0,257000,99.99494163424124,100.0,100.0,0.0,20230523_200000,5,3727.519665835798
99.81089494163425,0.04502703224293262,2.0,0.0,0.0019377431906614786,256988,257000,257000,0,257000,99.99533073929962,100.0,100.0,0.0,20230523_200000,6,4690.309011941168
99.7976653696498,0.04596240384142418,2.0,0.0,0.0020544747081712063,256992,257000,257000,0,257000,99.99688715953307,100.0,100.0,0.0,20230523_200000,7,6514.931928836156
99.81322957198444,0.04398082272756625,2.0,0.0,0.0018910505836575876,256994,257000,257000,0,257000,99.99766536964981,100.0,100.0,0.0,20230523_200000,8,4835.7078528024185
99.78015564202335,0.04782182517758094,2.0,0.0,0.0022295719844357977,256992,257000,257000,0,257000,99.99688715953307,100.0,100.0,0.0,20230523_200000,9,12603.481719435158
99.81050583657589,0.04454971173528998,2.0,0.0,0.0019260700389105059,256992,257000,257000,0,257000,99.99688715953307,100.0,100.0,0.0,20230523_200000,10,3986.8607888728125
99.82840466926069,0.04263832759348587,2.0,0.0,0.0017509727626459145,256991,257000,257000,0,257000,99.9964980544747,100.0,100.0,0.0,20230523_200000,11,13628.852629362129
99.81517509727627,0.04532929958803216,2.0,0.0,0.0019182879377431907,256982,257000,257000,0,257000,99.99299610894941,100.0,100.0,0.0,20230523_200000,12,6040.180837799208
99.73774319066148,0.052825762410775495,2.0,0.0,0.0026809338521400776,256985,257000,257000,0,257000,99.99416342412452,100.0,100.0,0.0,20230523_200000,13,11962.603588860873
99.76536964980545,0.05015779065832046,2.0,0.0,0.002404669260700389,256985,257000,257000,0,257000,99.99416342412452,100.0,100.0,0.0,20230523_200000,14,6738.556349260536
99.81517509727627,0.04402421347580319,2.0,0.0,0.0018793774319066149,256992,257000,257000,0,257000,99.99688715953307,100.0,100.0,0.0,20230523_200000,15,10732.019612795084
99.82645914396888,0.043673147417567997,2.0,0.0,0.0017937743190661478,256985,257000,257000,0,257000,99.99416342412452,100.0,100.0,0.0,20230523_200000,16,746.2825949093644
99.79844357976654,0.0468840459434089,2.0,0.0,0.0020778210116731517,256984,257000,257000,0,257000,99.99377431906615,100.0,100.0,0.0,20230523_200000,17,13639.105352448163
99.81439688715953,0.044244457788483446,2.0,0.0,0.0018910505836575876,256991,257000,257000,0,257000,99.9964980544747,100.0,100.0,0.0,20230523_200000,18,3212.655190432552
99.79260700389105,0.04688267153230394,2.0,0.0,0.0021167315175097275,256989,257000,257000,0,257000,99.99571984435798,100.0,100.0,0.0,20230523_200000,19,983.1640118472802
99.77821011673151,0.04934285890298135,2.0,0.0,0.002291828793774319,256981,257000,257000,0,257000,99.99260700389105,100.0,100.0,0.0,20230523_200000,20,13715.988116579805
99.81867704280155,0.04402552580877574,2.0,0.0,0.0018560311284046692,256989,257000,257000,0,257000,99.99571984435798,100.0,100.0,0.0,20230523_200000,21,576.8185946841035
99.82451361867705,0.043360353715598016,2.0,0.0,0.0017976653696498055,256989,257000,257000,0,257000,99.99571984435798,100.0,100.0,0.0,20230523_200000,22,444.5978239628432
99.80544747081711,0.04600893765364854,2.0,0.0,0.0020038910505836578,256985,257000,257000,0,257000,99.99416342412452,100.0,100.0,0.0,20230523_200000,23,3543.0751758846613
99.77198443579766,0.04973275321727026,2.0,0.0,0.002346303501945525,256983,257000,257000,0,257000,99.99338521400777,100.0,100.0,0.0,20230523_200000,24,12024.470909565722
99.78832684824903,0.046963849644184444,2.0,0.0,0.0021478599221789883,256992,257000,257000,0,257000,99.99688715953307,100.0,100.0,0.0,20230523_200000,25,8902.49728756647
99.815953307393,0.0440692054496212,2.0,0.0,0.0018754863813229571,256991,257000,257000,0,257000,99.9964980544747,100.0,100.0,0.0,20230523_200000,26,3417.871927384243
99.78443579766537,0.04834834199367989,2.0,0.0,0.002217898832684825,256984,257000,257000,0,257000,99.99377431906615,100.0,100.0,0.0,20230523_200000,27,6785.182881236123
99.68326848249028,0.05792671065906535,2.0,0.0,0.0032334630350194554,256983,257000,257000,0,257000,99.99338521400777,100.0,100.0,0.0,20230523_200000,28,1638.9719838541446
99.80272373540856,0.04579517860013943,2.0,0.0,0.0020155642023346305,256989,257000,257000,0,257000,99.99571984435798,100.0,100.0,0.0,20230523_200000,29,13579.462614320188
99.79416342412452,0.04634127860952729,2.0,0.0,0.0020894941634241244,256992,257000,257000,0,257000,99.99688715953307,100.0,100.0,0.0,20230523_200000,30,6663.006914659843
99.7715953307393,0.0489451958552426,2.0,0.0,0.0023229571984435798,256990,257000,257000,0,257000,99.99610894941634,100.0,100.0,0.0,20230523_200000,31,3671.4596843430095
99.80972762645915,0.04476703395473222,2.0,0.0,0.0019377431906614786,256991,257000,257000,0,257000,99.9964980544747,100.0,100.0,0.0,20230523_200000,32,5285.530057699104
99.82801556420233,0.04282013816669888,2.0,0.0,0.0017587548638132297,256990,257000,257000,0,257000,99.99610894941634,100.0,100.0,0.0,20230523_200000,33,8681.230499004141
99.7704280155642,0.04965445238246608,2.0,0.0,0.0023540856031128406,256985,257000,257000,0,257000,99.99416342412452,100.0,100.0,0.0,20230523_200000,34,13808.391413482119
99.81984435797665,0.04362809993430182,2.0,0.0,0.0018365758754863813,256991,257000,257000,0,257000,99.9964980544747,100.0,100.0,0.0,20230523_200000,35,10292.622371323607
99.75136186770428,0.05175616603063932,2.0,0.0,0.0025525291828793774,256983,257000,257000,0,257000,99.99338521400777,100.0,100.0,0.0,20230523_200000,36,11144.202145121599
99.75992217898832,0.05080978713150902,2.0,0.0,0.002463035019455253,256984,257000,257000,0,257000,99.99377431906615,100.0,100.0,0.0,20230523_200000,37,2346.4365280756297
99.80622568093385,0.045154965736590696,2.0,0.0,0.001972762645914397,256991,257000,257000,0,257000,99.9964980544747,100.0,100.0,0.0,20230523_200000,38,4456.565640008739
99.78949416342412,0.04745800937128037,2.0,0.0,0.0021556420233463033,256987,257000,257000,0,257000,99.99494163424124,100.0,100.0,0.0,20230523_200000,39,8291.394847392441
99.82684824902724,0.0433606714620707,2.0,0.0,0.001782101167315175,256987,257000,257000,0,257000,99.99494163424124,100.0,100.0,0.0,20230523_200000,40,13309.095348937239
99.78093385214008,0.04846873395662015,2.0,0.0,0.002245136186770428,256986,257000,257000,0,257000,99.99455252918288,100.0,100.0,0.0,20230523_200000,41,8250.01552469307
99.80739299610894,0.04554191654948439,2.0,0.0,0.0019766536964980546,256987,257000,257000,0,257000,99.99494163424124,100.0,100.0,0.0,20230523_200000,42,13010.198692207785
99.81517509727627,0.04415642584980784,2.0,0.0,0.0018832684824902724,256991,257000,257000,0,257000,99.9964980544747,100.0,100.0,0.0,20230523_200000,43,5377.398114645963
99.73540856031128,0.05238313159103323,2.0,0.0,0.0026809338521400776,256991,257000,257000,0,257000,99.9964980544747,100.0,100.0,0.0,20230523_200000,44,13489.390735899884
99.81556420233463,0.044899358390028725,2.0,0.0,0.0019027237354085603,256985,257000,257000,0,257000,99.99416342412452,100.0,100.0,0.0,20230523_200000,45,2841.6690461700964
99.79455252918288,0.04617269543192111,2.0,0.0,0.0020817120622568094,256993,257000,257000,0,257000,99.99727626459143,100.0,100.0,0.0,20230523_200000,46,8483.578155987881
99.73229571984436,0.05355727948610585,2.0,0.0,0.0027431906614785993,256983,257000,257000,0,257000,99.99338521400777,100.0,100.0,0.0,20230523_200000,47,11900.430368804402
99.8260700389105,0.043180824764089465,2.0,0.0,0.001782101167315175,256989,257000,257000,0,257000,99.99571984435798,100.0,100.0,0.0,20230523_200000,48,3479.545924336029
99.81206225680934,0.04476769953018749,2.0,0.0,0.0019221789883268482,256989,257000,257000,0,257000,99.99571984435798,100.0,100.0,0.0,20230523_200000,49,9989.381339759424
99.77859922178989,0.04834869585168273,2.0,0.0,0.002256809338521401,256989,257000,257000,0,257000,99.99571984435798,100.0,100.0,0.0,20230523_200000,50,4321.0767176672925
99.76731517509727,0.04937887853449009,2.0,0.0,0.0023657587548638133,256990,257000,257000,0,257000,99.99610894941634,100.0,100.0,0.0,20230523_200000,51,9804.06351317985
99.7260700389105,0.053591840149297916,2.0,0.0,0.002785992217898833,256988,257000,257000,0,257000,99.99533073929962,100.0,100.0,0.0,20230523_200000,52,11541.604663122273
99.71906614785992,0.05391098972326427,2.0,0.0,0.0028443579766536963,256991,257000,257000,0,257000,99.9964980544747,100.0,100.0,0.0,20230523_200000,53,11408.343559447838
99.83463035019456,0.04176444946966267,2.0,0.0,0.0016848249027237353,256992,257000,257000,0,257000,99.99688715953307,100.0,100.0,0.0,20230523_200000,54,8108.681653302902
99.81050583657589,0.045199201953097914,2.0,0.0,0.0019455252918287938,256987,257000,257000,0,257000,99.99494163424124,100.0,100.0,0.0,20230523_200000,55,588.4384975935183
99.81089494163425,0.04476803028504108,2.0,0.0,0.0019299610894941634,256990,257000,257000,0,257000,99.99610894941634,100.0,100.0,0.0,20230523_200000,56,7633.173874808848
99.79027237354086,0.04663336773911676,2.0,0.0,0.002124513618677043,256993,257000,257000,0,257000,99.99727626459143,100.0,100.0,0.0,20230523_200000,57,9478.277769368435
99.74980544747082,0.05145343741574383,2.0,0.0,0.0025525291828793774,256987,257000,257000,0,257000,99.99494163424124,100.0,100.0,0.0,20230523_200000,58,988.0121208534093
99.82178988326848,0.04367219059127437,2.0,0.0,0.0018249027237354086,256989,257000,257000,0,257000,99.99571984435798,100.0,100.0,0.0,20230523_200000,59,9277.999744125904
99.79182879377431,0.04683993472377872,2.0,0.0,0.0021206225680933852,256990,257000,257000,0,257000,99.99610894941634,100.0,100.0,0.0,20230523_200000,60,181.28000757634297
99.80817120622568,0.04545672844254056,2.0,0.0,0.001968871595330739,256987,257000,257000,0,257000,99.99494163424124,100.0,100.0,0.0,20230523_200000,61,6018.601638781705
99.83501945525292,0.04213515731285075,2.0,0.0,0.0016926070038910505,256989,257000,257000,0,257000,99.99571984435798,100.0,100.0,0.0,20230523_200000,62,7023.61002910257
99.79688715953307,0.04642516779003761,2.0,0.0,0.002073929961089494,256989,257000,257000,0,257000,99.99571984435798,100.0,100.0,0.0,20230523_200000,63,6211.523294196756
99.78560311284048,0.04810876059112954,2.0,0.0,0.0022023346303501946,256985,257000,257000,0,257000,99.99416342412452,100.0,100.0,0.0,20230523_200000,64,5189.430215557391
99.80778210116732,0.04459319436182069,2.0,0.0,0.0019455252918287938,256994,257000,257000,0,257000,99.99766536964981,100.0,100.0,0.0,20230523_200000,65,12774.486812127518
99.76147859922179,0.05019490106355031,2.0,0.0,0.0024319066147859923,256988,257000,257000,0,257000,99.99533073929962,100.0,100.0,0.0,20230523_200000,66,6587.145372437821
99.8136186770428,0.04446295023145146,2.0,0.0,0.0019027237354085603,256990,257000,257000,0,257000,99.99610894941634,100.0,100.0,0.0,20230523_200000,67,2192.0571842168247
99.8249027237354,0.0433156209299638,2.0,0.0,0.0017937743190661478,256989,257000,257000,0,257000,99.99571984435798,100.0,100.0,0.0,20230523_200000,68,2523.6903784410583
99.82217898832685,0.04362841850699691,2.0,0.0,0.001821011673151751,256989,257000,257000,0,257000,99.99571984435798,100.0,100.0,0.0,20230523_200000,69,7475.587390134539
99.81789883268483,0.04437699622963218,2.0,0.0,0.0018715953307392996,256987,257000,257000,0,257000,99.99494163424124,100.0,100.0,0.0,20230523_200000,70,9319.753828031871
99.60155642023346,0.06446329184660181,2.0,0.0,0.004046692607003891,256984,257000,257000,0,257000,99.99377431906615,100.0,100.0,0.0,20230523_200000,71,8824.79220887928
99.7774319066148,0.047983559735342365,2.0,0.0,0.002252918287937743,256993,257000,257000,0,257000,99.99727626459143,100.0,100.0,0.0,20230523_200000,72,13176.281788102846
99.8147859922179,0.04446523842931414,2.0,0.0,0.001894941634241245,256989,257000,257000,0,257000,99.99571984435798,100.0,100.0,0.0,20230523_200000,73,11099.062700923922
99.79844357976654,0.045879046603963726,2.0,0.0,0.002046692607003891,256992,257000,257000,0,257000,99.99688715953307,100.0,100.0,0.0,20230523_200000,74,6660.711399979228
99.78482490272373,0.04757925215053471,2.0,0.0,0.002190661478599222,256990,257000,257000,0,257000,99.99610894941634,100.0,100.0,0.0,20230523_200000,75,11831.125326172585
99.82256809338521,0.04290867388464603,2.0,0.0,0.0017976653696498055,256994,257000,257000,0,257000,99.99766536964981,100.0,100.0,0.0,20230523_200000,76,8488.976341944717
99.80505836575875,0.04502736378278986,2.0,0.0,0.0019766536964980546,256993,257000,257000,0,257000,99.99727626459143,100.0,100.0,0.0,20230523_200000,77,4617.980064953462
99.69416342412451,0.056679195847830516,2.0,0.0,0.0031128404669260703,256986,257000,257000,0,257000,99.99455252918288,100.0,100.0,0.0,20230523_200000,78,3517.4547827744022
99.79416342412452,0.04758341417751428,2.0,0.0,0.0021284046692607002,256982,257000,257000,0,257000,99.99299610894941,100.0,100.0,0.0,20230523_200000,79,13391.262276781394
99.79805447470818,0.04655088999529887,2.0,0.0,0.0020700389105058367,256987,257000,257000,0,257000,99.99494163424124,100.0,100.0,0.0,20230523_200000,80,3996.4839544297124
99.79844357976654,0.04688539964729208,2.0,0.0,0.0020778210116731517,256984,257000,257000,0,257000,99.99377431906615,100.0,100.0,0.0,20230523_200000,81,6459.091058776344
99.79143968871595,0.04675678970759794,2.0,0.0,0.0021206225680933852,256991,257000,257000,0,257000,99.9964980544747,100.0,100.0,0.0,20230523_200000,82,10752.824166017344
99.75019455252918,0.051074304064994164,2.0,0.0,0.002536964980544747,256990,257000,257000,0,257000,99.99610894941634,100.0,100.0,0.0,20230523_200000,83,8164.805708951001
99.77976653696497,0.048827417515541,2.0,0.0,0.002264591439688716,256984,257000,257000,0,257000,99.99377431906615,100.0,100.0,0.0,20230523_200000,84,9573.804404543032
99.7976653696498,0.046967981103313884,2.0,0.0,0.002085603112840467,256984,257000,257000,0,257000,99.99377431906615,100.0,100.0,0.0,20230523_200000,85,4819.890769803625
99.8249027237354,0.0429093202988022,2.0,0.0,0.001782101167315175,256992,257000,257000,0,257000,99.99688715953307,100.0,100.0,0.0,20230523_200000,86,7082.42358380893
99.79805447470818,0.04642619702007376,2.0,0.0,0.002066147859922179,256988,257000,257000,0,257000,99.99533073929962,100.0,100.0,0.0,20230523_200000,87,4656.802997510145
99.82334630350195,0.043494273945415524,2.0,0.0,0.0018093385214007782,256989,257000,257000,0,257000,99.99571984435798,100.0,100.0,0.0,20230523_200000,88,6985.615431303182
99.78482490272373,0.047457659080926216,2.0,0.0,0.002186770428015564,256991,257000,257000,0,257000,99.9964980544747,100.0,100.0,0.0,20230523_200000,89,5083.9321153710935
99.81789883268483,0.04424609003309791,2.0,0.0,0.001867704280155642,256988,257000,257000,0,257000,99.99533073929962,100.0,100.0,0.0,20230523_200000,90,3701.6733141271393
99.79299610894941,0.04671707789368422,2.0,0.0,0.0021089494163424125,256990,257000,257000,0,257000,99.99610894941634,100.0,100.0,0.0,20230523_200000,91,4006.9468166025317
99.75719844357977,0.050617411067127645,2.0,0.0,0.002474708171206226,256988,257000,257000,0,257000,99.99533073929962,100.0,100.0,0.0,20230523_200000,92,8541.708953727488
99.77315175097277,0.04890632920204407,2.0,0.0,0.002311284046692607,256989,257000,257000,0,257000,99.99571984435798,100.0,100.0,0.0,20230523_200000,93,12610.178042816937
99.78210116731518,0.048228707752226624,2.0,0.0,0.0022295719844357977,256987,257000,257000,0,257000,99.99494163424124,100.0,100.0,0.0,20230523_200000,94,7963.373848031796
99.81556420233463,0.04463861646975965,2.0,0.0,0.001894941634241245,256987,257000,257000,0,257000,99.99494163424124,100.0,100.0,0.0,20230523_200000,95,7402.235262571577
99.7852140077821,0.047538875114540705,2.0,0.0,0.002186770428015564,256990,257000,257000,0,257000,99.99610894941634,100.0,100.0,0.0,20230523_200000,96,2737.4564362962724
99.72996108949417,0.053335730347679626,2.0,0.0,0.0027509727626459143,256987,257000,257000,0,257000,99.99494163424124,100.0,100.0,0.0,20230523_200000,97,3458.149489739758
99.815953307393,0.04393738051375379,2.0,0.0,0.0018715953307392996,256992,257000,257000,0,257000,99.99688715953307,100.0,100.0,0.0,20230523_200000,98,5823.3021702792
99.77821011673151,0.04850725176647317,2.0,0.0,0.002264591439688716,256988,257000,257000,0,257000,99.99533073929962,100.0,100.0,0.0,20230523_200000,99,7954.564759544902
99.79727626459145,0.04638478299057143,2.0,0.0,0.0020700389105058367,256989,257000,257000,0,257000,99.99571984435798,100.0,100.0,0.0,20230523_200000,100,3443.36135678776
99.81167315175097,0.04532962557707357,2.0,0.0,0.001941634241245136,256985,257000,257000,0,257000,99.99416342412452,100.0,100.0,0.0,20230523_200000,101,6821.462091315512
99.8354085603113,0.04209034578301009,2.0,0.0,0.001688715953307393,256989,257000,257000,0,257000,99.99571984435798,100.0,100.0,0.0,20230523_200000,102,10199.27799994117
99.79610894941634,0.047007859078265844,2.0,0.0,0.00209727626459144,256985,257000,257000,0,257000,99.99416342412452,100.0,100.0,0.0,20230523_200000,103,6421.444946476386
99.80622568093385,0.045668731259833416,2.0,0.0,0.0019883268482490273,256987,257000,257000,0,257000,99.99494163424124,100.0,100.0,0.0,20230523_200000,104,247.06141994348368
99.79143968871595,0.047130309035330706,2.0,0.0,0.002132295719844358,256988,257000,257000,0,257000,99.99533073929962,100.0,100.0,0.0,20230523_200000,105,4215.807409160086
99.82140077821012,0.043716233663009155,2.0,0.0,0.0018287937743190661,256989,257000,257000,0,257000,99.99571984435798,100.0,100.0,0.0,20230523_200000,106,5794.259371697354
99.79533073929962,0.046592836176045566,2.0,0.0,0.0020894941634241244,256989,257000,257000,0,257000,99.99571984435798,100.0,100.0,0.0,20230523_200000,107,3486.0763880261766
99.78249027237354,0.04806743016022444,2.0,0.0,0.0022217898832684823,256988,257000,257000,0,257000,99.99533073929962,100.0,100.0,0.0,20230523_200000,108,9513.21918943918
99.81284046692606,0.04494152576334039,2.0,0.0,0.0019221789883268482,256987,257000,257000,0,257000,99.99494163424124,100.0,100.0,0.0,20230523_200000,109,5287.325017071337
99.79805447470818,0.04680132026508778,2.0,0.0,0.0020778210116731517,256985,257000,257000,0,257000,99.99416342412452,100.0,100.0,0.0,20230523_200000,110,7930.160499386857
99.80739299610894,0.045796522173315556,2.0,0.0,0.0019844357976653696,256985,257000,257000,0,257000,99.99416342412452,100.0,100.0,0.0,20230523_200000,111,4925.35594332679
99.6875486381323,0.0577613189578563,2.0,0.0,0.003198443579766537,256981,257000,257000,0,257000,99.99260700389105,100.0,100.0,0.0,20230523_200000,112,14279.735615609308
99.8035019455253,0.04621738452190798,2.0,0.0,0.0020233463035019454,256985,257000,257000,0,257000,99.99416342412452,100.0,100.0,0.0,20230523_200000,113,7885.96603765769
99.7704280155642,0.049653731563539825,2.0,0.0,0.0023540856031128406,256985,257000,257000,0,257000,99.99416342412452,100.0,100.0,0.0,20230523_200000,114,5040.741239655804
99.74708171206225,0.051713815834862654,2.0,0.0,0.0025797665369649806,256987,257000,257000,0,257000,99.99494163424124,100.0,100.0,0.0,20230523_200000,115,6501.262126160342
99.80778210116732,0.04613545610561166,2.0,0.0,0.0019922178988326846,256982,257000,257000,0,257000,99.99299610894941,100.0,100.0,0.0,20230523_200000,116,4393.294220046042
99.81439688715953,0.04489771954528092,2.0,0.0,0.0019105058365758755,256986,257000,257000,0,257000,99.99455252918288,100.0,100.0,0.0,20230523_200000,117,3303.149055725019
99.79494163424124,0.04737802757618549,2.0,0.0,0.0021167315175097275,256983,257000,257000,0,257000,99.99338521400777,100.0,100.0,0.0,20230523_200000,118,10334.561899239925
99.76147859922179,0.0496121559311781,2.0,0.0,0.002412451361867704,256993,257000,257000,0,257000,99.99727626459143,100.0,100.0,0.0,20230523_200000,119,4521.170941717774
99.7910505836576,0.046674198543755284,2.0,0.0,0.0021206225680933852,256992,257000,257000,0,257000,99.99688715953307,100.0,100.0,0.0,20230523_200000,120,10643.999879821082
99.81439688715953,0.044376670066147005,2.0,0.0,0.001894941634241245,256990,257000,257000,0,257000,99.99610894941634,100.0,100.0,0.0,20230523_200000,121,13624.173685317133
99.79377431906616,0.046507866538760205,2.0,0.0,0.00209727626459144,256991,257000,257000,0,257000,99.9964980544747,100.0,100.0,0.0,20230523_200000,122,9888.663403725825
99.76653696498055,0.050158157106404304,2.0,0.0,0.002396887159533074,256984,257000,257000,0,257000,99.99377431906615,100.0,100.0,0.0,20230523_200000,123,2744.399061295085
99.79571984435798,0.04579277633587566,2.0,0.0,0.0020622568093385213,256995,257000,257000,0,257000,99.99805447470817,100.0,100.0,0.0,20230523_200000,124,10582.727475476246
99.83424124513618,0.04181053696228931,2.0,0.0,0.001688715953307393,256992,257000,257000,0,257000,99.99688715953307,100.0,100.0,0.0,20230523_200000,125,3961.6866552073793
99.60389105058366,0.06473835888095798,2.0,0.0,0.004042801556420233,256979,257000,257000,0,257000,99.99182879377432,100.0,100.0,0.0,20230523_200000,126,8447.601188606212
99.75953307392996,0.05061927450053631,2.0,0.0,0.0024591439688715954,256986,257000,257000,0,257000,99.99455252918288,100.0,100.0,0.0,20230523_200000,127,10892.258724905529
99.72412451361868,0.05473848532754827,2.0,0.0,0.002840466926070039,256979,257000,257000,0,257000,99.99182879377432,100.0,100.0,0.0,20230523_200000,128,8550.81773006026
99.73501945525291,0.05308313531999867,2.0,0.0,0.0027081712062256807,256985,257000,257000,0,257000,99.99416342412452,100.0,100.0,0.0,20230523_200000,129,14048.756313266887
99.75252918287939,0.05119088847576416,2.0,0.0,0.0025252918287937743,256987,257000,257000,0,257000,99.99494163424124,100.0,100.0,0.0,20230523_200000,130,11929.89918975023
99.7852140077821,0.047904550228190415,2.0,0.0,0.002198443579766537,256987,257000,257000,0,257000,99.99494163424124,100.0,100.0,0.0,20230523_200000,131,4244.61932566299
99.8182879377432,0.04406985682847603,2.0,0.0,0.001859922178988327,256989,257000,257000,0,257000,99.99571984435798,100.0,100.0,0.0,20230523_200000,132,5170.703958772409
99.79377431906616,0.04675921950805431,2.0,0.0,0.002105058365758755,256989,257000,257000,0,257000,99.99571984435798,100.0,100.0,0.0,20230523_200000,133,4330.890012046081
99.82334630350195,0.04336003457009374,2.0,0.0,0.0018054474708171207,256990,257000,257000,0,257000,99.99610894941634,100.0,100.0,0.0,20230523_200000,134,10144.488863267658
99.7988326848249,0.04583610666787657,2.0,0.0,0.0020428015564202336,256992,257000,257000,0,257000,99.99688715953307,100.0,100.0,0.0,20230523_200000,135,1813.6806487018807
99.82996108949416,0.04245573702341598,2.0,0.0,0.001735408560311284,256991,257000,257000,0,257000,99.9964980544747,100.0,100.0,0.0,20230523_200000,136,652.1489636875523
99.82217898832685,0.04335971402552697,2.0,0.0,0.0018132295719844357,256991,257000,257000,0,257000,99.9964980544747,100.0,100.0,0.0,20230523_200000,137,781.248817984217
99.74785992217899,0.05175238639419713,2.0,0.0,0.002575875486381323,256986,257000,257000,0,257000,99.99455252918288,100.0,100.0,0.0,20230523_200000,138,4185.733843152197
99.77821011673151,0.04850616743577856,2.0,0.0,0.002264591439688716,256988,257000,257000,0,257000,99.99533073929962,100.0,100.0,0.0,20230523_200000,139,13526.916000793371
99.815953307393,0.044464265959610554,2.0,0.0,0.00188715953307393,256988,257000,257000,0,257000,99.99533073929962,100.0,100.0,0.0,20230523_200000,140,9139.39641835773
99.82957198443579,0.04263832759348587,2.0,0.0,0.0017431906614785993,256990,257000,257000,0,257000,99.99610894941634,100.0,100.0,0.0,20230523_200000,141,10786.006294737084
99.78560311284048,0.04798570655656259,2.0,0.0,0.002198443579766537,256986,257000,257000,0,257000,99.99455252918288,100.0,100.0,0.0,20230523_200000,142,1469.875803175035
99.76303501945524,0.05003999596404561,2.0,0.0,0.002416342412451362,256988,257000,257000,0,257000,99.99533073929962,100.0,100.0,0.0,20230523_200000,143,175.73869956427814
99.75719844357977,0.05015519163750174,2.0,0.0,0.0024591439688715954,256992,257000,257000,0,257000,99.99688715953307,100.0,100.0,0.0,20230523_200000,144,4074.0138792210764
99.8136186770428,0.044463610824472546,2.0,0.0,0.0019027237354085603,256990,257000,257000,0,257000,99.99610894941634,100.0,100.0,0.0,20230523_200000,145,6859.01718091247
99.80389105058366,0.04528420583823535,2.0,0.0,0.0019922178988326846,256992,257000,257000,0,257000,99.99688715953307,100.0,100.0,0.0,20230523_200000,146,4881.634601723869
99.75136186770428,0.05096046885934889,2.0,0.0,0.0025252918287937743,256990,257000,257000,0,257000,99.99610894941634,100.0,100.0,0.0,20230523_200000,147,13833.650230885487
99.79066147859922,0.04696559369552585,2.0,0.0,0.002132295719844358,256990,257000,257000,0,257000,99.99610894941634,100.0,100.0,0.0,20230523_200000,148,3617.5103789833115
99.79338521400778,0.046424475101464066,2.0,0.0,0.00209727626459144,256992,257000,257000,0,257000,99.99688715953307,100.0,100.0,0.0,20230523_200000,149,12346.76663718301
99.70778210116733,0.05578543788224262,2.0,0.0,0.0029883268482490274,256983,257000,257000,0,257000,99.99338521400777,100.0,100.0,0.0,20230523_200000,150,1634.6405523067187
99.7727626459144,0.04953550142143966,2.0,0.0,0.0023346303501945525,256984,257000,257000,0,257000,99.99377431906615,100.0,100.0,0.0,20230524_000000,1,2116.3431764700454
99.74241245136187,0.05227218063893027,2.0,0.0,0.002630350194552529,256986,257000,257000,0,257000,99.99455252918288,100.0,100.0,0.0,20230524_000000,2,15926.687594707111
99.78793774319065,0.04774323680227613,2.0,0.0,0.0021750972762645915,256986,257000,257000,0,257000,99.99455252918288,100.0,100.0,0.0,20230524_000000,3,18688.561215776856
99.8,0.047337458754002866,2.0,0.0,0.0020817120622568094,256979,257000,257000,0,257000,99.99182879377432,100.0,100.0,0.0,20230524_000000,4,22232.775579275865
99.7805447470817,0.04862796329493648,2.0,0.0,0.002252918287937743,256985,257000,257000,0,257000,99.99416342412452,100.0,100.0,0.0,20230524_000000,5,4914.134301127577
99.76303501945524,0.05027310099942283,2.0,0.0,0.002424124513618677,256986,257000,257000,0,257000,99.99455252918288,100.0,100.0,0.0,20230524_000000,6,26271.26956639624
99.76264591439688,0.049846888765914726,2.0,0.0,0.002412451361867704,256990,257000,257000,0,257000,99.99610894941634,100.0,100.0,0.0,20230524_000000,7,30740.281304691915
99.79299610894941,0.04721348636433411,2.0,0.0,0.002124513618677043,256986,257000,257000,0,257000,99.99455252918288,100.0,100.0,0.0,20230524_000000,8,2758.8392611370987
99.78715953307393,0.048189225522874087,2.0,0.0,0.002194552529182879,256983,257000,257000,0,257000,99.99338521400777,100.0,100.0,0.0,20230524_000000,9,8038.408657345241
99.82101167315174,0.04362713587334722,2.0,0.0,0.0018287937743190661,256990,257000,257000,0,257000,99.99610894941634,100.0,100.0,0.0,20230524_000000,10,18074.869445195753
99.79727626459145,0.04651027288468085,2.0,0.0,0.002073929961089494,256988,257000,257000,0,257000,99.99533073929962,100.0,100.0,0.0,20230524_000000,11,13479.044205437718
99.815953307393,0.044465559857200514,2.0,0.0,0.00188715953307393,256988,257000,257000,0,257000,99.99533073929962,100.0,100.0,0.0,20230524_000000,12,19307.3562691399
99.70739299610895,0.056443568366449676,2.0,0.0,0.0030155642023346305,256977,257000,257000,0,257000,99.9910505836576,100.0,100.0,0.0,20230524_000000,13,20029.333600681683
99.71673151750973,0.05487650817609533,2.0,0.0,0.0028949416342412453,256984,257000,257000,0,257000,99.99377431906615,100.0,100.0,0.0,20230524_000000,14,25123.16236374586
99.76264591439688,0.04996217664308058,2.0,0.0,0.002416342412451362,256989,257000,257000,0,257000,99.99571984435798,100.0,100.0,0.0,20230524_000000,15,12319.68351083444
99.81439688715953,0.044506850319421844,2.0,0.0,0.0018988326848249028,256989,257000,257000,0,257000,99.99571984435798,100.0,100.0,0.0,20230524_000000,16,29424.63978247976
99.79455252918288,0.04704802409273525,2.0,0.0,0.0021089494163424125,256986,257000,257000,0,257000,99.99455252918288,100.0,100.0,0.0,20230524_000000,17,9630.673255973143
99.68949416342411,0.05779562668409417,2.0,0.0,0.003186770428015564,256979,257000,257000,0,257000,99.99182879377432,100.0,100.0,0.0,20230524_000000,18,19061.15219289908
99.68132295719845,0.0581934888286143,2.0,0.0,0.003256809338521401,256982,257000,257000,0,257000,99.99299610894941,100.0,100.0,0.0,20230524_000000,19,13888.940732916111
99.77198443579766,0.04830575286615542,2.0,0.0,0.0022996108949416344,256995,257000,257000,0,257000,99.99805447470817,100.0,100.0,0.0,20230524_000000,20,18416.771294577666
99.7774319066148,0.04882634401606703,2.0,0.0,0.0022801556420233462,256986,257000,257000,0,257000,99.99455252918288,100.0,100.0,0.0,20230524_000000,21,1950.739098017853
99.77626459143968,0.04882670309217482,2.0,0.0,0.0022879377431906617,256987,257000,257000,0,257000,99.99494163424124,100.0,100.0,0.0,20230524_000000,22,31096.00308354208
99.7988326848249,0.0460910955599679,2.0,0.0,0.0020505836575875486,256990,257000,257000,0,257000,99.99610894941634,100.0,100.0,0.0,20230524_000000,23,3213.977019805841
99.79455252918288,0.04692328217644838,2.0,0.0,0.002105058365758755,256987,257000,257000,0,257000,99.99494163424124,100.0,100.0,0.0,20230524_000000,24,24703.529335840303
99.75875486381322,0.05046493100466897,2.0,0.0,0.0024591439688715954,256988,257000,257000,0,257000,99.99533073929962,100.0,100.0,0.0,20230524_000000,25,20259.180804809064
99.76614785992219,0.04949492679219449,2.0,0.0,0.002377431906614786,256990,257000,257000,0,257000,99.99610894941634,100.0,100.0,0.0,20230524_000000,26,8571.35870589276
99.77859922178989,0.04798355973534236,2.0,0.0,0.002245136186770428,256992,257000,257000,0,257000,99.99688715953307,100.0,100.0,0.0,20230524_000000,27,2629.4996315446874
99.75369649805448,0.05130384884840716,2.0,0.0,0.0025214007782101166,256985,257000,257000,0,257000,99.99416342412452,100.0,100.0,0.0,20230524_000000,28,7768.753374527937
99.79533073929962,0.04671742207001476,2.0,0.0,0.002093385214007782,256988,257000,257000,0,257000,99.99533073929962,100.0,100.0,0.0,20230524_000000,29,17877.924849772462
99.78677042801556,0.0478655047201288,2.0,0.0,0.002186770428015564,256986,257000,257000,0,257000,99.99455252918288,100.0,100.0,0.0,20230524_000000,30,5069.778348972358
99.768093385214,0.050003131516343585,2.0,0.0,0.0023813229571984437,256984,257000,257000,0,257000,99.99377431906615,100.0,100.0,0.0,20230524_000000,31,13231.067143312943
99.82645914396888,0.04231724419110593,2.0,0.0,0.001754863813229572,256995,257000,257000,0,257000,99.99805447470817,100.0,100.0,0.0,20230524_000000,32,22327.352345797095
99.73346303501945,0.05344877102860455,2.0,0.0,0.0027315175097276266,256983,257000,257000,0,257000,99.99338521400777,100.0,100.0,0.0,20230524_000000,33,15219.52537010093
99.77821011673151,0.048144382409907906,2.0,0.0,0.002252918287937743,256991,257000,257000,0,257000,99.9964980544747,100.0,100.0,0.0,20230524_000000,34,1057.1396360773758
99.80194552529183,0.04588040356085985,2.0,0.0,0.0020233463035019454,256989,257000,257000,0,257000,99.99571984435798,100.0,100.0,0.0,20230524_000000,35,9331.141164160408
99.78171206225682,0.04862831947705039,2.0,0.0,0.002245136186770428,256984,257000,257000,0,257000,99.99377431906615,100.0,100.0,0.0,20230524_000000,36,9156.682668360776
99.69961089494164,0.05619868160067013,2.0,0.0,0.003058365758754864,256986,257000,257000,0,257000,99.99455252918288,100.0,100.0,0.0,20230524_000000,37,27840.942814656843
99.75525291828794,0.05194247225758985,2.0,0.0,0.0025330739299610893,256978,257000,257000,0,257000,99.99143968871596,100.0,100.0,0.0,20230524_000000,38,2305.3700718508862
99.79338521400778,0.04667419854375529,2.0,0.0,0.002105058365758755,256990,257000,257000,0,257000,99.99610894941634,100.0,100.0,0.0,20230524_000000,39,7560.130233910908
99.77821011673151,0.04850689157410658,2.0,0.0,0.002264591439688716,256988,257000,257000,0,257000,99.99533073929962,100.0,100.0,0.0,20230524_000000,40,8568.39521584044
99.79027237354086,0.04712891096572545,2.0,0.0,0.0021400778210116734,256989,257000,257000,0,257000,99.99571984435798,100.0,100.0,0.0,20230524_000000,41,25626.931966516215
99.7727626459144,0.04918311194719182,2.0,0.0,0.0023229571984435798,256987,257000,257000,0,257000,99.99494163424124,100.0,100.0,0.0,20230524_000000,42,19102.10521517989
99.68326848249028,0.0569132516665884,2.0,0.0,0.003194552529182879,256993,257000,257000,0,257000,99.99727626459143,100.0,100.0,0.0,20230524_000000,43,26036.89717295508
99.80972762645915,0.04450618628598959,2.0,0.0,0.0019299610894941634,256993,257000,257000,0,257000,99.99727626459143,100.0,100.0,0.0,20230524_000000,44,6406.968695144361
99.76420233463034,0.04945578804965083,2.0,0.0,0.0023891050583657587,256992,257000,257000,0,257000,99.99688715953307,100.0,100.0,0.0,20230524_000000,45,3717.3748841083498
99.83151750972763,0.04295700794380586,2.0,0.0,0.0017392996108949415,256986,257000,257000,0,257000,99.99455252918288,100.0,100.0,0.0,20230524_000000,46,7281.12847521598
99.80583657587549,0.045711812524075704,2.0,0.0,0.0019922178988326846,256987,257000,257000,0,257000,99.99494163424124,100.0,100.0,0.0,20230524_000000,47,4825.468722027763
99.73073929961089,0.05380724833189589,2.0,0.0,0.002762645914396887,256982,257000,257000,0,257000,99.99299610894941,100.0,100.0,0.0,20230524_000000,48,8603.304491497054
99.75603112840467,0.051074304064994164,2.0,0.0,0.002498054474708171,256985,257000,257000,0,257000,99.99416342412452,100.0,100.0,0.0,20230524_000000,49,4606.74881294982
99.80739299610894,0.04515663547927525,2.0,0.0,0.0019649805447470815,256990,257000,257000,0,257000,99.99610894941634,100.0,100.0,0.0,20230524_000000,50,1931.5568237744783
99.7147859922179,0.05452042273060262,2.0,0.0,0.0028949416342412453,256989,257000,257000,0,257000,99.99571984435798,100.0,100.0,0.0,20230524_000000,51,25671.654003135347
99.80856031128404,0.04463629917031155,2.0,0.0,0.001941634241245136,256993,257000,257000,0,257000,99.99727626459143,100.0,100.0,0.0,20230524_000000,52,19272.28628070088
99.76770428015564,0.05004184156715617,2.0,0.0,0.002385214007782101,256984,257000,257000,0,257000,99.99377431906615,100.0,100.0,0.0,20230524_000000,53,26695.49487915246
99.81206225680934,0.04476868772915031,2.0,0.0,0.0019221789883268482,256989,257000,257000,0,257000,99.99571984435798,100.0,100.0,0.0,20230524_000000,54,29835.583628203865
99.768093385214,0.049651539770643405,2.0,0.0,0.002369649805447471,256987,257000,257000,0,257000,99.99494163424124,100.0,100.0,0.0,20230524_000000,55,14223.301895645007
99.81673151750972,0.044638942075967844,2.0,0.0,0.00188715953307393,256986,257000,257000,0,257000,99.99455252918288,100.0,100.0,0.0,20230524_000000,56,15180.18986130433
99.7136186770428,0.054731255818937584,2.0,0.0,0.0029105058365758753,256988,257000,257000,0,257000,99.99533073929962,100.0,100.0,0.0,20230524_000000,57,9848.905479363906
99.76770428015564,0.04969125954445038,2.0,0.0,0.0023735408560311283,256987,257000,257000,0,257000,99.99494163424124,100.0,100.0,0.0,20230524_000000,58,13036.445918644948
99.7964980544747,0.04696662462185086,2.0,0.0,0.002093385214007782,256985,257000,257000,0,257000,99.99416342412452,100.0,100.0,0.0,20230524_000000,59,8817.509703556394
99.81322957198444,0.04463828950446894,2.0,0.0,0.0019105058365758755,256989,257000,257000,0,257000,99.99571984435798,100.0,100.0,0.0,20230524_000000,60,17488.922849424478
99.8249027237354,0.042773244084876545,2.0,0.0,0.0017782101167315176,256993,257000,257000,0,257000,99.99727626459143,100.0,100.0,0.0,20230524_000000,61,14178.134073356916
99.7875486381323,0.04716999777949589,2.0,0.0,0.002159533073929961,256991,257000,257000,0,257000,99.9964980544747,100.0,100.0,0.0,20230524_000000,62,19369.211410187265
99.78832684824903,0.04683993472377873,2.0,0.0,0.0021439688715953306,256993,257000,257000,0,257000,99.99727626459143,100.0,100.0,0.0,20230524_000000,63,28806.628538403987
99.82451361867705,0.04336003457009374,2.0,0.0,0.0017976653696498055,256989,257000,257000,0,257000,99.99571984435798,100.0,100.0,0.0,20230524_000000,64,23790.084707374506
99.72373540856032,0.05413030079246628,2.0,0.0,0.002821011673151751,256985,257000,257000,0,257000,99.99416342412452,100.0,100.0,0.0,20230524_000000,65,19553.077402956154
99.80428015564202,0.04549733402732846,2.0,0.0,0.0019961089494163423,256990,257000,257000,0,257000,99.99610894941634,100.0,100.0,0.0,20230524_000000,66,837.7121346734085
99.78910505836576,0.04725346538365656,2.0,0.0,0.002151750972762646,256989,257000,257000,0,257000,99.99571984435798,100.0,100.0,0.0,20230524_000000,67,7414.403976398532
99.75836575875486,0.0506185327246693,2.0,0.0,0.0024669260700389104,256987,257000,257000,0,257000,99.99494163424124,100.0,100.0,0.0,20230524_000000,68,21839.17551597228
99.82957198443579,0.0429112256113871,2.0,0.0,0.0017509727626459145,256988,257000,257000,0,257000,99.99533073929962,100.0,100.0,0.0,20230524_000000,69,27870.42047680578
99.76536964980545,0.04980839470243899,2.0,0.0,0.0023929961089494164,256988,257000,257000,0,257000,99.99533073929962,100.0,100.0,0.0,20230524_000000,70,19015.737512216463
99.73346303501945,0.053117214654330856,2.0,0.0,0.002719844357976654,256986,257000,257000,0,257000,99.99455252918288,100.0,100.0,0.0,20230524_000000,71,671.9038359087054
99.75214007782101,0.05201732908750512,2.0,0.0,0.002556420233463035,256980,257000,257000,0,257000,99.99221789883268,100.0,100.0,0.0,20230524_000000,72,24769.05918846917
99.82801556420233,0.04282076611727907,2.0,0.0,0.0017587548638132297,256990,257000,257000,0,257000,99.99610894941634,100.0,100.0,0.0,20230524_000000,73,26604.191291428528
99.75408560311284,0.05103751953344888,2.0,0.0,0.002509727626459144,256987,257000,257000,0,257000,99.99494163424124,100.0,100.0,0.0,20230524_000000,74,18663.487337313763
99.78949416342412,0.04770264499771519,2.0,0.0,0.0021634241245136188,256985,257000,257000,0,257000,99.99416342412452,100.0,100.0,0.0,20230524_000000,75,24715.574427113195
99.77898832684825,0.0480649430145389,2.0,0.0,0.002245136186770428,256991,257000,257000,0,257000,99.9964980544747,100.0,100.0,0.0,20230524_000000,76,5674.077296455058
99.80739299610894,0.045025354331366986,2.0,0.0,0.0019610894941634242,256991,257000,257000,0,257000,99.9964980544747,100.0,100.0,0.0,20230524_000000,77,16808.200881906516
99.8147859922179,0.044464591480548925,2.0,0.0,0.001894941634241245,256989,257000,257000,0,257000,99.99571984435798,100.0,100.0,0.0,20230524_000000,78,14322.92595036153
99.80622568093385,0.04541274308137118,2.0,0.0,0.001980544747081712,256989,257000,257000,0,257000,99.99571984435798,100.0,100.0,0.0,20230524_000000,79,9008.935068265127
99.79610894941634,0.04675887628696988,2.0,0.0,0.0020894941634241244,256987,257000,257000,0,257000,99.99494163424124,100.0,100.0,0.0,20230524_000000,80,32289.070042115865
99.80739299610894,0.045027363782789855,2.0,0.0,0.0019610894941634242,256991,257000,257000,0,257000,99.9964980544747,100.0,100.0,0.0,20230524_000000,81,14117.442961449975
99.8112840466926,0.044068218056352845,2.0,0.0,0.001906614785992218,256995,257000,257000,0,257000,99.99805447470817,100.0,100.0,0.0,20230524_000000,82,26371.76526378106
99.80155642023347,0.04579517860013943,2.0,0.0,0.0020233463035019454,256990,257000,257000,0,257000,99.99610894941634,100.0,100.0,0.0,20230524_000000,83,31385.76098569601
99.69883268482491,0.05574661213330925,2.0,0.0,0.003046692607003891,256991,257000,257000,0,257000,99.9964980544747,100.0,100.0,0.0,20230524_000000,84,15222.696671975871
99.79066147859922,0.04683993472377873,2.0,0.0,0.0021284046692607002,256991,257000,257000,0,257000,99.9964980544747,100.0,100.0,0.0,20230524_000000,85,13225.578050011336
99.82101167315174,0.043760229293184655,2.0,0.0,0.0018326848249027238,256989,257000,257000,0,257000,99.99571984435798,100.0,100.0,0.0,20230524_000000,86,10398.43479392144
99.75992217898832,0.05058064028714202,2.0,0.0,0.0024552529182879377,256986,257000,257000,0,257000,99.99455252918288,100.0,100.0,0.0,20230524_000000,87,3387.7810618598696
99.78210116731518,0.04846908756041757,2.0,0.0,0.0022373540856031127,256985,257000,257000,0,257000,99.99416342412452,100.0,100.0,0.0,20230524_000000,88,5208.795327914364
99.77859922178989,0.04930359023185163,2.0,0.0,0.0022879377431906617,256981,257000,257000,0,257000,99.99260700389105,100.0,100.0,0.0,20230524_000000,89,13332.361168047062
99.80622568093385,0.045412069623229766,2.0,0.0,0.001980544747081712,256989,257000,257000,0,257000,99.99571984435798,100.0,100.0,0.0,20230524_000000,90,16047.250650992972
99.7669260700389,0.050002397556409915,2.0,0.0,0.0023891050583657587,256985,257000,257000,0,257000,99.99416342412452,100.0,100.0,0.0,20230524_000000,91,21459.755596078398
99.75758754863813,0.05092322064464926,2.0,0.0,0.0024824902723735408,256985,257000,257000,0,257000,99.99416342412452,100.0,100.0,0.0,20230524_000000,92,12969.847628904705
99.784046692607,0.048389797000858714,2.0,0.0,0.0022217898832684823,256984,257000,257000,0,257000,99.99377431906615,100.0,100.0,0.0,20230524_000000,93,24631.066617403394
99.76303501945524,0.04968941006069344,2.0,0.0,0.002404669260700389,256991,257000,257000,0,257000,99.9964980544747,100.0,100.0,0.0,20230524_000000,94,1188.5466566003972
99.8035019455253,0.04545472198429945,2.0,0.0,0.002,256991,257000,257000,0,257000,99.9964980544747,100.0,100.0,0.0,20230524_000000,95,2852.08056842224
99.81750972762646,0.044024872398401436,2.0,0.0,0.0018638132295719844,256990,257000,257000,0,257000,99.99610894941634,100.0,100.0,0.0,20230524_000000,96,8174.693984316224
99.83268482490273,0.04254760175160575,2.0,0.0,0.0017198443579766536,256988,257000,257000,0,257000,99.99533073929962,100.0,100.0,0.0,20230524_000000,97,3754.4688271458635
99.75525291828794,0.05137813679370574,2.0,0.0,0.0025136186770428016,256983,257000,257000,0,257000,99.99338521400777,100.0,100.0,0.0,20230524_000000,98,25021.282228577296
99.80622568093385,0.04528420583823536,2.0,0.0,0.0019766536964980546,256990,257000,257000,0,257000,99.99610894941634,100.0,100.0,0.0,20230524_000000,99,28012.72399627226
99.77665369649806,0.04830719460383533,2.0,0.0,0.0022684824902723735,256991,257000,257000,0,257000,99.9964980544747,100.0,100.0,0.0,20230524_000000,100,26717.742259466686
99.80077821011673,0.0461331175066089,2.0,0.0,0.002038910505836576,256988,257000,257000,0,257000,99.99533073929962,100.0,100.0,0.0,20230524_000000,101,37.28077250945857
99.79455252918288,0.04741855881622432,2.0,0.0,0.0021206225680933852,256983,257000,257000,0,257000,99.99338521400777,100.0,100.0,0.0,20230524_000000,102,28157.07408217729
99.81089494163425,0.04515597161307179,2.0,0.0,0.001941634241245136,256987,257000,257000,0,257000,99.99494163424124,100.0,100.0,0.0,20230524_000000,103,14962.48986128168
99.77821011673151,0.04886706821208994,2.0,0.0,0.0022762645914396885,256985,257000,257000,0,257000,99.99416342412452,100.0,100.0,0.0,20230524_000000,104,1755.561917181486
99.81712062256808,0.043937055221895144,2.0,0.0,0.0018638132295719844,256991,257000,257000,0,257000,99.9964980544747,100.0,100.0,0.0,20230524_000000,105,16791.215043018085
99.71556420233463,0.055088814228507435,2.0,0.0,0.0029105058365758753,256983,257000,257000,0,257000,99.99338521400777,100.0,100.0,0.0,20230524_000000,106,20165.865865824228
99.7852140077821,0.04850973808207644,2.0,0.0,0.002217898832684825,256982,257000,257000,0,257000,99.99299610894941,100.0,100.0,0.0,20230524_000000,107,16145.194599954324
99.81906614785993,0.04424576632647895,2.0,0.0,0.001859922178988327,256987,257000,257000,0,257000,99.99494163424124,100.0,100.0,0.0,20230524_000000,108,14316.822473932603
99.75836575875486,0.050847876833249685,2.0,0.0,0.002474708171206226,256985,257000,257000,0,257000,99.99416342412452,100.0,100.0,0.0,20230524_000000,109,1671.6021747353982
99.79571984435798,0.045793813827974615,2.0,0.0,0.0020622568093385213,256995,257000,257000,0,257000,99.99805447470817,100.0,100.0,0.0,20230524_000000,110,8649.417445183737
99.79455252918288,0.04692466830410575,2.0,0.0,0.002105058365758755,256987,257000,257000,0,257000,99.99494163424124,100.0,100.0,0.0,20230524_000000,111,4243.256459247063
99.79844357976654,0.046005230832049195,2.0,0.0,0.0020505836575875486,256991,257000,257000,0,257000,99.9964980544747,100.0,100.0,0.0,20230524_000000,112,9328.687947881996
99.8124513618677,0.045115006435325226,2.0,0.0,0.0019299610894941634,256986,257000,257000,0,257000,99.99455252918288,100.0,100.0,0.0,20230524_000000,113,28528.860242984607
99.75058365758754,0.05057687458263117,2.0,0.0,0.0025175097276264593,256994,257000,257000,0,257000,99.99766536964981,100.0,100.0,0.0,20230524_000000,114,15698.84567961654
99.76614785992219,0.04996291967871011,2.0,0.0,0.0023929961089494164,256986,257000,257000,0,257000,99.99455252918288,100.0,100.0,0.0,20230524_000000,115,935.0235018005886
99.7739299610895,0.048587041804883,2.0,0.0,0.0022957198443579767,256991,257000,257000,0,257000,99.9964980544747,100.0,100.0,0.0,20230524_000000,116,20405.161507607514
99.79727626459145,0.047008200481451656,2.0,0.0,0.0020894941634241244,256984,257000,257000,0,257000,99.99377431906615,100.0,100.0,0.0,20230524_000000,117,25888.173193293555
99.77587548638132,0.048507968397750734,2.0,0.0,0.0022801556420233462,256990,257000,257000,0,257000,99.99610894941634,100.0,100.0,0.0,20230524_000000,118,22988.446139347194
99.8182879377432,0.04353753095102142,2.0,0.0,0.0018443579766536965,256993,257000,257000,0,257000,99.99727626459143,100.0,100.0,0.0,20230524_000000,119,10064.575482283337
99.80389105058366,0.04592329119813777,2.0,0.0,0.0020116731517509727,256987,257000,257000,0,257000,99.99494163424124,100.0,100.0,0.0,20230524_000000,120,442.88855512677355
99.70817120622569,0.05585432492206679,2.0,0.0,0.0029883268482490274,256982,257000,257000,0,257000,99.99299610894941,100.0,100.0,0.0,20230524_000000,121,13214.002379945363
99.81284046692606,0.04441933840331377,2.0,0.0,0.001906614785992218,256991,257000,257000,0,257000,99.9964980544747,100.0,100.0,0.0,20230524_000000,122,7277.604958453953
99.81400778210117,0.04441933840331377,2.0,0.0,0.0018988326848249028,256990,257000,257000,0,257000,99.99610894941634,100.0,100.0,0.0,20230524_000000,123,27251.447216212546
99.83268482490273,0.04349647665449181,2.0,0.0,0.0017470817120622568,256981,257000,257000,0,257000,99.99260700389105,100.0,100.0,0.0,20230524_000000,124,3674.7786866826855
99.82256809338521,0.04344903891775223,2.0,0.0,0.0018132295719844357,256990,257000,257000,0,257000,99.99610894941634,100.0,100.0,0.0,20230524_000000,125,30673.403323534825
99.76303501945524,0.05027273117290969,2.0,0.0,0.002424124513618677,256986,257000,257000,0,257000,99.99455252918288,100.0,100.0,0.0,20230524_000000,126,20978.021400328376
99.78015564202335,0.04818817550912976,2.0,0.0,0.0022412451361867704,256989,257000,257000,0,257000,99.99571984435798,100.0,100.0,0.0,20230524_000000,127,4986.816777984689
99.6556420233463,0.060922073367969724,2.0,0.0,0.003536964980544747,256976,257000,257000,0,257000,99.99066147859922,100.0,100.0,0.0,20230524_000000,128,30206.767305145775
99.79455252918288,0.04667763038023,2.0,0.0,0.00209727626459144,256989,257000,257000,0,257000,99.99571984435798,100.0,100.0,0.0,20230524_000000,129,9452.812213758725
99.80194552529183,0.0462596291841247,2.0,0.0,0.002035019455252918,256986,257000,257000,0,257000,99.99455252918288,100.0,100.0,0.0,20230524_000000,130,22846.87187003855
99.7011673151751,0.05657675310683632,2.0,0.0,0.0030622568093385213,256981,257000,257000,0,257000,99.99260700389105,100.0,100.0,0.0,20230524_000000,131,13456.901226990214
99.73891050583657,0.052383523513680696,2.0,0.0,0.002657587548638132,256988,257000,257000,0,257000,99.99533073929962,100.0,100.0,0.0,20230524_000000,132,15627.19629851105
99.79533073929962,0.046716732418470894,2.0,0.0,0.002093385214007782,256988,257000,257000,0,257000,99.99533073929962,100.0,100.0,0.0,20230524_000000,133,15294.25429628757
99.79961089494164,0.0456235595123459,2.0,0.0,0.002031128404669261,256993,257000,257000,0,257000,99.99727626459143,100.0,100.0,0.0,20230524_000000,134,14794.400278854171
99.81945525291829,0.04393738051375379,2.0,0.0,0.001848249027237354,256989,257000,257000,0,257000,99.99571984435798,100.0,100.0,0.0,20230524_000000,135,4684.664075311895
99.82373540856031,0.043449360197162806,2.0,0.0,0.0018054474708171207,256989,257000,257000,0,257000,99.99571984435798,100.0,100.0,0.0,20230524_000000,136,6173.488694261502
99.78210116731518,0.04810594071310719,2.0,0.0,0.00222568093385214,256988,257000,257000,0,257000,99.99533073929962,100.0,100.0,0.0,20230524_000000,137,19412.64166588266
99.76264591439688,0.05088705167963063,2.0,0.0,0.0024474708171206227,256981,257000,257000,0,257000,99.99260700389105,100.0,100.0,0.0,20230524_000000,138,24170.922963407775
99.78832684824903,0.04708883745162148,2.0,0.0,0.002151750972762646,256991,257000,257000,0,257000,99.9964980544747,100.0,100.0,0.0,20230524_000000,139,4421.232264608922
99.79182879377431,0.04608764632903871,2.0,0.0,0.00209727626459144,256996,257000,257000,0,257000,99.99844357976654,100.0,100.0,0.0,20230524_000000,140,2261.0088582865947
99.7603112840467,0.049727236591397134,2.0,0.0,0.002424124513618677,256993,257000,257000,0,257000,99.99727626459143,100.0,100.0,0.0,20230524_000000,141,25025.40219714284
99.80428015564202,0.046006597230731784,2.0,0.0,0.0020116731517509727,256986,257000,257000,0,257000,99.99455252918288,100.0,100.0,0.0,20230524_000000,142,27672.70816253986
99.75486381322958,0.05061589873430459,2.0,0.0,0.002490272373540856,256990,257000,257000,0,257000,99.99610894941634,100.0,100.0,0.0,20230524_000000,143,11007.879373985803
99.76926070038911,0.05000313151634359,2.0,0.0,0.0023735408560311283,256983,257000,257000,0,257000,99.99338521400777,100.0,100.0,0.0,20230524_000000,144,25512.59133789396
99.79805447470818,0.04604801503228066,2.0,0.0,0.0020544747081712063,256991,257000,257000,0,257000,99.9964980544747,100.0,100.0,0.0,20230524_000000,145,8653.188211410912
99.82178988326848,0.04272821732354486,2.0,0.0,0.0017976653696498055,256996,257000,257000,0,257000,99.99844357976654,100.0,100.0,0.0,20230524_000000,146,83.08362010559867
99.79571984435798,0.04642482209929182,2.0,0.0,0.0020817120622568094,256990,257000,257000,0,257000,99.99610894941634,100.0,100.0,0.0,20230524_000000,147,23515.33922488709
99.83268482490273,0.043227273541744514,2.0,0.0,0.0017392996108949415,256983,257000,257000,0,257000,99.99338521400777,100.0,100.0,0.0,20230524_000000,148,27124.170181376776
99.71867704280154,0.05427107227737494,2.0,0.0,0.0028599221789883267,256988,257000,257000,0,257000,99.99533073929962,100.0,100.0,0.0,20230524_000000,149,18782.558557215692
99.70038910505836,0.056440285045477684,2.0,0.0,0.0030622568093385213,256983,257000,257000,0,257000,99.99338521400777,100.0,100.0,0.0,20230524_000000,150,21374.16110994273
99.81789883268483,0.044113166865039785,2.0,0.0,0.0018638132295719844,256989,257000,257000,0,257000,99.99571984435798,100.0,100.0,0.0,20230524_200000,1,12397.453800865076
99.82140077821012,0.04331466040036414,2.0,0.0,0.0018171206225680934,256992,257000,257000,0,257000,99.99688715953307,100.0,100.0,0.0,20230524_200000,2,6398.13104752289
99.81206225680934,0.044897054548416665,2.0,0.0,0.0019260700389105059,256988,257000,257000,0,257000,99.99533073929962,100.0,100.0,0.0,20230524_200000,3,6939.643372185049
99.83696498054475,0.041485254902898096,2.0,0.0,0.00166147859922179,256992,257000,257000,0,257000,99.99688715953307,100.0,100.0,0.0,20230524_200000,4,4763.199685423617
99.81712062256808,0.04380385065243468,2.0,0.0,0.001859922178988327,256992,257000,257000,0,257000,99.99688715953307,100.0,100.0,0.0,20230524_200000,5,10930.439724939062
99.82801556420233,0.042547601751605754,2.0,0.0,0.0017509727626459145,256992,257000,257000,0,257000,99.99688715953307,100.0,100.0,0.0,20230524_200000,6,5404.6656567765585
99.82217898832685,0.04349395369397342,2.0,0.0,0.0018171206225680934,256990,257000,257000,0,257000,99.99610894941634,100.0,100.0,0.0,20230524_200000,7,13365.90711988826
99.82295719844359,0.043672510922411305,2.0,0.0,0.0018171206225680934,256988,257000,257000,0,257000,99.99533073929962,100.0,100.0,0.0,20230524_200000,8,12459.652917377733
99.81945525291829,0.04380482741448816,2.0,0.0,0.0018443579766536965,256990,257000,257000,0,257000,99.99610894941634,100.0,100.0,0.0,20230524_200000,9,14052.538917733411
99.82101167315174,0.04362713587334722,2.0,0.0,0.0018287937743190661,256990,257000,257000,0,257000,99.99610894941634,100.0,100.0,0.0,20230524_200000,10,3421.60583681402
99.82451361867705,0.04322696111922327,2.0,0.0,0.0017937743190661478,256990,257000,257000,0,257000,99.99610894941634,100.0,100.0,0.0,20230524_200000,11,5487.206323463341
99.83385214007782,0.042134845416375896,2.0,0.0,0.0017003891050583657,256990,257000,257000,0,257000,99.99610894941634,100.0,100.0,0.0,20230524_200000,12,12264.953919947155
99.8147859922179,0.04420029846107611,2.0,0.0,0.00188715953307393,256991,257000,257000,0,257000,99.9964980544747,100.0,100.0,0.0,20230524_200000,13,5885.585569034356
99.82178988326848,0.043672829864499066,2.0,0.0,0.0018249027237354086,256989,257000,257000,0,257000,99.99571984435798,100.0,100.0,0.0,20230524_200000,14,4558.830416605884
99.83307392996109,0.042364929647067374,2.0,0.0,0.0017120622568093384,256989,257000,257000,0,257000,99.99571984435798,100.0,100.0,0.0,20230524_200000,15,6776.803713444657
99.82723735408561,0.04304749275685536,2.0,0.0,0.0017704280155642024,256989,257000,257000,0,257000,99.99571984435798,100.0,100.0,0.0,20230524_200000,16,13087.6274445196
99.82451361867705,0.04268282062765328,2.0,0.0,0.0017782101167315176,256994,257000,257000,0,257000,99.99766536964981,100.0,100.0,0.0,20230524_200000,17,5462.279873458566
99.82957198443579,0.0429112256113871,2.0,0.0,0.0017509727626459145,256988,257000,257000,0,257000,99.99533073929962,100.0,100.0,0.0,20230524_200000,18,14161.995819787186
99.80583657587549,0.04558511068827214,2.0,0.0,0.0019883268482490273,256988,257000,257000,0,257000,99.99533073929962,100.0,100.0,0.0,20230524_200000,19,11353.416370508601
99.83229571984435,0.04245636465794269,2.0,0.0,0.0017198443579766536,256989,257000,257000,0,257000,99.99571984435798,100.0,100.0,0.0,20230524_200000,20,9342.128252067881
99.83112840466926,0.04231913752188865,2.0,0.0,0.0017237354085603113,256991,257000,257000,0,257000,99.9964980544747,100.0,100.0,0.0,20230524_200000,21,2179.3650279720773
99.8089494163424,0.04638712717971879,2.0,0.0,0.0019922178988326846,256979,257000,257000,0,257000,99.99182879377432,100.0,100.0,0.0,20230524_200000,22,13824.004552978404
99.80972762645915,0.0451582716330981,2.0,0.0,0.0019494163424124513,256988,257000,257000,0,257000,99.99533073929962,100.0,100.0,0.0,20230524_200000,23,1808.856553828921
99.83774319066147,0.042228328249685206,2.0,0.0,0.0016770428015564203,256986,257000,257000,0,257000,99.99455252918288,100.0,100.0,0.0,20230524_200000,24,13831.58624005396
99.81517509727627,0.044682015966532554,2.0,0.0,0.0018988326848249028,256987,257000,257000,0,257000,99.99494163424124,100.0,100.0,0.0,20230524_200000,25,4756.82011792858
99.82529182879377,0.043807058055502966,2.0,0.0,0.0018054474708171207,256985,257000,257000,0,257000,99.99416342412452,100.0,100.0,0.0,20230524_200000,26,1438.024019818004
99.84863813229572,0.040203566099623944,2.0,0.0,0.00154863813229572,256991,257000,257000,0,257000,99.9964980544747,100.0,100.0,0.0,20230524_200000,27,12107.724854325557
99.81673151750972,0.04358235661424926,2.0,0.0,0.0018560311284046692,256994,257000,257000,0,257000,99.99766536964981,100.0,100.0,0.0,20230524_200000,28,1428.6692052470667
99.82140077821012,0.04398179969024105,2.0,0.0,0.0018365758754863813,256987,257000,257000,0,257000,99.99494163424124,100.0,100.0,0.0,20230524_200000,29,13044.80835803498
99.83229571984435,0.04204208239913433,2.0,0.0,0.001708171206225681,256992,257000,257000,0,257000,99.99688715953307,100.0,100.0,0.0,20230524_200000,30,219.9003829298544
99.81011673151751,0.044593859815760806,2.0,0.0,0.0019299610894941634,256992,257000,257000,0,257000,99.99688715953307,100.0,100.0,0.0,20230524_200000,31,2065.4587999744235
99.8124513618677,0.04446459148054893,2.0,0.0,0.0019105058365758755,256991,257000,257000,0,257000,99.9964980544747,100.0,100.0,0.0,20230524_200000,32,12478.727613491614
99.83501945525292,0.041719538792169025,2.0,0.0,0.0016809338521400778,256992,257000,257000,0,257000,99.99688715953307,100.0,100.0,0.0,20230524_200000,33,13897.54094502097
99.81906614785993,0.04567233411916414,2.0,0.0,0.0019027237354085603,256976,257000,257000,0,257000,99.99066147859922,100.0,100.0,0.0,20230524_200000,34,1072.13914083586
99.8089494163424,0.04419996688320587,2.0,0.0,0.0019260700389105059,256996,257000,257000,0,257000,99.99844357976654,100.0,100.0,0.0,20230524_200000,35,11197.6943733599
99.83657587548637,0.041672419856459746,2.0,0.0,0.001669260700389105,256991,257000,257000,0,257000,99.9964980544747,100.0,100.0,0.0,20230524_200000,36,3797.246385297963
99.82684824902724,0.04322601543191046,2.0,0.0,0.0017782101167315176,256988,257000,257000,0,257000,99.99533073929962,100.0,100.0,0.0,20230524_200000,37,8930.060690679187
99.8249027237354,0.043450315658334945,2.0,0.0,0.0017976653696498055,256988,257000,257000,0,257000,99.99533073929962,100.0,100.0,0.0,20230524_200000,38,5695.141064635362
99.8182879377432,0.04393802695525661,2.0,0.0,0.0018560311284046692,256990,257000,257000,0,257000,99.99610894941634,100.0,100.0,0.0,20230524_200000,39,1150.7579132623455
99.82723735408561,0.04250137947928344,2.0,0.0,0.001754863813229572,256993,257000,257000,0,257000,99.99727626459143,100.0,100.0,0.0,20230524_200000,40,4707.68775895496
99.82568093385214,0.043761516329252695,2.0,0.0,0.001801556420233463,256985,257000,257000,0,257000,99.99416342412452,100.0,100.0,0.0,20230524_200000,41,9662.194190566648
99.83190661478599,0.04250263054131066,2.0,0.0,0.0017237354085603113,256989,257000,257000,0,257000,99.99571984435798,100.0,100.0,0.0,20230524_200000,42,7645.740492021847
99.8035019455253,0.04493952864506706,2.0,0.0,0.0019844357976653696,256995,257000,257000,0,257000,99.99805447470817,100.0,100.0,0.0,20230524_200000,43,13670.912083097703
99.8124513618677,0.0449843008341134,2.0,0.0,0.0019260700389105059,256987,257000,257000,0,257000,99.99494163424124,100.0,100.0,0.0,20230524_200000,44,8980.778636826448
99.82957198443579,0.04358490780540411,2.0,0.0,0.0017704280155642024,256983,257000,257000,0,257000,99.99338521400777,100.0,100.0,0.0,20230524_200000,45,12715.221448724784
99.83190661478599,0.041949743693224906,2.0,0.0,0.001708171206225681,256993,257000,257000,0,257000,99.99727626459143,100.0,100.0,0.0,20230524_200000,46,6991.311570670484
99.83035019455254,0.04254728789674813,2.0,0.0,0.001735408560311284,256990,257000,257000,0,257000,99.99610894941634,100.0,100.0,0.0,20230524_200000,47,7751.677429932074
99.83579766536965,0.041202913378261076,2.0,0.0,0.00166147859922179,256995,257000,257000,0,257000,99.99805447470817,100.0,100.0,0.0,20230524_200000,48,8846.959165843817
99.83229571984435,0.041624621602238024,2.0,0.0,0.0016964980544747082,256995,257000,257000,0,257000,99.99805447470817,100.0,100.0,0.0,20230524_200000,49,3363.7880431657645
99.82840466926069,0.043851603371951715,2.0,0.0,0.0017859922178988328,256982,257000,257000,0,257000,99.99299610894941,100.0,100.0,0.0,20230524_200000,50,9806.077102087975
99.81322957198444,0.04424511479984577,2.0,0.0,0.0018988326848249028,256992,257000,257000,0,257000,99.99688715953307,100.0,100.0,0.0,20230524_200000,51,4117.566369914402
99.82801556420233,0.04268377409331226,2.0,0.0,0.001754863813229572,256991,257000,257000,0,257000,99.9964980544747,100.0,100.0,0.0,20230524_200000,52,3259.4234298740953
99.82140077821012,0.04411574227081202,2.0,0.0,0.0018404669260700388,256986,257000,257000,0,257000,99.99455252918288,100.0,100.0,0.0,20230524_200000,53,1294.9550512577828
99.8249027237354,0.04290932029880219,2.0,0.0,0.001782101167315175,256992,257000,257000,0,257000,99.99688715953307,100.0,100.0,0.0,20230524_200000,54,14017.622969943977
99.81284046692606,0.04428922773313477,2.0,0.0,0.0019027237354085603,256992,257000,257000,0,257000,99.99688715953307,100.0,100.0,0.0,20230524_200000,55,10894.576961221834
99.8420233463035,0.040586455466116556,2.0,0.0,0.0016031128404669262,256994,257000,257000,0,257000,99.99766536964981,100.0,100.0,0.0,20230524_200000,56,10085.347802626455
99.81984435797665,0.04481453873242341,2.0,0.0,0.0018715953307392996,256982,257000,257000,0,257000,99.99299610894941,100.0,100.0,0.0,20230524_200000,57,1440.0677393453282
99.8147859922179,0.04433264345888512,2.0,0.0,0.0018910505836575876,256990,257000,257000,0,257000,99.99610894941634,100.0,100.0,0.0,20230524_200000,58,2383.674664256338
99.83151750972763,0.04241067197209756,2.0,0.0,0.0017237354085603113,256990,257000,257000,0,257000,99.99610894941634,100.0,100.0,0.0,20230524_200000,59,4290.74999773696
99.80739299610894,0.04515530237241431,2.0,0.0,0.0019649805447470815,256990,257000,257000,0,257000,99.99610894941634,100.0,100.0,0.0,20230524_200000,60,414.7561893683557
99.80972762645915,0.04450651898430623,2.0,0.0,0.0019299610894941634,256993,257000,257000,0,257000,99.99727626459143,100.0,100.0,0.0,20230524_200000,61,4647.640225642498
99.82062256809338,0.04446523842931414,2.0,0.0,0.0018560311284046692,256984,257000,257000,0,257000,99.99377431906615,100.0,100.0,0.0,20230524_200000,62,804.0763002885391
99.82879377431907,0.0432727225478972,2.0,0.0,0.0017665369649805447,256986,257000,257000,0,257000,99.99455252918288,100.0,100.0,0.0,20230524_200000,63,5136.062768479608
99.81750972762646,0.04362841850699691,2.0,0.0,0.0018521400778210117,256993,257000,257000,0,257000,99.99727626459143,100.0,100.0,0.0,20230524_200000,64,6170.880296392172
99.8124513618677,0.04459451982761492,2.0,0.0,0.001914396887159533,256990,257000,257000,0,257000,99.99610894941634,100.0,100.0,0.0,20230524_200000,65,3498.860808331899
99.82412451361867,0.043002118706004996,2.0,0.0,0.0017898832684824903,256992,257000,257000,0,257000,99.99688715953307,100.0,100.0,0.0,20230524_200000,66,5903.877459322044
99.82101167315174,0.04362809993430181,2.0,0.0,0.0018287937743190661,256990,257000,257000,0,257000,99.99610894941634,100.0,100.0,0.0,20230524_200000,67,9768.83572074189
99.83035019455254,0.04295731810026756,2.0,0.0,0.0017470817120622568,256987,257000,257000,0,257000,99.99494163424124,100.0,100.0,0.0,20230524_200000,68,2579.8550647759853
99.81945525291829,0.04299828224871655,2.0,0.0,0.001821011673151751,256996,257000,257000,0,257000,99.99844357976654,100.0,100.0,0.0,20230524_200000,69,2508.393719341296
99.8260700389105,0.04331498197742003,2.0,0.0,0.0017859922178988328,256988,257000,257000,0,257000,99.99533073929962,100.0,100.0,0.0,20230524_200000,70,8732.798322538954
99.83229571984435,0.04231882555030971,2.0,0.0,0.0017159533073929961,256990,257000,257000,0,257000,99.99610894941634,100.0,100.0,0.0,20230524_200000,71,5481.094710582569
99.8307392996109,0.04236367165942386,2.0,0.0,0.0017276264591439688,256991,257000,257000,0,257000,99.9964980544747,100.0,100.0,0.0,20230524_200000,72,9787.952261705765
99.83891050583658,0.0418133070597988,2.0,0.0,0.0016575875486381324,256988,257000,257000,0,257000,99.99533073929962,100.0,100.0,0.0,20230524_200000,73,7130.5763919280025
99.81867704280155,0.04442032617192206,2.0,0.0,0.001867704280155642,256986,257000,257000,0,257000,99.99455252918288,100.0,100.0,0.0,20230524_200000,74,8355.475367982615
99.80700389105058,0.045069385526387416,2.0,0.0,0.0019649805447470815,256991,257000,257000,0,257000,99.9964980544747,100.0,100.0,0.0,20230524_200000,75,3326.796029860942
99.83579766536965,0.042320064836673936,2.0,0.0,0.0016926070038910505,256987,257000,257000,0,257000,99.99494163424124,100.0,100.0,0.0,20230524_200000,76,9139.89755301913
99.82684824902724,0.0428229193238374,2.0,0.0,0.0017665369649805447,256991,257000,257000,0,257000,99.9964980544747,100.0,100.0,0.0,20230524_200000,77,6584.726112204202
99.81556420233463,0.04398049431452067,2.0,0.0,0.0018754863813229571,256992,257000,257000,0,257000,99.99688715953307,100.0,100.0,0.0,20230524_200000,78,9554.493796994137
99.82256809338521,0.043850022045321985,2.0,0.0,0.0018249027237354086,256987,257000,257000,0,257000,99.99494163424124,100.0,100.0,0.0,20230524_200000,79,12879.561442202199
99.82373540856031,0.04304560613796872,2.0,0.0,0.0017937743190661478,256992,257000,257000,0,257000,99.99688715953307,100.0,100.0,0.0,20230524_200000,80,6666.14864516652
99.80933852140078,0.04441933840331377,2.0,0.0,0.0019299610894941634,256994,257000,257000,0,257000,99.99766536964981,100.0,100.0,0.0,20230524_200000,81,4121.186506843631
99.82957198443579,0.042088802603268555,2.0,0.0,0.0017276264591439688,256994,257000,257000,0,257000,99.99766536964981,100.0,100.0,0.0,20230524_200000,82,7831.658115561862
99.81906614785993,0.04411414295602966,2.0,0.0,0.0018560311284046692,256988,257000,257000,0,257000,99.99533073929962,100.0,100.0,0.0,20230524_200000,83,1058.293307253004
99.80739299610894,0.04515663547927525,2.0,0.0,0.0019649805447470815,256990,257000,257000,0,257000,99.99610894941634,100.0,100.0,0.0,20230524_200000,84,13543.336177343608
99.8249027237354,0.04304655578868313,2.0,0.0,0.0017859922178988328,256991,257000,257000,0,257000,99.9964980544747,100.0,100.0,0.0,20230524_200000,85,14151.073489090259
99.82723735408561,0.04304655578868314,2.0,0.0,0.0017704280155642024,256989,257000,257000,0,257000,99.99571984435798,100.0,100.0,0.0,20230524_200000,86,4286.282081445408
99.8408560311284,0.040730764977756226,2.0,0.0,0.0016147859922178989,256994,257000,257000,0,257000,99.99766536964981,100.0,100.0,0.0,20230524_200000,87,13783.952555414277
99.84241245136187,0.041392884000600164,2.0,0.0,0.001622568093385214,256988,257000,257000,0,257000,99.99533073929962,100.0,100.0,0.0,20230524_200000,88,9890.81200652873
99.82101167315174,0.044025525808775744,2.0,0.0,0.0018404669260700388,256987,257000,257000,0,257000,99.99494163424124,100.0,100.0,0.0,20230524_200000,89,6545.543523904045
99.8249027237354,0.04344968008037619,2.0,0.0,0.0017976653696498055,256988,257000,257000,0,257000,99.99533073929962,100.0,100.0,0.0,20230524_200000,90,4328.799295472958
99.81556420233463,0.04437634253554873,2.0,0.0,0.00188715953307393,256989,257000,257000,0,257000,99.99571984435798,100.0,100.0,0.0,20230524_200000,91,14319.024446486568
99.82684824902724,0.042955435980028996,2.0,0.0,0.0017704280155642024,256990,257000,257000,0,257000,99.99610894941634,100.0,100.0,0.0,20230524_200000,92,12226.590451683142
99.80856031128404,0.04541341119532202,2.0,0.0,0.0019649805447470815,256987,257000,257000,0,257000,99.99494163424124,100.0,100.0,0.0,20230524_200000,93,1528.1280156275873
99.82723735408561,0.04236398830414978,2.0,0.0,0.0017509727626459145,256994,257000,257000,0,257000,99.99766536964981,100.0,100.0,0.0,20230524_200000,94,5464.187656838509
99.82334630350195,0.043763405297515046,2.0,0.0,0.0018171206225680934,256987,257000,257000,0,257000,99.99494163424124,100.0,100.0,0.0,20230524_200000,95,5143.166809766778
99.82140077821012,0.04345063135314147,2.0,0.0,0.001821011673151751,256991,257000,257000,0,257000,99.9964980544747,100.0,100.0,0.0,20230524_200000,96,4239.259607011762
99.80700389105058,0.045455396142831304,2.0,0.0,0.0019766536964980546,256988,257000,257000,0,257000,99.99533073929962,100.0,100.0,0.0,20230524_200000,97,10019.270651802914
99.82762645914397,0.042866332130436405,2.0,0.0,0.0017626459143968872,256990,257000,257000,0,257000,99.99610894941634,100.0,100.0,0.0,20230524_200000,98,314.35055813184744
99.82256809338521,0.043448392170215795,2.0,0.0,0.0018132295719844357,256990,257000,257000,0,257000,99.99610894941634,100.0,100.0,0.0,20230524_200000,99,11892.778181069469
99.82957198443579,0.042911538215706396,2.0,0.0,0.0017509727626459145,256988,257000,257000,0,257000,99.99533073929962,100.0,100.0,0.0,20230524_200000,100,5671.104655778071
99.80505836575875,0.04554024431025016,2.0,0.0,0.0019922178988326846,256989,257000,257000,0,257000,99.99571984435798,100.0,100.0,0.0,20230524_200000,101,116.02765343063223
99.82879377431907,0.04367440374026019,2.0,0.0,0.0017782101167315176,256983,257000,257000,0,257000,99.99338521400777,100.0,100.0,0.0,20230524_200000,102,12394.685674206428
99.81322957198444,0.044509770996396004,2.0,0.0,0.001906614785992218,256990,257000,257000,0,257000,99.99610894941634,100.0,100.0,0.0,20230524_200000,103,11151.648830753677
99.82645914396888,0.042454784855594924,2.0,0.0,0.0017587548638132297,256994,257000,257000,0,257000,99.99766536964981,100.0,100.0,0.0,20230524_200000,104,13949.781159510507
99.8431906614786,0.04000771398312596,2.0,0.0,0.0015797665369649805,256997,257000,257000,0,257000,99.9988326848249,100.0,100.0,0.0,20230524_200000,105,13047.319712881685
99.82645914396888,0.04245542106297838,2.0,0.0,0.0017587548638132297,256994,257000,257000,0,257000,99.99766536964981,100.0,100.0,0.0,20230524_200000,106,10676.826624431524
99.81867704280155,0.04308802260860129,2.0,0.0,0.0018287937743190661,256996,257000,257000,0,257000,99.99844357976654,100.0,100.0,0.0,20230524_200000,107,11932.915754517442
99.82645914396888,0.042865074729450975,2.0,0.0,0.0017704280155642024,256991,257000,257000,0,257000,99.9964980544747,100.0,100.0,0.0,20230524_200000,108,12937.251511548382
99.82140077821012,0.04304496599122156,2.0,0.0,0.0018093385214007782,256994,257000,257000,0,257000,99.99766536964981,100.0,100.0,0.0,20230524_200000,109,11114.816755757241
99.81945525291829,0.04380515023197763,2.0,0.0,0.0018443579766536965,256990,257000,257000,0,257000,99.99610894941634,100.0,100.0,0.0,20230524_200000,110,3297.136305824125
99.81750972762646,0.0432240861656354,2.0,0.0,0.0018404669260700388,256996,257000,257000,0,257000,99.99844357976654,100.0,100.0,0.0,20230524_200000,111,11490.08108770888
99.83463035019456,0.041627077459248825,2.0,0.0,0.0016809338521400778,256993,257000,257000,0,257000,99.99727626459143,100.0,100.0,0.0,20230524_200000,112,3137.897033761895
99.83501945525292,0.04227422160622234,2.0,0.0,0.0016964980544747082,256988,257000,257000,0,257000,99.99533073929962,100.0,100.0,0.0,20230524_200000,113,2724.2111423621213
99.82334630350195,0.04389547677546817,2.0,0.0,0.001821011673151751,256986,257000,257000,0,257000,99.99455252918288,100.0,100.0,0.0,20230524_200000,114,3590.9807910249306
99.83035019455254,0.04254697261618155,2.0,0.0,0.001735408560311284,256990,257000,257000,0,257000,99.99610894941634,100.0,100.0,0.0,20230524_200000,115,10825.91189457075
99.83268482490273,0.042273295434724946,2.0,0.0,0.0017120622568093384,256990,257000,257000,0,257000,99.99610894941634,100.0,100.0,0.0,20230524_200000,116,10996.321256971009
99.80466926070038,0.04596513387421684,2.0,0.0,0.002007782101167315,256986,257000,257000,0,257000,99.99455252918288,100.0,100.0,0.0,20230524_200000,117,9755.291789440022
99.82412451361867,0.04446651595522957,2.0,0.0,0.0018326848249027238,256981,257000,257000,0,257000,99.99260700389105,100.0,100.0,0.0,20230524_200000,118,1959.7729291434491
99.81517509727627,0.04507202453541841,2.0,0.0,0.0019105058365758755,256984,257000,257000,0,257000,99.99377431906615,100.0,100.0,0.0,20230524_200000,119,1392.1647863981739
99.83463035019456,0.041625244309551945,2.0,0.0,0.0016809338521400778,256993,257000,257000,0,257000,99.99727626459143,100.0,100.0,0.0,20230524_200000,120,8990.219768798115
99.82295719844359,0.042316923618778396,2.0,0.0,0.0017782101167315176,256998,257000,257000,0,257000,99.99922178988326,100.0,100.0,0.0,20230524_200000,121,564.8466397105915
99.82568093385214,0.042683139870759106,2.0,0.0,0.0017704280155642024,256993,257000,257000,0,257000,99.99727626459143,100.0,100.0,0.0,20230524_200000,122,11299.211014897484
99.81517509727627,0.044026816093832064,2.0,0.0,0.0018793774319066149,256992,257000,257000,0,257000,99.99688715953307,100.0,100.0,0.0,20230524_200000,123,478.0470036874215
99.83696498054475,0.04106240337333423,2.0,0.0,0.0016498054474708172,256995,257000,257000,0,257000,99.99805447470817,100.0,100.0,0.0,20230524_200000,124,5227.731746831914
99.82529182879377,0.04327210115596142,2.0,0.0,0.0017898832684824903,256989,257000,257000,0,257000,99.99571984435798,100.0,100.0,0.0,20230524_200000,125,1882.8683623927154
99.81050583657589,0.044155428063049625,2.0,0.0,0.001914396887159533,256995,257000,257000,0,257000,99.99805447470817,100.0,100.0,0.0,20230524_200000,126,13033.147294911314
99.82723735408561,0.0437187715008554,2.0,0.0,0.0017898832684824903,256984,257000,257000,0,257000,99.99377431906615,100.0,100.0,0.0,20230524_200000,127,4681.231633230341
99.82140077821012,0.04344871624211362,2.0,0.0,0.001821011673151751,256991,257000,257000,0,257000,99.9964980544747,100.0,100.0,0.0,20230524_200000,128,5953.328322504243
99.81167315175097,0.045200192776820365,2.0,0.0,0.0019377431906614786,256986,257000,257000,0,257000,99.99455252918288,100.0,100.0,0.0,20230524_200000,129,2876.987817746292
99.83268482490273,0.04295700794380586,2.0,0.0,0.0017315175097276266,256985,257000,257000,0,257000,99.99416342412452,100.0,100.0,0.0,20230524_200000,130,11269.15555644508
99.81984435797665,0.0434923315145764,2.0,0.0,0.0018326848249027238,256992,257000,257000,0,257000,99.99688715953307,100.0,100.0,0.0,20230524_200000,131,12557.927429612746
99.82217898832685,0.043493632047760314,2.0,0.0,0.0018171206225680934,256990,257000,257000,0,257000,99.99610894941634,100.0,100.0,0.0,20230524_200000,132,5242.006698653494
99.8249027237354,0.04304528676924307,2.0,0.0,0.0017859922178988328,256991,257000,257000,0,257000,99.9964980544747,100.0,100.0,0.0,20230524_200000,133,7189.7153537306285
99.83463035019456,0.04231975716503933,2.0,0.0,0.0017003891050583657,256988,257000,257000,0,257000,99.99533073929962,100.0,100.0,0.0,20230524_200000,134,3904.771881006745
99.82918287937743,0.042956383394681406,2.0,0.0,0.001754863813229572,256988,257000,257000,0,257000,99.99533073929962,100.0,100.0,0.0,20230524_200000,135,2357.5924550433997
99.83229571984435,0.04162555347736267,2.0,0.0,0.0016964980544747082,256995,257000,257000,0,257000,99.99805447470817,100.0,100.0,0.0,20230524_200000,136,13096.493406296935
99.82684824902724,0.04322696111922327,2.0,0.0,0.0017782101167315176,256988,257000,257000,0,257000,99.99533073929962,100.0,100.0,0.0,20230524_200000,137,13528.323029040661
99.83579766536965,0.04148463447379813,2.0,0.0,0.001669260700389105,256993,257000,257000,0,257000,99.99727626459143,100.0,100.0,0.0,20230524_200000,138,13860.679043318085
99.82684824902724,0.04281982206646955,2.0,0.0,0.0017665369649805447,256991,257000,257000,0,257000,99.9964980544747,100.0,100.0,0.0,20230524_200000,139,4228.786683743463
99.80311284046692,0.04575284494909553,2.0,0.0,0.0020116731517509727,256989,257000,257000,0,257000,99.99571984435798,100.0,100.0,0.0,20230524_200000,140,12471.04763320917
99.82140077821012,0.0431811424291282,2.0,0.0,0.0018132295719844357,256993,257000,257000,0,257000,99.99727626459143,100.0,100.0,0.0,20230524_200000,141,11523.043813125429
99.83151750972763,0.041995938605199755,2.0,0.0,0.0017120622568093384,256993,257000,257000,0,257000,99.99727626459143,100.0,100.0,0.0,20230524_200000,142,6710.252139481418
99.82840466926069,0.043046240647657566,2.0,0.0,0.0017626459143968872,256988,257000,257000,0,257000,99.99533073929962,100.0,100.0,0.0,20230524_200000,143,1078.8892430720211
99.83735408560311,0.04171830779655503,2.0,0.0,0.0016653696498054474,256990,257000,257000,0,257000,99.99610894941634,100.0,100.0,0.0,20230524_200000,144,10805.482592582814
99.82645914396888,0.04300180676016624,2.0,0.0,0.0017743190661478599,256990,257000,257000,0,257000,99.99610894941634,100.0,100.0,0.0,20230524_200000,145,3232.60735997628
99.82140077821012,0.04371687644809832,2.0,0.0,0.0018287937743190661,256989,257000,257000,0,257000,99.99571984435798,100.0,100.0,0.0,20230524_200000,146,9690.366327766902
99.82840466926069,0.04263957747800644,2.0,0.0,0.0017509727626459145,256991,257000,257000,0,257000,99.9964980544747,100.0,100.0,0.0,20230524_200000,147,9662.89246774176
99.82684824902724,0.04309188480580918,2.0,0.0,0.0017743190661478599,256989,257000,257000,0,257000,99.99571984435798,100.0,100.0,0.0,20230524_200000,148,5694.111903272873
99.82295719844359,0.04393834810496174,2.0,0.0,0.0018249027237354086,256986,257000,257000,0,257000,99.99455252918288,100.0,100.0,0.0,20230524_200000,149,12117.826934040573
99.82451361867705,0.04281886526564828,2.0,0.0,0.001782101167315175,256993,257000,257000,0,257000,99.99727626459143,100.0,100.0,0.0,20230524_200000,150,7985.175189858861
99.82801556420233,0.04309125518446638,2.0,0.0,0.0017665369649805447,256988,257000,257000,0,257000,99.99533073929962,100.0,100.0,0.0,20230525_000000,1,2924.7295339152756
99.81517509727627,0.04428857274359873,2.0,0.0,0.00188715953307393,256990,257000,257000,0,257000,99.99610894941634,100.0,100.0,0.0,20230525_000000,2,12779.480859926323
99.8260700389105,0.042500745384808476,2.0,0.0,0.0017626459143968872,256994,257000,257000,0,257000,99.99766536964981,100.0,100.0,0.0,20230525_000000,3,8565.284435678303
99.82529182879377,0.04353914101419956,2.0,0.0,0.0017976653696498055,256987,257000,257000,0,257000,99.99494163424124,100.0,100.0,0.0,20230525_000000,4,4002.7920062959906
99.815953307393,0.04485616884060118,2.0,0.0,0.0018988326848249028,256985,257000,257000,0,257000,99.99416342412452,100.0,100.0,0.0,20230525_000000,5,11937.75231125627
99.80622568093385,0.045283531805859714,2.0,0.0,0.0019766536964980546,256990,257000,257000,0,257000,99.99610894941634,100.0,100.0,0.0,20230525_000000,6,24258.987815348606
99.82684824902724,0.04295511735076294,2.0,0.0,0.0017704280155642024,256990,257000,257000,0,257000,99.99610894941634,100.0,100.0,0.0,20230525_000000,7,8490.883690392464
99.80700389105058,0.045197862062267696,2.0,0.0,0.001968871595330739,256990,257000,257000,0,257000,99.99610894941634,100.0,100.0,0.0,20230525_000000,8,12340.65387043693
99.768093385214,0.04953477031338232,2.0,0.0,0.0023657587548638133,256988,257000,257000,0,257000,99.99533073929962,100.0,100.0,0.0,20230525_000000,9,20681.333685533504
99.82178988326848,0.04485808866660366,2.0,0.0,0.001859922178988327,256980,257000,257000,0,257000,99.99221789883268,100.0,100.0,0.0,20230525_000000,10,12031.288285055109
99.80817120622568,0.04519920195309792,2.0,0.0,0.0019610894941634242,256989,257000,257000,0,257000,99.99571984435798,100.0,100.0,0.0,20230525_000000,11,21856.606355495926
99.815953307393,0.044201935761613534,2.0,0.0,0.0018793774319066149,256990,257000,257000,0,257000,99.99610894941634,100.0,100.0,0.0,20230525_000000,12,15270.192800182835
99.73852140077821,0.052642666865592935,2.0,0.0,0.002669260700389105,256986,257000,257000,0,257000,99.99455252918288,100.0,100.0,0.0,20230525_000000,13,20065.883929838223
99.784046692607,0.04778237937028482,2.0,0.0,0.0022023346303501946,256989,257000,257000,0,257000,99.99571984435798,100.0,100.0,0.0,20230525_000000,14,30547.361978641613
99.82295719844359,0.043672510922411305,2.0,0.0,0.0018171206225680934,256988,257000,257000,0,257000,99.99533073929962,100.0,100.0,0.0,20230525_000000,15,10623.46745550117
99.79416342412452,0.0468413284894482,2.0,0.0,0.002105058365758755,256988,257000,257000,0,257000,99.99533073929962,100.0,100.0,0.0,20230525_000000,16,19759.342159462278
99.8136186770428,0.04446393907426182,2.0,0.0,0.0019027237354085603,256990,257000,257000,0,257000,99.99610894941634,100.0,100.0,0.0,20230525_000000,17,20976.165304150232
99.7805447470817,0.047539578317531736,2.0,0.0,0.002217898832684825,256994,257000,257000,0,257000,99.99766536964981,100.0,100.0,0.0,20230525_000000,18,20579.46223797669
99.8307392996109,0.04318208699547119,2.0,0.0,0.0017509727626459145,256985,257000,257000,0,257000,99.99416342412452,100.0,100.0,0.0,20230525_000000,19,15036.696966418971
99.78210116731518,0.047862670510441005,2.0,0.0,0.002217898832684825,256990,257000,257000,0,257000,99.99610894941634,100.0,100.0,0.0,20230525_000000,20,22706.48723527294
99.82062256809338,0.04407018045299795,2.0,0.0,0.0018443579766536965,256987,257000,257000,0,257000,99.99494163424124,100.0,100.0,0.0,20230525_000000,21,21027.567186265336
99.82684824902724,0.042408774159657575,2.0,0.0,0.001754863813229572,256994,257000,257000,0,257000,99.99766536964981,100.0,100.0,0.0,20230525_000000,22,3778.90023871584
99.81906614785993,0.04344871624211362,2.0,0.0,0.0018365758754863813,256993,257000,257000,0,257000,99.99727626459143,100.0,100.0,0.0,20230525_000000,23,1468.69251510142
99.82723735408561,0.042637694115295235,2.0,0.0,0.0017587548638132297,256992,257000,257000,0,257000,99.99688715953307,100.0,100.0,0.0,20230525_000000,24,1205.2264089417451
99.74241245136187,0.05193905131694299,2.0,0.0,0.0026186770428015564,256989,257000,257000,0,257000,99.99571984435798,100.0,100.0,0.0,20230525_000000,25,32256.095813565895
99.82918287937743,0.04349554100408754,2.0,0.0,0.0017704280155642024,256984,257000,257000,0,257000,99.99377431906615,100.0,100.0,0.0,20230525_000000,26,3760.9101297248462
99.82684824902724,0.04227172311723474,2.0,0.0,0.0017509727626459145,256995,257000,257000,0,257000,99.99805447470817,100.0,100.0,0.0,20230525_000000,27,7604.703450385886
99.82062256809338,0.043537855750417756,2.0,0.0,0.0018287937743190661,256991,257000,257000,0,257000,99.9964980544747,100.0,100.0,0.0,20230525_000000,28,17410.059471323246
99.79922178988326,0.04630116006241368,2.0,0.0,0.0020544747081712063,256988,257000,257000,0,257000,99.99533073929962,100.0,100.0,0.0,20230525_000000,29,12587.461179290816
99.83618677042801,0.04143848594370756,2.0,0.0,0.0016653696498054474,256993,257000,257000,0,257000,99.99727626459143,100.0,100.0,0.0,20230525_000000,30,12016.320963589158
99.77237354085602,0.049576027878756826,2.0,0.0,0.00233852140077821,256984,257000,257000,0,257000,99.99377431906615,100.0,100.0,0.0,20230525_000000,31,30748.544327324795
99.82062256809338,0.04367154576173038,2.0,0.0,0.0018326848249027238,256990,257000,257000,0,257000,99.99610894941634,100.0,100.0,0.0,20230525_000000,32,22557.723521159653
99.81167315175097,0.04455004478825741,2.0,0.0,0.0019182879377431907,256991,257000,257000,0,257000,99.9964980544747,100.0,100.0,0.0,20230525_000000,33,17495.754541953484
99.7863813229572,0.04729374642751307,2.0,0.0,0.0021712062256809338,256991,257000,257000,0,257000,99.9964980544747,100.0,100.0,0.0,20230525_000000,34,19022.7791116283
99.73424124513619,0.05260589167774161,2.0,0.0,0.002696498054474708,256990,257000,257000,0,257000,99.99610894941634,100.0,100.0,0.0,20230525_000000,35,23533.09328824794
99.82801556420233,0.04227204045071427,2.0,0.0,0.0017431906614785993,256994,257000,257000,0,257000,99.99766536964981,100.0,100.0,0.0,20230525_000000,36,28676.781632939576
99.80661478599222,0.045499342599534406,2.0,0.0,0.001980544747081712,256988,257000,257000,0,257000,99.99533073929962,100.0,100.0,0.0,20230525_000000,37,21211.61041601831
99.75875486381322,0.050466041650791986,2.0,0.0,0.0024591439688715954,256988,257000,257000,0,257000,99.99533073929962,100.0,100.0,0.0,20230525_000000,38,27001.651581801263
99.76964980544747,0.049260354772854564,2.0,0.0,0.002346303501945525,256989,257000,257000,0,257000,99.99571984435798,100.0,100.0,0.0,20230525_000000,39,19939.74390868885
99.7669260700389,0.049885719450279475,2.0,0.0,0.002385214007782101,256986,257000,257000,0,257000,99.99455252918288,100.0,100.0,0.0,20230525_000000,40,30414.05069233387
99.82529182879377,0.0423166016128796,2.0,0.0,0.0017626459143968872,256996,257000,257000,0,257000,99.99844357976654,100.0,100.0,0.0,20230525_000000,41,9060.223657098522
99.8260700389105,0.04358332375004022,2.0,0.0,0.0017937743190661478,256986,257000,257000,0,257000,99.99455252918288,100.0,100.0,0.0,20230525_000000,42,22356.81013745609
99.82217898832685,0.04402713522033718,2.0,0.0,0.0018326848249027238,256986,257000,257000,0,257000,99.99455252918288,100.0,100.0,0.0,20230525_000000,43,7036.930547984624
99.81050583657589,0.04455070680859907,2.0,0.0,0.0019260700389105059,256992,257000,257000,0,257000,99.99688715953307,100.0,100.0,0.0,20230525_000000,44,14402.809506524954
99.81011673151751,0.04498495915623822,2.0,0.0,0.001941634241245136,256989,257000,257000,0,257000,99.99571984435798,100.0,100.0,0.0,20230525_000000,45,7647.216127025489
99.82412451361867,0.04340472053672892,2.0,0.0,0.001801556420233463,256989,257000,257000,0,257000,99.99571984435798,100.0,100.0,0.0,20230525_000000,46,11746.675423278639
99.7875486381323,0.04741647061323077,2.0,0.0,0.0021673151750972765,256989,257000,257000,0,257000,99.99571984435798,100.0,100.0,0.0,20230525_000000,47,31770.286941079885
99.81750972762646,0.044024872398401436,2.0,0.0,0.0018638132295719844,256990,257000,257000,0,257000,99.99610894941634,100.0,100.0,0.0,20230525_000000,48,11897.24463580668
99.79494163424124,0.047007859078265844,2.0,0.0,0.002105058365758755,256986,257000,257000,0,257000,99.99455252918288,100.0,100.0,0.0,20230525_000000,49,29204.136928009717
99.78793774319065,0.0472541587362752,2.0,0.0,0.002159533073929961,256990,257000,257000,0,257000,99.99610894941634,100.0,100.0,0.0,20230525_000000,50,20884.65071431345
99.83501945525292,0.04213577678702097,2.0,0.0,0.0016926070038910505,256989,257000,257000,0,257000,99.99571984435798,100.0,100.0,0.0,20230525_000000,51,1961.0962879281244
99.82645914396888,0.043271474156855706,2.0,0.0,0.001782101167315175,256988,257000,257000,0,257000,99.99533073929962,100.0,100.0,0.0,20230525_000000,52,8935.248106625075
99.77198443579766,0.04890415963830984,2.0,0.0,0.002319066147859922,256990,257000,257000,0,257000,99.99610894941634,100.0,100.0,0.0,20230525_000000,53,31358.284297827693
99.75603112840467,0.05061778615217565,2.0,0.0,0.0024824902723735408,256989,257000,257000,0,257000,99.99571984435798,100.0,100.0,0.0,20230525_000000,54,30736.561410234113
99.79533073929962,0.04684270152787697,2.0,0.0,0.00209727626459144,256987,257000,257000,0,257000,99.99494163424124,100.0,100.0,0.0,20230525_000000,55,26693.900761599736
99.81789883268483,0.04424576632647895,2.0,0.0,0.001867704280155642,256988,257000,257000,0,257000,99.99533073929962,100.0,100.0,0.0,20230525_000000,56,2969.1188506018657
99.82918287937743,0.04227172311723474,2.0,0.0,0.001735408560311284,256993,257000,257000,0,257000,99.99727626459143,100.0,100.0,0.0,20230525_000000,57,6869.683149930268
99.75642023346303,0.050692714524364274,2.0,0.0,0.0024824902723735408,256988,257000,257000,0,257000,99.99533073929962,100.0,100.0,0.0,20230525_000000,58,20711.896645340046
99.82840466926069,0.04277483690227503,2.0,0.0,0.001754863813229572,256990,257000,257000,0,257000,99.99610894941634,100.0,100.0,0.0,20230525_000000,59,31451.770191160776
99.83190661478599,0.04208911412149926,2.0,0.0,0.0017120622568093384,256992,257000,257000,0,257000,99.99688715953307,100.0,100.0,0.0,20230525_000000,60,1638.1368033491308
99.8307392996109,0.04222614974332467,2.0,0.0,0.0017237354085603113,256992,257000,257000,0,257000,99.99688715953307,100.0,100.0,0.0,20230525_000000,61,10801.694558536328
99.77198443579766,0.04973130896773263,2.0,0.0,0.002346303501945525,256983,257000,257000,0,257000,99.99338521400777,100.0,100.0,0.0,20230525_000000,62,32025.931436854768
99.76108949416343,0.050695344523592416,2.0,0.0,0.00245136186770428,256984,257000,257000,0,257000,99.99377431906615,100.0,100.0,0.0,20230525_000000,63,25488.64670203292
99.81634241245136,0.04362550129367395,2.0,0.0,0.001859922178988327,256994,257000,257000,0,257000,99.99766536964981,100.0,100.0,0.0,20230525_000000,64,6646.198167727481
99.8112840466926,0.044333296431270125,2.0,0.0,0.001914396887159533,256993,257000,257000,0,257000,99.99727626459143,100.0,100.0,0.0,20230525_000000,65,26876.14011178849
99.78326848249027,0.04774323680227614,2.0,0.0,0.0022062256809338523,256990,257000,257000,0,257000,99.99610894941634,100.0,100.0,0.0,20230525_000000,66,17949.68185267905
99.81556420233463,0.04437667006614701,2.0,0.0,0.00188715953307393,256989,257000,257000,0,257000,99.99571984435798,100.0,100.0,0.0,20230525_000000,67,18991.775311039626
99.79221789883267,0.046171644811172065,2.0,0.0,0.00209727626459144,256995,257000,257000,0,257000,99.99805447470817,100.0,100.0,0.0,20230525_000000,68,26333.159952548856
99.82723735408561,0.04236335358276781,2.0,0.0,0.0017509727626459145,256994,257000,257000,0,257000,99.99766536964981,100.0,100.0,0.0,20230525_000000,69,7546.361216942866
99.62101167315176,0.0638662961471435,2.0,0.0,0.0038910505836575876,256974,257000,257000,0,257000,99.98988326848249,100.0,100.0,0.0,20230525_000000,70,25080.24949794251
99.65603112840466,0.060793752278741064,2.0,0.0,0.003529182879377432,256977,257000,257000,0,257000,99.9910505836576,100.0,100.0,0.0,20230525_000000,71,25542.593913543216
99.73657587548638,0.05304627675701329,2.0,0.0,0.002696498054474708,256984,257000,257000,0,257000,99.99377431906615,100.0,100.0,0.0,20230525_000000,72,19302.653200029115
99.82529182879377,0.04286379468561772,2.0,0.0,0.0017782101167315176,256992,257000,257000,0,257000,99.99688715953307,100.0,100.0,0.0,20230525_000000,73,8980.37771146042
99.7863813229572,0.047416821846467026,2.0,0.0,0.0021750972762645915,256990,257000,257000,0,257000,99.99610894941634,100.0,100.0,0.0,20230525_000000,74,31870.70313428457
99.8023346303502,0.0458378110527029,2.0,0.0,0.0020194552529182877,256989,257000,257000,0,257000,99.99571984435798,100.0,100.0,0.0,20230525_000000,75,31984.03433381159
99.81517509727627,0.04481196024107516,2.0,0.0,0.0019027237354085603,256986,257000,257000,0,257000,99.99455252918288,100.0,100.0,0.0,20230525_000000,76,17496.49821688375
99.78949416342412,0.04708848891639865,2.0,0.0,0.0021439688715953306,256990,257000,257000,0,257000,99.99610894941634,100.0,100.0,0.0,20230525_000000,77,25862.26571738431
99.81945525291829,0.04353753095102142,2.0,0.0,0.0018365758754863813,256992,257000,257000,0,257000,99.99688715953307,100.0,100.0,0.0,20230525_000000,78,3560.294555443039
99.81867704280155,0.044290521274827944,2.0,0.0,0.0018638132295719844,256987,257000,257000,0,257000,99.99494163424124,100.0,100.0,0.0,20230525_000000,79,28062.51421295827
99.83385214007782,0.04199687521945843,2.0,0.0,0.0016964980544747082,256991,257000,257000,0,257000,99.9964980544747,100.0,100.0,0.0,20230525_000000,80,4268.842999050736
99.81284046692606,0.04481196024107516,2.0,0.0,0.0019182879377431907,256988,257000,257000,0,257000,99.99533073929962,100.0,100.0,0.0,20230525_000000,81,11602.750939265066
99.65136186770428,0.06069699481680095,2.0,0.0,0.003556420233463035,256982,257000,257000,0,257000,99.99299610894941,100.0,100.0,0.0,20230525_000000,82,25535.72053788698
99.82334630350195,0.043894526865122074,2.0,0.0,0.001821011673151751,256986,257000,257000,0,257000,99.99455252918288,100.0,100.0,0.0,20230525_000000,83,19071.768439369724
99.81867704280155,0.04375924945970289,2.0,0.0,0.001848249027237354,256991,257000,257000,0,257000,99.9964980544747,100.0,100.0,0.0,20230525_000000,84,511.1177327594583
99.83852140077822,0.041155823570971146,2.0,0.0,0.001642023346303502,256993,257000,257000,0,257000,99.99727626459143,100.0,100.0,0.0,20230525_000000,85,8594.722859629237
99.84396887159534,0.04034713468993528,2.0,0.0,0.001583657587548638,256994,257000,257000,0,257000,99.99766536964981,100.0,100.0,0.0,20230525_000000,86,4105.455713769527
99.83151750972763,0.04282045285029163,2.0,0.0,0.001735408560311284,256987,257000,257000,0,257000,99.99494163424124,100.0,100.0,0.0,20230525_000000,87,13634.070517203643
99.81673151750972,0.044113166865039785,2.0,0.0,0.0018715953307392996,256990,257000,257000,0,257000,99.99610894941634,100.0,100.0,0.0,20230525_000000,88,3680.873748202672
99.82062256809338,0.043804503212088335,2.0,0.0,0.0018365758754863813,256989,257000,257000,0,257000,99.99571984435798,100.0,100.0,0.0,20230525_000000,89,2058.5177395094483
99.78210116731518,0.047619235356641226,2.0,0.0,0.0022101167315175096,256992,257000,257000,0,257000,99.99688715953307,100.0,100.0,0.0,20230525_000000,90,14518.737639773008
99.83696498054475,0.04176507154221797,2.0,0.0,0.001669260700389105,256990,257000,257000,0,257000,99.99610894941634,100.0,100.0,0.0,20230525_000000,91,11725.71828400158
99.81284046692606,0.044421301648556046,2.0,0.0,0.001906614785992218,256991,257000,257000,0,257000,99.9964980544747,100.0,100.0,0.0,20230525_000000,92,19227.654986709662
99.77937743190661,0.048507968397750734,2.0,0.0,0.002256809338521401,256987,257000,257000,0,257000,99.99494163424124,100.0,100.0,0.0,20230525_000000,93,14639.551540004666
99.84863813229572,0.04020386209854187,2.0,0.0,0.00154863813229572,256991,257000,257000,0,257000,99.9964980544747,100.0,100.0,0.0,20230525_000000,94,7175.553510875415
99.79182879377431,0.04733711716676759,2.0,0.0,0.0021361867704280156,256986,257000,257000,0,257000,99.99455252918288,100.0,100.0,0.0,20230525_000000,95,19922.08021358033
99.74357976653695,0.05249886197973659,2.0,0.0,0.002630350194552529,256983,257000,257000,0,257000,99.99338521400777,100.0,100.0,0.0,20230525_000000,96,23553.946192139054
99.7579766536965,0.05088443575452176,2.0,0.0,0.002478599221789883,256985,257000,257000,0,257000,99.99416342412452,100.0,100.0,0.0,20230525_000000,97,29432.649667917023
99.8,0.04583610666787657,2.0,0.0,0.002035019455252918,256991,257000,257000,0,257000,99.9964980544747,100.0,100.0,0.0,20230525_000000,98,21340.552750324918
99.82101167315174,0.04376055313163015,2.0,0.0,0.0018326848249027238,256989,257000,257000,0,257000,99.99571984435798,100.0,100.0,0.0,20230525_000000,99,9769.203096561738
99.81439688715953,0.045156965397030895,2.0,0.0,0.0019182879377431907,256984,257000,257000,0,257000,99.99377431906615,100.0,100.0,0.0,20230525_000000,100,20836.518080047368
99.84552529182879,0.04144060867432109,2.0,0.0,0.0016031128404669262,256985,257000,257000,0,257000,99.99416342412452,100.0,100.0,0.0,20230525_000000,101,1008.9069124610187
99.71867704280154,0.053947269276068306,2.0,0.0,0.002848249027237354,256991,257000,257000,0,257000,99.9964980544747,100.0,100.0,0.0,20230525_000000,102,32342.22782383312
99.71867704280154,0.054164832375806965,2.0,0.0,0.0028560311284046695,256989,257000,257000,0,257000,99.99571984435798,100.0,100.0,0.0,20230525_000000,103,27442.305216100656
99.8354085603113,0.04236555004994664,2.0,0.0,0.0016964980544747082,256987,257000,257000,0,257000,99.99494163424124,100.0,100.0,0.0,20230525_000000,104,13806.149981240373
99.82451361867705,0.04376278118588502,2.0,0.0,0.0018093385214007782,256986,257000,257000,0,257000,99.99455252918288,100.0,100.0,0.0,20230525_000000,105,3496.66773965081
99.82101167315174,0.04335841785601174,2.0,0.0,0.001821011673151751,256992,257000,257000,0,257000,99.99688715953307,100.0,100.0,0.0,20230525_000000,106,23073.253786887155
99.81439688715953,0.04437634253554873,2.0,0.0,0.001894941634241245,256990,257000,257000,0,257000,99.99610894941634,100.0,100.0,0.0,20230525_000000,107,14366.096723409124
99.80661478599222,0.04498195422104698,2.0,0.0,0.0019649805447470815,256992,257000,257000,0,257000,99.99688715953307,100.0,100.0,0.0,20230525_000000,108,29125.451988821045
99.82762645914397,0.04286633213043641,2.0,0.0,0.0017626459143968872,256990,257000,257000,0,257000,99.99610894941634,100.0,100.0,0.0,20230525_000000,109,10432.557617944009
99.80972762645915,0.045668731259833416,2.0,0.0,0.0019649805447470815,256984,257000,257000,0,257000,99.99377431906615,100.0,100.0,0.0,20230525_000000,110,4804.235945487888
99.82957198443579,0.04222551438422436,2.0,0.0,0.0017315175097276266,256993,257000,257000,0,257000,99.99727626459143,100.0,100.0,0.0,20230525_000000,111,4087.0931620241554
99.78132295719846,0.04757782399499749,2.0,0.0,0.0022140077821011673,256993,257000,257000,0,257000,99.99727626459143,100.0,100.0,0.0,20230525_000000,112,20220.39500477976
99.8147859922179,0.044332314919979174,2.0,0.0,0.0018910505836575876,256990,257000,257000,0,257000,99.99610894941634,100.0,100.0,0.0,20230525_000000,113,18958.791532696545
99.80428015564202,0.0453686987239382,2.0,0.0,0.0019922178988326846,256991,257000,257000,0,257000,99.9964980544747,100.0,100.0,0.0,20230525_000000,114,23065.20477065523
99.81050583657589,0.04494218066944244,2.0,0.0,0.0019377431906614786,256989,257000,257000,0,257000,99.99571984435798,100.0,100.0,0.0,20230525_000000,115,12336.731668934252
99.76536964980545,0.04969015351878084,2.0,0.0,0.0023891050583657587,256989,257000,257000,0,257000,99.99571984435798,100.0,100.0,0.0,20230525_000000,116,19348.32740619536
99.83229571984435,0.042456676332095086,2.0,0.0,0.0017198443579766536,256989,257000,257000,0,257000,99.99571984435798,100.0,100.0,0.0,20230525_000000,117,9551.148195825032
99.82840466926069,0.04236398830414978,2.0,0.0,0.0017431906614785993,256993,257000,257000,0,257000,99.99727626459143,100.0,100.0,0.0,20230525_000000,118,16373.788200442215
99.82996108949416,0.04272948725571995,2.0,0.0,0.0017431906614785993,256989,257000,257000,0,257000,99.99571984435798,100.0,100.0,0.0,20230525_000000,119,13933.295764775512
99.73579766536965,0.052900151246548205,2.0,0.0,0.002696498054474708,256986,257000,257000,0,257000,99.99455252918288,100.0,100.0,0.0,20230525_000000,120,25686.796263376113
99.81050583657589,0.04583981263303741,2.0,0.0,0.0019649805447470815,256982,257000,257000,0,257000,99.99299610894941,100.0,100.0,0.0,20230525_000000,121,3705.6429778654187
99.79961089494164,0.0460055744101037,2.0,0.0,0.0020428015564202336,256990,257000,257000,0,257000,99.99610894941634,100.0,100.0,0.0,20230525_000000,122,21204.84326825953
99.82101167315174,0.04349395369397342,2.0,0.0,0.0018249027237354086,256991,257000,257000,0,257000,99.9964980544747,100.0,100.0,0.0,20230525_000000,123,28427.148828723763
99.78287937743191,0.04753852159823851,2.0,0.0,0.0022023346303501946,256992,257000,257000,0,257000,99.99688715953307,100.0,100.0,0.0,20230525_000000,124,17856.645377088807
99.768093385214,0.04988608728992213,2.0,0.0,0.002377431906614786,256985,257000,257000,0,257000,99.99416342412452,100.0,100.0,0.0,20230525_000000,125,28031.565120966483
99.81984435797665,0.04335874399714035,2.0,0.0,0.0018287937743190661,256993,257000,257000,0,257000,99.99727626459143,100.0,100.0,0.0,20230525_000000,126,13929.105270690921
99.81556420233463,0.04463828950446894,2.0,0.0,0.001894941634241245,256987,257000,257000,0,257000,99.99494163424124,100.0,100.0,0.0,20230525_000000,127,28763.49202016331
99.81517509727627,0.044157736996477334,2.0,0.0,0.0018832684824902724,256991,257000,257000,0,257000,99.9964980544747,100.0,100.0,0.0,20230525_000000,128,13402.593943277872
99.81789883268483,0.044113493603950345,2.0,0.0,0.0018638132295719844,256989,257000,257000,0,257000,99.99571984435798,100.0,100.0,0.0,20230525_000000,129,26798.453852176088
99.83424124513618,0.04250200786469975,2.0,0.0,0.001708171206225681,256987,257000,257000,0,257000,99.99494163424124,100.0,100.0,0.0,20230525_000000,130,12914.073207714202
99.7579766536965,0.05031085912893343,2.0,0.0,0.0024591439688715954,256990,257000,257000,0,257000,99.99610894941634,100.0,100.0,0.0,20230525_000000,131,23630.689897266326
99.81945525291829,0.04459517439762485,2.0,0.0,0.001867704280155642,256984,257000,257000,0,257000,99.99377431906615,100.0,100.0,0.0,20230525_000000,132,10122.815959707143
99.81206225680934,0.045157947089266154,2.0,0.0,0.001933852140077821,256986,257000,257000,0,257000,99.99455252918288,100.0,100.0,0.0,20230525_000000,133,10122.013422142814
99.82217898832685,0.04362745861750761,2.0,0.0,0.001821011673151751,256989,257000,257000,0,257000,99.99571984435798,100.0,100.0,0.0,20230525_000000,134,8255.370728484253
99.78560311284048,0.04712855822929616,2.0,0.0,0.0021712062256809338,256993,257000,257000,0,257000,99.99727626459143,100.0,100.0,0.0,20230525_000000,135,30884.954460648216
99.81906614785993,0.043449360197162806,2.0,0.0,0.0018365758754863813,256993,257000,257000,0,257000,99.99727626459143,100.0,100.0,0.0,20230525_000000,136,22244.75969670444
99.81906614785993,0.04304432020716471,2.0,0.0,0.0018249027237354086,256996,257000,257000,0,257000,99.99844357976654,100.0,100.0,0.0,20230525_000000,137,15360.588278459858
99.81089494163425,0.044375018741417006,2.0,0.0,0.0019182879377431907,256993,257000,257000,0,257000,99.99727626459143,100.0,100.0,0.0,20230525_000000,138,2954.5884455995833
99.82334630350195,0.042954475855469416,2.0,0.0,0.0017937743190661478,256993,257000,257000,0,257000,99.99727626459143,100.0,100.0,0.0,20230525_000000,139,2764.780805256489
99.82568093385214,0.043494910264109614,2.0,0.0,0.0017937743190661478,256987,257000,257000,0,257000,99.99494163424124,100.0,100.0,0.0,20230525_000000,140,13987.616682853763
99.74630350194552,0.051901772623130976,2.0,0.0,0.0025914396887159533,256986,257000,257000,0,257000,99.99455252918288,100.0,100.0,0.0,20230525_000000,141,24115.747534186576
99.81556420233463,0.0446379611800659,2.0,0.0,0.001894941634241245,256987,257000,257000,0,257000,99.99494163424124,100.0,100.0,0.0,20230525_000000,142,12069.286481466765
99.83268482490273,0.042135776787020976,2.0,0.0,0.001708171206225681,256991,257000,257000,0,257000,99.9964980544747,100.0,100.0,0.0,20230525_000000,143,4214.179310349638
99.83424124513618,0.04236461729793967,2.0,0.0,0.0017042801556420234,256988,257000,257000,0,257000,99.99533073929962,100.0,100.0,0.0,20230525_000000,144,1942.6639145197785
99.77587548638132,0.04862616366359571,2.0,0.0,0.002284046692607004,256989,257000,257000,0,257000,99.99571984435798,100.0,100.0,0.0,20230525_000000,145,30983.158317153608
99.81322957198444,0.044112509261324116,2.0,0.0,0.001894941634241245,256993,257000,257000,0,257000,99.99727626459143,100.0,100.0,0.0,20230525_000000,146,18191.801362280352
99.81673151750972,0.04463958921125572,2.0,0.0,0.00188715953307393,256986,257000,257000,0,257000,99.99455252918288,100.0,100.0,0.0,20230525_000000,147,21700.3896181496
99.80661478599222,0.046134461739663526,2.0,0.0,0.002,256983,257000,257000,0,257000,99.99338521400777,100.0,100.0,0.0,20230525_000000,148,13305.27000308286
99.77354085603113,0.04826491454261407,2.0,0.0,0.0022879377431906617,256994,257000,257000,0,257000,99.99766536964981,100.0,100.0,0.0,20230525_000000,149,28294.395571925106
99.7466926070039,0.05152633495594592,2.0,0.0,0.002575875486381323,256989,257000,257000,0,257000,99.99571984435798,100.0,100.0,0.0,20230525_000000,150,30481.314192386017
99.8354085603113,0.04139135505381668,2.0,0.0,0.001669260700389105,256994,257000,257000,0,257000,99.99766536964981,100.0,100.0,0.0,20230525_200000,1,6059.839269384921
99.83774319066147,0.04125087618820992,2.0,0.0,0.0016498054474708172,256993,257000,257000,0,257000,99.99727626459143,100.0,100.0,0.0,20230525_200000,2,13122.208117688875
99.82295719844359,0.04420353875024583,2.0,0.0,0.0018326848249027238,256984,257000,257000,0,257000,99.99377431906615,100.0,100.0,0.0,20230525_200000,3,737.119433844204
99.83929961089494,0.04232037107505647,2.0,0.0,0.001669260700389105,256984,257000,257000,0,257000,99.99377431906615,100.0,100.0,0.0,20230525_200000,4,4121.154152770905
99.80194552529183,0.046635424778294764,2.0,0.0,0.002046692607003891,256983,257000,257000,0,257000,99.99338521400777,100.0,100.0,0.0,20230525_200000,5,4476.767826127906
99.8182879377432,0.0442032208972914,2.0,0.0,0.0018638132295719844,256988,257000,257000,0,257000,99.99533073929962,100.0,100.0,0.0,20230525_200000,6,1484.3889085681474
99.82178988326848,0.04367346358164852,2.0,0.0,0.0018249027237354086,256989,257000,257000,0,257000,99.99571984435798,100.0,100.0,0.0,20230525_200000,7,7270.206972957562
99.84902723735408,0.039717888873957524,2.0,0.0,0.0015330739299610895,256994,257000,257000,0,257000,99.99766536964981,100.0,100.0,0.0,20230525_200000,8,2216.97395969717
99.82529182879377,0.04272789629118693,2.0,0.0,0.0017743190661478599,256993,257000,257000,0,257000,99.99727626459143,100.0,100.0,0.0,20230525_200000,9,6908.80966881648
99.82256809338521,0.0431798633397658,2.0,0.0,0.0018054474708171207,256992,257000,257000,0,257000,99.99688715953307,100.0,100.0,0.0,20230525_200000,10,12139.7540240776
99.82217898832685,0.04322696111922327,2.0,0.0,0.0018093385214007782,256992,257000,257000,0,257000,99.99688715953307,100.0,100.0,0.0,20230525_200000,11,5016.433309201227
99.82217898832685,0.04362809993430181,2.0,0.0,0.001821011673151751,256989,257000,257000,0,257000,99.99571984435798,100.0,100.0,0.0,20230525_200000,12,7970.171741622796
99.8249027237354,0.042910911593468826,2.0,0.0,0.001782101167315175,256992,257000,257000,0,257000,99.99688715953307,100.0,100.0,0.0,20230525_200000,13,1646.0767722622556
99.82762645914397,0.04218114988646258,2.0,0.0,0.0017431906614785993,256995,257000,257000,0,257000,99.99805447470817,100.0,100.0,0.0,20230525_200000,14,3991.3253486283484
99.84280155642024,0.04049198565593406,2.0,0.0,0.001595330739299611,256994,257000,257000,0,257000,99.99766536964981,100.0,100.0,0.0,20230525_200000,15,3240.4075035293977
99.82840466926069,0.04263769411529524,2.0,0.0,0.0017509727626459145,256991,257000,257000,0,257000,99.9964980544747,100.0,100.0,0.0,20230525_200000,16,6148.322623114161
99.81089494163425,0.0448987069058232,2.0,0.0,0.001933852140077821,256989,257000,257000,0,257000,99.99571984435798,100.0,100.0,0.0,20230525_200000,17,8037.516574645814
99.83618677042801,0.042136390503030016,2.0,0.0,0.0016848249027237353,256988,257000,257000,0,257000,99.99533073929962,100.0,100.0,0.0,20230525_200000,18,10995.77331637159
99.83035019455254,0.04295606900195704,2.0,0.0,0.0017470817120622568,256987,257000,257000,0,257000,99.99494163424124,100.0,100.0,0.0,20230525_200000,19,8908.058684760912
99.82879377431907,0.04190223143458548,2.0,0.0,0.0017276264591439688,256996,257000,257000,0,257000,99.99844357976654,100.0,100.0,0.0,20230525_200000,20,9671.066319410455
99.83891050583658,0.04181420431477992,2.0,0.0,0.0016575875486381324,256988,257000,257000,0,257000,99.99533073929962,100.0,100.0,0.0,20230525_200000,21,7976.967212082182
99.82684824902724,0.04295575319708329,2.0,0.0,0.0017704280155642024,256990,257000,257000,0,257000,99.99610894941634,100.0,100.0,0.0,20230525_200000,22,8725.67915004432
99.83346303501945,0.04286695234048529,2.0,0.0,0.0017237354085603113,256985,257000,257000,0,257000,99.99416342412452,100.0,100.0,0.0,20230525_200000,23,9425.405834768073
99.83463035019456,0.04313871012330295,2.0,0.0,0.0017237354085603113,256982,257000,257000,0,257000,99.99299610894941,100.0,100.0,0.0,20230525_200000,24,9936.05517959588
99.81867704280155,0.044025850446955665,2.0,0.0,0.0018560311284046692,256989,257000,257000,0,257000,99.99571984435798,100.0,100.0,0.0,20230525_200000,25,414.84117824585246
99.83035019455254,0.042273295434724946,2.0,0.0,0.0017276264591439688,256992,257000,257000,0,257000,99.99688715953307,100.0,100.0,0.0,20230525_200000,26,3915.418129475921
99.82568093385214,0.04322633206433684,2.0,0.0,0.0017859922178988328,256989,257000,257000,0,257000,99.99571984435798,100.0,100.0,0.0,20230525_200000,27,10923.803573631738
99.82723735408561,0.04398403099436181,2.0,0.0,0.0017976653696498055,256982,257000,257000,0,257000,99.99299610894941,100.0,100.0,0.0,20230525_200000,28,13203.789601363298
99.83501945525292,0.041156133322111356,2.0,0.0,0.0016653696498054474,256996,257000,257000,0,257000,99.99844357976654,100.0,100.0,0.0,20230525_200000,29,5029.463572319475
99.82101167315174,0.044421624076024464,2.0,0.0,0.0018521400778210117,256984,257000,257000,0,257000,99.99377431906615,100.0,100.0,0.0,20230525_200000,30,2599.1788380696835
99.82840466926069,0.04304872232078243,2.0,0.0,0.0017626459143968872,256988,257000,257000,0,257000,99.99533073929962,100.0,100.0,0.0,20230525_200000,31,2052.507353620593
99.83696498054475,0.04120383935800998,2.0,0.0,0.0016536964980544747,256994,257000,257000,0,257000,99.99766536964981,100.0,100.0,0.0,20230525_200000,32,9418.433927941605
99.83657587548637,0.041392581141943,2.0,0.0,0.00166147859922179,256993,257000,257000,0,257000,99.99727626459143,100.0,100.0,0.0,20230525_200000,33,997.0199156461646
99.83307392996109,0.04250293973889266,2.0,0.0,0.0017159533073929961,256988,257000,257000,0,257000,99.99533073929962,100.0,100.0,0.0,20230525_200000,34,10616.60467904872
99.81750972762646,0.043492658740184535,2.0,0.0,0.001848249027237354,256994,257000,257000,0,257000,99.99766536964981,100.0,100.0,0.0,20230525_200000,35,13924.098247164897
99.8307392996109,0.04208848964383282,2.0,0.0,0.0017198443579766536,256993,257000,257000,0,257000,99.99727626459143,100.0,100.0,0.0,20230525_200000,36,1314.7040828040924
99.8249027237354,0.04304592409742977,2.0,0.0,0.0017859922178988328,256991,257000,257000,0,257000,99.9964980544747,100.0,100.0,0.0,20230525_200000,37,7600.755963105141
99.79494163424124,0.04663371383191826,2.0,0.0,0.002093385214007782,256989,257000,257000,0,257000,99.99571984435798,100.0,100.0,0.0,20230525_200000,38,5390.113444919585
99.82334630350195,0.04349459280211732,2.0,0.0,0.0018093385214007782,256989,257000,257000,0,257000,99.99571984435798,100.0,100.0,0.0,20230525_200000,39,6499.836888762993
99.80194552529183,0.04587972772742244,2.0,0.0,0.0020233463035019454,256989,257000,257000,0,257000,99.99571984435798,100.0,100.0,0.0,20230525_200000,40,2255.3601043084304
99.81750972762646,0.04442130164855605,2.0,0.0,0.0018754863813229571,256987,257000,257000,0,257000,99.99494163424124,100.0,100.0,0.0,20230525_200000,41,4465.140233122012
99.82256809338521,0.04318082476408946,2.0,0.0,0.0018054474708171207,256992,257000,257000,0,257000,99.99688715953307,100.0,100.0,0.0,20230525_200000,42,4647.758077699696
99.81906614785993,0.043448392170215795,2.0,0.0,0.0018365758754863813,256993,257000,257000,0,257000,99.99727626459143,100.0,100.0,0.0,20230525_200000,43,13488.48557064295
99.8182879377432,0.044333296431270125,2.0,0.0,0.001867704280155642,256987,257000,257000,0,257000,99.99494163424124,100.0,100.0,0.0,20230525_200000,44,8542.694208154562
99.83424124513618,0.041949743693224906,2.0,0.0,0.0016926070038910505,256991,257000,257000,0,257000,99.9964980544747,100.0,100.0,0.0,20230525_200000,45,12656.526819778823
99.82062256809338,0.04459582352603004,2.0,0.0,0.001859922178988327,256983,257000,257000,0,257000,99.99338521400777,100.0,100.0,0.0,20230525_200000,46,2229.148855979509
99.82840466926069,0.04263832759348587,2.0,0.0,0.0017509727626459145,256991,257000,257000,0,257000,99.9964980544747,100.0,100.0,0.0,20230525_200000,47,10809.55727610279
99.8249027237354,0.04318114242912819,2.0,0.0,0.0017898832684824903,256990,257000,257000,0,257000,99.99610894941634,100.0,100.0,0.0,20230525_200000,48,712.9969915794102
99.82256809338521,0.04277420402993025,2.0,0.0,0.0017937743190661478,256995,257000,257000,0,257000,99.99805447470817,100.0,100.0,0.0,20230525_200000,49,1168.900126477252
99.82256809338521,0.043044643803872684,2.0,0.0,0.001801556420233463,256993,257000,257000,0,257000,99.99727626459143,100.0,100.0,0.0,20230525_200000,50,6348.9226962049115
99.82529182879377,0.042999905461204364,2.0,0.0,0.001782101167315175,256991,257000,257000,0,257000,99.9964980544747,100.0,100.0,0.0,20230525_200000,51,6075.283669162995
99.82451361867705,0.04254697261618156,2.0,0.0,0.0017743190661478599,256995,257000,257000,0,257000,99.99805447470817,100.0,100.0,0.0,20230525_200000,52,8698.18503461487
99.8136186770428,0.04498561208379901,2.0,0.0,0.0019182879377431907,256986,257000,257000,0,257000,99.99455252918288,100.0,100.0,0.0,20230525_200000,53,5934.424596383679
99.8182879377432,0.044857454134047944,2.0,0.0,0.0018832684824902724,256983,257000,257000,0,257000,99.99338521400777,100.0,100.0,0.0,20230525_200000,54,3088.6721353592366
99.81906614785993,0.04358300276338562,2.0,0.0,0.0018404669260700388,256992,257000,257000,0,257000,99.99688715953307,100.0,100.0,0.0,20230525_200000,55,7340.897869518229
99.81439688715953,0.04371558532709521,2.0,0.0,0.0018754863813229571,256995,257000,257000,0,257000,99.99805447470817,100.0,100.0,0.0,20230525_200000,56,4945.636673329788
99.81011673151751,0.044857454134047944,2.0,0.0,0.0019377431906614786,256990,257000,257000,0,257000,99.99610894941634,100.0,100.0,0.0,20230525_200000,57,1588.828656094933
99.83852140077822,0.04115674840297535,2.0,0.0,0.001642023346303502,256993,257000,257000,0,257000,99.99727626459143,100.0,100.0,0.0,20230525_200000,58,9717.50596995168
99.82451361867705,0.0433613027580439,2.0,0.0,0.0017976653696498055,256989,257000,257000,0,257000,99.99571984435798,100.0,100.0,0.0,20230525_200000,59,8498.427539620356
99.8089494163424,0.045114354038062174,2.0,0.0,0.001953307392996109,256989,257000,257000,0,257000,99.99571984435798,100.0,100.0,0.0,20230525_200000,60,7549.911887218619
99.81634241245136,0.04402681609383207,2.0,0.0,0.0018715953307392996,256991,257000,257000,0,257000,99.9964980544747,100.0,100.0,0.0,20230525_200000,61,4419.0330464448025
99.8249027237354,0.04358490780540411,2.0,0.0,0.001801556420233463,256987,257000,257000,0,257000,99.99494163424124,100.0,100.0,0.0,20230525_200000,62,3159.5881438801725
99.81984435797665,0.04362648621334552,2.0,0.0,0.0018365758754863813,256991,257000,257000,0,257000,99.9964980544747,100.0,100.0,0.0,20230525_200000,63,14105.137392425
99.8089494163424,0.04498463066951105,2.0,0.0,0.0019494163424124513,256990,257000,257000,0,257000,99.99610894941634,100.0,100.0,0.0,20230525_200000,64,784.9159016470644
99.81906614785993,0.043848406133000416,2.0,0.0,0.001848249027237354,256990,257000,257000,0,257000,99.99610894941634,100.0,100.0,0.0,20230525_200000,65,2928.9745257402687
99.84241245136187,0.04125179008070746,2.0,0.0,0.0016186770428015564,256989,257000,257000,0,257000,99.99571984435798,100.0,100.0,0.0,20230525_200000,66,13544.603521783354
99.82957198443579,0.043181458689350874,2.0,0.0,0.0017587548638132297,256986,257000,257000,0,257000,99.99455252918288,100.0,100.0,0.0,20230525_200000,67,10994.584027277679
99.81517509727627,0.04520084661479187,2.0,0.0,0.001914396887159533,256983,257000,257000,0,257000,99.99338521400777,100.0,100.0,0.0,20230525_200000,68,10948.897314467156
99.82996108949416,0.04273042479861569,2.0,0.0,0.0017431906614785993,256989,257000,257000,0,257000,99.99571984435798,100.0,100.0,0.0,20230525_200000,69,4147.198496083446
99.80466926070038,0.04571214439672067,2.0,0.0,0.002,256988,257000,257000,0,257000,99.99533073929962,100.0,100.0,0.0,20230525_200000,70,1719.1356766131078
99.83657587548637,0.04181239674996053,2.0,0.0,0.0016731517509727626,256990,257000,257000,0,257000,99.99610894941634,100.0,100.0,0.0,20230525_200000,71,7126.536988371747
99.8260700389105,0.04236430351697776,2.0,0.0,0.0017587548638132297,256995,257000,257000,0,257000,99.99805447470817,100.0,100.0,0.0,20230525_200000,72,6170.425002674423
99.81400778210117,0.044157736996477334,2.0,0.0,0.0018910505836575876,256992,257000,257000,0,257000,99.99688715953307,100.0,100.0,0.0,20230525_200000,73,1850.972734806032
99.83112840466926,0.04286695234048529,2.0,0.0,0.0017392996108949415,256987,257000,257000,0,257000,99.99494163424124,100.0,100.0,0.0,20230525_200000,74,7630.839880244447
99.81556420233463,0.04411349360395035,2.0,0.0,0.0018793774319066149,256991,257000,257000,0,257000,99.9964980544747,100.0,100.0,0.0,20230525_200000,75,3297.0263399463797
99.81011673151751,0.04524272128172061,2.0,0.0,0.0019494163424124513,256987,257000,257000,0,257000,99.99494163424124,100.0,100.0,0.0,20230525_200000,76,8005.391277643284
99.82723735408561,0.042363034074149326,2.0,0.0,0.0017509727626459145,256994,257000,257000,0,257000,99.99766536964981,100.0,100.0,0.0,20230525_200000,77,9571.794204765827
99.82295719844359,0.043134297537304384,2.0,0.0,0.001801556420233463,256992,257000,257000,0,257000,99.99688715953307,100.0,100.0,0.0,20230525_200000,78,5074.507231240701
99.81789883268483,0.044509131498142625,2.0,0.0,0.0018754863813229571,256986,257000,257000,0,257000,99.99455252918288,100.0,100.0,0.0,20230525_200000,79,5689.235784615276
99.83424124513618,0.04209004002928082,2.0,0.0,0.0016964980544747082,256990,257000,257000,0,257000,99.99610894941634,100.0,100.0,0.0,20230525_200000,80,10631.968138621052
99.81945525291829,0.044596787016148304,2.0,0.0,0.001867704280155642,256984,257000,257000,0,257000,99.99377431906615,100.0,100.0,0.0,20230525_200000,81,6250.1543645004085
99.82723735408561,0.042774836902275036,2.0,0.0,0.0017626459143968872,256991,257000,257000,0,257000,99.9964980544747,100.0,100.0,0.0,20230525_200000,82,6587.358899104709
99.8112840466926,0.04446491563710685,2.0,0.0,0.0019182879377431907,256992,257000,257000,0,257000,99.99688715953307,100.0,100.0,0.0,20230525_200000,83,1115.615502955855
99.82023346303502,0.04437955632503164,2.0,0.0,0.0018560311284046692,256985,257000,257000,0,257000,99.99416342412452,100.0,100.0,0.0,20230525_200000,84,4485.532716344872
99.83735408560311,0.04130026984610308,2.0,0.0,0.0016536964980544747,256993,257000,257000,0,257000,99.99727626459143,100.0,100.0,0.0,20230525_200000,85,6150.785254118372
99.81284046692606,0.04442032617192207,2.0,0.0,0.001906614785992218,256991,257000,257000,0,257000,99.9964980544747,100.0,100.0,0.0,20230525_200000,86,5794.571089190998
99.82762645914397,0.04327115855453804,2.0,0.0,0.0017743190661478599,256987,257000,257000,0,257000,99.99494163424124,100.0,100.0,0.0,20230525_200000,87,9171.94983411371
99.80661478599222,0.04537104869331941,2.0,0.0,0.0019766536964980546,256989,257000,257000,0,257000,99.99571984435798,100.0,100.0,0.0,20230525_200000,88,4148.1738656327425
99.82996108949416,0.042041450020319795,2.0,0.0,0.0017237354085603113,256994,257000,257000,0,257000,99.99766536964981,100.0,100.0,0.0,20230525_200000,89,5803.302895626668
99.82529182879377,0.04286475684133825,2.0,0.0,0.0017782101167315176,256992,257000,257000,0,257000,99.99688715953307,100.0,100.0,0.0,20230525_200000,90,13843.709173122632
99.84357976653696,0.040969045840410896,2.0,0.0,0.0016031128404669262,256990,257000,257000,0,257000,99.99610894941634,100.0,100.0,0.0,20230525_200000,91,2462.5989313225728
99.82256809338521,0.043849379830888616,2.0,0.0,0.0018249027237354086,256987,257000,257000,0,257000,99.99494163424124,100.0,100.0,0.0,20230525_200000,92,13577.417824033639
99.83190661478599,0.04195098810828198,2.0,0.0,0.001708171206225681,256993,257000,257000,0,257000,99.99727626459143,100.0,100.0,0.0,20230525_200000,93,6592.268410334491
99.81750972762646,0.0448139022318411,2.0,0.0,0.00188715953307393,256984,257000,257000,0,257000,99.99377431906615,100.0,100.0,0.0,20230525_200000,94,9880.73266859696
99.82412451361867,0.04340630413390787,2.0,0.0,0.001801556420233463,256989,257000,257000,0,257000,99.99571984435798,100.0,100.0,0.0,20230525_200000,95,5184.625360002554
99.83579766536965,0.04134540048712122,2.0,0.0,0.0016653696498054474,256994,257000,257000,0,257000,99.99766536964981,100.0,100.0,0.0,20230525_200000,96,6257.206377653568
99.83657587548637,0.04167241985645975,2.0,0.0,0.001669260700389105,256991,257000,257000,0,257000,99.9964980544747,100.0,100.0,0.0,20230525_200000,97,1516.8069752919555
99.82957198443579,0.04291091159346882,2.0,0.0,0.0017509727626459145,256988,257000,257000,0,257000,99.99533073929962,100.0,100.0,0.0,20230525_200000,98,6242.373278002052
99.82023346303502,0.04344806670202753,2.0,0.0,0.0018287937743190661,256992,257000,257000,0,257000,99.99688715953307,100.0,100.0,0.0,20230525_200000,99,5737.644968176896
99.81206225680934,0.04424705292652501,2.0,0.0,0.001906614785992218,256993,257000,257000,0,257000,99.99727626459143,100.0,100.0,0.0,20230525_200000,100,1126.8554694544162
99.8023346303502,0.045197523733551966,2.0,0.0,0.002,256994,257000,257000,0,257000,99.99766536964981,100.0,100.0,0.0,20230525_200000,101,12472.873835247858
99.8354085603113,0.04167272649439513,2.0,0.0,0.0016770428015564203,256992,257000,257000,0,257000,99.99688715953307,100.0,100.0,0.0,20230525_200000,102,10685.89155358483
99.82568093385214,0.04336285651705941,2.0,0.0,0.0017898832684824903,256988,257000,257000,0,257000,99.99533073929962,100.0,100.0,0.0,20230525_200000,103,3174.6844598368334
99.82879377431907,0.042866019902847476,2.0,0.0,0.001754863813229572,256989,257000,257000,0,257000,99.99571984435798,100.0,100.0,0.0,20230525_200000,104,11163.200821347575
99.81712062256808,0.04420258107428424,2.0,0.0,0.0018715953307392996,256989,257000,257000,0,257000,99.99571984435798,100.0,100.0,0.0,20230525_200000,105,1094.363720433447
99.85369649805448,0.03927530145402299,2.0,0.0,0.001490272373540856,256993,257000,257000,0,257000,99.99727626459143,100.0,100.0,0.0,20230525_200000,106,9072.843028320176
99.82957198443579,0.04291153821570639,2.0,0.0,0.0017509727626459145,256988,257000,257000,0,257000,99.99533073929962,100.0,100.0,0.0,20230525_200000,107,7602.505872030504
99.82295719844359,0.04353945884684839,2.0,0.0,0.0018132295719844357,256989,257000,257000,0,257000,99.99571984435798,100.0,100.0,0.0,20230525_200000,108,2778.252303392148
99.83579766536965,0.041202601774046825,2.0,0.0,0.00166147859922179,256995,257000,257000,0,257000,99.99805447470817,100.0,100.0,0.0,20230525_200000,109,11121.798069759077
99.84124513618677,0.041533498246969114,2.0,0.0,0.0016342412451361868,256988,257000,257000,0,257000,99.99533073929962,100.0,100.0,0.0,20230525_200000,110,5030.5570024690605
99.80700389105058,0.04532764956655138,2.0,0.0,0.001972762645914397,256989,257000,257000,0,257000,99.99571984435798,100.0,100.0,0.0,20230525_200000,111,13729.42414443117
99.84241245136187,0.0412520917708941,2.0,0.0,0.0016186770428015564,256989,257000,257000,0,257000,99.99571984435798,100.0,100.0,0.0,20230525_200000,112,9247.90696255751
99.79922178988326,0.04655225338710292,2.0,0.0,0.0020622568093385213,256986,257000,257000,0,257000,99.99455252918288,100.0,100.0,0.0,20230525_200000,113,2116.099970171303
99.81167315175097,0.045201171520512076,2.0,0.0,0.0019377431906614786,256986,257000,257000,0,257000,99.99455252918288,100.0,100.0,0.0,20230525_200000,114,1472.983273999786
99.82762645914397,0.04245542106297838,2.0,0.0,0.0017509727626459145,256993,257000,257000,0,257000,99.99727626459143,100.0,100.0,0.0,20230525_200000,115,3667.5126848407854
99.8307392996109,0.043182709682695636,2.0,0.0,0.0017509727626459145,256985,257000,257000,0,257000,99.99416342412452,100.0,100.0,0.0,20230525_200000,116,2485.8939935503345
99.81984435797665,0.04362648621334553,2.0,0.0,0.0018365758754863813,256991,257000,257000,0,257000,99.9964980544747,100.0,100.0,0.0,20230525_200000,117,2190.318336876963
99.83579766536965,0.04204455420320119,2.0,0.0,0.0016848249027237353,256989,257000,257000,0,257000,99.99571984435798,100.0,100.0,0.0,20230525_200000,118,10877.135301292934
99.82723735408561,0.042773885466482225,2.0,0.0,0.0017626459143968872,256991,257000,257000,0,257000,99.9964980544747,100.0,100.0,0.0,20230525_200000,119,1079.661703841013
99.82023346303502,0.043851603371951715,2.0,0.0,0.0018404669260700388,256989,257000,257000,0,257000,99.99571984435798,100.0,100.0,0.0,20230525_200000,120,13630.11379022425
99.82723735408561,0.041948795198953365,2.0,0.0,0.0017392996108949415,256997,257000,257000,0,257000,99.9988326848249,100.0,100.0,0.0,20230525_200000,121,8997.250006911969
99.84396887159534,0.04063481914196092,2.0,0.0,0.0015914396887159532,256992,257000,257000,0,257000,99.99688715953307,100.0,100.0,0.0,20230525_200000,122,6647.519565654544
99.81867704280155,0.043224411218708556,2.0,0.0,0.0018326848249027238,256995,257000,257000,0,257000,99.99805447470817,100.0,100.0,0.0,20230525_200000,123,8077.20200454831
99.83190661478599,0.04236492964706737,2.0,0.0,0.0017198443579766536,256990,257000,257000,0,257000,99.99610894941634,100.0,100.0,0.0,20230525_200000,124,8302.618789314585
99.82879377431907,0.041763821587501214,2.0,0.0,0.0017237354085603113,256997,257000,257000,0,257000,99.9988326848249,100.0,100.0,0.0,20230525_200000,125,9759.280477294938
99.82178988326848,0.04340375360713522,2.0,0.0,0.0018171206225680934,256991,257000,257000,0,257000,99.9964980544747,100.0,100.0,0.0,20230525_200000,126,12637.985987663553
99.82723735408561,0.04277388546648223,2.0,0.0,0.0017626459143968872,256991,257000,257000,0,257000,99.9964980544747,100.0,100.0,0.0,20230525_200000,127,9212.786949862199
99.83463035019456,0.04204239642425939,2.0,0.0,0.0016926070038910505,256990,257000,257000,0,257000,99.99610894941634,100.0,100.0,0.0,20230525_200000,128,14135.029747159391
99.7976653696498,0.04659419574095099,2.0,0.0,0.002073929961089494,256987,257000,257000,0,257000,99.99494163424124,100.0,100.0,0.0,20230525_200000,129,4630.927686266072
99.82645914396888,0.04340472053672891,2.0,0.0,0.0017859922178988328,256987,257000,257000,0,257000,99.99494163424124,100.0,100.0,0.0,20230525_200000,130,13912.10206397452
99.8136186770428,0.045113365356326596,2.0,0.0,0.0019221789883268482,256985,257000,257000,0,257000,99.99416342412452,100.0,100.0,0.0,20230525_200000,131,4529.638080261033
99.84046692607004,0.04120414507373869,2.0,0.0,0.0016303501945525293,256991,257000,257000,0,257000,99.9964980544747,100.0,100.0,0.0,20230525_200000,132,6300.921632546228
99.82723735408561,0.04291059616192052,2.0,0.0,0.0017665369649805447,256990,257000,257000,0,257000,99.99610894941634,100.0,100.0,0.0,20230525_200000,133,6718.701284765876
99.84046692607004,0.04049047130048929,2.0,0.0,0.0016108949416342412,256996,257000,257000,0,257000,99.99844357976654,100.0,100.0,0.0,20230525_200000,134,9046.485999724351
99.83151750972763,0.04213390108900863,2.0,0.0,0.0017159533073929961,256992,257000,257000,0,257000,99.99688715953307,100.0,100.0,0.0,20230525_200000,135,11409.811642881663
99.83618677042801,0.04157894269369708,2.0,0.0,0.001669260700389105,256992,257000,257000,0,257000,99.99688715953307,100.0,100.0,0.0,20230525_200000,136,8473.862275874868
99.8249027237354,0.04331656885532362,2.0,0.0,0.0017937743190661478,256989,257000,257000,0,257000,99.99571984435798,100.0,100.0,0.0,20230525_200000,137,5042.628165700457
99.83268482490273,0.042273295434724946,2.0,0.0,0.0017120622568093384,256990,257000,257000,0,257000,99.99610894941634,100.0,100.0,0.0,20230525_200000,138,1063.0037216508658
99.82295719844359,0.04393898626243077,2.0,0.0,0.0018249027237354086,256986,257000,257000,0,257000,99.99455252918288,100.0,100.0,0.0,20230525_200000,139,6615.8463458047945
99.82178988326848,0.04286475684133826,2.0,0.0,0.001801556420233463,256995,257000,257000,0,257000,99.99805447470817,100.0,100.0,0.0,20230525_200000,140,538.8366145426072
99.81673151750972,0.04424478697977101,2.0,0.0,0.0018754863813229571,256989,257000,257000,0,257000,99.99571984435798,100.0,100.0,0.0,20230525_200000,141,5283.2723254900375
99.82334630350195,0.04362809993430181,2.0,0.0,0.0018132295719844357,256988,257000,257000,0,257000,99.99533073929962,100.0,100.0,0.0,20230525_200000,142,4113.239723111702
99.8307392996109,0.043046869520537434,2.0,0.0,0.0017470817120622568,256986,257000,257000,0,257000,99.99455252918288,100.0,100.0,0.0,20230525_200000,143,9236.781176082599
99.83424124513618,0.04208911412149926,2.0,0.0,0.0016964980544747082,256990,257000,257000,0,257000,99.99610894941634,100.0,100.0,0.0,20230525_200000,144,14003.736334134961
99.81906614785993,0.04398147541539575,2.0,0.0,0.0018521400778210117,256989,257000,257000,0,257000,99.99571984435798,100.0,100.0,0.0,20230525_200000,145,1293.7683095026025
99.82879377431907,0.04259408062276342,2.0,0.0,0.0017470817120622568,256991,257000,257000,0,257000,99.9964980544747,100.0,100.0,0.0,20230525_200000,146,8511.97564131966
99.7805447470817,0.04838695845619107,2.0,0.0,0.002245136186770428,256987,257000,257000,0,257000,99.99494163424124,100.0,100.0,0.0,20230525_200000,147,5508.864924473557
99.82840466926069,0.04250293973889266,2.0,0.0,0.0017470817120622568,256992,257000,257000,0,257000,99.99688715953307,100.0,100.0,0.0,20230525_200000,148,8314.959749387539
99.84280155642024,0.04120535321658783,2.0,0.0,0.0016147859922178989,256989,257000,257000,0,257000,99.99571984435798,100.0,100.0,0.0,20230525_200000,149,13672.228598484138
99.84902723735408,0.03986323403042621,2.0,0.0,0.001536964980544747,256993,257000,257000,0,257000,99.99727626459143,100.0,100.0,0.0,20230525_200000,150,10587.260739655214
99.83035019455254,0.042410983268062044,2.0,0.0,0.0017315175097276266,256991,257000,257000,0,257000,99.9964980544747,100.0,100.0,0.0,20230526_000000,1,1328.6436562685276
99.8260700389105,0.043584278358718566,2.0,0.0,0.0017937743190661478,256986,257000,257000,0,257000,99.99455252918288,100.0,100.0,0.0,20230526_000000,2,29442.309993507846
99.80311284046692,0.04587972772742245,2.0,0.0,0.0020155642023346305,256988,257000,257000,0,257000,99.99533073929962,100.0,100.0,0.0,20230526_000000,3,18514.816760865684
99.81673151750972,0.04398049431452067,2.0,0.0,0.001867704280155642,256991,257000,257000,0,257000,99.9964980544747,100.0,100.0,0.0,20230526_000000,4,6096.699794662061
99.79377431906616,0.046633020345072614,2.0,0.0,0.002101167315175097,256990,257000,257000,0,257000,99.99610894941634,100.0,100.0,0.0,20230526_000000,5,19594.92895386124
99.82957198443579,0.04250169438560802,2.0,0.0,0.0017392996108949415,256991,257000,257000,0,257000,99.9964980544747,100.0,100.0,0.0,20230526_000000,6,16238.284173057142
99.81673151750972,0.043848406133000416,2.0,0.0,0.0018638132295719844,256992,257000,257000,0,257000,99.99688715953307,100.0,100.0,0.0,20230526_000000,7,31018.711758970952
99.82684824902724,0.04268282062765328,2.0,0.0,0.0017626459143968872,256992,257000,257000,0,257000,99.99688715953307,100.0,100.0,0.0,20230526_000000,8,14591.542454780776
99.81322957198444,0.04528553782509422,2.0,0.0,0.0019299610894941634,256984,257000,257000,0,257000,99.99377431906615,100.0,100.0,0.0,20230526_000000,9,26265.59308511704
99.77431906614787,0.04890452433483384,2.0,0.0,0.0023035019455252916,256988,257000,257000,0,257000,99.99533073929962,100.0,100.0,0.0,20230526_000000,10,27120.97204908179
99.82023346303502,0.04331336008618496,2.0,0.0,0.0018249027237354086,256993,257000,257000,0,257000,99.99727626459143,100.0,100.0,0.0,20230526_000000,11,31817.504200452953
99.85369649805448,0.040011002438441065,2.0,0.0,0.0015097276264591439,256988,257000,257000,0,257000,99.99533073929962,100.0,100.0,0.0,20230526_000000,12,2731.251928011573
99.7898832684825,0.04826955506581787,2.0,0.0,0.002178988326848249,256980,257000,257000,0,257000,99.99221789883268,100.0,100.0,0.0,20230526_000000,13,20926.764227962776
99.83112840466926,0.0424563646579427,2.0,0.0,0.0017276264591439688,256990,257000,257000,0,257000,99.99610894941634,100.0,100.0,0.0,20230526_000000,14,1267.7351833874234
99.77470817120623,0.04862688726039681,2.0,0.0,0.002291828793774319,256990,257000,257000,0,257000,99.99610894941634,100.0,100.0,0.0,20230526_000000,15,22918.451759622356
99.8112840466926,0.044854531793258816,2.0,0.0,0.0019299610894941634,256989,257000,257000,0,257000,99.99571984435798,100.0,100.0,0.0,20230526_000000,16,32096.05530148739
99.81439688715953,0.04450718029136676,2.0,0.0,0.0018988326848249028,256989,257000,257000,0,257000,99.99571984435798,100.0,100.0,0.0,20230526_000000,17,16973.532300075614
99.75408560311284,0.05069384885146217,2.0,0.0,0.002498054474708171,256990,257000,257000,0,257000,99.99610894941634,100.0,100.0,0.0,20230526_000000,18,19750.37749997878
99.79377431906616,0.04638202543013846,2.0,0.0,0.002093385214007782,256992,257000,257000,0,257000,99.99688715953307,100.0,100.0,0.0,20230526_000000,19,11785.927118300866
99.83268482490273,0.0424122141499096,2.0,0.0,0.0017159533073929961,256989,257000,257000,0,257000,99.99571984435798,100.0,100.0,0.0,20230526_000000,20,29730.136725920118
99.82412451361867,0.04299990546120438,2.0,0.0,0.0017898832684824903,256992,257000,257000,0,257000,99.99688715953307,100.0,100.0,0.0,20230526_000000,21,12547.64752983468
99.8249027237354,0.04263705494614707,2.0,0.0,0.0017743190661478599,256994,257000,257000,0,257000,99.99766536964981,100.0,100.0,0.0,20230526_000000,22,25083.365572326144
99.7988326848249,0.0458364501923984,2.0,0.0,0.0020428015564202336,256992,257000,257000,0,257000,99.99688715953307,100.0,100.0,0.0,20230526_000000,23,21988.13937348371
99.8307392996109,0.04263832759348587,2.0,0.0,0.001735408560311284,256989,257000,257000,0,257000,99.99571984435798,100.0,100.0,0.0,20230526_000000,24,1696.014381956171
99.75642023346303,0.050694224565584305,2.0,0.0,0.0024824902723735408,256988,257000,257000,0,257000,99.99533073929962,100.0,100.0,0.0,20230526_000000,25,20433.15437302683
99.81050583657589,0.044681029916901434,2.0,0.0,0.0019299610894941634,256991,257000,257000,0,257000,99.9964980544747,100.0,100.0,0.0,20230526_000000,26,10838.623059054858
99.77626459143968,0.04953766534024807,2.0,0.0,0.002311284046692607,256981,257000,257000,0,257000,99.99260700389105,100.0,100.0,0.0,20230526_000000,27,10678.024176753
99.79260700389105,0.04712961257569302,2.0,0.0,0.002124513618677043,256987,257000,257000,0,257000,99.99494163424124,100.0,100.0,0.0,20230526_000000,28,18071.312523807213
99.81322957198444,0.04476933975266114,2.0,0.0,0.001914396887159533,256988,257000,257000,0,257000,99.99533073929962,100.0,100.0,0.0,20230526_000000,29,12520.041462592422
99.81945525291829,0.04353720475818253,2.0,0.0,0.0018365758754863813,256992,257000,257000,0,257000,99.99688715953307,100.0,100.0,0.0,20230526_000000,30,8161.639483483772
99.75953307392996,0.05073240013605041,2.0,0.0,0.002463035019455253,256985,257000,257000,0,257000,99.99416342412452,100.0,100.0,0.0,20230526_000000,31,27580.52802837489
99.80739299610894,0.045026029538569365,2.0,0.0,0.0019610894941634242,256991,257000,257000,0,257000,99.9964980544747,100.0,100.0,0.0,20230526_000000,32,31235.312008042834
99.78365758754863,0.04782361075465873,2.0,0.0,0.0022062256809338523,256989,257000,257000,0,257000,99.99571984435798,100.0,100.0,0.0,20230526_000000,33,19520.273952840133
99.83735408560311,0.04143848594370756,2.0,0.0,0.0016575875486381324,256992,257000,257000,0,257000,99.99688715953307,100.0,100.0,0.0,20230526_000000,34,4870.291322506438
99.82529182879377,0.042999905461204364,2.0,0.0,0.001782101167315175,256991,257000,257000,0,257000,99.9964980544747,100.0,100.0,0.0,20230526_000000,35,2639.686369462065
99.76225680933852,0.05011732227097022,2.0,0.0,0.002424124513618677,256988,257000,257000,0,257000,99.99533073929962,100.0,100.0,0.0,20230526_000000,36,21493.068889324233
99.82295719844359,0.04313494478227126,2.0,0.0,0.001801556420233463,256992,257000,257000,0,257000,99.99688715953307,100.0,100.0,0.0,20230526_000000,37,29691.584186390006
99.79221789883267,0.04766340836114224,2.0,0.0,0.0021439688715953306,256983,257000,257000,0,257000,99.99338521400777,100.0,100.0,0.0,20230526_000000,38,10047.78551582809
99.79455252918288,0.04680063702595529,2.0,0.0,0.002101167315175097,256988,257000,257000,0,257000,99.99533073929962,100.0,100.0,0.0,20230526_000000,39,21248.300207751756
99.72568093385215,0.05362555949684307,2.0,0.0,0.00278988326848249,256988,257000,257000,0,257000,99.99533073929962,100.0,100.0,0.0,20230526_000000,40,21445.23346262228
99.85252918287938,0.039571106548423315,2.0,0.0,0.0015058365758754864,256992,257000,257000,0,257000,99.99688715953307,100.0,100.0,0.0,20230526_000000,41,4176.486308099291
99.76536964980545,0.05050549468387155,2.0,0.0,0.002416342412451362,256982,257000,257000,0,257000,99.99299610894941,100.0,100.0,0.0,20230526_000000,42,22957.716057449692
99.85136186770428,0.04001012377753265,2.0,0.0,0.0015252918287937743,256990,257000,257000,0,257000,99.99610894941634,100.0,100.0,0.0,20230526_000000,43,2743.879360785617
99.79571984435798,0.046173389274464634,2.0,0.0,0.002073929961089494,256992,257000,257000,0,257000,99.99688715953307,100.0,100.0,0.0,20230526_000000,44,18102.368006109366
99.7715953307393,0.04941698565713888,2.0,0.0,0.00233852140077821,256986,257000,257000,0,257000,99.99455252918288,100.0,100.0,0.0,20230526_000000,45,20841.459813746416
99.79027237354086,0.04725415873627521,2.0,0.0,0.0021439688715953306,256988,257000,257000,0,257000,99.99533073929962,100.0,100.0,0.0,20230526_000000,46,10638.698639165079
99.8354085603113,0.04195005696592139,2.0,0.0,0.0016848249027237353,256990,257000,257000,0,257000,99.99610894941634,100.0,100.0,0.0,20230526_000000,47,4138.984431682004
99.768093385214,0.04918056916580855,2.0,0.0,0.0023540856031128406,256991,257000,257000,0,257000,99.9964980544747,100.0,100.0,0.0,20230526_000000,48,22763.28628736975
99.79066147859922,0.04671638564434615,2.0,0.0,0.002124513618677043,256992,257000,257000,0,257000,99.99688715953307,100.0,100.0,0.0,20230526_000000,49,30674.954127694917
99.81906614785993,0.043715585327095206,2.0,0.0,0.0018443579766536965,256991,257000,257000,0,257000,99.9964980544747,100.0,100.0,0.0,20230526_000000,50,32296.151290738602
99.7964980544747,0.04733643014677395,2.0,0.0,0.002105058365758755,256982,257000,257000,0,257000,99.99299610894941,100.0,100.0,0.0,20230526_000000,51,29552.36535302421
99.82178988326848,0.04299893576636254,2.0,0.0,0.0018054474708171207,256994,257000,257000,0,257000,99.99766536964981,100.0,100.0,0.0,20230526_000000,52,3026.754632558312
99.82334630350195,0.04362777997114887,2.0,0.0,0.0018132295719844357,256988,257000,257000,0,257000,99.99533073929962,100.0,100.0,0.0,20230526_000000,53,21714.730226109066
99.81984435797665,0.04362713587334722,2.0,0.0,0.0018365758754863813,256991,257000,257000,0,257000,99.9964980544747,100.0,100.0,0.0,20230526_000000,54,16468.925098261894
99.84785992217898,0.04015439758425229,2.0,0.0,0.0015525291828793774,256992,257000,257000,0,257000,99.99688715953307,100.0,100.0,0.0,20230526_000000,55,590.4506579921617
99.79377431906616,0.046633367739116756,2.0,0.0,0.002101167315175097,256990,257000,257000,0,257000,99.99610894941634,100.0,100.0,0.0,20230526_000000,56,10003.554277228974
99.82762645914397,0.04245542106297837,2.0,0.0,0.0017509727626459145,256993,257000,257000,0,257000,99.99727626459143,100.0,100.0,0.0,20230526_000000,57,30806.4717287516
99.7988326848249,0.046216364400668876,2.0,0.0,0.0020544747081712063,256989,257000,257000,0,257000,99.99571984435798,100.0,100.0,0.0,20230526_000000,58,11068.027194120581
99.78132295719846,0.04806601650961778,2.0,0.0,0.0022295719844357977,256989,257000,257000,0,257000,99.99571984435798,100.0,100.0,0.0,20230526_000000,59,24814.26725394534
99.83229571984435,0.04272948725571995,2.0,0.0,0.0017276264591439688,256987,257000,257000,0,257000,99.99494163424124,100.0,100.0,0.0,20230526_000000,60,6218.665507922143
99.82529182879377,0.04286443753801629,2.0,0.0,0.0017782101167315176,256992,257000,257000,0,257000,99.99688715953307,100.0,100.0,0.0,20230526_000000,61,32387.242804284888
99.82140077821012,0.043043668785544324,2.0,0.0,0.0018093385214007782,256994,257000,257000,0,257000,99.99766536964981,100.0,100.0,0.0,20230526_000000,62,5018.364261323382
99.78015564202335,0.049024988985564795,2.0,0.0,0.0022684824902723735,256982,257000,257000,0,257000,99.99299610894941,100.0,100.0,0.0,20230526_000000,63,9580.11458838989
99.77665369649806,0.04890739723102999,2.0,0.0,0.0022879377431906617,256986,257000,257000,0,257000,99.99455252918288,100.0,100.0,0.0,20230526_000000,64,25525.63618486931
99.82451361867705,0.042818543498557765,2.0,0.0,0.001782101167315175,256993,257000,257000,0,257000,99.99727626459143,100.0,100.0,0.0,20230526_000000,65,16443.05441572584
99.75369649805448,0.05107468290910348,2.0,0.0,0.0025136186770428016,256987,257000,257000,0,257000,99.99494163424124,100.0,100.0,0.0,20230526_000000,66,17482.095323501977
99.77120622568093,0.04898402394233931,2.0,0.0,0.0023268482490272375,256990,257000,257000,0,257000,99.99610894941634,100.0,100.0,0.0,20230526_000000,67,23923.201969211532
99.81945525291829,0.04446459148054893,2.0,0.0,0.0018638132295719844,256985,257000,257000,0,257000,99.99416342412452,100.0,100.0,0.0,20230526_000000,68,17053.306417722742
99.75369649805448,0.051073542811057346,2.0,0.0,0.0025136186770428016,256987,257000,257000,0,257000,99.99494163424124,100.0,100.0,0.0,20230526_000000,69,21438.564139985476
99.79377431906616,0.04688197656097522,2.0,0.0,0.0021089494163424125,256988,257000,257000,0,257000,99.99533073929962,100.0,100.0,0.0,20230526_000000,70,28384.609117114323
99.79377431906616,0.046758531768178055,2.0,0.0,0.002105058365758755,256989,257000,257000,0,257000,99.99571984435798,100.0,100.0,0.0,20230526_000000,71,20016.803104403734
99.78599221789884,0.04830861624042224,2.0,0.0,0.0022062256809338523,256983,257000,257000,0,257000,99.99338521400777,100.0,100.0,0.0,20230526_000000,72,19343.617733427905
99.80972762645915,0.045026699355630105,2.0,0.0,0.0019455252918287938,256989,257000,257000,0,257000,99.99571984435798,100.0,100.0,0.0,20230526_000000,73,4995.938433668484
99.82801556420233,0.042546018219909956,2.0,0.0,0.0017509727626459145,256992,257000,257000,0,257000,99.99688715953307,100.0,100.0,0.0,20230526_000000,74,5857.239184659746
99.81206225680934,0.04437501874141701,2.0,0.0,0.0019105058365758755,256992,257000,257000,0,257000,99.99688715953307,100.0,100.0,0.0,20230526_000000,75,22439.88461621341
99.78715953307393,0.047456954664080404,2.0,0.0,0.0021712062256809338,256989,257000,257000,0,257000,99.99571984435798,100.0,100.0,0.0,20230526_000000,76,20234.094664747325
99.8023346303502,0.0450687123124831,2.0,0.0,0.0019961089494163423,256995,257000,257000,0,257000,99.99805447470817,100.0,100.0,0.0,20230526_000000,77,29235.221968155223
99.69922178988327,0.05644111233160437,2.0,0.0,0.0030700389105058367,256984,257000,257000,0,257000,99.99377431906615,100.0,100.0,0.0,20230526_000000,78,23357.67493292217
99.83774319066147,0.041250259574604126,2.0,0.0,0.0016498054474708172,256993,257000,257000,0,257000,99.99727626459143,100.0,100.0,0.0,20230526_000000,79,1415.1103565908102
99.78793774319065,0.04700437404730332,2.0,0.0,0.002151750972762646,256992,257000,257000,0,257000,99.99688715953307,100.0,100.0,0.0,20230526_000000,80,11798.929424867349
99.7443579766537,0.051638906043407214,2.0,0.0,0.002595330739299611,256990,257000,257000,0,257000,99.99610894941634,100.0,100.0,0.0,20230526_000000,81,23305.940802731573
99.8136186770428,0.043936400495810005,2.0,0.0,0.00188715953307393,256994,257000,257000,0,257000,99.99766536964981,100.0,100.0,0.0,20230526_000000,82,31403.035687198546
99.80194552529183,0.04524071737988147,2.0,0.0,0.0020038910505836578,256994,257000,257000,0,257000,99.99766536964981,100.0,100.0,0.0,20230526_000000,83,19775.96453181092
99.79688715953307,0.04692501160313959,2.0,0.0,0.0020894941634241244,256985,257000,257000,0,257000,99.99416342412452,100.0,100.0,0.0,20230526_000000,84,24368.445055630807
99.79416342412452,0.04646584104661537,2.0,0.0,0.002093385214007782,256991,257000,257000,0,257000,99.9964980544747,100.0,100.0,0.0,20230526_000000,85,25385.726041375685
99.8249027237354,0.042772921266655085,2.0,0.0,0.0017782101167315176,256993,257000,257000,0,257000,99.99727626459143,100.0,100.0,0.0,20230526_000000,86,7578.887361135728
99.83346303501945,0.04120228869762812,2.0,0.0,0.0016770428015564203,256997,257000,257000,0,257000,99.9988326848249,100.0,100.0,0.0,20230526_000000,87,7746.189288787885
99.80311284046692,0.045625606330267944,2.0,0.0,0.002007782101167315,256990,257000,257000,0,257000,99.99610894941634,100.0,100.0,0.0,20230526_000000,88,31273.743885440454
99.81789883268483,0.04384807879991805,2.0,0.0,0.0018560311284046692,256991,257000,257000,0,257000,99.9964980544747,100.0,100.0,0.0,20230526_000000,89,25404.183319944717
99.80466926070038,0.04571147932416614,2.0,0.0,0.002,256988,257000,257000,0,257000,99.99533073929962,100.0,100.0,0.0,20230526_000000,90,29277.920863595995
99.83112840466926,0.04259314647704416,2.0,0.0,0.0017315175097276266,256989,257000,257000,0,257000,99.99571984435798,100.0,100.0,0.0,20230526_000000,91,6283.795915496592
99.76498054474709,0.05007830111724476,2.0,0.0,0.002404669260700389,256986,257000,257000,0,257000,99.99455252918288,100.0,100.0,0.0,20230526_000000,92,21969.001450208212
99.78910505836576,0.047865504720128786,2.0,0.0,0.0021712062256809338,256984,257000,257000,0,257000,99.99377431906615,100.0,100.0,0.0,20230526_000000,93,18474.74331226972
99.75758754863813,0.05080903979344268,2.0,0.0,0.002478599221789883,256986,257000,257000,0,257000,99.99455252918288,100.0,100.0,0.0,20230526_000000,94,14270.068704850157
99.815953307393,0.0440692054496212,2.0,0.0,0.0018754863813229571,256991,257000,257000,0,257000,99.9964980544747,100.0,100.0,0.0,20230526_000000,95,24920.575821384955
99.82140077821012,0.04384905664845495,2.0,0.0,0.0018326848249027238,256988,257000,257000,0,257000,99.99533073929962,100.0,100.0,0.0,20230526_000000,96,25201.881318450603
99.80622568093385,0.04553990586549451,2.0,0.0,0.0019844357976653696,256988,257000,257000,0,257000,99.99533073929962,100.0,100.0,0.0,20230526_000000,97,16288.141923899706
99.78910505836576,0.04675643740195479,2.0,0.0,0.0021361867704280156,256993,257000,257000,0,257000,99.99727626459143,100.0,100.0,0.0,20230526_000000,98,13559.586856123007
99.8260700389105,0.04385065872604552,2.0,0.0,0.001801556420233463,256984,257000,257000,0,257000,99.99377431906615,100.0,100.0,0.0,20230526_000000,99,5248.740115087281
99.83424124513618,0.04181209041212135,2.0,0.0,0.001688715953307393,256992,257000,257000,0,257000,99.99688715953307,100.0,100.0,0.0,20230526_000000,100,6467.810126030323
99.77821011673151,0.04802640999037989,2.0,0.0,0.0022490272373540854,256992,257000,257000,0,257000,99.99688715953307,100.0,100.0,0.0,20230526_000000,101,19583.83974011579
99.80428015564202,0.046510948670477614,2.0,0.0,0.002027237354085603,256982,257000,257000,0,257000,99.99299610894941,100.0,100.0,0.0,20230526_000000,102,28274.78618688214
99.82295719844359,0.04313494478227127,2.0,0.0,0.001801556420233463,256992,257000,257000,0,257000,99.99688715953307,100.0,100.0,0.0,20230526_000000,103,1689.9994680174161
99.83112840466926,0.04354071624517256,2.0,0.0,0.0017587548638132297,256982,257000,257000,0,257000,99.99299610894941,100.0,100.0,0.0,20230526_000000,104,15565.370149097587
99.76731517509727,0.05031233729762011,2.0,0.0,0.002396887159533074,256982,257000,257000,0,257000,99.99299610894941,100.0,100.0,0.0,20230526_000000,105,12022.817708704362
99.82529182879377,0.04286475684133825,2.0,0.0,0.0017782101167315176,256992,257000,257000,0,257000,99.99688715953307,100.0,100.0,0.0,20230526_000000,106,30259.89962687102
99.70466926070038,0.05616426020623449,2.0,0.0,0.0030233463035019455,256982,257000,257000,0,257000,99.99299610894941,100.0,100.0,0.0,20230526_000000,107,23040.854846930197
99.82645914396888,0.04340785279421398,2.0,0.0,0.0017859922178988328,256987,257000,257000,0,257000,99.99494163424124,100.0,100.0,0.0,20230526_000000,108,16709.27324404989
99.82373540856031,0.043850022045321985,2.0,0.0,0.0018171206225680934,256986,257000,257000,0,257000,99.99455252918288,100.0,100.0,0.0,20230526_000000,109,4038.0636783586506
99.8420233463035,0.041439099756505976,2.0,0.0,0.0016264591439688716,256988,257000,257000,0,257000,99.99533073929962,100.0,100.0,0.0,20230526_000000,110,2716.5475605415377
99.82801556420233,0.04322633206433684,2.0,0.0,0.0017704280155642024,256987,257000,257000,0,257000,99.99494163424124,100.0,100.0,0.0,20230526_000000,111,5192.195881539319
99.80428015564202,0.0461341276541489,2.0,0.0,0.0020155642023346305,256985,257000,257000,0,257000,99.99416342412452,100.0,100.0,0.0,20230526_000000,112,14552.550909467469
99.8249027237354,0.042908997798633663,2.0,0.0,0.001782101167315175,256992,257000,257000,0,257000,99.99688715953307,100.0,100.0,0.0,20230526_000000,113,16626.46847602969
99.7727626459144,0.049063394733252864,2.0,0.0,0.002319066147859922,256988,257000,257000,0,257000,99.99533073929962,100.0,100.0,0.0,20230526_000000,114,26915.94112325356
99.84163424124513,0.04162737788441658,2.0,0.0,0.0016342412451361868,256987,257000,257000,0,257000,99.99494163424124,100.0,100.0,0.0,20230526_000000,115,2970.4190941187167
99.80817120622568,0.0457118125240757,2.0,0.0,0.0019766536964980546,256985,257000,257000,0,257000,99.99416342412452,100.0,100.0,0.0,20230526_000000,116,29489.43444132333
99.70038910505836,0.056025945366632524,2.0,0.0,0.003046692607003891,256987,257000,257000,0,257000,99.99494163424124,100.0,100.0,0.0,20230526_000000,117,26451.38505064795
99.81945525291829,0.044069531827360585,2.0,0.0,0.0018521400778210117,256988,257000,257000,0,257000,99.99533073929962,100.0,100.0,0.0,20230526_000000,118,28651.389111178825
99.8136186770428,0.04511533061687623,2.0,0.0,0.0019221789883268482,256985,257000,257000,0,257000,99.99416342412452,100.0,100.0,0.0,20230526_000000,119,30136.12477576579
99.82840466926069,0.04263864219855136,2.0,0.0,0.0017509727626459145,256991,257000,257000,0,257000,99.9964980544747,100.0,100.0,0.0,20230526_000000,120,13437.680985665947
99.74708171206225,0.05171535461320122,2.0,0.0,0.0025797665369649806,256987,257000,257000,0,257000,99.99494163424124,100.0,100.0,0.0,20230526_000000,121,12840.351033650386
99.80739299610894,0.045412407020339066,2.0,0.0,0.001972762645914397,256988,257000,257000,0,257000,99.99533073929962,100.0,100.0,0.0,20230526_000000,122,12111.8646629481
99.82957198443579,0.04385191548732531,2.0,0.0,0.0017782101167315176,256981,257000,257000,0,257000,99.99260700389105,100.0,100.0,0.0,20230526_000000,123,12507.148231228342
99.82451361867705,0.0430903001943573,2.0,0.0,0.0017898832684824903,256991,257000,257000,0,257000,99.9964980544747,100.0,100.0,0.0,20230526_000000,124,2643.0369003912165
99.82723735408561,0.042910279316711174,2.0,0.0,0.0017665369649805447,256990,257000,257000,0,257000,99.99610894941634,100.0,100.0,0.0,20230526_000000,125,7272.36131376727
99.77704280155642,0.04814438240990791,2.0,0.0,0.0022607003891050585,256992,257000,257000,0,257000,99.99688715953307,100.0,100.0,0.0,20230526_000000,126,10321.565746065895
99.8354085603113,0.04236524056439256,2.0,0.0,0.0016964980544747082,256987,257000,257000,0,257000,99.99494163424124,100.0,100.0,0.0,20230526_000000,127,3209.104232842039
99.77120622568093,0.049102486720971915,2.0,0.0,0.0023307392996108948,256989,257000,257000,0,257000,99.99571984435798,100.0,100.0,0.0,20230526_000000,128,23147.841978482356
99.8147859922179,0.04485486190782077,2.0,0.0,0.001906614785992218,256986,257000,257000,0,257000,99.99455252918288,100.0,100.0,0.0,20230526_000000,129,10859.38404741314
99.82568093385214,0.04282013816669887,2.0,0.0,0.0017743190661478599,256992,257000,257000,0,257000,99.99688715953307,100.0,100.0,0.0,20230526_000000,130,4730.244949345108
99.81556420233463,0.043980164522013435,2.0,0.0,0.0018754863813229571,256992,257000,257000,0,257000,99.99688715953307,100.0,100.0,0.0,20230526_000000,131,1240.5637538988121
99.82140077821012,0.043448392170215795,2.0,0.0,0.001821011673151751,256991,257000,257000,0,257000,99.9964980544747,100.0,100.0,0.0,20230526_000000,132,29712.62720619379
99.82101167315174,0.04335874399714035,2.0,0.0,0.001821011673151751,256992,257000,257000,0,257000,99.99688715953307,100.0,100.0,0.0,20230526_000000,133,15301.870371553148
99.77431906614787,0.04961398998509154,2.0,0.0,0.0023268482490272375,256982,257000,257000,0,257000,99.99299610894941,100.0,100.0,0.0,20230526_000000,134,26918.00641837133
99.76342412451362,0.0494155076678172,2.0,0.0,0.0023929961089494164,256993,257000,257000,0,257000,99.99727626459143,100.0,100.0,0.0,20230526_000000,135,24577.347320548488
99.82762645914397,0.04327115855453804,2.0,0.0,0.0017743190661478599,256987,257000,257000,0,257000,99.99494163424124,100.0,100.0,0.0,20230526_000000,136,15193.53879831213
99.81634241245136,0.044157736996477334,2.0,0.0,0.0018754863813229571,256990,257000,257000,0,257000,99.99610894941634,100.0,100.0,0.0,20230526_000000,137,19929.899353013003
99.82062256809338,0.04326923549998403,2.0,0.0,0.001821011673151751,256993,257000,257000,0,257000,99.99727626459143,100.0,100.0,0.0,20230526_000000,138,29338.912357076733
99.83501945525292,0.0412972416999465,2.0,0.0,0.001669260700389105,256995,257000,257000,0,257000,99.99805447470817,100.0,100.0,0.0,20230526_000000,139,615.4978244965087
99.82256809338521,0.04331433742274414,2.0,0.0,0.0018093385214007782,256991,257000,257000,0,257000,99.9964980544747,100.0,100.0,0.0,20230526_000000,140,6984.625863841063
99.84280155642024,0.040777440810160936,2.0,0.0,0.0016031128404669262,256992,257000,257000,0,257000,99.99688715953307,100.0,100.0,0.0,20230526_000000,141,4842.641419013378
99.79688715953307,0.046427551029397975,2.0,0.0,0.002073929961089494,256989,257000,257000,0,257000,99.99571984435798,100.0,100.0,0.0,20230526_000000,142,30452.038047266604
99.73657587548638,0.05326704130408677,2.0,0.0,0.0027042801556420235,256982,257000,257000,0,257000,99.99299610894941,100.0,100.0,0.0,20230526_000000,143,19720.40865017074
99.7739299610895,0.049418443994651264,2.0,0.0,0.0023229571984435798,256984,257000,257000,0,257000,99.99377431906615,100.0,100.0,0.0,20230526_000000,144,13708.37513280749
99.80972762645915,0.04502769397523144,2.0,0.0,0.0019455252918287938,256989,257000,257000,0,257000,99.99571984435798,100.0,100.0,0.0,20230526_000000,145,25138.679225795222
99.82373540856031,0.04371687644809832,2.0,0.0,0.0018132295719844357,256987,257000,257000,0,257000,99.99494163424124,100.0,100.0,0.0,20230526_000000,146,7696.691660446559
99.82840466926069,0.04345063135314147,2.0,0.0,0.0017743190661478599,256985,257000,257000,0,257000,99.99416342412452,100.0,100.0,0.0,20230526_000000,147,3946.4242029973047
99.82840466926069,0.04222709200772898,2.0,0.0,0.0017392996108949415,256994,257000,257000,0,257000,99.99766536964981,100.0,100.0,0.0,20230526_000000,148,7722.578638056737
99.78677042801556,0.047498108981898095,2.0,0.0,0.0021750972762645915,256989,257000,257000,0,257000,99.99571984435798,100.0,100.0,0.0,20230526_000000,149,20694.36870161298
99.75719844357977,0.050502159878883277,2.0,0.0,0.002470817120622568,256989,257000,257000,0,257000,99.99571984435798,100.0,100.0,0.0,20230526_000000,150,20171.58868742731
99.80856031128404,0.0449006451447229,2.0,0.0,0.0019494163424124513,256991,257000,257000,0,257000,99.9964980544747,100.0,100.0,0.0,20230526_200000,1,899.9008596865225
99.83268482490273,0.042822005019795925,2.0,0.0,0.0017276264591439688,256986,257000,257000,0,257000,99.99455252918288,100.0,100.0,0.0,20230526_200000,2,11988.061660833244
99.82684824902724,0.04322601543191046,2.0,0.0,0.0017782101167315176,256988,257000,257000,0,257000,99.99533073929962,100.0,100.0,0.0,20230526_200000,3,7161.55309622047
99.83385214007782,0.04254822518431995,2.0,0.0,0.0017120622568093384,256987,257000,257000,0,257000,99.99494163424124,100.0,100.0,0.0,20230526_200000,4,7680.57862165187
99.82062256809338,0.04446651595522957,2.0,0.0,0.0018560311284046692,256984,257000,257000,0,257000,99.99377431906615,100.0,100.0,0.0,20230526_200000,5,9054.650409164304
99.82062256809338,0.043537855750417756,2.0,0.0,0.0018287937743190661,256991,257000,257000,0,257000,99.9964980544747,100.0,100.0,0.0,20230526_200000,6,8239.279971498918
99.8182879377432,0.04393770442486415,2.0,0.0,0.0018560311284046692,256990,257000,257000,0,257000,99.99610894941634,100.0,100.0,0.0,20230526_200000,7,10295.30312860883
99.80622568093385,0.045924946192961225,2.0,0.0,0.0019961089494163423,256985,257000,257000,0,257000,99.99416342412452,100.0,100.0,0.0,20230526_200000,8,4173.345040843895
99.81673151750972,0.043583002763385614,2.0,0.0,0.0018560311284046692,256994,257000,257000,0,257000,99.99766536964981,100.0,100.0,0.0,20230526_200000,9,22.41380525374083
99.82334630350195,0.04442352996310922,2.0,0.0,0.0018365758754863813,256982,257000,257000,0,257000,99.99299610894941,100.0,100.0,0.0,20230526_200000,10,5055.148215761812
99.84241245136187,0.040826483849633124,2.0,0.0,0.0016070038910505837,256992,257000,257000,0,257000,99.99688715953307,100.0,100.0,0.0,20230526_200000,11,8176.46972316936
99.80817120622568,0.04558511068827214,2.0,0.0,0.001972762645914397,256986,257000,257000,0,257000,99.99455252918288,100.0,100.0,0.0,20230526_200000,12,2683.833728247225
99.83035019455254,0.04254760175160575,2.0,0.0,0.001735408560311284,256990,257000,257000,0,257000,99.99610894941634,100.0,100.0,0.0,20230526_200000,13,9574.183129032528
99.83501945525292,0.04309434698665874,2.0,0.0,0.0017198443579766536,256982,257000,257000,0,257000,99.99299610894941,100.0,100.0,0.0,20230526_200000,14,7500.486742413412
99.815953307393,0.04380385065243468,2.0,0.0,0.001867704280155642,256993,257000,257000,0,257000,99.99727626459143,100.0,100.0,0.0,20230526_200000,15,5166.730640424112
99.81712062256808,0.0440692054496212,2.0,0.0,0.001867704280155642,256990,257000,257000,0,257000,99.99610894941634,100.0,100.0,0.0,20230526_200000,16,13660.367898176459
99.82295719844359,0.04327052314421978,2.0,0.0,0.0018054474708171207,256991,257000,257000,0,257000,99.9964980544747,100.0,100.0,0.0,20230526_200000,17,7795.606321848863
99.81789883268483,0.04371687644809832,2.0,0.0,0.0018521400778210117,256992,257000,257000,0,257000,99.99688715953307,100.0,100.0,0.0,20230526_200000,18,11267.71594799171
99.82295719844359,0.04340472053672891,2.0,0.0,0.0018093385214007782,256990,257000,257000,0,257000,99.99610894941634,100.0,100.0,0.0,20230526_200000,19,7273.216452746758
99.83735408560311,0.04101545309259057,2.0,0.0,0.0016459143968871595,256995,257000,257000,0,257000,99.99805447470817,100.0,100.0,0.0,20230526_200000,20,291.3499404968395
99.82840466926069,0.04277483690227503,2.0,0.0,0.001754863813229572,256990,257000,257000,0,257000,99.99610894941634,100.0,100.0,0.0,20230526_200000,21,12513.092851222273
99.82178988326848,0.044072093293355666,2.0,0.0,0.0018365758754863813,256986,257000,257000,0,257000,99.99455252918288,100.0,100.0,0.0,20230526_200000,22,623.7612437895756
99.83346303501945,0.042457908742030925,2.0,0.0,0.0017120622568093384,256988,257000,257000,0,257000,99.99533073929962,100.0,100.0,0.0,20230526_200000,23,5543.235574843979
99.82101167315174,0.04336003457009374,2.0,0.0,0.001821011673151751,256992,257000,257000,0,257000,99.99688715953307,100.0,100.0,0.0,20230526_200000,24,5348.676602380729
99.82140077821012,0.043850022045321985,2.0,0.0,0.0018326848249027238,256988,257000,257000,0,257000,99.99533073929962,100.0,100.0,0.0,20230526_200000,25,10707.552123909581
99.82140077821012,0.0446414980022071,2.0,0.0,0.0018560311284046692,256982,257000,257000,0,257000,99.99299610894941,100.0,100.0,0.0,20230526_200000,26,5116.441062703093
99.8249027237354,0.04236239076089567,2.0,0.0,0.0017665369649805447,256996,257000,257000,0,257000,99.99844357976654,100.0,100.0,0.0,20230526_200000,27,967.9933433259278
99.82451361867705,0.044026816093832064,2.0,0.0,0.0018171206225680934,256984,257000,257000,0,257000,99.99377431906615,100.0,100.0,0.0,20230526_200000,28,3454.852244597516
99.82295719844359,0.043406927790243764,2.0,0.0,0.0018093385214007782,256990,257000,257000,0,257000,99.99610894941634,100.0,100.0,0.0,20230526_200000,29,9414.991843355192
99.81517509727627,0.04428922773313477,2.0,0.0,0.00188715953307393,256990,257000,257000,0,257000,99.99610894941634,100.0,100.0,0.0,20230526_200000,30,1485.295893535551
99.81050583657589,0.04454971173528998,2.0,0.0,0.0019260700389105059,256992,257000,257000,0,257000,99.99688715953307,100.0,100.0,0.0,20230526_200000,31,8337.51079128503
99.83229571984435,0.04232037107505647,2.0,0.0,0.0017159533073929961,256990,257000,257000,0,257000,99.99610894941634,100.0,100.0,0.0,20230526_200000,32,10841.695658060362
99.81439688715953,0.04398179969024105,2.0,0.0,0.0018832684824902724,256993,257000,257000,0,257000,99.99727626459143,100.0,100.0,0.0,20230526_200000,33,1911.4926035049677
99.83774319066147,0.04153289166187408,2.0,0.0,0.0016575875486381324,256991,257000,257000,0,257000,99.9964980544747,100.0,100.0,0.0,20230526_200000,34,5047.740732724107
99.8249027237354,0.04358490780540411,2.0,0.0,0.001801556420233463,256987,257000,257000,0,257000,99.99494163424124,100.0,100.0,0.0,20230526_200000,35,4850.7051151987525
99.83307392996109,0.04208848964383282,2.0,0.0,0.0017042801556420234,256991,257000,257000,0,257000,99.9964980544747,100.0,100.0,0.0,20230526_200000,36,9209.975588952579
99.82412451361867,0.04407114306730556,2.0,0.0,0.001821011673151751,256984,257000,257000,0,257000,99.99377431906615,100.0,100.0,0.0,20230526_200000,37,11897.737034108899
99.8249027237354,0.04411699697160849,2.0,0.0,0.0018171206225680934,256983,257000,257000,0,257000,99.99338521400777,100.0,100.0,0.0,20230526_200000,38,9810.131811507916
99.8307392996109,0.04236461729793968,2.0,0.0,0.0017276264591439688,256991,257000,257000,0,257000,99.9964980544747,100.0,100.0,0.0,20230526_200000,39,14053.177293982633
99.82217898832685,0.04362999051466719,2.0,0.0,0.001821011673151751,256989,257000,257000,0,257000,99.99571984435798,100.0,100.0,0.0,20230526_200000,40,6856.394626941616
99.82451361867705,0.04322633206433685,2.0,0.0,0.0017937743190661478,256990,257000,257000,0,257000,99.99610894941634,100.0,100.0,0.0,20230526_200000,41,2611.679161273976
99.82684824902724,0.042955435980028996,2.0,0.0,0.0017704280155642024,256990,257000,257000,0,257000,99.99610894941634,100.0,100.0,0.0,20230526_200000,42,1932.1677833803328
99.81984435797665,0.043893886681557893,2.0,0.0,0.0018443579766536965,256989,257000,257000,0,257000,99.99571984435798,100.0,100.0,0.0,20230526_200000,43,10259.493585238277
99.83229571984435,0.04232006483667392,2.0,0.0,0.0017159533073929961,256990,257000,257000,0,257000,99.99610894941634,100.0,100.0,0.0,20230526_200000,44,13519.974599403387
99.81906614785993,0.04411414295602966,2.0,0.0,0.0018560311284046692,256988,257000,257000,0,257000,99.99533073929962,100.0,100.0,0.0,20230526_200000,45,529.9037459823865
99.82879377431907,0.04218238460345476,2.0,0.0,0.001735408560311284,256994,257000,257000,0,257000,99.99766536964981,100.0,100.0,0.0,20230526_200000,46,2888.3957453642506
99.82996108949416,0.042181460722690765,2.0,0.0,0.0017276264591439688,256993,257000,257000,0,257000,99.99727626459143,100.0,100.0,0.0,20230526_200000,47,11335.012807145742
99.83424124513618,0.042089424198557004,2.0,0.0,0.0016964980544747082,256990,257000,257000,0,257000,99.99610894941634,100.0,100.0,0.0,20230526_200000,48,12691.604645136209
99.82023346303502,0.043583002763385614,2.0,0.0,0.0018326848249027238,256991,257000,257000,0,257000,99.9964980544747,100.0,100.0,0.0,20230526_200000,49,4521.856909672464
99.80622568093385,0.04476736742009462,2.0,0.0,0.0019610894941634242,256994,257000,257000,0,257000,99.99766536964981,100.0,100.0,0.0,20230526_200000,50,4442.767250719786
99.81400778210117,0.04468168864112969,2.0,0.0,0.001906614785992218,256988,257000,257000,0,257000,99.99533073929962,100.0,100.0,0.0,20230526_200000,51,5705.754269869252
99.81984435797665,0.0434923315145764,2.0,0.0,0.0018326848249027238,256992,257000,257000,0,257000,99.99688715953307,100.0,100.0,0.0,20230526_200000,52,11683.138323638914
99.8249027237354,0.043449998567423334,2.0,0.0,0.0017976653696498055,256988,257000,257000,0,257000,99.99533073929962,100.0,100.0,0.0,20230526_200000,53,6782.871871273813
99.8260700389105,0.04250137947928344,2.0,0.0,0.0017626459143968872,256994,257000,257000,0,257000,99.99766536964981,100.0,100.0,0.0,20230526_200000,54,524.7024145808228
99.82723735408561,0.04385097499134149,2.0,0.0,0.0017937743190661478,256983,257000,257000,0,257000,99.99338521400777,100.0,100.0,0.0,20230526_200000,55,9268.79034681715
99.8408560311284,0.04087335856391454,2.0,0.0,0.0016186770428015564,256993,257000,257000,0,257000,99.99727626459143,100.0,100.0,0.0,20230526_200000,56,4099.39691146259
99.81011673151751,0.044725373011883285,2.0,0.0,0.001933852140077821,256991,257000,257000,0,257000,99.9964980544747,100.0,100.0,0.0,20230526_200000,57,12352.72086456342
99.80544747081711,0.04524435432245651,2.0,0.0,0.001980544747081712,256991,257000,257000,0,257000,99.9964980544747,100.0,100.0,0.0,20230526_200000,58,684.9362026837284
99.82645914396888,0.04273134956567362,2.0,0.0,0.0017665369649805447,256992,257000,257000,0,257000,99.99688715953307,100.0,100.0,0.0,20230526_200000,59,9395.319034366434
99.82178988326848,0.04433616707339722,2.0,0.0,0.0018443579766536965,256984,257000,257000,0,257000,99.99377431906615,100.0,100.0,0.0,20230526_200000,60,3914.6475323995787
99.83190661478599,0.04153103685633415,2.0,0.0,0.0016964980544747082,256996,257000,257000,0,257000,99.99844357976654,100.0,100.0,0.0,20230526_200000,61,11452.978072233338
99.82412451361867,0.04313747750869609,2.0,0.0,0.0017937743190661478,256991,257000,257000,0,257000,99.9964980544747,100.0,100.0,0.0,20230526_200000,62,6260.639417414089
99.83229571984435,0.041484634473798125,2.0,0.0,0.0016926070038910505,256996,257000,257000,0,257000,99.99844357976654,100.0,100.0,0.0,20230526_200000,63,5731.511987105851
99.83813229571984,0.0413457044237531,2.0,0.0,0.0016498054474708172,256992,257000,257000,0,257000,99.99688715953307,100.0,100.0,0.0,20230526_200000,64,6300.54648776625
99.83463035019456,0.04204239642425939,2.0,0.0,0.0016926070038910505,256990,257000,257000,0,257000,99.99610894941634,100.0,100.0,0.0,20230526_200000,65,13704.427068977402
99.8307392996109,0.04263864219855136,2.0,0.0,0.001735408560311284,256989,257000,257000,0,257000,99.99571984435798,100.0,100.0,0.0,20230526_200000,66,4857.716811832125
99.81439688715953,0.044506850319421844,2.0,0.0,0.0018988326848249028,256989,257000,257000,0,257000,99.99571984435798,100.0,100.0,0.0,20230526_200000,67,2676.7170936286425
99.82879377431907,0.04259251659249074,2.0,0.0,0.0017470817120622568,256991,257000,257000,0,257000,99.9964980544747,100.0,100.0,0.0,20230526_200000,68,9915.95734066155
99.81945525291829,0.044466198620128836,2.0,0.0,0.0018638132295719844,256985,257000,257000,0,257000,99.99416342412452,100.0,100.0,0.0,20230526_200000,69,5263.346769478323
99.8354085603113,0.041950368792641586,2.0,0.0,0.0016848249027237353,256990,257000,257000,0,257000,99.99610894941634,100.0,100.0,0.0,20230526_200000,70,11423.583734036865
99.81906614785993,0.04398147541539575,2.0,0.0,0.0018521400778210117,256989,257000,257000,0,257000,99.99571984435798,100.0,100.0,0.0,20230526_200000,71,3821.5741294536724
99.82762645914397,0.042865706260174295,2.0,0.0,0.0017626459143968872,256990,257000,257000,0,257000,99.99610894941634,100.0,100.0,0.0,20230526_200000,72,1183.6576670529028
99.82101167315174,0.04468583797389787,2.0,0.0,0.001859922178988327,256982,257000,257000,0,257000,99.99299610894941,100.0,100.0,0.0,20230526_200000,73,6082.231147370234
99.815953307393,0.043804827414488164,2.0,0.0,0.001867704280155642,256993,257000,257000,0,257000,99.99727626459143,100.0,100.0,0.0,20230526_200000,74,6169.739273905388
99.815953307393,0.04420062866631787,2.0,0.0,0.0018793774319066149,256990,257000,257000,0,257000,99.99610894941634,100.0,100.0,0.0,20230526_200000,75,14257.766505885913
99.82762645914397,0.043673147417568,2.0,0.0,0.0017859922178988328,256984,257000,257000,0,257000,99.99377431906615,100.0,100.0,0.0,20230526_200000,76,2585.580530520954
99.82178988326848,0.044335538730791345,2.0,0.0,0.0018443579766536965,256984,257000,257000,0,257000,99.99377431906615,100.0,100.0,0.0,20230526_200000,77,4209.0852514678045
99.82295719844359,0.04340439962453333,2.0,0.0,0.0018093385214007782,256990,257000,257000,0,257000,99.99610894941634,100.0,100.0,0.0,20230526_200000,78,1470.0228227021337
99.84124513618677,0.04068401736030171,2.0,0.0,0.0016108949416342412,256994,257000,257000,0,257000,99.99766536964981,100.0,100.0,0.0,20230526_200000,79,4698.436403733868
99.81206225680934,0.044768687729150304,2.0,0.0,0.0019221789883268482,256989,257000,257000,0,257000,99.99571984435798,100.0,100.0,0.0,20230526_200000,80,4235.929194148424
99.82723735408561,0.043182709682695636,2.0,0.0,0.0017743190661478599,256988,257000,257000,0,257000,99.99533073929962,100.0,100.0,0.0,20230526_200000,81,6389.081053691823
99.81789883268483,0.043981799690241054,2.0,0.0,0.001859922178988327,256990,257000,257000,0,257000,99.99610894941634,100.0,100.0,0.0,20230526_200000,82,10282.674193273417
99.815953307393,0.04420161104657932,2.0,0.0,0.0018793774319066149,256990,257000,257000,0,257000,99.99610894941634,100.0,100.0,0.0,20230526_200000,83,2387.686294160411
99.82762645914397,0.04272853693614538,2.0,0.0,0.0017587548638132297,256991,257000,257000,0,257000,99.9964980544747,100.0,100.0,0.0,20230526_200000,84,6360.319284416475
99.8249027237354,0.04304718184325132,2.0,0.0,0.0017859922178988328,256991,257000,257000,0,257000,99.9964980544747,100.0,100.0,0.0,20230526_200000,85,6406.473763755445
99.82996108949416,0.0431374775086961,2.0,0.0,0.001754863813229572,256986,257000,257000,0,257000,99.99455252918288,100.0,100.0,0.0,20230526_200000,86,10413.796661748682
99.84591439688715,0.04025118316921282,2.0,0.0,0.0015680933852140078,256993,257000,257000,0,257000,99.99727626459143,100.0,100.0,0.0,20230526_200000,87,13061.508403565509
99.81984435797665,0.04335939208186656,2.0,0.0,0.0018287937743190661,256993,257000,257000,0,257000,99.99727626459143,100.0,100.0,0.0,20230526_200000,88,8809.592036943895
99.82451361867705,0.04254505099110751,2.0,0.0,0.0017743190661478599,256995,257000,257000,0,257000,99.99805447470817,100.0,100.0,0.0,20230526_200000,89,6231.827542646446
99.83151750972763,0.04213577678702097,2.0,0.0,0.0017159533073929961,256992,257000,257000,0,257000,99.99688715953307,100.0,100.0,0.0,20230526_200000,90,9162.316280736259
99.83112840466926,0.04259314647704416,2.0,0.0,0.0017315175097276266,256989,257000,257000,0,257000,99.99571984435798,100.0,100.0,0.0,20230526_200000,91,11340.294331472918
99.8307392996109,0.04222709200772898,2.0,0.0,0.0017237354085603113,256992,257000,257000,0,257000,99.99688715953307,100.0,100.0,0.0,20230526_200000,92,821.8263455270957
99.81906614785993,0.043849701629834155,2.0,0.0,0.001848249027237354,256990,257000,257000,0,257000,99.99610894941634,100.0,100.0,0.0,20230526_200000,93,9616.722760068473
99.82996108949416,0.04231851214535275,2.0,0.0,0.0017315175097276266,256992,257000,257000,0,257000,99.99688715953307,100.0,100.0,0.0,20230526_200000,94,5820.1801970416445
99.83307392996109,0.04181239674996053,2.0,0.0,0.0016964980544747082,256993,257000,257000,0,257000,99.99727626459143,100.0,100.0,0.0,20230526_200000,95,7351.4964868881025
99.81984435797665,0.043493632047760314,2.0,0.0,0.0018326848249027238,256992,257000,257000,0,257000,99.99688715953307,100.0,100.0,0.0,20230526_200000,96,10744.538318504357
99.81322957198444,0.0450299675971612,2.0,0.0,0.0019221789883268482,256986,257000,257000,0,257000,99.99455252918288,100.0,100.0,0.0,20230526_200000,97,2292.2898185518866
99.8147859922179,0.04433426562673334,2.0,0.0,0.0018910505836575876,256990,257000,257000,0,257000,99.99610894941634,100.0,100.0,0.0,20230526_200000,98,446.18279032218476
99.82918287937743,0.042683774093312254,2.0,0.0,0.0017470817120622568,256990,257000,257000,0,257000,99.99610894941634,100.0,100.0,0.0,20230526_200000,99,12159.73387325782
99.81322957198444,0.04476933975266114,2.0,0.0,0.001914396887159533,256988,257000,257000,0,257000,99.99533073929962,100.0,100.0,0.0,20230526_200000,100,9715.65735795079
99.81945525291829,0.04407050270095678,2.0,0.0,0.0018521400778210117,256988,257000,257000,0,257000,99.99533073929962,100.0,100.0,0.0,20230526_200000,101,6278.140235741434
99.82762645914397,0.04313653828326239,2.0,0.0,0.0017704280155642024,256988,257000,257000,0,257000,99.99533073929962,100.0,100.0,0.0,20230526_200000,102,1808.6237882026992
99.81789883268483,0.043981799690241054,2.0,0.0,0.001859922178988327,256990,257000,257000,0,257000,99.99610894941634,100.0,100.0,0.0,20230526_200000,103,3381.3418106628073
99.82217898832685,0.04295415298937882,2.0,0.0,0.001801556420233463,256994,257000,257000,0,257000,99.99766536964981,100.0,100.0,0.0,20230526_200000,104,9243.893683021919
99.82918287937743,0.04213453208026542,2.0,0.0,0.0017315175097276266,256994,257000,257000,0,257000,99.99766536964981,100.0,100.0,0.0,20230526_200000,105,5188.893546682132
99.80661478599222,0.045754519345255644,2.0,0.0,0.0019883268482490273,256986,257000,257000,0,257000,99.99455252918288,100.0,100.0,0.0,20230526_200000,106,13603.96477901549
99.80155642023347,0.04541173089001326,2.0,0.0,0.0020116731517509727,256993,257000,257000,0,257000,99.99727626459143,100.0,100.0,0.0,20230526_200000,107,464.0169219806685
99.83774319066147,0.041109908080476126,2.0,0.0,0.0016459143968871595,256994,257000,257000,0,257000,99.99766536964981,100.0,100.0,0.0,20230526_200000,108,2198.4620050907215
99.83229571984435,0.0424576027824857,2.0,0.0,0.0017198443579766536,256989,257000,257000,0,257000,99.99571984435798,100.0,100.0,0.0,20230526_200000,109,6446.490564545568
99.81750972762646,0.044288572743598736,2.0,0.0,0.0018715953307392996,256988,257000,257000,0,257000,99.99533073929962,100.0,100.0,0.0,20230526_200000,110,5315.179464177844
99.83696498054475,0.041625861187986,2.0,0.0,0.0016653696498054474,256991,257000,257000,0,257000,99.9964980544747,100.0,100.0,0.0,20230526_200000,111,6360.762135308044
99.79533073929962,0.047090560798204735,2.0,0.0,0.002105058365758755,256985,257000,257000,0,257000,99.99416342412452,100.0,100.0,0.0,20230526_200000,112,1101.6144242819482
99.82529182879377,0.04231882555030971,2.0,0.0,0.0017626459143968872,256996,257000,257000,0,257000,99.99844357976654,100.0,100.0,0.0,20230526_200000,113,1972.8955049671317
99.83424124513618,0.04222802134380642,2.0,0.0,0.0017003891050583657,256989,257000,257000,0,257000,99.99571984435798,100.0,100.0,0.0,20230526_200000,114,5257.6588643121095
99.82451361867705,0.04281982206646956,2.0,0.0,0.001782101167315175,256993,257000,257000,0,257000,99.99727626459143,100.0,100.0,0.0,20230526_200000,115,4504.514603159623
99.8443579766537,0.04044376001828616,2.0,0.0,0.001583657587548638,256993,257000,257000,0,257000,99.99727626459143,100.0,100.0,0.0,20230526_200000,116,3993.066971543697
99.81439688715953,0.0448987069058232,2.0,0.0,0.0019105058365758755,256986,257000,257000,0,257000,99.99455252918288,100.0,100.0,0.0,20230526_200000,117,13762.33130885282
99.80311284046692,0.04625996563614578,2.0,0.0,0.002027237354085603,256985,257000,257000,0,257000,99.99416342412452,100.0,100.0,0.0,20230526_200000,118,371.2863479014439
99.84357976653696,0.04068282053062225,2.0,0.0,0.001595330739299611,256992,257000,257000,0,257000,99.99688715953307,100.0,100.0,0.0,20230526_200000,119,2665.6964528434114
99.81673151750972,0.04477030762482283,2.0,0.0,0.0018910505836575876,256985,257000,257000,0,257000,99.99416342412452,100.0,100.0,0.0,20230526_200000,120,7418.254288857841
99.81789883268483,0.04424705292652501,2.0,0.0,0.001867704280155642,256988,257000,257000,0,257000,99.99533073929962,100.0,100.0,0.0,20230526_200000,121,13089.237023291338
99.81984435797665,0.043359068739081484,2.0,0.0,0.0018287937743190661,256993,257000,257000,0,257000,99.99727626459143,100.0,100.0,0.0,20230526_200000,122,1687.2795433903943
99.82684824902724,0.04281918561597587,2.0,0.0,0.0017665369649805447,256991,257000,257000,0,257000,99.9964980544747,100.0,100.0,0.0,20230526_200000,123,11103.691120039162
99.84124513618677,0.0416745357576077,2.0,0.0,0.0016381322957198443,256987,257000,257000,0,257000,99.99494163424124,100.0,100.0,0.0,20230526_200000,124,10087.4537589714
99.81750972762646,0.04402933052791643,2.0,0.0,0.0018638132295719844,256990,257000,257000,0,257000,99.99610894941634,100.0,100.0,0.0,20230526_200000,125,3074.365055471056
99.83852140077822,0.041015453092590554,2.0,0.0,0.0016381322957198443,256994,257000,257000,0,257000,99.99766536964981,100.0,100.0,0.0,20230526_200000,126,8766.97627463747
99.81867704280155,0.04349298457089696,2.0,0.0,0.0018404669260700388,256993,257000,257000,0,257000,99.99727626459143,100.0,100.0,0.0,20230526_200000,127,9943.354624832495
99.815953307393,0.04393738051375379,2.0,0.0,0.0018715953307392996,256992,257000,257000,0,257000,99.99688715953307,100.0,100.0,0.0,20230526_200000,128,14308.354069813462
99.82062256809338,0.04340535816826804,2.0,0.0,0.0018249027237354086,256992,257000,257000,0,257000,99.99688715953307,100.0,100.0,0.0,20230526_200000,129,2868.1552697207703
99.82062256809338,0.043806110375289614,2.0,0.0,0.0018365758754863813,256989,257000,257000,0,257000,99.99571984435798,100.0,100.0,0.0,20230526_200000,130,1944.7167692429944
99.81556420233463,0.04424673333309103,2.0,0.0,0.0018832684824902724,256990,257000,257000,0,257000,99.99610894941634,100.0,100.0,0.0,20230526_200000,131,1061.017617321518
99.82334630350195,0.042818543498557765,2.0,0.0,0.0017898832684824903,256994,257000,257000,0,257000,99.99766536964981,100.0,100.0,0.0,20230526_200000,132,2473.82038316334
99.81634241245136,0.04415838432650269,2.0,0.0,0.0018754863813229571,256990,257000,257000,0,257000,99.99610894941634,100.0,100.0,0.0,20230526_200000,133,10221.163846444733
99.815953307393,0.04406887769522728,2.0,0.0,0.0018754863813229571,256991,257000,257000,0,257000,99.9964980544747,100.0,100.0,0.0,20230526_200000,134,14288.775724842142
99.81517509727627,0.0444196690253418,2.0,0.0,0.0018910505836575876,256989,257000,257000,0,257000,99.99571984435798,100.0,100.0,0.0,20230526_200000,135,11613.03339262815
99.83385214007782,0.0412972416999465,2.0,0.0,0.0016770428015564203,256996,257000,257000,0,257000,99.99844357976654,100.0,100.0,0.0,20230526_200000,136,13863.217394609957
99.80817120622568,0.044810304684929185,2.0,0.0,0.0019494163424124513,256992,257000,257000,0,257000,99.99688715953307,100.0,100.0,0.0,20230526_200000,137,14135.64172335754
99.82957198443579,0.04236461729793969,2.0,0.0,0.001735408560311284,256992,257000,257000,0,257000,99.99688715953307,100.0,100.0,0.0,20230526_200000,138,9568.808518125932
99.82879377431907,0.0425928322468625,2.0,0.0,0.0017470817120622568,256991,257000,257000,0,257000,99.9964980544747,100.0,100.0,0.0,20230526_200000,139,10166.29609515106
99.82684824902724,0.04309125518446638,2.0,0.0,0.0017743190661478599,256989,257000,257000,0,257000,99.99571984435798,100.0,100.0,0.0,20230526_200000,140,7880.3591291921675
99.82023346303502,0.04331530215394285,2.0,0.0,0.0018249027237354086,256993,257000,257000,0,257000,99.99727626459143,100.0,100.0,0.0,20230526_200000,141,4160.310787640514
99.82256809338521,0.043851289873300295,2.0,0.0,0.0018249027237354086,256987,257000,257000,0,257000,99.99494163424124,100.0,100.0,0.0,20230526_200000,142,4297.779285775985
99.81789883268483,0.044769663731766204,2.0,0.0,0.0018832684824902724,256984,257000,257000,0,257000,99.99377431906615,100.0,100.0,0.0,20230526_200000,143,2256.7352122575103
99.81906614785993,0.04384873208250241,2.0,0.0,0.001848249027237354,256990,257000,257000,0,257000,99.99610894941634,100.0,100.0,0.0,20230526_200000,144,10166.630000462417
99.82412451361867,0.04354009033240418,2.0,0.0,0.0018054474708171207,256988,257000,257000,0,257000,99.99533073929962,100.0,100.0,0.0,20230526_200000,145,10032.741499490781
99.81712062256808,0.04459549964201311,2.0,0.0,0.0018832684824902724,256986,257000,257000,0,257000,99.99455252918288,100.0,100.0,0.0,20230526_200000,146,2494.3759876793747
99.83463035019456,0.04190412183820878,2.0,0.0,0.001688715953307393,256991,257000,257000,0,257000,99.9964980544747,100.0,100.0,0.0,20230526_200000,147,5179.459999810549
99.81906614785993,0.04331688202964469,2.0,0.0,0.0018326848249027238,256994,257000,257000,0,257000,99.99766536964981,100.0,100.0,0.0,20230526_200000,148,3212.9338632440654
99.81984435797665,0.04376022929318465,2.0,0.0,0.0018404669260700388,256990,257000,257000,0,257000,99.99610894941634,100.0,100.0,0.0,20230526_200000,149,14114.97912955021
99.83891050583658,0.04153227923524261,2.0,0.0,0.0016498054474708172,256990,257000,257000,0,257000,99.99610894941634,100.0,100.0,0.0,20230526_200000,150,11348.716971500426
